page,country,impressions,clicks,ctr,position
"https://www.marqly.com/","usa","1089","218","0.20018365472910926","9.282828282828282"
"https://www.marqly.com/","ind","506","136","0.26877470355731226","4.456521739130435"
"https://www.marqly.com/","deu","193","50","0.25906735751295334","3.4559585492227978"
"https://www.marqly.com/","gbr","204","47","0.23039215686274508","13.647058823529411"
"https://www.marqly.com/","aus","111","37","0.3333333333333333","3.5495495495495497"
"https://www.marqly.com/","can","115","34","0.2956521739130435","6.747826086956522"
"https://www.marqly.com/","bra","151","33","0.2185430463576159","4.476821192052981"
"https://www.marqly.com/","esp","93","32","0.34408602150537637","9.827956989247312"
"https://www.marqly.com/","fra","95","31","0.3263157894736842","3.863157894736842"
"https://www.marqly.com/","ita","81","30","0.37037037037037035","8.802469135802468"
"https://www.marqly.com/","pol","78","26","0.3333333333333333","3.141025641025641"
"https://www.marqly.com/","tur","77","26","0.33766233766233766","10"
"https://www.marqly.com/","jpn","62","25","0.4032258064516129","3.6774193548387095"
"https://www.marqly.com/","nld","241","24","0.0995850622406639","27.481327800829874"
"https://www.marqly.com/","are","137","23","0.1678832116788321","1.2481751824817517"
"https://www.marqly.com/","kor","58","23","0.39655172413793105","4.137931034482758"
"https://www.marqly.com/","che","81","20","0.24691358024691357","14.098765432098766"
"https://www.marqly.com/","rus","45","20","0.4444444444444444","4.866666666666667"
"https://www.marqly.com/","vnm","87","20","0.22988505747126436","13.89655172413793"
"https://www.marqly.com/","mex","53","19","0.3584905660377358","9.528301886792454"
"https://www.marqly.com/","prt","43","19","0.4418604651162791","1.4651162790697674"
"https://www.marqly.com/","pak","60","18","0.3","3.1"
"https://www.marqly.com/","bgd","112","17","0.15178571428571427","2.383928571428571"
"https://www.marqly.com/","idn","63","15","0.23809523809523808","7.888888888888889"
"https://www.marqly.com/","mar","32","15","0.46875","9.75"
"https://www.marqly.com/","sgp","159","15","0.09433962264150944","4.553459119496855"
"https://www.marqly.com/","swe","88","15","0.17045454545454544","3.75"
"https://www.marqly.com/ja","jpn","36","14","0.3888888888888889","3.4722222222222223"
"https://www.marqly.com/","chn","40","12","0.3","4.1"
"https://www.marqly.com/","isr","51","12","0.23529411764705882","9.156862745098039"
"https://www.marqly.com/","twn","56","12","0.21428571428571427","3.7142857142857144"
"https://www.marqly.com/","ukr","45","12","0.26666666666666666","6.688888888888889"
"https://www.marqly.com/","lka","25","10","0.4","2.16"
"https://www.marqly.com/","phl","62","10","0.16129032258064516","12.338709677419354"
"https://www.marqly.com/","tha","40","10","0.25","4.9"
"https://www.marqly.com/de/blog/pocket-alternativen-2026","deu","204","10","0.049019607843137254","7.034313725490196"
"https://www.marqly.com/","dnk","22","9","0.4090909090909091","1.3181818181818181"
"https://www.marqly.com/","sau","38","9","0.23684210526315788","6.184210526315789"
"https://www.marqly.com/Pricing","usa","449","9","0.0200445434298441","1.1247216035634744"
"https://www.marqly.com/","arg","25","8","0.32","5.76"
"https://www.marqly.com/","cze","33","8","0.24242424242424243","2.333333333333333"
"https://www.marqly.com/","egy","39","8","0.20512820512820512","5.871794871794871"
"https://www.marqly.com/","npl","13","8","0.6153846153846154","2.6923076923076925"
"https://www.marqly.com/","srb","13","8","0.6153846153846154","2"
"https://www.marqly.com/fr","fra","34","8","0.23529411764705882","12"
"https://www.marqly.com/ko/blog/what-is-an-ai-second-brain-2026","kor","49","8","0.16326530612244897","5.653061224489796"
"https://www.marqly.com/","bel","20","7","0.35","1.95"
"https://www.marqly.com/","zaf","47","7","0.14893617021276595","2.3404255319148937"
"https://www.marqly.com/alternatives/pinterest","usa","518","7","0.013513513513513514","12.123552123552123"
"https://www.marqly.com/ja/blog/youtube-transcript-shutoku-guide-2026","jpn","733","7","0.009549795361527967","9.036834924965893"
"https://www.marqly.com/","hkg","36","6","0.16666666666666666","3.9722222222222223"
"https://www.marqly.com/","kaz","25","6","0.24","1.52"
"https://www.marqly.com/","per","15","6","0.4","5.266666666666667"
"https://www.marqly.com/blog/top-5-bookmark-managers-in-2025","usa","13205","6","0.0004543733434305187","22.745475198788338"
"https://www.marqly.com/de","deu","27","6","0.2222222222222222","5.555555555555555"
"https://www.marqly.com/es","per","7","6","0.8571428571428571","1"
"https://www.marqly.com/ko/blog/export-twitter-x-bookmarks-2026","kor","218","6","0.027522935779816515","8.353211009174313"
"https://www.marqly.com/","col","20","5","0.25","11.75"
"https://www.marqly.com/","fin","13","5","0.38461538461538464","2"
"https://www.marqly.com/","grc","24","5","0.20833333333333334","1.5833333333333335"
"https://www.marqly.com/","hun","17","5","0.29411764705882354","2.7058823529411766"
"https://www.marqly.com/","mys","32","5","0.15625","5.34375"
"https://www.marqly.com/compare/linkwarden-vs-karakeep","deu","104","5","0.04807692307692308","5.5"
"https://www.marqly.com/es","mex","18","5","0.2777777777777778","2.888888888888889"
"https://www.marqly.com/it","ita","15","5","0.3333333333333333","1.4666666666666668"
"https://www.marqly.com/ja/blog/best-free-bookmark-manager-2026","jpn","54","5","0.09259259259259259","5.611111111111111"
"https://www.marqly.com/ja/blog/pocket-daitai-2026","jpn","63","5","0.07936507936507936","5.714285714285714"
"https://www.marqly.com/prompt-gallery/copy-ai-prompt-for-google-ads-copy","ind","55","5","0.09090909090909091","26.89090909090909"
"https://www.marqly.com/pt","bra","27","5","0.18518518518518517","2.4444444444444446"
"https://www.marqly.com/","aut","43","4","0.09302325581395349","17.3953488372093"
"https://www.marqly.com/","bgr","9","4","0.4444444444444444","3"
"https://www.marqly.com/","cyp","6","4","0.6666666666666666","1.5"
"https://www.marqly.com/","gtm","5","4","0.8","20.4"
"https://www.marqly.com/","irn","17","4","0.23529411764705882","3.9411764705882355"
"https://www.marqly.com/","lux","6","4","0.6666666666666666","1.6666666666666665"
"https://www.marqly.com/","nga","20","4","0.2","3.45"
"https://www.marqly.com/","rou","13","4","0.3076923076923077","4"
"https://www.marqly.com/Pricing","ind","186","4","0.021505376344086023","1.1666666666666667"
"https://www.marqly.com/blog/export-instagram-saved-posts","ind","69","4","0.057971014492753624","11.710144927536232"
"https://www.marqly.com/blog/pocket-alternativen-2026","deu","65","4","0.06153846153846154","6.6"
"https://www.marqly.com/blog/top-5-bookmark-managers-in-2025","dnk","80","4","0.05","10.9"
"https://www.marqly.com/ko/blog/youtube-transcript-chuchul-guide-2026","kor","371","4","0.01078167115902965","9.943396226415095"
"https://www.marqly.com/tools/youtube-thumbnail-downloader","pak","790","4","0.005063291139240506","8.9"
"https://www.marqly.com/tools/youtube-thumbnail-downloader","usa","703","4","0.005689900426742532","12.965860597439544"
"https://app.marqly.com/discover","are","4","3","0.75","1"
"https://www.marqly.com/","aze","5","3","0.6","1"
"https://www.marqly.com/","cri","4","3","0.75","1"
"https://www.marqly.com/","geo","32","3","0.09375","1.5"
"https://www.marqly.com/","irl","14","3","0.21428571428571427","2.5"
"https://www.marqly.com/","lva","6","3","0.5","1.8333333333333335"
"https://www.marqly.com/","nzl","24","3","0.125","3.5833333333333335"
"https://www.marqly.com/","svk","13","3","0.23076923076923078","2.769230769230769"
"https://www.marqly.com/alternatives/instapaper","can","26","3","0.11538461538461539","14.73076923076923"
"https://www.marqly.com/alternatives/raindrop","usa","584","3","0.005136986301369863","26.51027397260274"
"https://www.marqly.com/blog/best-pocket-alternatives-2026","bel","130","3","0.023076923076923078","7.884615384615385"
"https://www.marqly.com/blog/best-pocket-alternatives-2026","can","178","3","0.016853932584269662","10.415730337078651"
"https://www.marqly.com/blog/best-pocket-alternatives-2026","deu","200","3","0.015","11.505"
"https://www.marqly.com/blog/best-pocket-alternatives-2026","sgp","118","3","0.025423728813559324","8.627118644067796"
"https://www.marqly.com/blog/export-instagram-saved-posts","usa","157","3","0.01910828025477707","10.21656050955414"
"https://www.marqly.com/blog/top-5-bookmark-managers-in-2025","deu","533","3","0.005628517823639775","19.724202626641652"
"https://www.marqly.com/blog/top-5-bookmark-managers-in-2025","esp","148","3","0.02027027027027027","13.85135135135135"
"https://www.marqly.com/blog/top-5-bookmark-managers-in-2025","pol","79","3","0.0379746835443038","15.430379746835444"
"https://www.marqly.com/compare/linkwarden-vs-karakeep","usa","237","3","0.012658227848101266","4.067510548523207"
"https://www.marqly.com/compare/raindrop-vs-karakeep","usa","31","3","0.0967741935483871","4.612903225806452"
"https://www.marqly.com/es","col","7","3","0.42857142857142855","1.2857142857142856"
"https://www.marqly.com/ja/blog/export-twitter-x-bookmarks-2026","jpn","86","3","0.03488372093023256","7.976744186046512"
"https://www.marqly.com/tools/bookmarklet-maker","usa","155","3","0.01935483870967742","19.483870967741936"
"https://www.marqly.com/","blr","3","2","0.6666666666666666","14"
"https://www.marqly.com/","chl","11","2","0.18181818181818182","10.545454545454545"
"https://www.marqly.com/","dza","23","2","0.08695652173913043","8.608695652173914"
"https://www.marqly.com/","hrv","12","2","0.16666666666666666","6.583333333333333"
"https://www.marqly.com/","ken","8","2","0.25","2.625"
"https://www.marqly.com/","kwt","6","2","0.3333333333333333","1"
"https://www.marqly.com/","ltu","7","2","0.2857142857142857","2.142857142857143"
"https://www.marqly.com/","moz","205","2","0.00975609756097561","1.0585365853658537"
"https://www.marqly.com/","pri","5","2","0.4","3"
"https://www.marqly.com/","qat","8","2","0.25","2.875"
"https://www.marqly.com/Pricing","fra","39","2","0.05128205128205128","1"
"https://www.marqly.com/alternatives/anybox","gbr","6","2","0.3333333333333333","6"
"https://www.marqly.com/alternatives/anybox","nld","2","2","1","2.5"
"https://www.marqly.com/alternatives/karakeep","nld","14","2","0.14285714285714285","8.857142857142858"
"https://www.marqly.com/alternatives/karakeep","usa","100","2","0.02","11.8"
"https://www.marqly.com/alternatives/mymind","idn","10","2","0.2","7.8"
"https://www.marqly.com/alternatives/omnivore","twn","6","2","0.3333333333333333","5.833333333333333"
"https://www.marqly.com/alternatives/raindrop","che","8","2","0.25","7.875"
"https://www.marqly.com/alternatives/wallabag","prt","2","2","1","3"
"https://www.marqly.com/blog/best-pocket-alternatives-2026","dnk","84","2","0.023809523809523808","7.630952380952381"
"https://www.marqly.com/blog/best-pocket-alternatives-2026","isr","41","2","0.04878048780487805","9.731707317073171"
"https://www.marqly.com/blog/best-pocket-alternatives-2026","usa","2137","2","0.0009358914365933552","14.144127281235377"
"https://www.marqly.com/blog/how-to-manage-bookmarks-efficiently-a-step-by-step-guide","usa","2183","2","0.0009161704076958314","37.10306917086578"
"https://www.marqly.com/blog/how-to-organize-bookmarks","usa","522","2","0.0038314176245210726","33.984674329501914"
"https://www.marqly.com/blog/raindrop-review-2026","usa","246","2","0.008130081300813009","9.8130081300813"
"https://www.marqly.com/blog/top-5-bookmark-managers-in-2025","bel","61","2","0.03278688524590164","10.163934426229508"
"https://www.marqly.com/blog/top-5-bookmark-managers-in-2025","bra","384","2","0.005208333333333333","35.822916666666664"
"https://www.marqly.com/blog/top-5-bookmark-managers-in-2025","gbr","807","2","0.0024783147459727386","26.125154894671624"
"https://www.marqly.com/blog/top-5-bookmark-managers-in-2025","hun","39","2","0.05128205128205128","9.35897435897436"
"https://www.marqly.com/compare/linkwarden-vs-karakeep","ind","24","2","0.08333333333333333","5.291666666666667"
"https://www.marqly.com/compare/raindrop-vs-karakeep","nld","3","2","0.6666666666666666","2.333333333333333"
"https://www.marqly.com/compare/readwise-reader-vs-matter","usa","34","2","0.058823529411764705","9.205882352941176"
"https://www.marqly.com/de","aut","4","2","0.5","1"
"https://www.marqly.com/de/blog/pocket-alternativen-2026","che","5","2","0.4","6.2"
"https://www.marqly.com/es","arg","8","2","0.25","2"
"https://www.marqly.com/es","bol","2","2","1","1"
"https://www.marqly.com/es","esp","12","2","0.16666666666666666","2.416666666666667"
"https://www.marqly.com/es/blog/alternativas-a-pocket-2026","esp","19","2","0.10526315789473684","6.368421052631579"
"https://www.marqly.com/ja/alternatives/pocket","jpn","16","2","0.125","10.9375"
"https://www.marqly.com/ja/blog/bookmark-seiri-guide-2026","jpn","3","2","0.6666666666666666","9.333333333333334"
"https://www.marqly.com/ja/blog/chrome-bookmarks-not-syncing-fix-2026","jpn","329","2","0.0060790273556231","8.96048632218845"
"https://www.marqly.com/ja/blog/what-is-an-ai-second-brain-2026","jpn","79","2","0.02531645569620253","9.379746835443038"
"https://www.marqly.com/ja/for-phd-students","jpn","5","2","0.4","25.8"
"https://www.marqly.com/ko","kor","8","2","0.25","5.375"
"https://www.marqly.com/ko/blog/chrome-bookmarks-not-syncing-fix-2026","kor","59","2","0.03389830508474576","8.152542372881356"
"https://www.marqly.com/pl","pol","2","2","1","1"
"https://www.marqly.com/tools/youtube-thumbnail-downloader","are","100","2","0.02","8.91"
"https://www.marqly.com/tools/youtube-thumbnail-downloader","ind","259","2","0.007722007722007722","11.513513513513514"
"https://www.marqly.com/tools/youtube-timestamp-link","usa","421","2","0.004750593824228029","27.693586698337292"
"https://www.marqly.com/tr","tur","10","2","0.2","19.7"
"https://app.marqly.com/","deu","49","1","0.02040816326530612","1.306122448979592"
"https://app.marqly.com/","fra","24","1","0.041666666666666664","1.375"
"https://app.marqly.com/","gbr","31","1","0.03225806451612903","1.064516129032258"
"https://app.marqly.com/","usa","329","1","0.00303951367781155","1.1519756838905775"
"https://app.marqly.com/explore","are","1","1","1","1"
"https://app.marqly.com/s/4a780166-adf6-4ec4-93d5-55f6be8e9fd9","isr","1","1","1","1"
"https://app.marqly.com/s/7mgYYhs","are","3","1","0.3333333333333333","5.666666666666667"
"https://app.marqly.com/s/88f7096f-038c-4fec-8436-4e72e15a2da2","isr","1","1","1","2"
"https://app.marqly.com/s/974dec8f-b85e-483e-ab8d-6f25df6f889f","isr","1","1","1","8"
"https://app.marqly.com/s/adc8a5bf-0543-4d71-a61b-ad4779dc2e80","usa","1","1","1","1"
"https://app.marqly.com/s/d1c7df0c-d3c9-4a34-a8ef-0be3d0dc38e8","tha","1","1","1","25"
"https://marqly.com/","nld","4","1","0.25","1.5"
"https://www.marqly.com/","and","4","1","0.25","54"
"https://www.marqly.com/","arm","4","1","0.25","1"
"https://www.marqly.com/","bih","1","1","1","1"
"https://www.marqly.com/","bol","3","1","0.3333333333333333","1.6666666666666665"
"https://www.marqly.com/","brb","3","1","0.3333333333333333","4"
"https://www.marqly.com/","bwa","1","1","1","1"
"https://www.marqly.com/","ecu","10","1","0.1","1.6"
"https://www.marqly.com/","glp","1","1","1","1"
"https://www.marqly.com/","irq","12","1","0.08333333333333333","8.25"
"https://www.marqly.com/","isl","15","1","0.06666666666666667","1.2666666666666666"
"https://www.marqly.com/","khm","5","1","0.2","20.2"
"https://www.marqly.com/","lbr","1","1","1","1"
"https://www.marqly.com/","mmr","3","1","0.3333333333333333","2.333333333333333"
"https://www.marqly.com/","mus","2","1","0.5","4"
"https://www.marqly.com/","svn","3","1","0.3333333333333333","4.666666666666666"
"https://www.marqly.com/","tun","2","1","0.5","1"
"https://www.marqly.com/","ury","3","1","0.3333333333333333","15.333333333333334"
"https://www.marqly.com/","zwe","1","1","1","1"
"https://www.marqly.com/Extension","jpn","29","1","0.034482758620689655","4.172413793103448"
"https://www.marqly.com/Extension","nld","39","1","0.02564102564102564","15.923076923076923"
"https://www.marqly.com/Extension","usa","742","1","0.0013477088948787063","20.17789757412399"
"https://www.marqly.com/Pricing","are","59","1","0.01694915254237288","1"
"https://www.marqly.com/Pricing","aus","38","1","0.02631578947368421","2.052631578947368"
"https://www.marqly.com/Pricing","bra","55","1","0.01818181818181818","1.0727272727272728"
"https://www.marqly.com/Pricing","can","51","1","0.0196078431372549","1.1764705882352942"
"https://www.marqly.com/Pricing","dnk","9","1","0.1111111111111111","1"
"https://www.marqly.com/Pricing","grc","12","1","0.08333333333333333","1"
"https://www.marqly.com/Pricing","mex","18","1","0.05555555555555555","1"
"https://www.marqly.com/Pricing","pol","22","1","0.045454545454545456","1.2272727272727273"
"https://www.marqly.com/Pricing","rus","17","1","0.058823529411764705","1"
"https://www.marqly.com/Pricing","sgp","17","1","0.058823529411764705","1"
"https://www.marqly.com/Pricing","srb","5","1","0.2","1"
"https://www.marqly.com/Pricing","svk","4","1","0.25","1"
"https://www.marqly.com/Pricing","tur","23","1","0.043478260869565216","1"
"https://www.marqly.com/Pricing","ukr","23","1","0.043478260869565216","1"
"https://www.marqly.com/Pricing/","are","22","1","0.045454545454545456","1.0909090909090908"
"https://www.marqly.com/Pricing/","pol","3","1","0.3333333333333333","1"
"https://www.marqly.com/alternatives","nld","402","1","0.0024875621890547263","39.58955223880597"
"https://www.marqly.com/alternatives/anybox","deu","16","1","0.0625","32"
"https://www.marqly.com/alternatives/anybox","idn","1","1","1","3"
"https://www.marqly.com/alternatives/anybox","kor","1","1","1","3"
"https://www.marqly.com/alternatives/diigo","aus","5","1","0.2","20"
"https://www.marqly.com/alternatives/diigo","pak","2","1","0.5","2.5"
"https://www.marqly.com/alternatives/diigo","twn","2","1","0.5","2"
"https://www.marqly.com/alternatives/diigo","usa","116","1","0.008620689655172414","20.74137931034483"
"https://www.marqly.com/alternatives/evernote-web-clipper","hun","1","1","1","1"
"https://www.marqly.com/alternatives/glasp","fin","1","1","1","7"
"https://www.marqly.com/alternatives/goodlinks","pol","3","1","0.3333333333333333","5.666666666666667"
"https://www.marqly.com/alternatives/instapaper","deu","3","1","0.3333333333333333","10.333333333333334"
"https://www.marqly.com/alternatives/karakeep","aus","17","1","0.058823529411764705","5"
"https://www.marqly.com/alternatives/karakeep","can","22","1","0.045454545454545456","11.772727272727273"
"https://www.marqly.com/alternatives/karakeep","col","1","1","1","3"
"https://www.marqly.com/alternatives/karakeep","fra","21","1","0.047619047619047616","13.523809523809524"
"https://www.marqly.com/alternatives/karakeep","ind","15","1","0.06666666666666667","8.066666666666666"
"https://www.marqly.com/alternatives/karakeep","jpn","6","1","0.16666666666666666","21.5"
"https://www.marqly.com/alternatives/karakeep","sgp","8","1","0.125","10.375"
"https://www.marqly.com/alternatives/karakeep","tur","9","1","0.1111111111111111","11.555555555555555"
"https://www.marqly.com/alternatives/liner","arm","3","1","0.3333333333333333","8"
"https://www.marqly.com/alternatives/linkwarden","can","18","1","0.05555555555555555","8.11111111111111"
"https://www.marqly.com/alternatives/linkwarden","usa","69","1","0.014492753623188406","11.55072463768116"
"https://www.marqly.com/alternatives/matter","esp","1","1","1","2"
"https://www.marqly.com/alternatives/matter","nld","6","1","0.16666666666666666","5.833333333333333"
"https://www.marqly.com/alternatives/matter","vnm","1","1","1","1"
"https://www.marqly.com/alternatives/mymind","bra","8","1","0.125","6.375"
"https://www.marqly.com/alternatives/mymind","col","3","1","0.3333333333333333","9.333333333333334"
"https://www.marqly.com/alternatives/mymind","isr","1","1","1","9"
"https://www.marqly.com/alternatives/mymind","ita","7","1","0.14285714285714285","6.428571428571429"
"https://www.marqly.com/alternatives/notion-web-clipper","aut","3","1","0.3333333333333333","22.666666666666668"
"https://www.marqly.com/alternatives/notion-web-clipper","usa","310","1","0.0032258064516129032","17.40967741935484"
"https://www.marqly.com/alternatives/obsidian-web-clipper","jpn","4","1","0.25","14.75"
"https://www.marqly.com/alternatives/omnivore","fra","7","1","0.14285714285714285","19.142857142857142"
"https://www.marqly.com/alternatives/omnivore","ita","3","1","0.3333333333333333","7.666666666666667"
"https://www.marqly.com/alternatives/omnivore","pak","2","1","0.5","5.5"
"https://www.marqly.com/alternatives/onetab","deu","7","1","0.14285714285714285","7.142857142857143"
"https://www.marqly.com/alternatives/onetab","sen","1","1","1","8"
"https://www.marqly.com/alternatives/onetab","usa","84","1","0.011904761904761904","22.38095238095238"
"https://www.marqly.com/alternatives/pinboard","deu","3","1","0.3333333333333333","8.333333333333332"
"https://www.marqly.com/alternatives/pinboard","lbn","1","1","1","1"
"https://www.marqly.com/alternatives/pinterest","are","15","1","0.06666666666666667","9.333333333333334"
"https://www.marqly.com/alternatives/pinterest","bra","16","1","0.0625","17.5625"
"https://www.marqly.com/alternatives/pinterest","deu","26","1","0.038461538461538464","7.961538461538462"
"https://www.marqly.com/alternatives/pinterest","dza","9","1","0.1111111111111111","8.666666666666668"
"https://www.marqly.com/alternatives/pinterest","egy","11","1","0.09090909090909091","7.818181818181818"
"https://www.marqly.com/alternatives/pinterest","esp","17","1","0.058823529411764705","7.882352941176471"
"https://www.marqly.com/alternatives/pinterest","fin","20","1","0.05","9.05"
"https://www.marqly.com/alternatives/pinterest","mmr","5","1","0.2","7.4"
"https://www.marqly.com/alternatives/pinterest","nld","59","1","0.01694915254237288","7.440677966101695"
"https://www.marqly.com/alternatives/pinterest","pak","27","1","0.037037037037037035","5.333333333333333"
"https://www.marqly.com/alternatives/pinterest","prt","10","1","0.1","8.8"
"https://www.marqly.com/alternatives/pinterest","syr","7","1","0.14285714285714285","7.285714285714286"
"https://www.marqly.com/alternatives/pocket","rou","1","1","1","1"
"https://www.marqly.com/alternatives/raindrop","idn","9","1","0.1111111111111111","17.22222222222222"
"https://www.marqly.com/alternatives/raindrop","ind","38","1","0.02631578947368421","9.605263157894736"
"https://www.marqly.com/alternatives/raindrop","irq","1","1","1","8"
"https://www.marqly.com/alternatives/raindrop","ita","8","1","0.125","4.125"
"https://www.marqly.com/alternatives/raindrop","mar","2","1","0.5","10.5"
"https://www.marqly.com/alternatives/readwise","aus","5","1","0.2","5.8"
"https://www.marqly.com/alternatives/readwise","ind","3","1","0.3333333333333333","15"
"https://www.marqly.com/alternatives/readwise-reader","tur","3","1","0.3333333333333333","17.333333333333332"
"https://www.marqly.com/alternatives/readwise-reader","usa","100","1","0.01","24.05"
"https://www.marqly.com/alternatives/session-buddy","swe","1","1","1","4"
"https://www.marqly.com/alternatives/wallabag","dnk","2","1","0.5","3"
"https://www.marqly.com/alternatives/wallabag","pol","5","1","0.2","1.6"
"https://www.marqly.com/alternatives/wallabag","usa","27","1","0.037037037037037035","15.703703703703704"
"https://www.marqly.com/alternatives/workona","phl","2","1","0.5","19.5"
"https://www.marqly.com/alternatives/workona","prt","1","1","1","1"
"https://www.marqly.com/blog","are","102","1","0.00980392156862745","1.784313725490196"
"https://www.marqly.com/blog","che","27","1","0.037037037037037035","4.518518518518519"
"https://www.marqly.com/blog","isr","19","1","0.05263157894736842","1.4210526315789473"
"https://www.marqly.com/blog","kaz","15","1","0.06666666666666667","1.8666666666666667"
"https://www.marqly.com/blog","swe","21","1","0.047619047619047616","2.333333333333333"
"https://www.marqly.com/blog","uga","2","1","0.5","1"
"https://www.marqly.com/blog","usa","1033","1","0.000968054211035818","23.47241045498548"
"https://www.marqly.com/blog/best-ai-bookmark-manager-2026","esp","1","1","1","10"
"https://www.marqly.com/blog/best-ai-bookmark-manager-2026","gbr","39","1","0.02564102564102564","15.846153846153847"
"https://www.marqly.com/blog/best-ai-bookmark-manager-2026","usa","58","1","0.017241379310344827","23"
"https://www.marqly.com/blog/best-free-bookmark-managers-2026","ecu","1","1","1","8"
"https://www.marqly.com/blog/best-free-bookmark-managers-2026","idn","2","1","0.5","6.5"
"https://www.marqly.com/blog/best-free-bookmark-managers-2026","ind","4","1","0.25","10.25"
"https://www.marqly.com/blog/best-free-bookmark-managers-2026","swe","4","1","0.25","4.75"
"https://www.marqly.com/blog/best-free-bookmark-managers-2026","usa","214","1","0.004672897196261682","22.897196261682243"
"https://www.marqly.com/blog/best-pocket-alternatives-2026","are","48","1","0.020833333333333332","8.145833333333332"
"https://www.marqly.com/blog/best-pocket-alternatives-2026","aus","190","1","0.005263157894736842","9.773684210526316"
"https://www.marqly.com/blog/best-pocket-alternatives-2026","aut","25","1","0.04","11.32"
"https://www.marqly.com/blog/best-pocket-alternatives-2026","bgd","9","1","0.1111111111111111","15.444444444444445"
"https://www.marqly.com/blog/best-pocket-alternatives-2026","cze","28","1","0.03571428571428571","8"
"https://www.marqly.com/blog/best-pocket-alternatives-2026","esp","96","1","0.010416666666666666","11.020833333333334"
"https://www.marqly.com/blog/best-pocket-alternatives-2026","gbr","505","1","0.0019801980198019802","10.974257425742575"
"https://www.marqly.com/blog/best-pocket-alternatives-2026","irl","47","1","0.02127659574468085","8.829787234042552"
"https://www.marqly.com/blog/best-pocket-alternatives-2026","irn","18","1","0.05555555555555555","7.944444444444445"
"https://www.marqly.com/blog/best-pocket-alternatives-2026","pol","73","1","0.0136986301369863","8.013698630136986"
"https://www.marqly.com/blog/best-pocket-alternatives-2026","rou","14","1","0.07142857142857142","8.142857142857142"
"https://www.marqly.com/blog/best-pocket-alternatives-2026","rus","20","1","0.05","9.9"
"https://www.marqly.com/blog/best-pocket-alternatives-2026","swe","92","1","0.010869565217391304","7.1521739130434785"
"https://www.marqly.com/blog/best-pocket-alternatives-2026","uga","12","1","0.08333333333333333","8"
"https://www.marqly.com/blog/best-self-hosted-pocket-alternative","nld","15","1","0.06666666666666667","4.466666666666667"
"https://www.marqly.com/blog/best-self-hosted-pocket-alternative","twn","2","1","0.5","3.5"
"https://www.marqly.com/blog/best-tab-managers-2026","usa","129","1","0.007751937984496124","19"
"https://www.marqly.com/blog/export-instagram-saved-posts","blr","1","1","1","6"
"https://www.marqly.com/blog/export-instagram-saved-posts","che","11","1","0.09090909090909091","9.545454545454545"
"https://www.marqly.com/blog/export-instagram-saved-posts","esp","12","1","0.08333333333333333","6"
"https://www.marqly.com/blog/export-instagram-saved-posts","gbr","55","1","0.01818181818181818","9.745454545454546"
"https://www.marqly.com/blog/export-instagram-saved-posts","irn","10","1","0.1","8.8"
"https://www.marqly.com/blog/export-instagram-saved-posts","ken","1","1","1","1"
"https://www.marqly.com/blog/export-instagram-saved-posts","mex","1","1","1","8"
"https://www.marqly.com/blog/export-instagram-saved-posts","tur","13","1","0.07692307692307693","9.615384615384615"
"https://www.marqly.com/blog/export-instagram-saved-posts","uzb","1","1","1","9"
"https://www.marqly.com/blog/export-reddit-saved-posts","deu","7","1","0.14285714285714285","8.857142857142858"
"https://www.marqly.com/blog/export-reddit-saved-posts","hun","2","1","0.5","5.5"
"https://www.marqly.com/blog/export-reddit-saved-posts","usa","139","1","0.007194244604316547","15.964028776978417"
"https://www.marqly.com/blog/export-twitter-x-bookmarks","arg","5","1","0.2","8.4"
"https://www.marqly.com/blog/export-twitter-x-bookmarks","ind","13","1","0.07692307692307693","8.923076923076923"
"https://www.marqly.com/blog/export-twitter-x-bookmarks","jpn","7","1","0.14285714285714285","8"
"https://www.marqly.com/blog/export-twitter-x-bookmarks","nzl","5","1","0.2","6"
"https://www.marqly.com/blog/export-twitter-x-bookmarks","pol","3","1","0.3333333333333333","14.666666666666666"
"https://www.marqly.com/blog/export-youtube-watch-later","deu","6","1","0.16666666666666666","4.5"
"https://www.marqly.com/blog/export-youtube-watch-later","gbr","5","1","0.2","12.2"
"https://www.marqly.com/blog/how-to-highlight-text-on-any-website","aus","14","1","0.07142857142857142","20.571428571428573"
"https://www.marqly.com/blog/how-to-highlight-text-on-any-website","ken","2","1","0.5","6.5"
"https://www.marqly.com/blog/how-to-manage-bookmarks-efficiently-a-step-by-step-guide","are","26","1","0.038461538461538464","1.3076923076923077"
"https://www.marqly.com/blog/how-to-manage-bookmarks-efficiently-a-step-by-step-guide","fra","54","1","0.018518518518518517","31.62962962962963"
"https://www.marqly.com/blog/how-to-organize-bookmarks","geo","2","1","0.5","21.5"
"https://www.marqly.com/blog/how-to-organize-bookmarks","rwa","1","1","1","1"
"https://www.marqly.com/blog/instapaper-alternatives-2026","gbr","15","1","0.06666666666666667","7.066666666666666"
"https://www.marqly.com/blog/instapaper-alternatives-2026","ita","5","1","0.2","6.4"
"https://www.marqly.com/blog/instapaper-review-2026","fra","3","1","0.3333333333333333","9.333333333333334"
"https://www.marqly.com/blog/instapaper-review-2026","usa","7","1","0.14285714285714285","14"
"https://www.marqly.com/blog/marqly-review-2026","are","35","1","0.02857142857142857","2.9714285714285715"
"https://www.marqly.com/blog/marqly-review-2026","ind","27","1","0.037037037037037035","2.4814814814814814"
"https://www.marqly.com/blog/marqly-review-2026","kor","3","1","0.3333333333333333","1"
"https://www.marqly.com/blog/marqly-review-2026/","are","4","1","0.25","1"
"https://www.marqly.com/blog/mymind-review-2026","aus","16","1","0.0625","7.375"
"https://www.marqly.com/blog/mymind-review-2026","bra","14","1","0.07142857142857142","7.857142857142857"
"https://www.marqly.com/blog/mymind-review-2026","gbr","39","1","0.02564102564102564","9.076923076923077"
"https://www.marqly.com/blog/mymind-review-2026","kor","6","1","0.16666666666666666","6"
"https://www.marqly.com/blog/mymind-review-2026","lva","1","1","1","9"
"https://www.marqly.com/blog/mymind-review-2026","sgp","10","1","0.1","5.6"
"https://www.marqly.com/blog/mymind-review-2026","swe","4","1","0.25","8"
"https://www.marqly.com/blog/pocket-replacements-2026","ita","2","1","0.5","2"
"https://www.marqly.com/blog/raindrop-vs-marqly","ita","13","1","0.07692307692307693","7.230769230769231"
"https://www.marqly.com/blog/raindrop-vs-marqly","usa","252","1","0.003968253968253968","16.198412698412696"
"https://www.marqly.com/blog/readwise-reader-review-2026","deu","54","1","0.018518518518518517","9.444444444444445"
"https://www.marqly.com/blog/readwise-reader-review-2026","gbr","85","1","0.011764705882352941","10.16470588235294"
"https://www.marqly.com/blog/readwise-reader-review-2026","kor","18","1","0.05555555555555555","9.666666666666666"
"https://www.marqly.com/blog/readwise-reader-review-2026","nld","45","1","0.022222222222222223","8.288888888888888"
"https://www.marqly.com/blog/top-5-bookmark-managers-in-2025","are","19","1","0.05263157894736842","27.36842105263158"
"https://www.marqly.com/blog/top-5-bookmark-managers-in-2025","can","338","1","0.0029585798816568047","16.923076923076923"
"https://www.marqly.com/blog/top-5-bookmark-managers-in-2025","fra","105","1","0.009523809523809525","18.99047619047619"
"https://www.marqly.com/blog/top-5-bookmark-managers-in-2025","irq","10","1","0.1","44.2"
"https://www.marqly.com/blog/top-5-bookmark-managers-in-2025","isr","57","1","0.017543859649122806","18.31578947368421"
"https://www.marqly.com/blog/top-5-bookmark-managers-in-2025","ita","262","1","0.003816793893129771","27.091603053435115"
"https://www.marqly.com/blog/top-5-bookmark-managers-in-2025","jpn","38","1","0.02631578947368421","13.868421052631579"
"https://www.marqly.com/blog/top-5-bookmark-managers-in-2025","mex","74","1","0.013513513513513514","26.35135135135135"
"https://www.marqly.com/blog/top-5-bookmark-managers-in-2025","nld","4473","1","0.000223563603845294","13.890453834115807"
"https://www.marqly.com/blog/top-5-bookmark-managers-in-2025","nor","34","1","0.029411764705882353","16.441176470588236"
"https://www.marqly.com/blog/top-5-bookmark-managers-in-2025","pan","6","1","0.16666666666666666","26.333333333333332"
"https://www.marqly.com/blog/top-5-bookmark-managers-in-2025","sgp","47","1","0.02127659574468085","11.148936170212766"
"https://www.marqly.com/blog/top-5-bookmark-managers-in-2025","srb","21","1","0.047619047619047616","11.904761904761905"
"https://www.marqly.com/blog/top-5-bookmark-managers-in-2025","swe","60","1","0.016666666666666666","18.95"
"https://www.marqly.com/blog/top-5-bookmark-managers-in-2025","ukr","46","1","0.021739130434782608","26.217391304347824"
"https://www.marqly.com/blog/why-marqly-is-the-best-bookmark-manager-for-2025","are","42","1","0.023809523809523808","1.7142857142857144"
"https://www.marqly.com/blog/why-marqly-is-the-best-bookmark-manager-for-2025","deu","52","1","0.019230769230769232","6.8076923076923075"
"https://www.marqly.com/blog/why-marqly-is-the-best-bookmark-manager-for-2025","gbr","54","1","0.018518518518518517","9.481481481481481"
"https://www.marqly.com/blog/why-marqly-is-the-best-bookmark-manager-for-2025","ind","53","1","0.018867924528301886","8.09433962264151"
"https://www.marqly.com/blog/why-marqly-is-the-best-bookmark-manager-for-2025","nld","78","1","0.01282051282051282","41.51282051282051"
"https://www.marqly.com/blog/why-marqly-is-the-best-bookmark-manager-for-2025","rus","11","1","0.09090909090909091","43.18181818181818"
"https://www.marqly.com/blog/why-marqly-is-the-best-bookmark-manager-for-2025","tha","11","1","0.09090909090909091","20.636363636363637"
"https://www.marqly.com/bookmark-manager-for-edge","bel","4","1","0.25","9.25"
"https://www.marqly.com/bookmark-manager-for-edge","tur","7","1","0.14285714285714285","8.857142857142858"
"https://www.marqly.com/bookmark-manager-for-firefox","gbr","21","1","0.047619047619047616","10.047619047619047"
"https://www.marqly.com/bookmark-manager-for-firefox","mdv","1","1","1","5"
"https://www.marqly.com/bookmark-manager-for-safari","hrv","1","1","1","8"
"https://www.marqly.com/bookmark-manager-for-safari","mex","2","1","0.5","11"
"https://www.marqly.com/bookmark-organizer","usa","220","1","0.004545454545454545","43.518181818181816"
"https://www.marqly.com/bookmark-sync","esp","4","1","0.25","9.25"
"https://www.marqly.com/bookmark-sync","swe","3","1","0.3333333333333333","4.333333333333334"
"https://www.marqly.com/compare/instapaper-vs-matter","idn","2","1","0.5","3"
"https://www.marqly.com/compare/instapaper-vs-matter","nga","2","1","0.5","1"
"https://www.marqly.com/compare/instapaper-vs-matter","prt","2","1","0.5","2.5"
"https://www.marqly.com/compare/instapaper-vs-matter","usa","19","1","0.05263157894736842","10.052631578947368"
"https://www.marqly.com/compare/linkwarden-vs-karakeep","aus","38","1","0.02631578947368421","4.605263157894736"
"https://www.marqly.com/compare/linkwarden-vs-karakeep","pol","25","1","0.04","4.76"
"https://www.marqly.com/compare/linkwarden-vs-karakeep","prt","6","1","0.16666666666666666","3.8333333333333335"
"https://www.marqly.com/compare/marqly-vs-karakeep","gbr","2","1","0.5","11.5"
"https://www.marqly.com/compare/marqly-vs-raindrop","are","1","1","1","1"
"https://www.marqly.com/compare/raindrop-vs-karakeep","aze","1","1","1","2"
"https://www.marqly.com/compare/raindrop-vs-karakeep","bel","1","1","1","1"
"https://www.marqly.com/compare/raindrop-vs-karakeep","ind","3","1","0.3333333333333333","1.6666666666666665"
"https://www.marqly.com/compare/raindrop-vs-karakeep","mex","1","1","1","1"
"https://www.marqly.com/compare/raindrop-vs-karakeep","pol","3","1","0.3333333333333333","2.333333333333333"
"https://www.marqly.com/compare/raindrop-vs-karakeep","sgp","5","1","0.2","1"
"https://www.marqly.com/compare/readwise-vs-readwise-reader","usa","39","1","0.02564102564102564","12.256410256410257"
"https://www.marqly.com/compare/wallabag-vs-linkwarden","aus","2","1","0.5","2.5"
"https://www.marqly.com/compare/wallabag-vs-linkwarden","cze","3","1","0.3333333333333333","1.6666666666666665"
"https://www.marqly.com/compare/wallabag-vs-linkwarden","deu","7","1","0.14285714285714285","2.428571428571429"
"https://www.marqly.com/compare/wallabag-vs-linkwarden","fra","4","1","0.25","1.75"
"https://www.marqly.com/compare/wallabag-vs-linkwarden","kor","1","1","1","3"
"https://www.marqly.com/de","are","1","1","1","5"
"https://www.marqly.com/de/alternativen/notion","aut","1","1","1","54"
"https://www.marqly.com/de/blog/notion-web-clipper-alternative-2026","aut","1","1","1","28"
"https://www.marqly.com/de/fuer-content-creator","aut","1","1","1","3"
"https://www.marqly.com/de/lesezeichen-manager-chrome","deu","35","1","0.02857142857142857","9.942857142857143"
"https://www.marqly.com/de/tools/youtube-zusammenfassung","aut","3","1","0.3333333333333333","8.333333333333332"
"https://www.marqly.com/embed","are","1","1","1","1"
"https://www.marqly.com/es","chl","4","1","0.25","1.75"
"https://www.marqly.com/es","ecu","2","1","0.5","2"
"https://www.marqly.com/es","prt","1","1","1","1"
"https://www.marqly.com/es/blog/mejores-resumidores-youtube-ia-2026","arg","1","1","1","3"
"https://www.marqly.com/extension","col","4","1","0.25","3"
"https://www.marqly.com/extension","fra","25","1","0.04","4.6"
"https://www.marqly.com/extension","gha","1","1","1","1"
"https://www.marqly.com/extension","ita","15","1","0.06666666666666667","3.1333333333333333"
"https://www.marqly.com/extension","mar","2","1","0.5","1"
"https://www.marqly.com/extension","per","6","1","0.16666666666666666","5.166666666666667"
"https://www.marqly.com/faq/is-there-an-android-app","ind","1","1","1","2"
"https://www.marqly.com/faq/is-there-an-ios-app","lva","1","1","1","14"
"https://www.marqly.com/faq/what-is-an-ai-bookmark-manager","gbr","29","1","0.034482758620689655","14.724137931034482"
"https://www.marqly.com/faq/what-is-an-ai-bookmark-manager","usa","78","1","0.01282051282051282","13.705128205128204"
"https://www.marqly.com/for-academics","isr","1","1","1","1"
"https://www.marqly.com/for-researchers","ind","39","1","0.02564102564102564","1.3076923076923077"
"https://www.marqly.com/for-students","are","20","1","0.05","1"
"https://www.marqly.com/for-writers","gbr","6","1","0.16666666666666666","39"
"https://www.marqly.com/fr","can","3","1","0.3333333333333333","1"
"https://www.marqly.com/fr","kor","1","1","1","1"
"https://www.marqly.com/fr","tun","2","1","0.5","1"
"https://www.marqly.com/fr/alternatives/pocket","fra","8","1","0.125","7.5"
"https://www.marqly.com/fr/blog/comment-exporter-migrer-donnees-pocket-2026","fra","2","1","0.5","3.5"
"https://www.marqly.com/fr/outils/transcription-youtube","can","11","1","0.09090909090909091","13.272727272727273"
"https://www.marqly.com/fr/outils/transcription-youtube","che","12","1","0.08333333333333333","9.583333333333334"
"https://www.marqly.com/fr/outils/transcription-youtube","cmr","3","1","0.3333333333333333","14"
"https://www.marqly.com/it/blog/alternative-a-pocket-2026","che","2","1","0.5","4.5"
"https://www.marqly.com/it/blog/ottenere-trascrizione-youtube","ita","19","1","0.05263157894736842","10.947368421052632"
"https://www.marqly.com/ja/alternatives/instapaper","jpn","1","1","1","3"
"https://www.marqly.com/ja/blog/ato-de-yomu-app-2026","jpn","16","1","0.0625","7.75"
"https://www.marqly.com/ja/blog/export-youtube-watch-later-2026","jpn","49","1","0.02040816326530612","8.346938775510203"
"https://www.marqly.com/ja/blog/marqly-review-2026","jpn","9","1","0.1111111111111111","5.555555555555555"
"https://www.marqly.com/ja/bookmark-manager-for-edge","jpn","2","1","0.5","22.5"
"https://www.marqly.com/ja/bookmark-organizer","jpn","7","1","0.14285714285714285","6.571428571428571"
"https://www.marqly.com/ko/alternatives/evernote","kor","45","1","0.022222222222222223","7.666666666666667"
"https://www.marqly.com/ko/blog/export-youtube-watch-later-2026","kor","23","1","0.043478260869565216","8.043478260869566"
"https://www.marqly.com/ko/blog/raindrop-review-2026","kor","16","1","0.0625","2.625"
"https://www.marqly.com/ko/for-journalists","are","1","1","1","2"
"https://www.marqly.com/ko/second-brain","kor","5","1","0.2","16.2"
"https://www.marqly.com/ko/tools/youtube-transcript","kor","226","1","0.004424778761061947","9.070796460176991"
"https://www.marqly.com/migrate/instapaper","are","1","1","1","7"
"https://www.marqly.com/migrate/pocket","are","1","1","1","2"
"https://www.marqly.com/migrate/raindrop","deu","1","1","1","2"
"https://www.marqly.com/pl","fra","1","1","1","1"
"https://www.marqly.com/prompt-gallery","lka","1","1","1","34"
"https://www.marqly.com/prompt-gallery","usa","16","1","0.0625","17.9375"
"https://www.marqly.com/prompt-gallery/ai-food-photography-prompt","egy","2","1","0.5","5.5"
"https://www.marqly.com/prompt-gallery/ai-food-photography-prompt","sau","2","1","0.5","18"
"https://www.marqly.com/prompt-gallery/chatgpt-prompt-for-character-development","egy","1","1","1","10"
"https://www.marqly.com/prompt-gallery/chatgpt-prompt-for-instagram-reels-scripts","ind","17","1","0.058823529411764705","7.176470588235294"
"https://www.marqly.com/prompt-gallery/chatgpt-prompt-for-instagram-reels-scripts","tha","1","1","1","2"
"https://www.marqly.com/prompt-gallery/copy-ai-prompt-for-google-ads-copy","mar","1","1","1","1"
"https://www.marqly.com/prompt-gallery/copy-ai-prompt-for-user-generated-content-campaigns","ind","11","1","0.09090909090909091","9.636363636363637"
"https://www.marqly.com/prompt-gallery/instagram-carousel-caption-prompt","sau","1","1","1","12"
"https://www.marqly.com/prompt-gallery/instagram-reel-script-prompt","egy","1","1","1","2"
"https://www.marqly.com/prompt-gallery/kimi-prompt-for-research-proposals","deu","1","1","1","12"
"https://www.marqly.com/prompt-gallery/pull-request-code-review-prompt","egy","4","1","0.25","8.75"
"https://www.marqly.com/prompt-gallery/youtube-shorts-script-prompt","bgd","1","1","1","1"
"https://www.marqly.com/prompt-gallery/youtube-shorts-script-prompt","pak","1","1","1","7"
"https://www.marqly.com/pt","deu","1","1","1","1"
"https://www.marqly.com/pt","prt","1","1","1","1"
"https://www.marqly.com/pt/blog/o-que-e-um-segundo-cerebro-com-ia-2026","bra","11","1","0.09090909090909091","14.545454545454545"
"https://www.marqly.com/pt/blog/o-que-e-um-segundo-cerebro-com-ia-2026","prt","2","1","0.5","5.5"
"https://www.marqly.com/read-it-later","are","7","1","0.14285714285714285","21"
"https://www.marqly.com/second-brain","are","9","1","0.1111111111111111","1.1111111111111112"
"https://www.marqly.com/second-brain","usa","45","1","0.022222222222222223","9.6"
"https://www.marqly.com/swipe-file","aus","1","1","1","1"
"https://www.marqly.com/tools/bookmarklet-maker","bgd","22","1","0.045454545454545456","7.7272727272727275"
"https://www.marqly.com/tools/dead-link-checker","deu","115","1","0.008695652173913044","39.93913043478261"
"https://www.marqly.com/tools/html-to-markdown","bra","11","1","0.09090909090909091","27.272727272727273"
"https://www.marqly.com/tools/html-to-markdown","fra","10","1","0.1","40.6"
"https://www.marqly.com/tools/redirect-checker","gbr","805","1","0.0012422360248447205","39.69565217391305"
"https://www.marqly.com/tools/rss-feed-finder","deu","12","1","0.08333333333333333","35.083333333333336"
"https://www.marqly.com/tools/rss-feed-finder","hun","1","1","1","2"
"https://www.marqly.com/tools/url-cleaner","esp","7","1","0.14285714285714285","25.857142857142858"
"https://www.marqly.com/tools/youtube-chapter-generator","are","1","1","1","1"
"https://www.marqly.com/tools/youtube-chapter-generator","bgd","9","1","0.1111111111111111","5.777777777777778"
"https://www.marqly.com/tools/youtube-chapter-generator","dza","3","1","0.3333333333333333","6.666666666666667"
"https://www.marqly.com/tools/youtube-thumbnail-downloader","aut","18","1","0.05555555555555555","8.333333333333332"
"https://www.marqly.com/tools/youtube-thumbnail-downloader","chl","38","1","0.02631578947368421","9.236842105263158"
"https://www.marqly.com/tools/youtube-thumbnail-downloader","irn","35","1","0.02857142857142857","8.571428571428571"
"https://www.marqly.com/tools/youtube-thumbnail-downloader","ita","36","1","0.027777777777777776","9.88888888888889"
"https://www.marqly.com/tools/youtube-thumbnail-downloader","mar","71","1","0.014084507042253521","9.746478873239436"
"https://www.marqly.com/tools/youtube-thumbnail-downloader","nld","57","1","0.017543859649122806","10.43859649122807"
"https://www.marqly.com/tools/youtube-thumbnail-downloader","rou","19","1","0.05263157894736842","9.31578947368421"
"https://www.marqly.com/tools/youtube-thumbnail-downloader","rus","20","1","0.05","10.6"
"https://www.marqly.com/tools/youtube-timestamp-link","idn","7","1","0.14285714285714285","12.285714285714286"
"https://www.marqly.com/tools/youtube-timestamp-link","ind","32","1","0.03125","23.1875"
"https://www.marqly.com/tools/youtube-transcript","pak","4","1","0.25","8.75"
"https://www.marqly.com/tr/blog/chrome-yer-imlerini-disa-aktarma-2026","tur","74","1","0.013513513513513514","9.162162162162161"
"https://www.marqly.com/tr/blog/web-sayfasini-pdf-olarak-kaydetme-2026","tur","25","1","0.04","6.4"
"https://www.marqly.com/tr/tools/youtube-transkript","tur","4","1","0.25","10.5"
"https://www.marqly.com/watch-later","kor","6","1","0.16666666666666666","8.166666666666668"
"https://www.marqly.com/web-highlighter","egy","3","1","0.3333333333333333","8.333333333333332"
"https://www.marqly.com/zh","are","1","1","1","7"
"https://www.marqly.com/zh","chn","1","1","1","1"
"https://www.marqly.com/zh/blog/chrome-bookmarks-not-syncing-fix-2026","chn","18","1","0.05555555555555555","7.5"
"https://www.marqly.com/zh/blog/export-twitter-x-bookmarks-2026","tha","1","1","1","2"
"https://www.marqly.com/zh/youtube-summarizer","are","2","1","0.5","3"
"http://marqly.com/","usa","1","0","0","8"
"http://marqly.com/download/","bgd","2","0","0","1"
"http://marqly.com/download/","chn","1","0","0","1"
"http://marqly.com/download/","col","1","0","0","1"
"http://marqly.com/download/","cyp","1","0","0","1"
"http://marqly.com/download/","dza","4","0","0","1"
"http://marqly.com/download/","esp","1","0","0","1"
"http://marqly.com/download/","fra","1","0","0","1"
"http://marqly.com/download/","idn","1","0","0","1"
"http://marqly.com/download/","ind","1","0","0","45"
"http://marqly.com/download/","kaz","1","0","0","1"
"http://marqly.com/download/","nga","1","0","0","1"
"http://marqly.com/download/","npl","1","0","0","1"
"http://marqly.com/download/","pol","1","0","0","1"
"http://marqly.com/download/","tur","1","0","0","1"
"http://marqly.com/download/","twn","1","0","0","1"
"http://marqly.com/download/","usa","3","0","0","1"
"http://marqly.com/download/","vnm","1","0","0","1"
"https://app.marqly.com/","are","29","0","0","1.3103448275862069"
"https://app.marqly.com/","arg","8","0","0","1.75"
"https://app.marqly.com/","aus","19","0","0","1.4736842105263157"
"https://app.marqly.com/","aut","5","0","0","1"
"https://app.marqly.com/","aze","2","0","0","4.5"
"https://app.marqly.com/","bel","4","0","0","1.25"
"https://app.marqly.com/","bgd","59","0","0","1.305084745762712"
"https://app.marqly.com/","bgr","2","0","0","1"
"https://app.marqly.com/","bih","1","0","0","1"
"https://app.marqly.com/","blr","2","0","0","1"
"https://app.marqly.com/","bra","49","0","0","2.387755102040816"
"https://app.marqly.com/","can","25","0","0","1.12"
"https://app.marqly.com/","che","9","0","0","1"
"https://app.marqly.com/","chn","6","0","0","1.1666666666666667"
"https://app.marqly.com/","cmr","2","0","0","10"
"https://app.marqly.com/","col","4","0","0","1.75"
"https://app.marqly.com/","cri","1","0","0","1"
"https://app.marqly.com/","cyp","2","0","0","1"
"https://app.marqly.com/","cze","5","0","0","1"
"https://app.marqly.com/","dnk","10","0","0","1"
"https://app.marqly.com/","dza","5","0","0","1.4"
"https://app.marqly.com/","ecu","6","0","0","1.6666666666666665"
"https://app.marqly.com/","egy","5","0","0","1.4"
"https://app.marqly.com/","esp","19","0","0","1.1052631578947367"
"https://app.marqly.com/","est","2","0","0","1"
"https://app.marqly.com/","eth","1","0","0","1"
"https://app.marqly.com/","fin","5","0","0","2.4"
"https://app.marqly.com/","geo","2","0","0","4"
"https://app.marqly.com/","glp","1","0","0","1"
"https://app.marqly.com/","grc","9","0","0","1"
"https://app.marqly.com/","gtm","2","0","0","1"
"https://app.marqly.com/","hkg","5","0","0","1"
"https://app.marqly.com/","hrv","3","0","0","1"
"https://app.marqly.com/","hun","3","0","0","1"
"https://app.marqly.com/","idn","6","0","0","1.1666666666666667"
"https://app.marqly.com/","ind","122","0","0","1.4344262295081966"
"https://app.marqly.com/","irl","3","0","0","5"
"https://app.marqly.com/","irn","4","0","0","1"
"https://app.marqly.com/","isr","9","0","0","1"
"https://app.marqly.com/","ita","15","0","0","1"
"https://app.marqly.com/","jor","3","0","0","1"
"https://app.marqly.com/","jpn","14","0","0","1"
"https://app.marqly.com/","kaz","10","0","0","2.6"
"https://app.marqly.com/","khm","1","0","0","1"
"https://app.marqly.com/","kor","12","0","0","1"
"https://app.marqly.com/","kwt","1","0","0","1"
"https://app.marqly.com/","lka","10","0","0","1"
"https://app.marqly.com/","ltu","2","0","0","1"
"https://app.marqly.com/","lux","1","0","0","1"
"https://app.marqly.com/","lva","3","0","0","1"
"https://app.marqly.com/","mar","16","0","0","1.4375"
"https://app.marqly.com/","mex","13","0","0","1.1538461538461537"
"https://app.marqly.com/","mmr","1","0","0","1"
"https://app.marqly.com/","moz","17","0","0","4.411764705882353"
"https://app.marqly.com/","mys","2","0","0","1"
"https://app.marqly.com/","nga","2","0","0","1"
"https://app.marqly.com/","nld","15","0","0","1.4"
"https://app.marqly.com/","npl","3","0","0","1"
"https://app.marqly.com/","nzl","2","0","0","1"
"https://app.marqly.com/","pak","21","0","0","1.1904761904761905"
"https://app.marqly.com/","pan","2","0","0","6"
"https://app.marqly.com/","per","6","0","0","1"
"https://app.marqly.com/","phl","9","0","0","1"
"https://app.marqly.com/","pol","16","0","0","2.375"
"https://app.marqly.com/","pri","2","0","0","1"
"https://app.marqly.com/","prt","11","0","0","1"
"https://app.marqly.com/","qat","1","0","0","1"
"https://app.marqly.com/","rou","1","0","0","1"
"https://app.marqly.com/","rus","11","0","0","1.2727272727272727"
"https://app.marqly.com/","sau","7","0","0","1.5714285714285714"
"https://app.marqly.com/","sgp","10","0","0","1.2"
"https://app.marqly.com/","srb","4","0","0","1"
"https://app.marqly.com/","svk","3","0","0","1"
"https://app.marqly.com/","svn","1","0","0","1"
"https://app.marqly.com/","swe","41","0","0","4.219512195121951"
"https://app.marqly.com/","tha","8","0","0","1"
"https://app.marqly.com/","tun","1","0","0","1"
"https://app.marqly.com/","tur","14","0","0","1.3571428571428572"
"https://app.marqly.com/","twn","8","0","0","2"
"https://app.marqly.com/","uga","1","0","0","1"
"https://app.marqly.com/","ukr","15","0","0","1"
"https://app.marqly.com/","ven","1","0","0","7"
"https://app.marqly.com/","vnm","18","0","0","3.111111111111111"
"https://app.marqly.com/","zaf","6","0","0","5"
"https://app.marqly.com/","zmb","1","0","0","1"
"https://app.marqly.com/discover","arg","1","0","0","1"
"https://app.marqly.com/discover","deu","1","0","0","1"
"https://app.marqly.com/discover","fra","1","0","0","1"
"https://app.marqly.com/discover","idn","3","0","0","1"
"https://app.marqly.com/discover","jpn","1","0","0","1"
"https://app.marqly.com/discover","ltu","1","0","0","1"
"https://app.marqly.com/discover","lux","1","0","0","1"
"https://app.marqly.com/discover","prt","1","0","0","1"
"https://app.marqly.com/discover","svk","1","0","0","1"
"https://app.marqly.com/explore","arg","1","0","0","1"
"https://app.marqly.com/explore","aus","1","0","0","1"
"https://app.marqly.com/explore","esp","3","0","0","1"
"https://app.marqly.com/explore","fra","2","0","0","1"
"https://app.marqly.com/explore","hun","1","0","0","1"
"https://app.marqly.com/explore","idn","4","0","0","1"
"https://app.marqly.com/explore","ita","1","0","0","1"
"https://app.marqly.com/explore","kwt","1","0","0","1"
"https://app.marqly.com/explore","lux","1","0","0","1"
"https://app.marqly.com/explore","nga","1","0","0","1"
"https://app.marqly.com/explore","pak","3","0","0","1"
"https://app.marqly.com/explore","prt","1","0","0","1"
"https://app.marqly.com/explore","tha","1","0","0","26"
"https://app.marqly.com/explore","ukr","1","0","0","1"
"https://app.marqly.com/explore","usa","2","0","0","1"
"https://app.marqly.com/explore","vnm","1","0","0","1"
"https://app.marqly.com/s/0d7f35d4-f123-4d4f-9477-857b54ba6afa","bel","1","0","0","10"
"https://app.marqly.com/s/0d7f35d4-f123-4d4f-9477-857b54ba6afa","can","3","0","0","67.33333333333333"
"https://app.marqly.com/s/0d7f35d4-f123-4d4f-9477-857b54ba6afa","sau","1","0","0","30"
"https://app.marqly.com/s/3043ed78-b571-4651-bc23-69f04c9d1ea3","are","1","0","0","54"
"https://app.marqly.com/s/31226d3c-ef60-43f5-afd0-73f427de0c84","ind","1","0","0","22"
"https://app.marqly.com/s/31226d3c-ef60-43f5-afd0-73f427de0c84","usa","8","0","0","15.25"
"https://app.marqly.com/s/3a78b849-7f90-4e72-bd65-a82cd0c7543f","idn","1","0","0","52"
"https://app.marqly.com/s/3a78b849-7f90-4e72-bd65-a82cd0c7543f","usa","3","0","0","9.333333333333334"
"https://app.marqly.com/s/40fe1954-cb04-40ae-babd-d4370c392964","nld","1","0","0","64"
"https://app.marqly.com/s/4b29517c-ddc8-4a7d-bb92-7ec667e3a862","sau","1","0","0","14"
"https://app.marqly.com/s/4b29517c-ddc8-4a7d-bb92-7ec667e3a862","usa","2","0","0","11"
"https://app.marqly.com/s/56a2656c-5bd0-4bdf-b568-6a72db2a9b24","usa","1","0","0","10"
"https://app.marqly.com/s/5c9415b9-ed11-4614-b16f-7335856da1e6","usa","4","0","0","15.25"
"https://app.marqly.com/s/5d0dd1a1-f1a3-442a-a4c3-55a37b480306","grc","1","0","0","59"
"https://app.marqly.com/s/5d0dd1a1-f1a3-442a-a4c3-55a37b480306","pol","1","0","0","51"
"https://app.marqly.com/s/5d0dd1a1-f1a3-442a-a4c3-55a37b480306","sgp","303","0","0","58.801980198019805"
"https://app.marqly.com/s/5d0dd1a1-f1a3-442a-a4c3-55a37b480306","vnm","1","0","0","42"
"https://app.marqly.com/s/5e7f7a59-7dc8-4bc7-89e9-e100769a004d","gbr","7","0","0","11.571428571428571"
"https://app.marqly.com/s/5e7f7a59-7dc8-4bc7-89e9-e100769a004d","prt","1","0","0","9"
"https://app.marqly.com/s/5e7f7a59-7dc8-4bc7-89e9-e100769a004d","rou","1","0","0","5"
"https://app.marqly.com/s/5e7f7a59-7dc8-4bc7-89e9-e100769a004d","usa","1","0","0","20"
"https://app.marqly.com/s/5ef128ba-79aa-493d-aff2-7a1ee7ea913c","phl","2","0","0","39.5"
"https://app.marqly.com/s/691bb042-7db3-4d0b-bcae-842bb2db6f35","isr","1","0","0","5"
"https://app.marqly.com/s/7mgYYhs","irl","1","0","0","62"
"https://app.marqly.com/s/87e508a2-ef5e-4034-9635-c0d37f475bca","are","2","0","0","86"
"https://app.marqly.com/s/87e508a2-ef5e-4034-9635-c0d37f475bca","fra","3","0","0","41"
"https://app.marqly.com/s/87e508a2-ef5e-4034-9635-c0d37f475bca","gbr","2","0","0","17.5"
"https://app.marqly.com/s/87e508a2-ef5e-4034-9635-c0d37f475bca","hkg","1","0","0","11"
"https://app.marqly.com/s/87e508a2-ef5e-4034-9635-c0d37f475bca","lbn","1","0","0","7"
"https://app.marqly.com/s/87e508a2-ef5e-4034-9635-c0d37f475bca","usa","18","0","0","33.111111111111114"
"https://app.marqly.com/s/87e508a2-ef5e-4034-9635-c0d37f475bca","vnm","1","0","0","34"
"https://app.marqly.com/s/88a7e85e-f37a-40d6-95f7-596cf62c9e88","aus","1","0","0","72"
"https://app.marqly.com/s/9fb29861-2f62-46d0-aa3c-e7cebd83a251","can","3","0","0","53"
"https://app.marqly.com/s/9fb29861-2f62-46d0-aa3c-e7cebd83a251","usa","46","0","0","45.58695652173913"
"https://app.marqly.com/s/a04503ba-b354-434c-ae28-70782bda83a8","are","34","0","0","32.11764705882353"
"https://app.marqly.com/s/a04503ba-b354-434c-ae28-70782bda83a8","arg","1","0","0","22"
"https://app.marqly.com/s/a04503ba-b354-434c-ae28-70782bda83a8","aus","441","0","0","32.59863945578231"
"https://app.marqly.com/s/a04503ba-b354-434c-ae28-70782bda83a8","can","3","0","0","20"
"https://app.marqly.com/s/a04503ba-b354-434c-ae28-70782bda83a8","chl","3","0","0","13"
"https://app.marqly.com/s/a04503ba-b354-434c-ae28-70782bda83a8","fin","1","0","0","35"
"https://app.marqly.com/s/a04503ba-b354-434c-ae28-70782bda83a8","fra","1","0","0","40"
"https://app.marqly.com/s/a04503ba-b354-434c-ae28-70782bda83a8","gbr","3","0","0","26.666666666666668"
"https://app.marqly.com/s/a04503ba-b354-434c-ae28-70782bda83a8","idn","4","0","0","22.75"
"https://app.marqly.com/s/a04503ba-b354-434c-ae28-70782bda83a8","ind","13","0","0","36.76923076923077"
"https://app.marqly.com/s/a04503ba-b354-434c-ae28-70782bda83a8","isr","3","0","0","16"
"https://app.marqly.com/s/a04503ba-b354-434c-ae28-70782bda83a8","jor","1","0","0","46"
"https://app.marqly.com/s/a04503ba-b354-434c-ae28-70782bda83a8","lbn","1","0","0","10"
"https://app.marqly.com/s/a04503ba-b354-434c-ae28-70782bda83a8","mar","1","0","0","40"
"https://app.marqly.com/s/a04503ba-b354-434c-ae28-70782bda83a8","pak","43","0","0","44.093023255813954"
"https://app.marqly.com/s/a04503ba-b354-434c-ae28-70782bda83a8","phl","7","0","0","15"
"https://app.marqly.com/s/a04503ba-b354-434c-ae28-70782bda83a8","pol","1","0","0","8"
"https://app.marqly.com/s/a04503ba-b354-434c-ae28-70782bda83a8","sau","59","0","0","33.71186440677966"
"https://app.marqly.com/s/a04503ba-b354-434c-ae28-70782bda83a8","sgp","52","0","0","44.17307692307692"
"https://app.marqly.com/s/a04503ba-b354-434c-ae28-70782bda83a8","tha","1","0","0","10"
"https://app.marqly.com/s/a04503ba-b354-434c-ae28-70782bda83a8","usa","10","0","0","21"
"https://app.marqly.com/s/a0ad6c38-3350-4a16-a209-b301c111ddde","pak","1","0","0","37"
"https://app.marqly.com/s/a9301271-da75-48d9-81f7-572c619d0d33","fra","1","0","0","24"
"https://app.marqly.com/s/a9301271-da75-48d9-81f7-572c619d0d33","mar","1","0","0","14"
"https://app.marqly.com/s/a9301271-da75-48d9-81f7-572c619d0d33","usa","6","0","0","16.166666666666664"
"https://app.marqly.com/s/a9a36e8e-e8bd-4a89-8acd-93492b2ad387","can","9","0","0","42.55555555555556"
"https://app.marqly.com/s/a9a36e8e-e8bd-4a89-8acd-93492b2ad387","usa","1","0","0","26"
"https://app.marqly.com/s/a9fe6174-9011-4ac1-ab20-e2e3aab17537","deu","1","0","0","14"
"https://app.marqly.com/s/a9fe6174-9011-4ac1-ab20-e2e3aab17537","gbr","2","0","0","15.5"
"https://app.marqly.com/s/a9fe6174-9011-4ac1-ab20-e2e3aab17537","usa","17","0","0","25.41176470588235"
"https://app.marqly.com/s/b05e793d-a2d9-48cd-ba07-c0a13c41ad19","bgd","5","0","0","2"
"https://app.marqly.com/s/b05e793d-a2d9-48cd-ba07-c0a13c41ad19","fra","1","0","0","1"
"https://app.marqly.com/s/babf3567-4f15-4859-b166-f7fea4fbfa19","aus","2","0","0","11"
"https://app.marqly.com/s/be4a0feb-771a-41e5-92fd-b16399e32c73","usa","3","0","0","18.333333333333332"
"https://app.marqly.com/s/d13c7b01-93ee-46de-a585-51e1e8279c6f","ind","1","0","0","34"
"https://app.marqly.com/s/d1c7df0c-d3c9-4a34-a8ef-0be3d0dc38e8","ukr","1","0","0","46"
"https://app.marqly.com/s/d2bba27c-5da9-4326-ba3b-ee6db85f9de0","ind","1","0","0","70"
"https://app.marqly.com/s/d2bba27c-5da9-4326-ba3b-ee6db85f9de0","sgp","826","0","0","33.569007263922515"
"https://app.marqly.com/s/dQ34T6L","mex","1","0","0","66"
"https://app.marqly.com/s/dc750928-a761-4c15-969c-239cd2770076","mex","1","0","0","53"
"https://app.marqly.com/s/dc750928-a761-4c15-969c-239cd2770076","sgp","22","0","0","25.454545454545453"
"https://app.marqly.com/s/dc750928-a761-4c15-969c-239cd2770076","usa","2","0","0","7"
"https://app.marqly.com/s/dcce1c77-5d2b-4e43-be69-478b3a4a221d","usa","1","0","0","10"
"https://app.marqly.com/s/f3a2da46-7121-406d-9de3-922192ab4c25","usa","14","0","0","43.857142857142854"
"https://app.marqly.com/s/fc8a3c73-468a-449a-a6ca-102819cbdc02","isr","1","0","0","21"
"https://app.marqly.com/s/ffebf98e-1810-4456-a662-41e8a4c7ae18","vnm","6","0","0","12.333333333333334"
"https://app.marqly.com/signin","fra","1","0","0","5"
"https://app.marqly.com/signin","ind","1","0","0","100"
"https://app.marqly.com/signin","usa","20","0","0","1"
"https://app.marqly.com/signup","esp","2","0","0","1"
"https://app.marqly.com/signup","gbr","1","0","0","1"
"https://app.marqly.com/signup","jpn","1","0","0","10"
"https://app.marqly.com/signup","pol","1","0","0","1"
"https://app.marqly.com/signup","usa","8","0","0","1"
"https://help.marqly.com/","are","1","0","0","1"
"https://help.marqly.com/","bgd","1","0","0","6"
"https://help.marqly.com/","deu","1","0","0","11"
"https://help.marqly.com/","irl","3","0","0","10.666666666666666"
"https://help.marqly.com/","jpn","1","0","0","9"
"https://help.marqly.com/","kaz","1","0","0","3"
"https://help.marqly.com/","kor","1","0","0","1"
"https://help.marqly.com/","zaf","4","0","0","7.75"
"https://help.marqly.com/account/export-data","rus","1","0","0","70"
"https://help.marqly.com/account/export-data","usa","24","0","0","72.91666666666667"
"https://help.marqly.com/account/export-data/","bra","1","0","0","61"
"https://help.marqly.com/account/export-data/","usa","10","0","0","62.8"
"https://help.marqly.com/ai-features/overview","ind","3","0","0","1"
"https://help.marqly.com/ai-features/overview","usa","2","0","0","1"
"https://help.marqly.com/ai-features/smart-board-selection","usa","1","0","0","1"
"https://help.marqly.com/billing/pricing-plans","esp","2","0","0","1"
"https://help.marqly.com/billing/pricing-plans","nga","1","0","0","1"
"https://help.marqly.com/billing/pricing-plans","usa","1","0","0","1"
"https://help.marqly.com/billing/pricing-plans/","moz","2","0","0","1"
"https://help.marqly.com/billing/pricing-plans/","pol","1","0","0","1"
"https://help.marqly.com/billing/pricing-plans/","usa","2","0","0","1"
"https://help.marqly.com/browser-extension/overview","bra","1","0","0","1"
"https://help.marqly.com/browser-extension/overview","deu","1","0","0","1"
"https://help.marqly.com/browser-extension/overview","eth","1","0","0","1"
"https://help.marqly.com/browser-extension/overview","usa","1","0","0","1"
"https://help.marqly.com/browser-extension/overview/","deu","2","0","0","1"
"https://help.marqly.com/browser-extension/overview/","idn","1","0","0","1"
"https://help.marqly.com/browser-extension/overview/","jpn","1","0","0","1"
"https://help.marqly.com/browser-extension/overview/","kaz","3","0","0","1"
"https://help.marqly.com/getting-started/quick-start/","arm","2","0","0","1"
"https://help.marqly.com/getting-started/quick-start/","gbr","1","0","0","1"
"https://help.marqly.com/getting-started/quick-start/","ind","3","0","0","1"
"https://help.marqly.com/getting-started/quick-start/","moz","2","0","0","1"
"https://help.marqly.com/getting-started/quick-start/","usa","5","0","0","1"
"https://help.marqly.com/tags/create-manage-tags/","usa","3","0","0","66.66666666666667"
"https://marqly.com/","arg","1","0","0","2"
"https://marqly.com/","aus","1","0","0","1"
"https://marqly.com/","aut","1","0","0","1"
"https://marqly.com/","can","2","0","0","5.5"
"https://marqly.com/","deu","6","0","0","4.833333333333334"
"https://marqly.com/","fra","2","0","0","6"
"https://marqly.com/","gbr","4","0","0","4.5"
"https://marqly.com/","grc","1","0","0","2"
"https://marqly.com/","hkg","1","0","0","2"
"https://marqly.com/","hun","1","0","0","1"
"https://marqly.com/","ind","2","0","0","1"
"https://marqly.com/","ita","2","0","0","1"
"https://marqly.com/","jpn","4","0","0","2.5"
"https://marqly.com/","ken","1","0","0","1"
"https://marqly.com/","mex","1","0","0","9"
"https://marqly.com/","mys","1","0","0","1"
"https://marqly.com/","nzl","2","0","0","1"
"https://marqly.com/","phl","1","0","0","1"
"https://marqly.com/","pol","1","0","0","1"
"https://marqly.com/","prt","1","0","0","3"
"https://marqly.com/","rus","1","0","0","4"
"https://marqly.com/","sgp","2","0","0","1.5"
"https://marqly.com/","swe","1","0","0","1"
"https://marqly.com/","tur","2","0","0","1.5"
"https://marqly.com/","usa","11","0","0","4.727272727272727"
"https://marqly.com/?ref=extpublic.com","ind","2","0","0","1"
"https://marqly.com/?ref=extpublic.com","usa","6","0","0","1.3333333333333333"
"https://marqly.com/alternatives/raindrop","bra","1","0","0","3"
"https://marqly.com/compare/linkwarden-vs-karakeep","mys","1","0","0","2"
"https://www.marqly.com/","alb","1","0","0","1"
"https://www.marqly.com/","ben","1","0","0","10"
"https://www.marqly.com/","bhr","3","0","0","3"
"https://www.marqly.com/","blz","1","0","0","6"
"https://www.marqly.com/","cod","1","0","0","9"
"https://www.marqly.com/","dom","4","0","0","26"
"https://www.marqly.com/","est","18","0","0","5.722222222222222"
"https://www.marqly.com/","eth","6","0","0","1"
"https://www.marqly.com/","gha","4","0","0","1"
"https://www.marqly.com/","hnd","2","0","0","10"
"https://www.marqly.com/","jam","2","0","0","5.5"
"https://www.marqly.com/","jor","8","0","0","17.875"
"https://www.marqly.com/","kna","1","0","0","3"
"https://www.marqly.com/","lao","3","0","0","5"
"https://www.marqly.com/","lbn","6","0","0","4.5"
"https://www.marqly.com/","lby","1","0","0","1"
"https://www.marqly.com/","mac","6","0","0","5.666666666666667"
"https://www.marqly.com/","mda","2","0","0","4.5"
"https://www.marqly.com/","mdg","1","0","0","7"
"https://www.marqly.com/","mkd","1","0","0","1"
"https://www.marqly.com/","mlt","1","0","0","4"
"https://www.marqly.com/","nam","1","0","0","10"
"https://www.marqly.com/","nor","12","0","0","23.5"
"https://www.marqly.com/","omn","2","0","0","20.5"
"https://www.marqly.com/","pan","1","0","0","2"
"https://www.marqly.com/","pry","1","0","0","7"
"https://www.marqly.com/","rwa","1","0","0","10"
"https://www.marqly.com/","sen","1","0","0","5"
"https://www.marqly.com/","slv","3","0","0","29.333333333333332"
"https://www.marqly.com/","tkm","2","0","0","4"
"https://www.marqly.com/","tto","2","0","0","1"
"https://www.marqly.com/","tza","1","0","0","1"
"https://www.marqly.com/","uga","6","0","0","8.5"
"https://www.marqly.com/","uzb","1","0","0","3"
"https://www.marqly.com/","ven","4","0","0","3"
"https://www.marqly.com/","yem","4","0","0","6"
"https://www.marqly.com/","zmb","2","0","0","1"
"https://www.marqly.com/Extension","alb","1","0","0","1"
"https://www.marqly.com/Extension","are","66","0","0","1.0757575757575757"
"https://www.marqly.com/Extension","arg","18","0","0","13.666666666666666"
"https://www.marqly.com/Extension","aus","44","0","0","4.545454545454545"
"https://www.marqly.com/Extension","aut","8","0","0","2"
"https://www.marqly.com/Extension","aze","3","0","0","1"
"https://www.marqly.com/Extension","bel","10","0","0","1"
"https://www.marqly.com/Extension","bgd","69","0","0","2.6521739130434785"
"https://www.marqly.com/Extension","bgr","3","0","0","1"
"https://www.marqly.com/Extension","bih","1","0","0","1"
"https://www.marqly.com/Extension","blr","4","0","0","10"
"https://www.marqly.com/Extension","bol","2","0","0","34.5"
"https://www.marqly.com/Extension","bra","73","0","0","8.520547945205479"
"https://www.marqly.com/Extension","brb","3","0","0","25.333333333333332"
"https://www.marqly.com/Extension","bwa","1","0","0","1"
"https://www.marqly.com/Extension","can","67","0","0","9.835820895522389"
"https://www.marqly.com/Extension","che","19","0","0","1.8421052631578947"
"https://www.marqly.com/Extension","chl","3","0","0","29"
"https://www.marqly.com/Extension","chn","9","0","0","1"
"https://www.marqly.com/Extension","civ","1","0","0","19"
"https://www.marqly.com/Extension","col","12","0","0","21.75"
"https://www.marqly.com/Extension","cri","4","0","0","1"
"https://www.marqly.com/Extension","cyp","4","0","0","37.5"
"https://www.marqly.com/Extension","cze","14","0","0","1"
"https://www.marqly.com/Extension","deu","110","0","0","13.563636363636364"
"https://www.marqly.com/Extension","dnk","16","0","0","6.875"
"https://www.marqly.com/Extension","dom","2","0","0","1"
"https://www.marqly.com/Extension","dza","6","0","0","12"
"https://www.marqly.com/Extension","ecu","10","0","0","14.8"
"https://www.marqly.com/Extension","egy","19","0","0","7.105263157894737"
"https://www.marqly.com/Extension","esp","63","0","0","14.253968253968255"
"https://www.marqly.com/Extension","est","2","0","0","1"
"https://www.marqly.com/Extension","eth","3","0","0","1"
"https://www.marqly.com/Extension","fin","7","0","0","1"
"https://www.marqly.com/Extension","fra","53","0","0","5.339622641509434"
"https://www.marqly.com/Extension","gbr","79","0","0","15.962025316455696"
"https://www.marqly.com/Extension","geo","6","0","0","1"
"https://www.marqly.com/Extension","glp","1","0","0","1"
"https://www.marqly.com/Extension","grc","14","0","0","1"
"https://www.marqly.com/Extension","gtm","3","0","0","1"
"https://www.marqly.com/Extension","hkg","15","0","0","3.1333333333333333"
"https://www.marqly.com/Extension","hnd","1","0","0","48"
"https://www.marqly.com/Extension","hrv","9","0","0","6"
"https://www.marqly.com/Extension","hun","8","0","0","7.25"
"https://www.marqly.com/Extension","idn","14","0","0","5.214285714285714"
"https://www.marqly.com/Extension","ind","207","0","0","4.487922705314009"
"https://www.marqly.com/Extension","irl","3","0","0","1"
"https://www.marqly.com/Extension","irn","2","0","0","1"
"https://www.marqly.com/Extension","irq","3","0","0","1"
"https://www.marqly.com/Extension","isl","11","0","0","1"
"https://www.marqly.com/Extension","isr","23","0","0","28"
"https://www.marqly.com/Extension","ita","55","0","0","16.69090909090909"
"https://www.marqly.com/Extension","jor","3","0","0","1"
"https://www.marqly.com/Extension","kaz","13","0","0","14"
"https://www.marqly.com/Extension","ken","2","0","0","1.5"
"https://www.marqly.com/Extension","khm","1","0","0","1"
"https://www.marqly.com/Extension","kor","32","0","0","1.03125"
"https://www.marqly.com/Extension","kwt","3","0","0","1"
"https://www.marqly.com/Extension","lbr","1","0","0","1"
"https://www.marqly.com/Extension","lka","15","0","0","1"
"https://www.marqly.com/Extension","ltu","4","0","0","1"
"https://www.marqly.com/Extension","lux","3","0","0","1"
"https://www.marqly.com/Extension","lva","3","0","0","1"
"https://www.marqly.com/Extension","mar","20","0","0","3.75"
"https://www.marqly.com/Extension","mex","24","0","0","6.958333333333333"
"https://www.marqly.com/Extension","mmr","1","0","0","1"
"https://www.marqly.com/Extension","moz","96","0","0","1.21875"
"https://www.marqly.com/Extension","mys","6","0","0","1.3333333333333333"
"https://www.marqly.com/Extension","nga","5","0","0","1.4"
"https://www.marqly.com/Extension","nor","1","0","0","55"
"https://www.marqly.com/Extension","npl","7","0","0","1"
"https://www.marqly.com/Extension","nzl","11","0","0","13.272727272727273"
"https://www.marqly.com/Extension","pak","25","0","0","1.12"
"https://www.marqly.com/Extension","pan","1","0","0","28"
"https://www.marqly.com/Extension","per","11","0","0","9.363636363636363"
"https://www.marqly.com/Extension","phl","22","0","0","9.636363636363637"
"https://www.marqly.com/Extension","pol","28","0","0","10"
"https://www.marqly.com/Extension","pri","3","0","0","1"
"https://www.marqly.com/Extension","prt","22","0","0","1.0454545454545454"
"https://www.marqly.com/Extension","qat","3","0","0","1.6666666666666665"
"https://www.marqly.com/Extension","rou","10","0","0","15.4"
"https://www.marqly.com/Extension","rus","29","0","0","20.17241379310345"
"https://www.marqly.com/Extension","sau","14","0","0","12.428571428571429"
"https://www.marqly.com/Extension","sgp","21","0","0","2.0476190476190474"
"https://www.marqly.com/Extension","srb","5","0","0","1"
"https://www.marqly.com/Extension","svk","4","0","0","1"
"https://www.marqly.com/Extension","svn","1","0","0","1"
"https://www.marqly.com/Extension","swe","19","0","0","1.736842105263158"
"https://www.marqly.com/Extension","tha","18","0","0","5.666666666666667"
"https://www.marqly.com/Extension","tkm","1","0","0","7"
"https://www.marqly.com/Extension","tto","1","0","0","1"
"https://www.marqly.com/Extension","tun","2","0","0","17"
"https://www.marqly.com/Extension","tur","27","0","0","14.296296296296296"
"https://www.marqly.com/Extension","twn","12","0","0","12.25"
"https://www.marqly.com/Extension","uga","1","0","0","1"
"https://www.marqly.com/Extension","ukr","31","0","0","8.032258064516128"
"https://www.marqly.com/Extension","ury","1","0","0","1"
"https://www.marqly.com/Extension","ven","1","0","0","62"
"https://www.marqly.com/Extension","vnm","38","0","0","10.078947368421053"
"https://www.marqly.com/Extension","zaf","10","0","0","8.6"
"https://www.marqly.com/Extension","zmb","1","0","0","1"
"https://www.marqly.com/Extension","zwe","1","0","0","1"
"https://www.marqly.com/Pricing","alb","1","0","0","1"
"https://www.marqly.com/Pricing","arg","10","0","0","1"
"https://www.marqly.com/Pricing","aut","5","0","0","1"
"https://www.marqly.com/Pricing","aze","2","0","0","1"
"https://www.marqly.com/Pricing","bel","9","0","0","1.5555555555555556"
"https://www.marqly.com/Pricing","bgd","65","0","0","1.4"
"https://www.marqly.com/Pricing","bgr","2","0","0","1"
"https://www.marqly.com/Pricing","bih","1","0","0","1"
"https://www.marqly.com/Pricing","blr","2","0","0","1"
"https://www.marqly.com/Pricing","brb","1","0","0","1"
"https://www.marqly.com/Pricing","bwa","1","0","0","1"
"https://www.marqly.com/Pricing","che","14","0","0","1"
"https://www.marqly.com/Pricing","chl","1","0","0","1"
"https://www.marqly.com/Pricing","chn","7","0","0","1"
"https://www.marqly.com/Pricing","col","5","0","0","1"
"https://www.marqly.com/Pricing","cri","4","0","0","1"
"https://www.marqly.com/Pricing","cyp","2","0","0","1"
"https://www.marqly.com/Pricing","cze","12","0","0","1"
"https://www.marqly.com/Pricing","deu","107","0","0","1.102803738317757"
"https://www.marqly.com/Pricing","dom","2","0","0","1"
"https://www.marqly.com/Pricing","dza","5","0","0","1"
"https://www.marqly.com/Pricing","ecu","9","0","0","1"
"https://www.marqly.com/Pricing","egy","14","0","0","1"
"https://www.marqly.com/Pricing","esp","28","0","0","1"
"https://www.marqly.com/Pricing","est","2","0","0","1"
"https://www.marqly.com/Pricing","eth","3","0","0","1"
"https://www.marqly.com/Pricing","fin","7","0","0","1"
"https://www.marqly.com/Pricing","gbr","51","0","0","1.0588235294117647"
"https://www.marqly.com/Pricing","geo","25","0","0","1.08"
"https://www.marqly.com/Pricing","gha","2","0","0","1"
"https://www.marqly.com/Pricing","glp","1","0","0","1"
"https://www.marqly.com/Pricing","gtm","3","0","0","1"
"https://www.marqly.com/Pricing","hkg","11","0","0","1"
"https://www.marqly.com/Pricing","hrv","6","0","0","1"
"https://www.marqly.com/Pricing","hun","6","0","0","1"
"https://www.marqly.com/Pricing","idn","11","0","0","2"
"https://www.marqly.com/Pricing","irl","3","0","0","1"
"https://www.marqly.com/Pricing","irn","2","0","0","1"
"https://www.marqly.com/Pricing","irq","3","0","0","1"
"https://www.marqly.com/Pricing","isl","4","0","0","1"
"https://www.marqly.com/Pricing","isr","12","0","0","1"
"https://www.marqly.com/Pricing","ita","26","0","0","1"
"https://www.marqly.com/Pricing","jor","3","0","0","1"
"https://www.marqly.com/Pricing","jpn","25","0","0","1"
"https://www.marqly.com/Pricing","kaz","10","0","0","1"
"https://www.marqly.com/Pricing","ken","2","0","0","1"
"https://www.marqly.com/Pricing","khm","1","0","0","1"
"https://www.marqly.com/Pricing","kor","29","0","0","1"
"https://www.marqly.com/Pricing","kwt","3","0","0","1"
"https://www.marqly.com/Pricing","lby","1","0","0","5"
"https://www.marqly.com/Pricing","lka","15","0","0","1"
"https://www.marqly.com/Pricing","ltu","3","0","0","1"
"https://www.marqly.com/Pricing","lux","2","0","0","1"
"https://www.marqly.com/Pricing","lva","3","0","0","1"
"https://www.marqly.com/Pricing","mar","18","0","0","1"
"https://www.marqly.com/Pricing","mmr","1","0","0","1"
"https://www.marqly.com/Pricing","mne","1","0","0","2"
"https://www.marqly.com/Pricing","moz","137","0","0","1.0364963503649636"
"https://www.marqly.com/Pricing","mys","9","0","0","1"
"https://www.marqly.com/Pricing","nga","4","0","0","1"
"https://www.marqly.com/Pricing","nld","29","0","0","1"
"https://www.marqly.com/Pricing","npl","7","0","0","1"
"https://www.marqly.com/Pricing","nzl","4","0","0","1"
"https://www.marqly.com/Pricing","pak","22","0","0","1"
"https://www.marqly.com/Pricing","per","9","0","0","1"
"https://www.marqly.com/Pricing","phl","18","0","0","1"
"https://www.marqly.com/Pricing","pri","3","0","0","1"
"https://www.marqly.com/Pricing","prt","14","0","0","1"
"https://www.marqly.com/Pricing","qat","2","0","0","1"
"https://www.marqly.com/Pricing","rou","6","0","0","1"
"https://www.marqly.com/Pricing","sau","10","0","0","1"
"https://www.marqly.com/Pricing","svn","1","0","0","1"
"https://www.marqly.com/Pricing","swe","24","0","0","1.625"
"https://www.marqly.com/Pricing","tha","12","0","0","1"
"https://www.marqly.com/Pricing","tkm","1","0","0","2"
"https://www.marqly.com/Pricing","tun","1","0","0","1"
"https://www.marqly.com/Pricing","twn","9","0","0","1"
"https://www.marqly.com/Pricing","uga","1","0","0","1"
"https://www.marqly.com/Pricing","ury","1","0","0","1"
"https://www.marqly.com/Pricing","vnm","25","0","0","1.08"
"https://www.marqly.com/Pricing","zaf","6","0","0","1"
"https://www.marqly.com/Pricing","zmb","1","0","0","1"
"https://www.marqly.com/Pricing","zwe","1","0","0","1"
"https://www.marqly.com/Pricing/","arg","1","0","0","1"
"https://www.marqly.com/Pricing/","aus","3","0","0","1"
"https://www.marqly.com/Pricing/","aut","1","0","0","1"
"https://www.marqly.com/Pricing/","bel","2","0","0","1"
"https://www.marqly.com/Pricing/","bgd","2","0","0","1"
"https://www.marqly.com/Pricing/","bgr","1","0","0","1"
"https://www.marqly.com/Pricing/","bol","1","0","0","1"
"https://www.marqly.com/Pricing/","bra","4","0","0","1"
"https://www.marqly.com/Pricing/","can","2","0","0","1"
"https://www.marqly.com/Pricing/","che","8","0","0","1"
"https://www.marqly.com/Pricing/","chn","3","0","0","1"
"https://www.marqly.com/Pricing/","cze","2","0","0","1"
"https://www.marqly.com/Pricing/","deu","6","0","0","1"
"https://www.marqly.com/Pricing/","dnk","3","0","0","1"
"https://www.marqly.com/Pricing/","egy","2","0","0","1"
"https://www.marqly.com/Pricing/","esp","7","0","0","1"
"https://www.marqly.com/Pricing/","fra","5","0","0","1"
"https://www.marqly.com/Pricing/","gbr","7","0","0","1"
"https://www.marqly.com/Pricing/","grc","2","0","0","1"
"https://www.marqly.com/Pricing/","hrv","1","0","0","1"
"https://www.marqly.com/Pricing/","idn","3","0","0","1"
"https://www.marqly.com/Pricing/","ind","11","0","0","1"
"https://www.marqly.com/Pricing/","irn","1","0","0","1"
"https://www.marqly.com/Pricing/","isl","8","0","0","1"
"https://www.marqly.com/Pricing/","ita","12","0","0","1"
"https://www.marqly.com/Pricing/","jpn","3","0","0","1"
"https://www.marqly.com/Pricing/","kaz","3","0","0","1"
"https://www.marqly.com/Pricing/","kor","1","0","0","1"
"https://www.marqly.com/Pricing/","lbr","1","0","0","1"
"https://www.marqly.com/Pricing/","ltu","1","0","0","1"
"https://www.marqly.com/Pricing/","mex","1","0","0","1"
"https://www.marqly.com/Pricing/","moz","34","0","0","1.2647058823529411"
"https://www.marqly.com/Pricing/","nld","1","0","0","1"
"https://www.marqly.com/Pricing/","nzl","1","0","0","1"
"https://www.marqly.com/Pricing/","pak","4","0","0","1"
"https://www.marqly.com/Pricing/","prt","4","0","0","1"
"https://www.marqly.com/Pricing/","rou","1","0","0","1"
"https://www.marqly.com/Pricing/","rus","2","0","0","1"
"https://www.marqly.com/Pricing/","sau","1","0","0","1"
"https://www.marqly.com/Pricing/","sgp","3","0","0","1"
"https://www.marqly.com/Pricing/","swe","1","0","0","1"
"https://www.marqly.com/Pricing/","tto","1","0","0","1"
"https://www.marqly.com/Pricing/","tur","2","0","0","1"
"https://www.marqly.com/Pricing/","usa","53","0","0","1.169811320754717"
"https://www.marqly.com/Pricing/","vnm","3","0","0","1"
"https://www.marqly.com/Pricing/","zaf","5","0","0","2"
"https://www.marqly.com/T&C","are","22","0","0","1"
"https://www.marqly.com/T&C","arg","5","0","0","1"
"https://www.marqly.com/T&C","aus","14","0","0","1"
"https://www.marqly.com/T&C","aut","4","0","0","1"
"https://www.marqly.com/T&C","bel","2","0","0","1"
"https://www.marqly.com/T&C","bgd","48","0","0","1.2708333333333333"
"https://www.marqly.com/T&C","bgr","2","0","0","1"
"https://www.marqly.com/T&C","blr","2","0","0","1"
"https://www.marqly.com/T&C","bra","15","0","0","1"
"https://www.marqly.com/T&C","brb","1","0","0","1"
"https://www.marqly.com/T&C","can","22","0","0","1"
"https://www.marqly.com/T&C","che","3","0","0","1"
"https://www.marqly.com/T&C","chn","6","0","0","1"
"https://www.marqly.com/T&C","col","1","0","0","1"
"https://www.marqly.com/T&C","cri","1","0","0","1"
"https://www.marqly.com/T&C","cze","5","0","0","1"
"https://www.marqly.com/T&C","deu","39","0","0","1"
"https://www.marqly.com/T&C","dnk","7","0","0","1"
"https://www.marqly.com/T&C","dom","1","0","0","1"
"https://www.marqly.com/T&C","dza","5","0","0","1"
"https://www.marqly.com/T&C","ecu","2","0","0","1"
"https://www.marqly.com/T&C","egy","10","0","0","1"
"https://www.marqly.com/T&C","esp","19","0","0","1"
"https://www.marqly.com/T&C","est","1","0","0","1"
"https://www.marqly.com/T&C","eth","2","0","0","1"
"https://www.marqly.com/T&C","fin","5","0","0","1"
"https://www.marqly.com/T&C","fra","18","0","0","1"
"https://www.marqly.com/T&C","gbr","23","0","0","1.3043478260869565"
"https://www.marqly.com/T&C","geo","5","0","0","1"
"https://www.marqly.com/T&C","grc","5","0","0","1"
"https://www.marqly.com/T&C","gtm","1","0","0","1"
"https://www.marqly.com/T&C","hkg","5","0","0","1"
"https://www.marqly.com/T&C","hrv","2","0","0","1"
"https://www.marqly.com/T&C","hun","6","0","0","1"
"https://www.marqly.com/T&C","idn","4","0","0","1"
"https://www.marqly.com/T&C","ind","48","0","0","1"
"https://www.marqly.com/T&C","irl","2","0","0","1"
"https://www.marqly.com/T&C","irn","1","0","0","1"
"https://www.marqly.com/T&C","irq","2","0","0","1"
"https://www.marqly.com/T&C","isl","3","0","0","1"
"https://www.marqly.com/T&C","isr","6","0","0","1"
"https://www.marqly.com/T&C","ita","14","0","0","1"
"https://www.marqly.com/T&C","jor","3","0","0","1"
"https://www.marqly.com/T&C","jpn","11","0","0","1"
"https://www.marqly.com/T&C","kaz","9","0","0","1"
"https://www.marqly.com/T&C","khm","1","0","0","1"
"https://www.marqly.com/T&C","kor","22","0","0","1"
"https://www.marqly.com/T&C","kwt","2","0","0","1"
"https://www.marqly.com/T&C","ltu","2","0","0","1"
"https://www.marqly.com/T&C","lva","1","0","0","1"
"https://www.marqly.com/T&C","mar","3","0","0","1"
"https://www.marqly.com/T&C","mda","1","0","0","20"
"https://www.marqly.com/T&C","mex","9","0","0","1"
"https://www.marqly.com/T&C","moz","66","0","0","1"
"https://www.marqly.com/T&C","mys","3","0","0","1"
"https://www.marqly.com/T&C","nga","3","0","0","1"
"https://www.marqly.com/T&C","nld","13","0","0","1.5384615384615383"
"https://www.marqly.com/T&C","npl","2","0","0","1"
"https://www.marqly.com/T&C","nzl","1","0","0","1"
"https://www.marqly.com/T&C","pak","3","0","0","1"
"https://www.marqly.com/T&C","per","6","0","0","1"
"https://www.marqly.com/T&C","phl","12","0","0","1"
"https://www.marqly.com/T&C","pol","16","0","0","1"
"https://www.marqly.com/T&C","pri","1","0","0","1"
"https://www.marqly.com/T&C","prt","10","0","0","1"
"https://www.marqly.com/T&C","qat","1","0","0","1"
"https://www.marqly.com/T&C","rou","6","0","0","1"
"https://www.marqly.com/T&C","rus","7","0","0","1"
"https://www.marqly.com/T&C","sau","7","0","0","1"
"https://www.marqly.com/T&C","sgp","9","0","0","1"
"https://www.marqly.com/T&C","srb","1","0","0","9"
"https://www.marqly.com/T&C","svk","2","0","0","1"
"https://www.marqly.com/T&C","svn","1","0","0","1"
"https://www.marqly.com/T&C","swe","8","0","0","1"
"https://www.marqly.com/T&C","tha","2","0","0","1"
"https://www.marqly.com/T&C","tur","13","0","0","1"
"https://www.marqly.com/T&C","twn","3","0","0","1"
"https://www.marqly.com/T&C","uga","1","0","0","1"
"https://www.marqly.com/T&C","ukr","19","0","0","1"
"https://www.marqly.com/T&C","ury","1","0","0","1"
"https://www.marqly.com/T&C","usa","82","0","0","1.1219512195121952"
"https://www.marqly.com/T&C","vnm","13","0","0","1"
"https://www.marqly.com/T&C","zaf","2","0","0","1"
"https://www.marqly.com/alternatives","aus","12","0","0","46.166666666666664"
"https://www.marqly.com/alternatives","aut","2","0","0","20"
"https://www.marqly.com/alternatives","bel","1","0","0","8"
"https://www.marqly.com/alternatives","ben","1","0","0","27"
"https://www.marqly.com/alternatives","bgd","1","0","0","70"
"https://www.marqly.com/alternatives","bra","2","0","0","24"
"https://www.marqly.com/alternatives","can","1","0","0","47"
"https://www.marqly.com/alternatives","che","2","0","0","9.5"
"https://www.marqly.com/alternatives","deu","12","0","0","24.75"
"https://www.marqly.com/alternatives","egy","1","0","0","6"
"https://www.marqly.com/alternatives","esp","164","0","0","32.52439024390244"
"https://www.marqly.com/alternatives","est","1","0","0","57"
"https://www.marqly.com/alternatives","fin","2","0","0","13"
"https://www.marqly.com/alternatives","fra","4","0","0","43.5"
"https://www.marqly.com/alternatives","gbr","13","0","0","36.61538461538461"
"https://www.marqly.com/alternatives","hun","1","0","0","10"
"https://www.marqly.com/alternatives","idn","3","0","0","42.666666666666664"
"https://www.marqly.com/alternatives","ind","8","0","0","37.375"
"https://www.marqly.com/alternatives","mng","1","0","0","10"
"https://www.marqly.com/alternatives","nor","1","0","0","64"
"https://www.marqly.com/alternatives","pak","2","0","0","17.5"
"https://www.marqly.com/alternatives","phl","6","0","0","57.666666666666664"
"https://www.marqly.com/alternatives","pol","2","0","0","14.5"
"https://www.marqly.com/alternatives","prt","1","0","0","7"
"https://www.marqly.com/alternatives","rou","1","0","0","8"
"https://www.marqly.com/alternatives","rus","1","0","0","64"
"https://www.marqly.com/alternatives","tun","1","0","0","61"
"https://www.marqly.com/alternatives","tur","2","0","0","60"
"https://www.marqly.com/alternatives","usa","904","0","0","45.27654867256637"
"https://www.marqly.com/alternatives","vnm","1","0","0","63"
"https://www.marqly.com/alternatives/anybox","are","1","0","0","9"
"https://www.marqly.com/alternatives/anybox","aus","1","0","0","8"
"https://www.marqly.com/alternatives/anybox","bra","1","0","0","11"
"https://www.marqly.com/alternatives/anybox","can","4","0","0","5"
"https://www.marqly.com/alternatives/anybox","che","3","0","0","3.3333333333333335"
"https://www.marqly.com/alternatives/anybox","dnk","2","0","0","5.5"
"https://www.marqly.com/alternatives/anybox","egy","1","0","0","2"
"https://www.marqly.com/alternatives/anybox","esp","3","0","0","6"
"https://www.marqly.com/alternatives/anybox","fin","5","0","0","10.8"
"https://www.marqly.com/alternatives/anybox","fra","3","0","0","46.333333333333336"
"https://www.marqly.com/alternatives/anybox","grc","1","0","0","3"
"https://www.marqly.com/alternatives/anybox","ind","3","0","0","21"
"https://www.marqly.com/alternatives/anybox","isr","4","0","0","9"
"https://www.marqly.com/alternatives/anybox","jpn","2","0","0","1.5"
"https://www.marqly.com/alternatives/anybox","kaz","1","0","0","9"
"https://www.marqly.com/alternatives/anybox","lka","1","0","0","10"
"https://www.marqly.com/alternatives/anybox","phl","1","0","0","8"
"https://www.marqly.com/alternatives/anybox","prt","1","0","0","1"
"https://www.marqly.com/alternatives/anybox","rus","4","0","0","13.25"
"https://www.marqly.com/alternatives/anybox","sgp","1","0","0","8"
"https://www.marqly.com/alternatives/anybox","swe","59","0","0","8.796610169491526"
"https://www.marqly.com/alternatives/anybox","tur","4","0","0","9"
"https://www.marqly.com/alternatives/anybox","twn","1","0","0","25"
"https://www.marqly.com/alternatives/anybox","usa","110","0","0","36.6"
"https://www.marqly.com/alternatives/diigo","are","1","0","0","7"
"https://www.marqly.com/alternatives/diigo","bra","1","0","0","7"
"https://www.marqly.com/alternatives/diigo","can","4","0","0","11.5"
"https://www.marqly.com/alternatives/diigo","cmr","1","0","0","4"
"https://www.marqly.com/alternatives/diigo","cri","1","0","0","3"
"https://www.marqly.com/alternatives/diigo","cze","2","0","0","5.5"
"https://www.marqly.com/alternatives/diigo","deu","1","0","0","14"
"https://www.marqly.com/alternatives/diigo","dnk","2","0","0","5"
"https://www.marqly.com/alternatives/diigo","dza","1","0","0","3"
"https://www.marqly.com/alternatives/diigo","egy","70","0","0","3.5428571428571427"
"https://www.marqly.com/alternatives/diigo","fra","1","0","0","4"
"https://www.marqly.com/alternatives/diigo","gbr","4","0","0","20.5"
"https://www.marqly.com/alternatives/diigo","grc","2","0","0","35.5"
"https://www.marqly.com/alternatives/diigo","idn","1","0","0","10"
"https://www.marqly.com/alternatives/diigo","ind","2","0","0","4.5"
"https://www.marqly.com/alternatives/diigo","ita","3","0","0","12.666666666666666"
"https://www.marqly.com/alternatives/diigo","jor","2","0","0","3"
"https://www.marqly.com/alternatives/diigo","ken","1","0","0","1"
"https://www.marqly.com/alternatives/diigo","lby","1","0","0","11"
"https://www.marqly.com/alternatives/diigo","mar","1","0","0","34"
"https://www.marqly.com/alternatives/diigo","nld","1","0","0","1"
"https://www.marqly.com/alternatives/diigo","per","1","0","0","3"
"https://www.marqly.com/alternatives/diigo","phl","4","0","0","5.5"
"https://www.marqly.com/alternatives/diigo","pol","1","0","0","36"
"https://www.marqly.com/alternatives/diigo","rus","6","0","0","10.833333333333334"
"https://www.marqly.com/alternatives/diigo","ukr","1","0","0","16"
"https://www.marqly.com/alternatives/diigo","vnm","2","0","0","34.5"
"https://www.marqly.com/alternatives/evernote-web-clipper","aus","4","0","0","15.25"
"https://www.marqly.com/alternatives/evernote-web-clipper","can","21","0","0","20.80952380952381"
"https://www.marqly.com/alternatives/evernote-web-clipper","chn","2","0","0","4.5"
"https://www.marqly.com/alternatives/evernote-web-clipper","cze","2","0","0","17.5"
"https://www.marqly.com/alternatives/evernote-web-clipper","deu","4","0","0","7.25"
"https://www.marqly.com/alternatives/evernote-web-clipper","ecu","1","0","0","26"
"https://www.marqly.com/alternatives/evernote-web-clipper","fra","1","0","0","15"
"https://www.marqly.com/alternatives/evernote-web-clipper","gbr","6","0","0","13"
"https://www.marqly.com/alternatives/evernote-web-clipper","idn","12","0","0","1"
"https://www.marqly.com/alternatives/evernote-web-clipper","ind","10","0","0","19.6"
"https://www.marqly.com/alternatives/evernote-web-clipper","irl","1","0","0","18"
"https://www.marqly.com/alternatives/evernote-web-clipper","isl","1","0","0","9"
"https://www.marqly.com/alternatives/evernote-web-clipper","ita","1","0","0","20"
"https://www.marqly.com/alternatives/evernote-web-clipper","jpn","1","0","0","3"
"https://www.marqly.com/alternatives/evernote-web-clipper","kor","1","0","0","3"
"https://www.marqly.com/alternatives/evernote-web-clipper","mex","2","0","0","12"
"https://www.marqly.com/alternatives/evernote-web-clipper","mys","1","0","0","18"
"https://www.marqly.com/alternatives/evernote-web-clipper","nld","1","0","0","19"
"https://www.marqly.com/alternatives/evernote-web-clipper","npl","1","0","0","17"
"https://www.marqly.com/alternatives/evernote-web-clipper","nzl","1","0","0","20"
"https://www.marqly.com/alternatives/evernote-web-clipper","phl","2","0","0","13"
"https://www.marqly.com/alternatives/evernote-web-clipper","qat","1","0","0","11"
"https://www.marqly.com/alternatives/evernote-web-clipper","rus","1","0","0","16"
"https://www.marqly.com/alternatives/evernote-web-clipper","swe","3","0","0","4.666666666666666"
"https://www.marqly.com/alternatives/evernote-web-clipper","usa","118","0","0","23.661016949152543"
"https://www.marqly.com/alternatives/glasp","aus","1","0","0","7"
"https://www.marqly.com/alternatives/glasp","bgd","1","0","0","6"
"https://www.marqly.com/alternatives/glasp","can","1","0","0","7"
"https://www.marqly.com/alternatives/glasp","chn","1","0","0","9"
"https://www.marqly.com/alternatives/glasp","deu","1","0","0","1"
"https://www.marqly.com/alternatives/glasp","gbr","2","0","0","11.5"
"https://www.marqly.com/alternatives/glasp","grc","1","0","0","10"
"https://www.marqly.com/alternatives/glasp","hkg","1","0","0","6"
"https://www.marqly.com/alternatives/glasp","idn","1","0","0","1"
"https://www.marqly.com/alternatives/glasp","ind","2","0","0","17"
"https://www.marqly.com/alternatives/glasp","ita","1","0","0","25"
"https://www.marqly.com/alternatives/glasp","jpn","2","0","0","2.5"
"https://www.marqly.com/alternatives/glasp","lka","1","0","0","1"
"https://www.marqly.com/alternatives/glasp","nld","1","0","0","11"
"https://www.marqly.com/alternatives/glasp","phl","1","0","0","16"
"https://www.marqly.com/alternatives/glasp","rou","1","0","0","17"
"https://www.marqly.com/alternatives/glasp","sau","1","0","0","26"
"https://www.marqly.com/alternatives/glasp","sgp","2","0","0","5"
"https://www.marqly.com/alternatives/glasp","tha","1","0","0","34"
"https://www.marqly.com/alternatives/glasp","usa","13","0","0","10.23076923076923"
"https://www.marqly.com/alternatives/glasp","vnm","1","0","0","34"
"https://www.marqly.com/alternatives/goodlinks","arg","1","0","0","16"
"https://www.marqly.com/alternatives/goodlinks","aus","6","0","0","14.333333333333334"
"https://www.marqly.com/alternatives/goodlinks","aut","1","0","0","5"
"https://www.marqly.com/alternatives/goodlinks","bel","2","0","0","6"
"https://www.marqly.com/alternatives/goodlinks","bra","5","0","0","6"
"https://www.marqly.com/alternatives/goodlinks","can","4","0","0","21.5"
"https://www.marqly.com/alternatives/goodlinks","che","2","0","0","5"
"https://www.marqly.com/alternatives/goodlinks","chl","2","0","0","16.5"
"https://www.marqly.com/alternatives/goodlinks","deu","10","0","0","11.9"
"https://www.marqly.com/alternatives/goodlinks","egy","1","0","0","9"
"https://www.marqly.com/alternatives/goodlinks","esp","5","0","0","9.6"
"https://www.marqly.com/alternatives/goodlinks","fra","3","0","0","8.333333333333332"
"https://www.marqly.com/alternatives/goodlinks","gbr","27","0","0","15.222222222222221"
"https://www.marqly.com/alternatives/goodlinks","hkg","2","0","0","16"
"https://www.marqly.com/alternatives/goodlinks","hrv","1","0","0","2"
"https://www.marqly.com/alternatives/goodlinks","ind","10","0","0","20"
"https://www.marqly.com/alternatives/goodlinks","irl","1","0","0","9"
"https://www.marqly.com/alternatives/goodlinks","isr","1","0","0","6"
"https://www.marqly.com/alternatives/goodlinks","ita","2","0","0","22.5"
"https://www.marqly.com/alternatives/goodlinks","jpn","2","0","0","5.5"
"https://www.marqly.com/alternatives/goodlinks","mar","1","0","0","17"
"https://www.marqly.com/alternatives/goodlinks","mex","2","0","0","10"
"https://www.marqly.com/alternatives/goodlinks","nga","1","0","0","25"
"https://www.marqly.com/alternatives/goodlinks","nld","4","0","0","6.75"
"https://www.marqly.com/alternatives/goodlinks","nzl","2","0","0","6.5"
"https://www.marqly.com/alternatives/goodlinks","pak","1","0","0","10"
"https://www.marqly.com/alternatives/goodlinks","per","1","0","0","10"
"https://www.marqly.com/alternatives/goodlinks","phl","4","0","0","7.5"
"https://www.marqly.com/alternatives/goodlinks","sau","1","0","0","9"
"https://www.marqly.com/alternatives/goodlinks","svk","1","0","0","10"
"https://www.marqly.com/alternatives/goodlinks","tur","1","0","0","9"
"https://www.marqly.com/alternatives/goodlinks","ukr","1","0","0","9"
"https://www.marqly.com/alternatives/goodlinks","usa","299","0","0","22.896321070234112"
"https://www.marqly.com/alternatives/instapaper","are","5","0","0","16.4"
"https://www.marqly.com/alternatives/instapaper","arg","1","0","0","16"
"https://www.marqly.com/alternatives/instapaper","aus","25","0","0","13.12"
"https://www.marqly.com/alternatives/instapaper","aut","1","0","0","6"
"https://www.marqly.com/alternatives/instapaper","bel","3","0","0","11.666666666666666"
"https://www.marqly.com/alternatives/instapaper","bgd","6","0","0","12.5"
"https://www.marqly.com/alternatives/instapaper","blr","1","0","0","7"
"https://www.marqly.com/alternatives/instapaper","bra","2","0","0","7"
"https://www.marqly.com/alternatives/instapaper","che","1","0","0","11"
"https://www.marqly.com/alternatives/instapaper","cze","1","0","0","14"
"https://www.marqly.com/alternatives/instapaper","dnk","1","0","0","19"
"https://www.marqly.com/alternatives/instapaper","egy","2","0","0","18.5"
"https://www.marqly.com/alternatives/instapaper","esp","10","0","0","16"
"https://www.marqly.com/alternatives/instapaper","est","1","0","0","17"
"https://www.marqly.com/alternatives/instapaper","fin","3","0","0","16"
"https://www.marqly.com/alternatives/instapaper","fra","11","0","0","10.818181818181818"
"https://www.marqly.com/alternatives/instapaper","gbr","39","0","0","14.153846153846153"
"https://www.marqly.com/alternatives/instapaper","grc","1","0","0","6"
"https://www.marqly.com/alternatives/instapaper","gtm","1","0","0","9"
"https://www.marqly.com/alternatives/instapaper","hkg","5","0","0","6"
"https://www.marqly.com/alternatives/instapaper","hrv","1","0","0","11"
"https://www.marqly.com/alternatives/instapaper","idn","2","0","0","7.5"
"https://www.marqly.com/alternatives/instapaper","ind","33","0","0","19.484848484848484"
"https://www.marqly.com/alternatives/instapaper","irl","3","0","0","17"
"https://www.marqly.com/alternatives/instapaper","irn","1","0","0","6"
"https://www.marqly.com/alternatives/instapaper","isr","2","0","0","10.5"
"https://www.marqly.com/alternatives/instapaper","ita","7","0","0","11.714285714285714"
"https://www.marqly.com/alternatives/instapaper","jor","1","0","0","24"
"https://www.marqly.com/alternatives/instapaper","jpn","2","0","0","4.5"
"https://www.marqly.com/alternatives/instapaper","kor","2","0","0","6"
"https://www.marqly.com/alternatives/instapaper","mar","2","0","0","11"
"https://www.marqly.com/alternatives/instapaper","mys","4","0","0","10.25"
"https://www.marqly.com/alternatives/instapaper","nga","1","0","0","24"
"https://www.marqly.com/alternatives/instapaper","nld","4","0","0","5.75"
"https://www.marqly.com/alternatives/instapaper","npl","2","0","0","13"
"https://www.marqly.com/alternatives/instapaper","nzl","5","0","0","15"
"https://www.marqly.com/alternatives/instapaper","pak","5","0","0","21.4"
"https://www.marqly.com/alternatives/instapaper","phl","3","0","0","16.666666666666664"
"https://www.marqly.com/alternatives/instapaper","pol","2","0","0","15.5"
"https://www.marqly.com/alternatives/instapaper","prt","1","0","0","9"
"https://www.marqly.com/alternatives/instapaper","qat","1","0","0","8"
"https://www.marqly.com/alternatives/instapaper","rou","9","0","0","19.444444444444443"
"https://www.marqly.com/alternatives/instapaper","rus","4","0","0","9"
"https://www.marqly.com/alternatives/instapaper","sau","1","0","0","20"
"https://www.marqly.com/alternatives/instapaper","sgp","2","0","0","20.5"
"https://www.marqly.com/alternatives/instapaper","srb","1","0","0","9"
"https://www.marqly.com/alternatives/instapaper","swe","7","0","0","15.285714285714286"
"https://www.marqly.com/alternatives/instapaper","tha","1","0","0","41"
"https://www.marqly.com/alternatives/instapaper","tur","2","0","0","12"
"https://www.marqly.com/alternatives/instapaper","twn","1","0","0","10"
"https://www.marqly.com/alternatives/instapaper","usa","296","0","0","28.94256756756757"
"https://www.marqly.com/alternatives/instapaper","vnm","4","0","0","11.5"
"https://www.marqly.com/alternatives/karakeep","are","1","0","0","1"
"https://www.marqly.com/alternatives/karakeep","arg","1","0","0","4"
"https://www.marqly.com/alternatives/karakeep","aut","2","0","0","15"
"https://www.marqly.com/alternatives/karakeep","bel","3","0","0","7.333333333333333"
"https://www.marqly.com/alternatives/karakeep","bgd","3","0","0","31.666666666666668"
"https://www.marqly.com/alternatives/karakeep","bgr","2","0","0","7.5"
"https://www.marqly.com/alternatives/karakeep","bra","8","0","0","8.875"
"https://www.marqly.com/alternatives/karakeep","che","7","0","0","5.285714285714286"
"https://www.marqly.com/alternatives/karakeep","chl","2","0","0","6"
"https://www.marqly.com/alternatives/karakeep","chn","2","0","0","7.5"
"https://www.marqly.com/alternatives/karakeep","cub","1","0","0","7"
"https://www.marqly.com/alternatives/karakeep","cze","2","0","0","3"
"https://www.marqly.com/alternatives/karakeep","deu","39","0","0","6.487179487179487"
"https://www.marqly.com/alternatives/karakeep","dnk","4","0","0","6.25"
"https://www.marqly.com/alternatives/karakeep","dza","3","0","0","9"
"https://www.marqly.com/alternatives/karakeep","esp","6","0","0","13.5"
"https://www.marqly.com/alternatives/karakeep","fin","3","0","0","5"
"https://www.marqly.com/alternatives/karakeep","gbr","14","0","0","11.642857142857142"
"https://www.marqly.com/alternatives/karakeep","gha","1","0","0","2"
"https://www.marqly.com/alternatives/karakeep","grc","1","0","0","20"
"https://www.marqly.com/alternatives/karakeep","hkg","5","0","0","8.2"
"https://www.marqly.com/alternatives/karakeep","idn","7","0","0","10.428571428571429"
"https://www.marqly.com/alternatives/karakeep","irl","1","0","0","4"
"https://www.marqly.com/alternatives/karakeep","irn","2","0","0","10"
"https://www.marqly.com/alternatives/karakeep","isr","3","0","0","17.666666666666668"
"https://www.marqly.com/alternatives/karakeep","ita","12","0","0","7.25"
"https://www.marqly.com/alternatives/karakeep","kor","4","0","0","13"
"https://www.marqly.com/alternatives/karakeep","kwt","1","0","0","25"
"https://www.marqly.com/alternatives/karakeep","lie","1","0","0","2"
"https://www.marqly.com/alternatives/karakeep","mar","1","0","0","16"
"https://www.marqly.com/alternatives/karakeep","mex","3","0","0","15.333333333333334"
"https://www.marqly.com/alternatives/karakeep","mus","1","0","0","1"
"https://www.marqly.com/alternatives/karakeep","mys","4","0","0","12.75"
"https://www.marqly.com/alternatives/karakeep","nor","5","0","0","5.8"
"https://www.marqly.com/alternatives/karakeep","npl","1","0","0","4"
"https://www.marqly.com/alternatives/karakeep","nzl","2","0","0","6.5"
"https://www.marqly.com/alternatives/karakeep","per","1","0","0","26"
"https://www.marqly.com/alternatives/karakeep","phl","1","0","0","20"
"https://www.marqly.com/alternatives/karakeep","pol","5","0","0","4"
"https://www.marqly.com/alternatives/karakeep","prt","5","0","0","11.4"
"https://www.marqly.com/alternatives/karakeep","rou","2","0","0","2.5"
"https://www.marqly.com/alternatives/karakeep","rus","2","0","0","6.5"
"https://www.marqly.com/alternatives/karakeep","swe","6","0","0","12.166666666666666"
"https://www.marqly.com/alternatives/karakeep","tha","2","0","0","10"
"https://www.marqly.com/alternatives/karakeep","twn","4","0","0","17"
"https://www.marqly.com/alternatives/karakeep","ukr","1","0","0","4"
"https://www.marqly.com/alternatives/karakeep","vnm","4","0","0","12.5"
"https://www.marqly.com/alternatives/karakeep","zaf","2","0","0","2.5"
"https://www.marqly.com/alternatives/liner","aus","4","0","0","16"
"https://www.marqly.com/alternatives/liner","bgd","1","0","0","15"
"https://www.marqly.com/alternatives/liner","bra","2","0","0","16.5"
"https://www.marqly.com/alternatives/liner","egy","1","0","0","3"
"https://www.marqly.com/alternatives/liner","esp","1","0","0","22"
"https://www.marqly.com/alternatives/liner","fra","1","0","0","72"
"https://www.marqly.com/alternatives/liner","gbr","3","0","0","34.666666666666664"
"https://www.marqly.com/alternatives/liner","hkg","1","0","0","7"
"https://www.marqly.com/alternatives/liner","hun","1","0","0","10"
"https://www.marqly.com/alternatives/liner","idn","4","0","0","15"
"https://www.marqly.com/alternatives/liner","ind","2","0","0","10"
"https://www.marqly.com/alternatives/liner","irq","1","0","0","16"
"https://www.marqly.com/alternatives/liner","jpn","3","0","0","2"
"https://www.marqly.com/alternatives/liner","kor","1","0","0","11"
"https://www.marqly.com/alternatives/liner","mar","1","0","0","50"
"https://www.marqly.com/alternatives/liner","mex","1","0","0","8"
"https://www.marqly.com/alternatives/liner","nga","2","0","0","3.5"
"https://www.marqly.com/alternatives/liner","nor","1","0","0","19"
"https://www.marqly.com/alternatives/liner","phl","2","0","0","7.5"
"https://www.marqly.com/alternatives/liner","rus","2","0","0","13.5"
"https://www.marqly.com/alternatives/liner","sgp","1","0","0","35"
"https://www.marqly.com/alternatives/liner","twn","1","0","0","14"
"https://www.marqly.com/alternatives/liner","usa","34","0","0","26.08823529411765"
"https://www.marqly.com/alternatives/liner","vnm","1","0","0","50"
"https://www.marqly.com/alternatives/linkwarden","and","1","0","0","9"
"https://www.marqly.com/alternatives/linkwarden","arg","3","0","0","25.666666666666668"
"https://www.marqly.com/alternatives/linkwarden","aus","11","0","0","5.7272727272727275"
"https://www.marqly.com/alternatives/linkwarden","aut","4","0","0","4.75"
"https://www.marqly.com/alternatives/linkwarden","bel","3","0","0","15"
"https://www.marqly.com/alternatives/linkwarden","bgd","2","0","0","52"
"https://www.marqly.com/alternatives/linkwarden","bgr","2","0","0","5.5"
"https://www.marqly.com/alternatives/linkwarden","bra","7","0","0","11.714285714285714"
"https://www.marqly.com/alternatives/linkwarden","che","4","0","0","4"
"https://www.marqly.com/alternatives/linkwarden","chl","1","0","0","9"
"https://www.marqly.com/alternatives/linkwarden","cyp","1","0","0","5"
"https://www.marqly.com/alternatives/linkwarden","cze","2","0","0","3.5"
"https://www.marqly.com/alternatives/linkwarden","deu","51","0","0","7.03921568627451"
"https://www.marqly.com/alternatives/linkwarden","dnk","7","0","0","8.714285714285715"
"https://www.marqly.com/alternatives/linkwarden","egy","1","0","0","4"
"https://www.marqly.com/alternatives/linkwarden","esp","5","0","0","5.4"
"https://www.marqly.com/alternatives/linkwarden","fin","1","0","0","9"
"https://www.marqly.com/alternatives/linkwarden","fra","10","0","0","8.3"
"https://www.marqly.com/alternatives/linkwarden","gbr","15","0","0","6.733333333333333"
"https://www.marqly.com/alternatives/linkwarden","grc","1","0","0","1"
"https://www.marqly.com/alternatives/linkwarden","hun","2","0","0","8.5"
"https://www.marqly.com/alternatives/linkwarden","idn","2","0","0","7.5"
"https://www.marqly.com/alternatives/linkwarden","ind","10","0","0","10.9"
"https://www.marqly.com/alternatives/linkwarden","irl","1","0","0","3"
"https://www.marqly.com/alternatives/linkwarden","irn","1","0","0","5"
"https://www.marqly.com/alternatives/linkwarden","isr","1","0","0","5"
"https://www.marqly.com/alternatives/linkwarden","ita","12","0","0","13.166666666666666"
"https://www.marqly.com/alternatives/linkwarden","kor","1","0","0","5"
"https://www.marqly.com/alternatives/linkwarden","lva","1","0","0","4"
"https://www.marqly.com/alternatives/linkwarden","mar","1","0","0","4"
"https://www.marqly.com/alternatives/linkwarden","mex","2","0","0","8.5"
"https://www.marqly.com/alternatives/linkwarden","mmr","1","0","0","4"
"https://www.marqly.com/alternatives/linkwarden","mys","1","0","0","16"
"https://www.marqly.com/alternatives/linkwarden","nld","11","0","0","5.181818181818182"
"https://www.marqly.com/alternatives/linkwarden","nor","5","0","0","7"
"https://www.marqly.com/alternatives/linkwarden","nzl","2","0","0","7"
"https://www.marqly.com/alternatives/linkwarden","pol","4","0","0","5"
"https://www.marqly.com/alternatives/linkwarden","prt","2","0","0","8"
"https://www.marqly.com/alternatives/linkwarden","rou","3","0","0","7"
"https://www.marqly.com/alternatives/linkwarden","rus","3","0","0","5.333333333333333"
"https://www.marqly.com/alternatives/linkwarden","sgp","3","0","0","6.333333333333333"
"https://www.marqly.com/alternatives/linkwarden","swe","4","0","0","6.75"
"https://www.marqly.com/alternatives/linkwarden","tha","4","0","0","11"
"https://www.marqly.com/alternatives/linkwarden","tur","2","0","0","6"
"https://www.marqly.com/alternatives/linkwarden","ukr","1","0","0","1"
"https://www.marqly.com/alternatives/linkwarden","ury","1","0","0","10"
"https://www.marqly.com/alternatives/linkwarden","vnm","1","0","0","17"
"https://www.marqly.com/alternatives/linkwarden","zaf","2","0","0","7"
"https://www.marqly.com/alternatives/matter","aus","4","0","0","5.25"
"https://www.marqly.com/alternatives/matter","aut","2","0","0","5.5"
"https://www.marqly.com/alternatives/matter","bra","14","0","0","3.357142857142857"
"https://www.marqly.com/alternatives/matter","can","4","0","0","5"
"https://www.marqly.com/alternatives/matter","chl","1","0","0","3"
"https://www.marqly.com/alternatives/matter","deu","7","0","0","5"
"https://www.marqly.com/alternatives/matter","dom","1","0","0","4"
"https://www.marqly.com/alternatives/matter","ecu","2","0","0","3"
"https://www.marqly.com/alternatives/matter","gbr","2","0","0","5"
"https://www.marqly.com/alternatives/matter","idn","2","0","0","4"
"https://www.marqly.com/alternatives/matter","ind","5","0","0","6.6"
"https://www.marqly.com/alternatives/matter","irn","2","0","0","9"
"https://www.marqly.com/alternatives/matter","isr","1","0","0","7"
"https://www.marqly.com/alternatives/matter","ita","1","0","0","4"
"https://www.marqly.com/alternatives/matter","jam","1","0","0","2"
"https://www.marqly.com/alternatives/matter","jor","1","0","0","8"
"https://www.marqly.com/alternatives/matter","kor","1","0","0","3"
"https://www.marqly.com/alternatives/matter","mex","5","0","0","3.6"
"https://www.marqly.com/alternatives/matter","nzl","2","0","0","3.5"
"https://www.marqly.com/alternatives/matter","pak","3","0","0","3"
"https://www.marqly.com/alternatives/matter","per","2","0","0","2"
"https://www.marqly.com/alternatives/matter","phl","2","0","0","2"
"https://www.marqly.com/alternatives/matter","pol","3","0","0","4.333333333333334"
"https://www.marqly.com/alternatives/matter","pri","1","0","0","1"
"https://www.marqly.com/alternatives/matter","prt","2","0","0","4"
"https://www.marqly.com/alternatives/matter","rus","5","0","0","3.2"
"https://www.marqly.com/alternatives/matter","sgp","1","0","0","6"
"https://www.marqly.com/alternatives/matter","tha","2","0","0","8.5"
"https://www.marqly.com/alternatives/matter","ukr","1","0","0","3"
"https://www.marqly.com/alternatives/matter","usa","71","0","0","10.028169014084508"
"https://www.marqly.com/alternatives/matter","zzz","1","0","0","3"
"https://www.marqly.com/alternatives/mymind","alb","1","0","0","7"
"https://www.marqly.com/alternatives/mymind","are","4","0","0","10.5"
"https://www.marqly.com/alternatives/mymind","arg","1","0","0","5"
"https://www.marqly.com/alternatives/mymind","aus","7","0","0","20.428571428571427"
"https://www.marqly.com/alternatives/mymind","bel","1","0","0","9"
"https://www.marqly.com/alternatives/mymind","bgr","1","0","0","6"
"https://www.marqly.com/alternatives/mymind","blr","1","0","0","9"
"https://www.marqly.com/alternatives/mymind","can","4","0","0","9.5"
"https://www.marqly.com/alternatives/mymind","che","2","0","0","7.5"
"https://www.marqly.com/alternatives/mymind","cyp","1","0","0","10"
"https://www.marqly.com/alternatives/mymind","cze","8","0","0","5"
"https://www.marqly.com/alternatives/mymind","deu","10","0","0","9.2"
"https://www.marqly.com/alternatives/mymind","dnk","2","0","0","10"
"https://www.marqly.com/alternatives/mymind","dza","1","0","0","14"
"https://www.marqly.com/alternatives/mymind","ecu","1","0","0","7"
"https://www.marqly.com/alternatives/mymind","egy","2","0","0","8.5"
"https://www.marqly.com/alternatives/mymind","esp","9","0","0","6.777777777777778"
"https://www.marqly.com/alternatives/mymind","eth","1","0","0","11"
"https://www.marqly.com/alternatives/mymind","fin","3","0","0","9.333333333333334"
"https://www.marqly.com/alternatives/mymind","fra","3","0","0","7.666666666666667"
"https://www.marqly.com/alternatives/mymind","gbr","11","0","0","9"
"https://www.marqly.com/alternatives/mymind","grc","2","0","0","7.5"
"https://www.marqly.com/alternatives/mymind","hkg","1","0","0","8"
"https://www.marqly.com/alternatives/mymind","ind","11","0","0","12.545454545454545"
"https://www.marqly.com/alternatives/mymind","jor","1","0","0","10"
"https://www.marqly.com/alternatives/mymind","jpn","2","0","0","9"
"https://www.marqly.com/alternatives/mymind","kor","2","0","0","6"
"https://www.marqly.com/alternatives/mymind","mar","1","0","0","9"
"https://www.marqly.com/alternatives/mymind","mda","1","0","0","7"
"https://www.marqly.com/alternatives/mymind","mex","1","0","0","9"
"https://www.marqly.com/alternatives/mymind","nga","2","0","0","10"
"https://www.marqly.com/alternatives/mymind","nld","5","0","0","9"
"https://www.marqly.com/alternatives/mymind","nor","1","0","0","11"
"https://www.marqly.com/alternatives/mymind","npl","4","0","0","7.25"
"https://www.marqly.com/alternatives/mymind","pak","1","0","0","4"
"https://www.marqly.com/alternatives/mymind","phl","3","0","0","22"
"https://www.marqly.com/alternatives/mymind","pol","1","0","0","7"
"https://www.marqly.com/alternatives/mymind","prt","4","0","0","9.75"
"https://www.marqly.com/alternatives/mymind","rou","2","0","0","8.5"
"https://www.marqly.com/alternatives/mymind","rus","1","0","0","8"
"https://www.marqly.com/alternatives/mymind","rwa","1","0","0","10"
"https://www.marqly.com/alternatives/mymind","sau","1","0","0","9"
"https://www.marqly.com/alternatives/mymind","sgp","2","0","0","9.5"
"https://www.marqly.com/alternatives/mymind","srb","1","0","0","9"
"https://www.marqly.com/alternatives/mymind","swe","6","0","0","5.666666666666667"
"https://www.marqly.com/alternatives/mymind","tur","1","0","0","10"
"https://www.marqly.com/alternatives/mymind","uga","3","0","0","5"
"https://www.marqly.com/alternatives/mymind","ukr","2","0","0","10.5"
"https://www.marqly.com/alternatives/mymind","usa","56","0","0","26.892857142857142"
"https://www.marqly.com/alternatives/mymind","vnm","1","0","0","7"
"https://www.marqly.com/alternatives/mymind","zaf","2","0","0","9"
"https://www.marqly.com/alternatives/notion-web-clipper","are","3","0","0","8"
"https://www.marqly.com/alternatives/notion-web-clipper","arg","2","0","0","22"
"https://www.marqly.com/alternatives/notion-web-clipper","aus","10","0","0","14.4"
"https://www.marqly.com/alternatives/notion-web-clipper","bgd","2","0","0","14"
"https://www.marqly.com/alternatives/notion-web-clipper","bgr","1","0","0","15"
"https://www.marqly.com/alternatives/notion-web-clipper","bol","1","0","0","11"
"https://www.marqly.com/alternatives/notion-web-clipper","bra","7","0","0","15.714285714285714"
"https://www.marqly.com/alternatives/notion-web-clipper","can","57","0","0","14.842105263157896"
"https://www.marqly.com/alternatives/notion-web-clipper","che","28","0","0","15.535714285714286"
"https://www.marqly.com/alternatives/notion-web-clipper","chn","2","0","0","7.5"
"https://www.marqly.com/alternatives/notion-web-clipper","deu","50","0","0","19.84"
"https://www.marqly.com/alternatives/notion-web-clipper","dnk","1","0","0","9"
"https://www.marqly.com/alternatives/notion-web-clipper","dza","1","0","0","9"
"https://www.marqly.com/alternatives/notion-web-clipper","egy","5","0","0","9.4"
"https://www.marqly.com/alternatives/notion-web-clipper","esp","2","0","0","27"
"https://www.marqly.com/alternatives/notion-web-clipper","est","1","0","0","10"
"https://www.marqly.com/alternatives/notion-web-clipper","eth","2","0","0","10"
"https://www.marqly.com/alternatives/notion-web-clipper","fra","11","0","0","14.727272727272727"
"https://www.marqly.com/alternatives/notion-web-clipper","gbr","13","0","0","15.076923076923077"
"https://www.marqly.com/alternatives/notion-web-clipper","grc","1","0","0","10"
"https://www.marqly.com/alternatives/notion-web-clipper","hkg","2","0","0","10"
"https://www.marqly.com/alternatives/notion-web-clipper","hrv","2","0","0","9.5"
"https://www.marqly.com/alternatives/notion-web-clipper","hun","2","0","0","11.5"
"https://www.marqly.com/alternatives/notion-web-clipper","idn","5","0","0","9.4"
"https://www.marqly.com/alternatives/notion-web-clipper","ind","6","0","0","12.833333333333334"
"https://www.marqly.com/alternatives/notion-web-clipper","ita","9","0","0","12"
"https://www.marqly.com/alternatives/notion-web-clipper","jpn","1","0","0","6"
"https://www.marqly.com/alternatives/notion-web-clipper","khm","1","0","0","10"
"https://www.marqly.com/alternatives/notion-web-clipper","kor","1","0","0","8"
"https://www.marqly.com/alternatives/notion-web-clipper","kwt","1","0","0","10"
"https://www.marqly.com/alternatives/notion-web-clipper","lby","2","0","0","9"
"https://www.marqly.com/alternatives/notion-web-clipper","mar","1","0","0","24"
"https://www.marqly.com/alternatives/notion-web-clipper","mdg","1","0","0","6"
"https://www.marqly.com/alternatives/notion-web-clipper","mmr","1","0","0","31"
"https://www.marqly.com/alternatives/notion-web-clipper","mys","2","0","0","9.5"
"https://www.marqly.com/alternatives/notion-web-clipper","nor","2","0","0","9.5"
"https://www.marqly.com/alternatives/notion-web-clipper","pan","1","0","0","11"
"https://www.marqly.com/alternatives/notion-web-clipper","phl","2","0","0","14.5"
"https://www.marqly.com/alternatives/notion-web-clipper","pol","5","0","0","14.6"
"https://www.marqly.com/alternatives/notion-web-clipper","prt","3","0","0","8"
"https://www.marqly.com/alternatives/notion-web-clipper","rou","13","0","0","14.846153846153847"
"https://www.marqly.com/alternatives/notion-web-clipper","rus","24","0","0","12.208333333333334"
"https://www.marqly.com/alternatives/notion-web-clipper","sau","2","0","0","9.5"
"https://www.marqly.com/alternatives/notion-web-clipper","sgp","1","0","0","16"
"https://www.marqly.com/alternatives/notion-web-clipper","slv","1","0","0","9"
"https://www.marqly.com/alternatives/notion-web-clipper","swe","2","0","0","10"
"https://www.marqly.com/alternatives/notion-web-clipper","tur","5","0","0","12.8"
"https://www.marqly.com/alternatives/notion-web-clipper","ukr","2","0","0","11"
"https://www.marqly.com/alternatives/notion-web-clipper","ven","1","0","0","30"
"https://www.marqly.com/alternatives/notion-web-clipper","vnm","1","0","0","12"
"https://www.marqly.com/alternatives/notion-web-clipper","zaf","2","0","0","10.5"
"https://www.marqly.com/alternatives/obsidian-web-clipper","aus","3","0","0","30.666666666666668"
"https://www.marqly.com/alternatives/obsidian-web-clipper","chl","2","0","0","7.5"
"https://www.marqly.com/alternatives/obsidian-web-clipper","chn","2","0","0","16.5"
"https://www.marqly.com/alternatives/obsidian-web-clipper","dza","1","0","0","39"
"https://www.marqly.com/alternatives/obsidian-web-clipper","egy","2","0","0","23"
"https://www.marqly.com/alternatives/obsidian-web-clipper","est","1","0","0","6"
"https://www.marqly.com/alternatives/obsidian-web-clipper","fra","1","0","0","10"
"https://www.marqly.com/alternatives/obsidian-web-clipper","gbr","1","0","0","29"
"https://www.marqly.com/alternatives/obsidian-web-clipper","hun","1","0","0","1"
"https://www.marqly.com/alternatives/obsidian-web-clipper","idn","1","0","0","17"
"https://www.marqly.com/alternatives/obsidian-web-clipper","ind","7","0","0","19.714285714285715"
"https://www.marqly.com/alternatives/obsidian-web-clipper","isr","1","0","0","24"
"https://www.marqly.com/alternatives/obsidian-web-clipper","mex","1","0","0","3"
"https://www.marqly.com/alternatives/obsidian-web-clipper","mys","2","0","0","25.5"
"https://www.marqly.com/alternatives/obsidian-web-clipper","nld","4","0","0","17"
"https://www.marqly.com/alternatives/obsidian-web-clipper","nor","1","0","0","19"
"https://www.marqly.com/alternatives/obsidian-web-clipper","per","2","0","0","22"
"https://www.marqly.com/alternatives/obsidian-web-clipper","pol","1","0","0","6"
"https://www.marqly.com/alternatives/obsidian-web-clipper","pri","1","0","0","10"
"https://www.marqly.com/alternatives/obsidian-web-clipper","prt","1","0","0","8"
"https://www.marqly.com/alternatives/obsidian-web-clipper","rus","2","0","0","5"
"https://www.marqly.com/alternatives/obsidian-web-clipper","sgp","2","0","0","26.5"
"https://www.marqly.com/alternatives/obsidian-web-clipper","svk","2","0","0","18"
"https://www.marqly.com/alternatives/obsidian-web-clipper","swe","1","0","0","19"
"https://www.marqly.com/alternatives/obsidian-web-clipper","tur","2","0","0","14"
"https://www.marqly.com/alternatives/obsidian-web-clipper","ukr","1","0","0","5"
"https://www.marqly.com/alternatives/obsidian-web-clipper","usa","20","0","0","16.35"
"https://www.marqly.com/alternatives/obsidian-web-clipper","vnm","5","0","0","22.8"
"https://www.marqly.com/alternatives/obsidian-web-clipper","zaf","1","0","0","4"
"https://www.marqly.com/alternatives/omnivore","aus","5","0","0","13.6"
"https://www.marqly.com/alternatives/omnivore","bel","1","0","0","6"
"https://www.marqly.com/alternatives/omnivore","bra","3","0","0","6"
"https://www.marqly.com/alternatives/omnivore","can","4","0","0","9"
"https://www.marqly.com/alternatives/omnivore","che","1","0","0","10"
"https://www.marqly.com/alternatives/omnivore","chl","2","0","0","4"
"https://www.marqly.com/alternatives/omnivore","col","1","0","0","6"
"https://www.marqly.com/alternatives/omnivore","deu","6","0","0","11.833333333333334"
"https://www.marqly.com/alternatives/omnivore","esp","5","0","0","18"
"https://www.marqly.com/alternatives/omnivore","est","3","0","0","3.3333333333333335"
"https://www.marqly.com/alternatives/omnivore","fin","2","0","0","18.5"
"https://www.marqly.com/alternatives/omnivore","gbr","6","0","0","13.166666666666666"
"https://www.marqly.com/alternatives/omnivore","idn","1","0","0","10"
"https://www.marqly.com/alternatives/omnivore","ind","7","0","0","30.857142857142858"
"https://www.marqly.com/alternatives/omnivore","jpn","1","0","0","4"
"https://www.marqly.com/alternatives/omnivore","kaz","1","0","0","10"
"https://www.marqly.com/alternatives/omnivore","kor","1","0","0","6"
"https://www.marqly.com/alternatives/omnivore","mwi","1","0","0","6"
"https://www.marqly.com/alternatives/omnivore","nor","1","0","0","10"
"https://www.marqly.com/alternatives/omnivore","pol","1","0","0","5"
"https://www.marqly.com/alternatives/omnivore","prt","1","0","0","57"
"https://www.marqly.com/alternatives/omnivore","qat","2","0","0","5"
"https://www.marqly.com/alternatives/omnivore","rus","1","0","0","5"
"https://www.marqly.com/alternatives/omnivore","sau","1","0","0","6"
"https://www.marqly.com/alternatives/omnivore","sgp","1","0","0","6"
"https://www.marqly.com/alternatives/omnivore","tur","1","0","0","6"
"https://www.marqly.com/alternatives/omnivore","ukr","3","0","0","7.666666666666667"
"https://www.marqly.com/alternatives/omnivore","usa","209","0","0","29.196172248803826"
"https://www.marqly.com/alternatives/omnivore","zaf","1","0","0","6"
"https://www.marqly.com/alternatives/onetab","are","1","0","0","9"
"https://www.marqly.com/alternatives/onetab","arg","2","0","0","6"
"https://www.marqly.com/alternatives/onetab","aus","6","0","0","9.166666666666666"
"https://www.marqly.com/alternatives/onetab","aut","1","0","0","11"
"https://www.marqly.com/alternatives/onetab","bel","2","0","0","10"
"https://www.marqly.com/alternatives/onetab","bra","6","0","0","8.666666666666668"
"https://www.marqly.com/alternatives/onetab","can","13","0","0","12.76923076923077"
"https://www.marqly.com/alternatives/onetab","chn","2","0","0","10.5"
"https://www.marqly.com/alternatives/onetab","col","2","0","0","9"
"https://www.marqly.com/alternatives/onetab","cze","2","0","0","10"
"https://www.marqly.com/alternatives/onetab","dnk","1","0","0","11"
"https://www.marqly.com/alternatives/onetab","egy","1","0","0","6"
"https://www.marqly.com/alternatives/onetab","esp","5","0","0","11"
"https://www.marqly.com/alternatives/onetab","est","2","0","0","8"
"https://www.marqly.com/alternatives/onetab","fin","4","0","0","9.5"
"https://www.marqly.com/alternatives/onetab","fra","7","0","0","19.714285714285715"
"https://www.marqly.com/alternatives/onetab","gbr","13","0","0","22.384615384615383"
"https://www.marqly.com/alternatives/onetab","hkg","2","0","0","8.5"
"https://www.marqly.com/alternatives/onetab","hrv","1","0","0","14"
"https://www.marqly.com/alternatives/onetab","hun","2","0","0","7.5"
"https://www.marqly.com/alternatives/onetab","idn","7","0","0","4.285714285714286"
"https://www.marqly.com/alternatives/onetab","ind","7","0","0","8.714285714285715"
"https://www.marqly.com/alternatives/onetab","irl","1","0","0","9"
"https://www.marqly.com/alternatives/onetab","isr","3","0","0","9.333333333333334"
"https://www.marqly.com/alternatives/onetab","ita","4","0","0","7.5"
"https://www.marqly.com/alternatives/onetab","jor","1","0","0","7"
"https://www.marqly.com/alternatives/onetab","jpn","3","0","0","9.333333333333334"
"https://www.marqly.com/alternatives/onetab","kaz","1","0","0","9"
"https://www.marqly.com/alternatives/onetab","ken","1","0","0","11"
"https://www.marqly.com/alternatives/onetab","mex","3","0","0","11.333333333333334"
"https://www.marqly.com/alternatives/onetab","mlt","2","0","0","11"
"https://www.marqly.com/alternatives/onetab","nld","7","0","0","7.571428571428571"
"https://www.marqly.com/alternatives/onetab","nor","4","0","0","6.75"
"https://www.marqly.com/alternatives/onetab","nzl","6","0","0","7.5"
"https://www.marqly.com/alternatives/onetab","pak","2","0","0","10"
"https://www.marqly.com/alternatives/onetab","phl","1","0","0","18"
"https://www.marqly.com/alternatives/onetab","pol","8","0","0","8.75"
"https://www.marqly.com/alternatives/onetab","prt","3","0","0","9.666666666666666"
"https://www.marqly.com/alternatives/onetab","rou","1","0","0","9"
"https://www.marqly.com/alternatives/onetab","rus","6","0","0","5.666666666666667"
"https://www.marqly.com/alternatives/onetab","sgp","2","0","0","9.5"
"https://www.marqly.com/alternatives/onetab","slv","1","0","0","10"
"https://www.marqly.com/alternatives/onetab","srb","1","0","0","5"
"https://www.marqly.com/alternatives/onetab","swe","1","0","0","7"
"https://www.marqly.com/alternatives/onetab","tha","2","0","0","9"
"https://www.marqly.com/alternatives/onetab","tur","9","0","0","7.666666666666667"
"https://www.marqly.com/alternatives/onetab","twn","7","0","0","6.714285714285714"
"https://www.marqly.com/alternatives/onetab","ukr","2","0","0","7.5"
"https://www.marqly.com/alternatives/onetab","vnm","7","0","0","10.857142857142858"
"https://www.marqly.com/alternatives/onetab","zaf","1","0","0","9"
"https://www.marqly.com/alternatives/pinboard","aus","12","0","0","12.833333333333334"
"https://www.marqly.com/alternatives/pinboard","bgd","2","0","0","54.5"
"https://www.marqly.com/alternatives/pinboard","bra","2","0","0","1"
"https://www.marqly.com/alternatives/pinboard","chl","1","0","0","49"
"https://www.marqly.com/alternatives/pinboard","cri","1","0","0","15"
"https://www.marqly.com/alternatives/pinboard","dnk","2","0","0","7"
"https://www.marqly.com/alternatives/pinboard","esp","35","0","0","30.65714285714286"
"https://www.marqly.com/alternatives/pinboard","gbr","6","0","0","16.5"
"https://www.marqly.com/alternatives/pinboard","hkg","2","0","0","9.5"
"https://www.marqly.com/alternatives/pinboard","hun","1","0","0","5"
"https://www.marqly.com/alternatives/pinboard","idn","1","0","0","44"
"https://www.marqly.com/alternatives/pinboard","ind","10","0","0","22.7"
"https://www.marqly.com/alternatives/pinboard","ita","4","0","0","11"
"https://www.marqly.com/alternatives/pinboard","ken","1","0","0","2"
"https://www.marqly.com/alternatives/pinboard","mys","1","0","0","41"
"https://www.marqly.com/alternatives/pinboard","nld","56","0","0","24.696428571428573"
"https://www.marqly.com/alternatives/pinboard","nzl","1","0","0","1"
"https://www.marqly.com/alternatives/pinboard","phl","4","0","0","4.5"
"https://www.marqly.com/alternatives/pinboard","pol","1","0","0","35"
"https://www.marqly.com/alternatives/pinboard","rou","2","0","0","10"
"https://www.marqly.com/alternatives/pinboard","sgp","1","0","0","4"
"https://www.marqly.com/alternatives/pinboard","swe","1","0","0","10"
"https://www.marqly.com/alternatives/pinboard","tha","1","0","0","47"
"https://www.marqly.com/alternatives/pinboard","usa","182","0","0","31.796703296703296"
"https://www.marqly.com/alternatives/pinterest","arg","3","0","0","6.333333333333333"
"https://www.marqly.com/alternatives/pinterest","aus","25","0","0","9.96"
"https://www.marqly.com/alternatives/pinterest","aut","7","0","0","7.571428571428571"
"https://www.marqly.com/alternatives/pinterest","aze","3","0","0","9"
"https://www.marqly.com/alternatives/pinterest","bel","14","0","0","7.785714285714286"
"https://www.marqly.com/alternatives/pinterest","bgd","14","0","0","13.642857142857142"
"https://www.marqly.com/alternatives/pinterest","bgr","6","0","0","8.166666666666668"
"https://www.marqly.com/alternatives/pinterest","bhr","1","0","0","11"
"https://www.marqly.com/alternatives/pinterest","bih","2","0","0","10"
"https://www.marqly.com/alternatives/pinterest","blr","5","0","0","8.6"
"https://www.marqly.com/alternatives/pinterest","brn","1","0","0","10"
"https://www.marqly.com/alternatives/pinterest","btn","1","0","0","7"
"https://www.marqly.com/alternatives/pinterest","bwa","2","0","0","4"
"https://www.marqly.com/alternatives/pinterest","can","40","0","0","14.375"
"https://www.marqly.com/alternatives/pinterest","che","3","0","0","10.333333333333334"
"https://www.marqly.com/alternatives/pinterest","chl","4","0","0","9.5"
"https://www.marqly.com/alternatives/pinterest","chn","3","0","0","7.333333333333333"
"https://www.marqly.com/alternatives/pinterest","civ","1","0","0","23"
"https://www.marqly.com/alternatives/pinterest","cmr","2","0","0","8"
"https://www.marqly.com/alternatives/pinterest","col","6","0","0","9.666666666666666"
"https://www.marqly.com/alternatives/pinterest","cub","1","0","0","8"
"https://www.marqly.com/alternatives/pinterest","cyp","4","0","0","7.25"
"https://www.marqly.com/alternatives/pinterest","cze","7","0","0","11.285714285714286"
"https://www.marqly.com/alternatives/pinterest","dnk","17","0","0","7.411764705882353"
"https://www.marqly.com/alternatives/pinterest","est","6","0","0","9"
"https://www.marqly.com/alternatives/pinterest","eth","2","0","0","10"
"https://www.marqly.com/alternatives/pinterest","fji","1","0","0","7"
"https://www.marqly.com/alternatives/pinterest","fra","2","0","0","9.5"
"https://www.marqly.com/alternatives/pinterest","gbr","35","0","0","13.657142857142857"
"https://www.marqly.com/alternatives/pinterest","geo","3","0","0","9"
"https://www.marqly.com/alternatives/pinterest","ggy","2","0","0","7.5"
"https://www.marqly.com/alternatives/pinterest","gha","7","0","0","8.714285714285715"
"https://www.marqly.com/alternatives/pinterest","grc","1","0","0","10"
"https://www.marqly.com/alternatives/pinterest","gtm","1","0","0","7"
"https://www.marqly.com/alternatives/pinterest","hkg","8","0","0","8.875"
"https://www.marqly.com/alternatives/pinterest","hnd","1","0","0","7"
"https://www.marqly.com/alternatives/pinterest","hrv","7","0","0","8.571428571428571"
"https://www.marqly.com/alternatives/pinterest","hun","5","0","0","7.8"
"https://www.marqly.com/alternatives/pinterest","idn","22","0","0","8.772727272727273"
"https://www.marqly.com/alternatives/pinterest","ind","64","0","0","12.015625"
"https://www.marqly.com/alternatives/pinterest","irl","14","0","0","9.214285714285714"
"https://www.marqly.com/alternatives/pinterest","irn","8","0","0","7.75"
"https://www.marqly.com/alternatives/pinterest","irq","8","0","0","9.875"
"https://www.marqly.com/alternatives/pinterest","isr","7","0","0","7.714285714285714"
"https://www.marqly.com/alternatives/pinterest","ita","5","0","0","6.6"
"https://www.marqly.com/alternatives/pinterest","jam","5","0","0","8.4"
"https://www.marqly.com/alternatives/pinterest","jey","1","0","0","11"
"https://www.marqly.com/alternatives/pinterest","jor","4","0","0","8.25"
"https://www.marqly.com/alternatives/pinterest","jpn","8","0","0","9.25"
"https://www.marqly.com/alternatives/pinterest","kaz","6","0","0","8.666666666666668"
"https://www.marqly.com/alternatives/pinterest","ken","5","0","0","6.4"
"https://www.marqly.com/alternatives/pinterest","kor","6","0","0","8.166666666666668"
"https://www.marqly.com/alternatives/pinterest","kwt","5","0","0","8.4"
"https://www.marqly.com/alternatives/pinterest","lbn","2","0","0","9"
"https://www.marqly.com/alternatives/pinterest","lby","2","0","0","9.5"
"https://www.marqly.com/alternatives/pinterest","lka","4","0","0","8.5"
"https://www.marqly.com/alternatives/pinterest","ltu","5","0","0","8.4"
"https://www.marqly.com/alternatives/pinterest","lva","2","0","0","9"
"https://www.marqly.com/alternatives/pinterest","mar","2","0","0","6.5"
"https://www.marqly.com/alternatives/pinterest","mda","1","0","0","8"
"https://www.marqly.com/alternatives/pinterest","mex","5","0","0","9"
"https://www.marqly.com/alternatives/pinterest","mlt","3","0","0","8.333333333333332"
"https://www.marqly.com/alternatives/pinterest","mng","1","0","0","5"
"https://www.marqly.com/alternatives/pinterest","mus","1","0","0","11"
"https://www.marqly.com/alternatives/pinterest","mys","4","0","0","9"
"https://www.marqly.com/alternatives/pinterest","nga","12","0","0","10.083333333333334"
"https://www.marqly.com/alternatives/pinterest","nor","19","0","0","9.052631578947368"
"https://www.marqly.com/alternatives/pinterest","npl","6","0","0","9.333333333333334"
"https://www.marqly.com/alternatives/pinterest","nzl","9","0","0","9.444444444444445"
"https://www.marqly.com/alternatives/pinterest","omn","4","0","0","10.25"
"https://www.marqly.com/alternatives/pinterest","pan","2","0","0","7.5"
"https://www.marqly.com/alternatives/pinterest","per","1","0","0","9"
"https://www.marqly.com/alternatives/pinterest","phl","22","0","0","11.636363636363637"
"https://www.marqly.com/alternatives/pinterest","png","1","0","0","10"
"https://www.marqly.com/alternatives/pinterest","pol","10","0","0","10.6"
"https://www.marqly.com/alternatives/pinterest","pri","1","0","0","8"
"https://www.marqly.com/alternatives/pinterest","pry","2","0","0","10"
"https://www.marqly.com/alternatives/pinterest","qat","2","0","0","9"
"https://www.marqly.com/alternatives/pinterest","rou","10","0","0","8.9"
"https://www.marqly.com/alternatives/pinterest","rus","22","0","0","8.5"
"https://www.marqly.com/alternatives/pinterest","rwa","1","0","0","1"
"https://www.marqly.com/alternatives/pinterest","sau","11","0","0","9.181818181818182"
"https://www.marqly.com/alternatives/pinterest","sdn","3","0","0","8.666666666666668"
"https://www.marqly.com/alternatives/pinterest","sgp","13","0","0","9.538461538461538"
"https://www.marqly.com/alternatives/pinterest","slv","2","0","0","7"
"https://www.marqly.com/alternatives/pinterest","som","1","0","0","21"
"https://www.marqly.com/alternatives/pinterest","srb","6","0","0","8.666666666666668"
"https://www.marqly.com/alternatives/pinterest","sur","1","0","0","9"
"https://www.marqly.com/alternatives/pinterest","svk","6","0","0","8.833333333333332"
"https://www.marqly.com/alternatives/pinterest","svn","1","0","0","8"
"https://www.marqly.com/alternatives/pinterest","swe","26","0","0","9.538461538461538"
"https://www.marqly.com/alternatives/pinterest","tha","8","0","0","8.125"
"https://www.marqly.com/alternatives/pinterest","tkm","2","0","0","5"
"https://www.marqly.com/alternatives/pinterest","tto","1","0","0","10"
"https://www.marqly.com/alternatives/pinterest","tur","16","0","0","9.3125"
"https://www.marqly.com/alternatives/pinterest","twn","1","0","0","8"
"https://www.marqly.com/alternatives/pinterest","uga","3","0","0","8.333333333333332"
"https://www.marqly.com/alternatives/pinterest","ukr","7","0","0","9.571428571428571"
"https://www.marqly.com/alternatives/pinterest","uzb","3","0","0","9"
"https://www.marqly.com/alternatives/pinterest","ven","2","0","0","8.5"
"https://www.marqly.com/alternatives/pinterest","vnm","6","0","0","8.666666666666668"
"https://www.marqly.com/alternatives/pinterest","yem","8","0","0","7.75"
"https://www.marqly.com/alternatives/pinterest","zaf","16","0","0","9.9375"
"https://www.marqly.com/alternatives/pinterest","zmb","2","0","0","6.5"
"https://www.marqly.com/alternatives/pocket","are","3","0","0","4.666666666666666"
"https://www.marqly.com/alternatives/pocket","arg","1","0","0","8"
"https://www.marqly.com/alternatives/pocket","aus","7","0","0","31.142857142857142"
"https://www.marqly.com/alternatives/pocket","aut","1","0","0","11"
"https://www.marqly.com/alternatives/pocket","bel","2","0","0","10.5"
"https://www.marqly.com/alternatives/pocket","can","12","0","0","35.75"
"https://www.marqly.com/alternatives/pocket","che","2","0","0","4"
"https://www.marqly.com/alternatives/pocket","cze","1","0","0","2"
"https://www.marqly.com/alternatives/pocket","deu","16","0","0","44.875"
"https://www.marqly.com/alternatives/pocket","esp","7","0","0","7.428571428571429"
"https://www.marqly.com/alternatives/pocket","fin","2","0","0","10"
"https://www.marqly.com/alternatives/pocket","fra","14","0","0","32.714285714285715"
"https://www.marqly.com/alternatives/pocket","gbr","6","0","0","20.666666666666668"
"https://www.marqly.com/alternatives/pocket","grc","1","0","0","9"
"https://www.marqly.com/alternatives/pocket","hkg","2","0","0","1"
"https://www.marqly.com/alternatives/pocket","idn","4","0","0","8.5"
"https://www.marqly.com/alternatives/pocket","ind","10","0","0","38.3"
"https://www.marqly.com/alternatives/pocket","isr","1","0","0","1"
"https://www.marqly.com/alternatives/pocket","ita","6","0","0","11.166666666666666"
"https://www.marqly.com/alternatives/pocket","kor","1","0","0","7"
"https://www.marqly.com/alternatives/pocket","nld","5","0","0","16"
"https://www.marqly.com/alternatives/pocket","nor","2","0","0","9"
"https://www.marqly.com/alternatives/pocket","npl","1","0","0","10"
"https://www.marqly.com/alternatives/pocket","pak","1","0","0","50"
"https://www.marqly.com/alternatives/pocket","phl","1","0","0","24"
"https://www.marqly.com/alternatives/pocket","pol","4","0","0","31.5"
"https://www.marqly.com/alternatives/pocket","prt","1","0","0","1"
"https://www.marqly.com/alternatives/pocket","qat","1","0","0","35"
"https://www.marqly.com/alternatives/pocket","rus","5","0","0","33.4"
"https://www.marqly.com/alternatives/pocket","sgp","1","0","0","9"
"https://www.marqly.com/alternatives/pocket","swe","1","0","0","9"
"https://www.marqly.com/alternatives/pocket","tur","3","0","0","27.333333333333332"
"https://www.marqly.com/alternatives/pocket","ukr","1","0","0","11"
"https://www.marqly.com/alternatives/pocket","usa","102","0","0","30.441176470588236"
"https://www.marqly.com/alternatives/pocket","vnm","1","0","0","30"
"https://www.marqly.com/alternatives/pocket","zaf","1","0","0","1"
"https://www.marqly.com/alternatives/pocket","zmb","1","0","0","41"
"https://www.marqly.com/alternatives/raindrop","alb","2","0","0","7"
"https://www.marqly.com/alternatives/raindrop","and","1","0","0","10"
"https://www.marqly.com/alternatives/raindrop","arg","5","0","0","5.4"
"https://www.marqly.com/alternatives/raindrop","aus","13","0","0","8.461538461538462"
"https://www.marqly.com/alternatives/raindrop","aut","1","0","0","18"
"https://www.marqly.com/alternatives/raindrop","bgd","5","0","0","28.2"
"https://www.marqly.com/alternatives/raindrop","bra","11","0","0","7.7272727272727275"
"https://www.marqly.com/alternatives/raindrop","can","10","0","0","14.2"
"https://www.marqly.com/alternatives/raindrop","chn","1","0","0","22"
"https://www.marqly.com/alternatives/raindrop","col","3","0","0","5.333333333333333"
"https://www.marqly.com/alternatives/raindrop","cri","2","0","0","4"
"https://www.marqly.com/alternatives/raindrop","cyp","2","0","0","4.5"
"https://www.marqly.com/alternatives/raindrop","cze","5","0","0","6.6"
"https://www.marqly.com/alternatives/raindrop","deu","16","0","0","10.1875"
"https://www.marqly.com/alternatives/raindrop","dnk","6","0","0","5.166666666666667"
"https://www.marqly.com/alternatives/raindrop","dza","3","0","0","8"
"https://www.marqly.com/alternatives/raindrop","ecu","1","0","0","2"
"https://www.marqly.com/alternatives/raindrop","egy","7","0","0","8"
"https://www.marqly.com/alternatives/raindrop","esp","4","0","0","29.75"
"https://www.marqly.com/alternatives/raindrop","est","2","0","0","12.5"
"https://www.marqly.com/alternatives/raindrop","fin","1","0","0","6"
"https://www.marqly.com/alternatives/raindrop","fra","6","0","0","21.666666666666668"
"https://www.marqly.com/alternatives/raindrop","gbr","35","0","0","20.228571428571428"
"https://www.marqly.com/alternatives/raindrop","gha","1","0","0","2"
"https://www.marqly.com/alternatives/raindrop","hkg","3","0","0","7.666666666666667"
"https://www.marqly.com/alternatives/raindrop","hrv","1","0","0","4"
"https://www.marqly.com/alternatives/raindrop","hun","5","0","0","6.8"
"https://www.marqly.com/alternatives/raindrop","irl","1","0","0","1"
"https://www.marqly.com/alternatives/raindrop","irn","2","0","0","8.5"
"https://www.marqly.com/alternatives/raindrop","isr","3","0","0","22.666666666666668"
"https://www.marqly.com/alternatives/raindrop","jor","3","0","0","19.666666666666668"
"https://www.marqly.com/alternatives/raindrop","jpn","10","0","0","8.2"
"https://www.marqly.com/alternatives/raindrop","kaz","1","0","0","3"
"https://www.marqly.com/alternatives/raindrop","kor","5","0","0","9"
"https://www.marqly.com/alternatives/raindrop","ltu","1","0","0","9"
"https://www.marqly.com/alternatives/raindrop","mda","1","0","0","11"
"https://www.marqly.com/alternatives/raindrop","mex","6","0","0","12.666666666666666"
"https://www.marqly.com/alternatives/raindrop","mng","1","0","0","7"
"https://www.marqly.com/alternatives/raindrop","moz","1","0","0","9"
"https://www.marqly.com/alternatives/raindrop","mys","9","0","0","13"
"https://www.marqly.com/alternatives/raindrop","nic","1","0","0","7"
"https://www.marqly.com/alternatives/raindrop","nld","12","0","0","6.166666666666667"
"https://www.marqly.com/alternatives/raindrop","nor","2","0","0","9.5"
"https://www.marqly.com/alternatives/raindrop","pak","1","0","0","17"
"https://www.marqly.com/alternatives/raindrop","phl","3","0","0","15.333333333333334"
"https://www.marqly.com/alternatives/raindrop","pol","10","0","0","7.2"
"https://www.marqly.com/alternatives/raindrop","prt","2","0","0","2"
"https://www.marqly.com/alternatives/raindrop","pse","1","0","0","2"
"https://www.marqly.com/alternatives/raindrop","reu","2","0","0","7"
"https://www.marqly.com/alternatives/raindrop","rou","2","0","0","3.5"
"https://www.marqly.com/alternatives/raindrop","rus","8","0","0","4.625"
"https://www.marqly.com/alternatives/raindrop","sau","2","0","0","19"
"https://www.marqly.com/alternatives/raindrop","sgp","6","0","0","4.833333333333334"
"https://www.marqly.com/alternatives/raindrop","srb","2","0","0","7.5"
"https://www.marqly.com/alternatives/raindrop","svk","5","0","0","8"
"https://www.marqly.com/alternatives/raindrop","swe","5","0","0","8.2"
"https://www.marqly.com/alternatives/raindrop","tha","3","0","0","29.666666666666668"
"https://www.marqly.com/alternatives/raindrop","tun","1","0","0","10"
"https://www.marqly.com/alternatives/raindrop","tur","6","0","0","20.5"
"https://www.marqly.com/alternatives/raindrop","twn","3","0","0","7"
"https://www.marqly.com/alternatives/raindrop","ukr","3","0","0","9.666666666666666"
"https://www.marqly.com/alternatives/raindrop","vnm","4","0","0","11.5"
"https://www.marqly.com/alternatives/raindrop","yem","1","0","0","4"
"https://www.marqly.com/alternatives/raindrop","zaf","2","0","0","4"
"https://www.marqly.com/alternatives/readwise","bgd","1","0","0","10"
"https://www.marqly.com/alternatives/readwise","bra","5","0","0","6.8"
"https://www.marqly.com/alternatives/readwise","can","5","0","0","9.4"
"https://www.marqly.com/alternatives/readwise","che","4","0","0","11"
"https://www.marqly.com/alternatives/readwise","chn","1","0","0","13"
"https://www.marqly.com/alternatives/readwise","cze","2","0","0","8.5"
"https://www.marqly.com/alternatives/readwise","deu","10","0","0","9.6"
"https://www.marqly.com/alternatives/readwise","egy","2","0","0","12"
"https://www.marqly.com/alternatives/readwise","esp","7","0","0","8"
"https://www.marqly.com/alternatives/readwise","gbr","9","0","0","9.333333333333334"
"https://www.marqly.com/alternatives/readwise","hkg","2","0","0","13"
"https://www.marqly.com/alternatives/readwise","idn","1","0","0","11"
"https://www.marqly.com/alternatives/readwise","jpn","1","0","0","4"
"https://www.marqly.com/alternatives/readwise","mar","1","0","0","11"
"https://www.marqly.com/alternatives/readwise","mex","1","0","0","9"
"https://www.marqly.com/alternatives/readwise","mkd","1","0","0","9"
"https://www.marqly.com/alternatives/readwise","nld","8","0","0","10.625"
"https://www.marqly.com/alternatives/readwise","pol","1","0","0","11"
"https://www.marqly.com/alternatives/readwise","prt","2","0","0","10.5"
"https://www.marqly.com/alternatives/readwise","rus","1","0","0","10"
"https://www.marqly.com/alternatives/readwise","sau","2","0","0","9.5"
"https://www.marqly.com/alternatives/readwise","sgp","1","0","0","11"
"https://www.marqly.com/alternatives/readwise","tha","1","0","0","10"
"https://www.marqly.com/alternatives/readwise","twn","2","0","0","9"
"https://www.marqly.com/alternatives/readwise","usa","23","0","0","13.478260869565217"
"https://www.marqly.com/alternatives/readwise","vnm","1","0","0","11"
"https://www.marqly.com/alternatives/readwise-reader","are","2","0","0","6.5"
"https://www.marqly.com/alternatives/readwise-reader","aus","3","0","0","31.666666666666668"
"https://www.marqly.com/alternatives/readwise-reader","bgd","1","0","0","11"
"https://www.marqly.com/alternatives/readwise-reader","bih","1","0","0","10"
"https://www.marqly.com/alternatives/readwise-reader","bra","1","0","0","6"
"https://www.marqly.com/alternatives/readwise-reader","col","1","0","0","18"
"https://www.marqly.com/alternatives/readwise-reader","cze","1","0","0","9"
"https://www.marqly.com/alternatives/readwise-reader","deu","3","0","0","9.333333333333334"
"https://www.marqly.com/alternatives/readwise-reader","dnk","2","0","0","10.5"
"https://www.marqly.com/alternatives/readwise-reader","dom","1","0","0","10"
"https://www.marqly.com/alternatives/readwise-reader","dza","1","0","0","11"
"https://www.marqly.com/alternatives/readwise-reader","esp","2","0","0","7"
"https://www.marqly.com/alternatives/readwise-reader","est","1","0","0","10"
"https://www.marqly.com/alternatives/readwise-reader","fin","1","0","0","21"
"https://www.marqly.com/alternatives/readwise-reader","fra","5","0","0","10.8"
"https://www.marqly.com/alternatives/readwise-reader","gbr","6","0","0","18.166666666666668"
"https://www.marqly.com/alternatives/readwise-reader","grc","3","0","0","6.666666666666667"
"https://www.marqly.com/alternatives/readwise-reader","idn","2","0","0","20"
"https://www.marqly.com/alternatives/readwise-reader","ind","4","0","0","43.5"
"https://www.marqly.com/alternatives/readwise-reader","isr","1","0","0","3"
"https://www.marqly.com/alternatives/readwise-reader","ita","3","0","0","14"
"https://www.marqly.com/alternatives/readwise-reader","kor","1","0","0","9"
"https://www.marqly.com/alternatives/readwise-reader","mex","1","0","0","15"
"https://www.marqly.com/alternatives/readwise-reader","nga","2","0","0","7"
"https://www.marqly.com/alternatives/readwise-reader","nld","1","0","0","11"
"https://www.marqly.com/alternatives/readwise-reader","pol","1","0","0","11"
"https://www.marqly.com/alternatives/readwise-reader","prt","1","0","0","10"
"https://www.marqly.com/alternatives/readwise-reader","qat","3","0","0","11"
"https://www.marqly.com/alternatives/readwise-reader","rou","1","0","0","10"
"https://www.marqly.com/alternatives/readwise-reader","rus","1","0","0","20"
"https://www.marqly.com/alternatives/readwise-reader","swe","2","0","0","15.5"
"https://www.marqly.com/alternatives/readwise-reader","tha","1","0","0","35"
"https://www.marqly.com/alternatives/readwise-reader","twn","2","0","0","13.5"
"https://www.marqly.com/alternatives/readwise-reader","ukr","1","0","0","24"
"https://www.marqly.com/alternatives/readwise-reader","vnm","4","0","0","14.5"
"https://www.marqly.com/alternatives/session-buddy","afg","1","0","0","7"
"https://www.marqly.com/alternatives/session-buddy","ago","1","0","0","9"
"https://www.marqly.com/alternatives/session-buddy","are","2","0","0","8"
"https://www.marqly.com/alternatives/session-buddy","arg","2","0","0","5"
"https://www.marqly.com/alternatives/session-buddy","arm","1","0","0","9"
"https://www.marqly.com/alternatives/session-buddy","aus","10","0","0","16.6"
"https://www.marqly.com/alternatives/session-buddy","aut","7","0","0","12.285714285714286"
"https://www.marqly.com/alternatives/session-buddy","bel","3","0","0","12.666666666666666"
"https://www.marqly.com/alternatives/session-buddy","bgd","1","0","0","5"
"https://www.marqly.com/alternatives/session-buddy","bgr","1","0","0","8"
"https://www.marqly.com/alternatives/session-buddy","bih","1","0","0","6"
"https://www.marqly.com/alternatives/session-buddy","blz","2","0","0","10.5"
"https://www.marqly.com/alternatives/session-buddy","bra","7","0","0","17.285714285714285"
"https://www.marqly.com/alternatives/session-buddy","can","2","0","0","17"
"https://www.marqly.com/alternatives/session-buddy","che","1","0","0","1"
"https://www.marqly.com/alternatives/session-buddy","cmr","1","0","0","8"
"https://www.marqly.com/alternatives/session-buddy","deu","3","0","0","20.333333333333332"
"https://www.marqly.com/alternatives/session-buddy","dnk","1","0","0","8"
"https://www.marqly.com/alternatives/session-buddy","egy","4","0","0","11"
"https://www.marqly.com/alternatives/session-buddy","esp","7","0","0","8.285714285714285"
"https://www.marqly.com/alternatives/session-buddy","fin","1","0","0","10"
"https://www.marqly.com/alternatives/session-buddy","fra","3","0","0","15.666666666666666"
"https://www.marqly.com/alternatives/session-buddy","gbr","6","0","0","10.333333333333334"
"https://www.marqly.com/alternatives/session-buddy","gha","1","0","0","7"
"https://www.marqly.com/alternatives/session-buddy","grc","1","0","0","8"
"https://www.marqly.com/alternatives/session-buddy","hrv","1","0","0","10"
"https://www.marqly.com/alternatives/session-buddy","hti","2","0","0","8"
"https://www.marqly.com/alternatives/session-buddy","hun","3","0","0","14.333333333333334"
"https://www.marqly.com/alternatives/session-buddy","idn","3","0","0","2.666666666666667"
"https://www.marqly.com/alternatives/session-buddy","ind","6","0","0","12.5"
"https://www.marqly.com/alternatives/session-buddy","irl","1","0","0","6"
"https://www.marqly.com/alternatives/session-buddy","isr","3","0","0","10.333333333333334"
"https://www.marqly.com/alternatives/session-buddy","ita","8","0","0","18.5"
"https://www.marqly.com/alternatives/session-buddy","jpn","1","0","0","11"
"https://www.marqly.com/alternatives/session-buddy","ken","2","0","0","9"
"https://www.marqly.com/alternatives/session-buddy","kwt","1","0","0","5"
"https://www.marqly.com/alternatives/session-buddy","lbn","1","0","0","7"
"https://www.marqly.com/alternatives/session-buddy","lby","1","0","0","6"
"https://www.marqly.com/alternatives/session-buddy","mar","1","0","0","8"
"https://www.marqly.com/alternatives/session-buddy","mdg","1","0","0","4"
"https://www.marqly.com/alternatives/session-buddy","mex","4","0","0","16"
"https://www.marqly.com/alternatives/session-buddy","mlt","1","0","0","9"
"https://www.marqly.com/alternatives/session-buddy","nld","5","0","0","10.8"
"https://www.marqly.com/alternatives/session-buddy","nzl","3","0","0","8.666666666666668"
"https://www.marqly.com/alternatives/session-buddy","omn","1","0","0","7"
"https://www.marqly.com/alternatives/session-buddy","pak","2","0","0","15"
"https://www.marqly.com/alternatives/session-buddy","per","1","0","0","7"
"https://www.marqly.com/alternatives/session-buddy","pol","9","0","0","15.777777777777779"
"https://www.marqly.com/alternatives/session-buddy","rou","2","0","0","7.5"
"https://www.marqly.com/alternatives/session-buddy","rus","2","0","0","13"
"https://www.marqly.com/alternatives/session-buddy","sgp","3","0","0","11.333333333333334"
"https://www.marqly.com/alternatives/session-buddy","slv","1","0","0","10"
"https://www.marqly.com/alternatives/session-buddy","svk","1","0","0","4"
"https://www.marqly.com/alternatives/session-buddy","svn","1","0","0","1"
"https://www.marqly.com/alternatives/session-buddy","tun","1","0","0","8"
"https://www.marqly.com/alternatives/session-buddy","tur","11","0","0","12.818181818181818"
"https://www.marqly.com/alternatives/session-buddy","twn","6","0","0","8.333333333333332"
"https://www.marqly.com/alternatives/session-buddy","ukr","1","0","0","12"
"https://www.marqly.com/alternatives/session-buddy","ury","3","0","0","7"
"https://www.marqly.com/alternatives/session-buddy","usa","61","0","0","26.39344262295082"
"https://www.marqly.com/alternatives/session-buddy","vnm","5","0","0","18"
"https://www.marqly.com/alternatives/session-buddy","zaf","1","0","0","7"
"https://www.marqly.com/alternatives/toby","are","2","0","0","7.5"
"https://www.marqly.com/alternatives/toby","aus","5","0","0","19.2"
"https://www.marqly.com/alternatives/toby","bel","1","0","0","11"
"https://www.marqly.com/alternatives/toby","bgd","2","0","0","8.5"
"https://www.marqly.com/alternatives/toby","bra","4","0","0","25.75"
"https://www.marqly.com/alternatives/toby","can","7","0","0","14.714285714285714"
"https://www.marqly.com/alternatives/toby","chn","1","0","0","4"
"https://www.marqly.com/alternatives/toby","deu","4","0","0","12.5"
"https://www.marqly.com/alternatives/toby","esp","2","0","0","8.5"
"https://www.marqly.com/alternatives/toby","fji","2","0","0","8"
"https://www.marqly.com/alternatives/toby","fra","5","0","0","18.2"
"https://www.marqly.com/alternatives/toby","gbr","5","0","0","21.8"
"https://www.marqly.com/alternatives/toby","hkg","1","0","0","7"
"https://www.marqly.com/alternatives/toby","hun","1","0","0","7"
"https://www.marqly.com/alternatives/toby","idn","5","0","0","11.4"
"https://www.marqly.com/alternatives/toby","ind","9","0","0","14.333333333333334"
"https://www.marqly.com/alternatives/toby","ita","3","0","0","9.333333333333334"
"https://www.marqly.com/alternatives/toby","jpn","2","0","0","23.5"
"https://www.marqly.com/alternatives/toby","khm","2","0","0","8"
"https://www.marqly.com/alternatives/toby","lka","2","0","0","7.5"
"https://www.marqly.com/alternatives/toby","mex","1","0","0","4"
"https://www.marqly.com/alternatives/toby","moz","1","0","0","14"
"https://www.marqly.com/alternatives/toby","mys","2","0","0","12.5"
"https://www.marqly.com/alternatives/toby","omn","1","0","0","8"
"https://www.marqly.com/alternatives/toby","pak","6","0","0","11.833333333333334"
"https://www.marqly.com/alternatives/toby","phl","1","0","0","28"
"https://www.marqly.com/alternatives/toby","qat","1","0","0","5"
"https://www.marqly.com/alternatives/toby","rus","2","0","0","26"
"https://www.marqly.com/alternatives/toby","sau","2","0","0","7"
"https://www.marqly.com/alternatives/toby","swe","1","0","0","10"
"https://www.marqly.com/alternatives/toby","tha","1","0","0","22"
"https://www.marqly.com/alternatives/toby","ukr","2","0","0","13.5"
"https://www.marqly.com/alternatives/toby","usa","83","0","0","23.55421686746988"
"https://www.marqly.com/alternatives/toby","vnm","1","0","0","18"
"https://www.marqly.com/alternatives/wallabag","arg","1","0","0","9"
"https://www.marqly.com/alternatives/wallabag","aus","8","0","0","3.375"
"https://www.marqly.com/alternatives/wallabag","aut","2","0","0","5.5"
"https://www.marqly.com/alternatives/wallabag","bel","4","0","0","2.75"
"https://www.marqly.com/alternatives/wallabag","bra","3","0","0","6.666666666666667"
"https://www.marqly.com/alternatives/wallabag","can","4","0","0","3"
"https://www.marqly.com/alternatives/wallabag","che","2","0","0","3.5"
"https://www.marqly.com/alternatives/wallabag","cze","2","0","0","4"
"https://www.marqly.com/alternatives/wallabag","deu","21","0","0","5.857142857142857"
"https://www.marqly.com/alternatives/wallabag","esp","3","0","0","2.333333333333333"
"https://www.marqly.com/alternatives/wallabag","fra","10","0","0","5.4"
"https://www.marqly.com/alternatives/wallabag","gbr","2","0","0","5"
"https://www.marqly.com/alternatives/wallabag","idn","2","0","0","3.5"
"https://www.marqly.com/alternatives/wallabag","ind","4","0","0","6.75"
"https://www.marqly.com/alternatives/wallabag","ita","2","0","0","7"
"https://www.marqly.com/alternatives/wallabag","jpn","1","0","0","3"
"https://www.marqly.com/alternatives/wallabag","nld","10","0","0","4.3"
"https://www.marqly.com/alternatives/wallabag","nor","1","0","0","9"
"https://www.marqly.com/alternatives/wallabag","nzl","1","0","0","1"
"https://www.marqly.com/alternatives/wallabag","rus","1","0","0","4"
"https://www.marqly.com/alternatives/wallabag","swe","1","0","0","1"
"https://www.marqly.com/alternatives/wallabag","tur","4","0","0","2.75"
"https://www.marqly.com/alternatives/wallabag","twn","1","0","0","5"
"https://www.marqly.com/alternatives/wallabag","vnm","1","0","0","3"
"https://www.marqly.com/alternatives/weava","ago","1","0","0","13"
"https://www.marqly.com/alternatives/weava","are","2","0","0","12.5"
"https://www.marqly.com/alternatives/weava","aus","5","0","0","23.2"
"https://www.marqly.com/alternatives/weava","bel","1","0","0","9"
"https://www.marqly.com/alternatives/weava","bra","6","0","0","19.166666666666668"
"https://www.marqly.com/alternatives/weava","brb","1","0","0","8"
"https://www.marqly.com/alternatives/weava","can","2","0","0","11"
"https://www.marqly.com/alternatives/weava","col","2","0","0","6.5"
"https://www.marqly.com/alternatives/weava","esp","1","0","0","18"
"https://www.marqly.com/alternatives/weava","fin","1","0","0","7"
"https://www.marqly.com/alternatives/weava","fra","6","0","0","11.333333333333334"
"https://www.marqly.com/alternatives/weava","gbr","5","0","0","9"
"https://www.marqly.com/alternatives/weava","grc","1","0","0","8"
"https://www.marqly.com/alternatives/weava","hkg","1","0","0","7"
"https://www.marqly.com/alternatives/weava","irl","2","0","0","9.5"
"https://www.marqly.com/alternatives/weava","isr","1","0","0","7"
"https://www.marqly.com/alternatives/weava","mex","3","0","0","21"
"https://www.marqly.com/alternatives/weava","mys","1","0","0","5"
"https://www.marqly.com/alternatives/weava","nld","1","0","0","8"
"https://www.marqly.com/alternatives/weava","npl","1","0","0","17"
"https://www.marqly.com/alternatives/weava","phl","2","0","0","8.5"
"https://www.marqly.com/alternatives/weava","rou","3","0","0","9.333333333333334"
"https://www.marqly.com/alternatives/weava","rus","2","0","0","13.5"
"https://www.marqly.com/alternatives/weava","sau","1","0","0","9"
"https://www.marqly.com/alternatives/weava","srb","3","0","0","4.333333333333334"
"https://www.marqly.com/alternatives/weava","swe","2","0","0","6.5"
"https://www.marqly.com/alternatives/weava","tha","1","0","0","10"
"https://www.marqly.com/alternatives/weava","tto","1","0","0","6"
"https://www.marqly.com/alternatives/weava","tur","2","0","0","22"
"https://www.marqly.com/alternatives/weava","usa","26","0","0","25.923076923076923"
"https://www.marqly.com/alternatives/weava","vnm","1","0","0","6"
"https://www.marqly.com/alternatives/workona","are","1","0","0","5"
"https://www.marqly.com/alternatives/workona","aus","1","0","0","33"
"https://www.marqly.com/alternatives/workona","bel","3","0","0","7"
"https://www.marqly.com/alternatives/workona","bgd","2","0","0","9.5"
"https://www.marqly.com/alternatives/workona","bih","1","0","0","6"
"https://www.marqly.com/alternatives/workona","bra","3","0","0","2.666666666666667"
"https://www.marqly.com/alternatives/workona","can","5","0","0","21.4"
"https://www.marqly.com/alternatives/workona","chl","1","0","0","8"
"https://www.marqly.com/alternatives/workona","chn","5","0","0","3.6"
"https://www.marqly.com/alternatives/workona","col","3","0","0","9"
"https://www.marqly.com/alternatives/workona","deu","14","0","0","10.142857142857142"
"https://www.marqly.com/alternatives/workona","egy","2","0","0","4"
"https://www.marqly.com/alternatives/workona","esp","1","0","0","6"
"https://www.marqly.com/alternatives/workona","fra","3","0","0","18.666666666666668"
"https://www.marqly.com/alternatives/workona","gbr","11","0","0","21.454545454545453"
"https://www.marqly.com/alternatives/workona","grc","2","0","0","4"
"https://www.marqly.com/alternatives/workona","hkg","1","0","0","22"
"https://www.marqly.com/alternatives/workona","ind","7","0","0","8.857142857142858"
"https://www.marqly.com/alternatives/workona","isr","3","0","0","11.666666666666666"
"https://www.marqly.com/alternatives/workona","ita","2","0","0","6.5"
"https://www.marqly.com/alternatives/workona","jpn","1","0","0","6"
"https://www.marqly.com/alternatives/workona","kor","1","0","0","3"
"https://www.marqly.com/alternatives/workona","mar","1","0","0","9"
"https://www.marqly.com/alternatives/workona","mus","1","0","0","4"
"https://www.marqly.com/alternatives/workona","mys","1","0","0","9"
"https://www.marqly.com/alternatives/workona","nld","2","0","0","8"
"https://www.marqly.com/alternatives/workona","pak","1","0","0","33"
"https://www.marqly.com/alternatives/workona","per","1","0","0","8"
"https://www.marqly.com/alternatives/workona","pol","3","0","0","24"
"https://www.marqly.com/alternatives/workona","sau","2","0","0","30.5"
"https://www.marqly.com/alternatives/workona","sgp","3","0","0","3"
"https://www.marqly.com/alternatives/workona","svk","1","0","0","5"
"https://www.marqly.com/alternatives/workona","tha","3","0","0","6.333333333333333"
"https://www.marqly.com/alternatives/workona","tur","3","0","0","4"
"https://www.marqly.com/alternatives/workona","twn","5","0","0","19.6"
"https://www.marqly.com/alternatives/workona","usa","236","0","0","11.322033898305085"
"https://www.marqly.com/best-bookmark-manager","afg","1","0","0","5"
"https://www.marqly.com/best-bookmark-manager","blr","1","0","0","10"
"https://www.marqly.com/best-bookmark-manager","bra","1","0","0","4"
"https://www.marqly.com/best-bookmark-manager","deu","24","0","0","7.5"
"https://www.marqly.com/best-bookmark-manager","egy","6","0","0","4.666666666666666"
"https://www.marqly.com/best-bookmark-manager","fra","1","0","0","17"
"https://www.marqly.com/best-bookmark-manager","gbr","29","0","0","6.103448275862069"
"https://www.marqly.com/best-bookmark-manager","ind","2","0","0","5"
"https://www.marqly.com/best-bookmark-manager","nld","8","0","0","35.75"
"https://www.marqly.com/best-bookmark-manager","prt","1","0","0","8"
"https://www.marqly.com/best-bookmark-manager","sau","1","0","0","29"
"https://www.marqly.com/best-bookmark-manager","usa","47","0","0","16.659574468085104"
"https://www.marqly.com/blog","arg","14","0","0","1.4285714285714286"
"https://www.marqly.com/blog","arm","2","0","0","1"
"https://www.marqly.com/blog","aus","57","0","0","5.12280701754386"
"https://www.marqly.com/blog","aut","8","0","0","2.375"
"https://www.marqly.com/blog","aze","2","0","0","7.5"
"https://www.marqly.com/blog","bel","7","0","0","1.5714285714285714"
"https://www.marqly.com/blog","bgd","79","0","0","2.2658227848101267"
"https://www.marqly.com/blog","bgr","3","0","0","1.6666666666666665"
"https://www.marqly.com/blog","bih","1","0","0","1"
"https://www.marqly.com/blog","blr","2","0","0","1"
"https://www.marqly.com/blog","bol","1","0","0","1"
"https://www.marqly.com/blog","bra","61","0","0","4.590163934426229"
"https://www.marqly.com/blog","brb","1","0","0","1"
"https://www.marqly.com/blog","can","61","0","0","6.508196721311475"
"https://www.marqly.com/blog","chl","1","0","0","1"
"https://www.marqly.com/blog","chn","12","0","0","1"
"https://www.marqly.com/blog","col","2","0","0","4"
"https://www.marqly.com/blog","cri","3","0","0","1.6666666666666665"
"https://www.marqly.com/blog","cyp","4","0","0","1"
"https://www.marqly.com/blog","cze","10","0","0","1"
"https://www.marqly.com/blog","deu","124","0","0","8.10483870967742"
"https://www.marqly.com/blog","dnk","12","0","0","1"
"https://www.marqly.com/blog","dom","3","0","0","10"
"https://www.marqly.com/blog","dza","10","0","0","11.4"
"https://www.marqly.com/blog","ecu","9","0","0","2.2222222222222223"
"https://www.marqly.com/blog","egy","16","0","0","1.8125"
"https://www.marqly.com/blog","esp","69","0","0","19.434782608695652"
"https://www.marqly.com/blog","est","3","0","0","1"
"https://www.marqly.com/blog","eth","3","0","0","1"
"https://www.marqly.com/blog","fin","5","0","0","3.2"
"https://www.marqly.com/blog","fra","55","0","0","4.090909090909091"
"https://www.marqly.com/blog","gbr","95","0","0","10.305263157894737"
"https://www.marqly.com/blog","geo","23","0","0","1"
"https://www.marqly.com/blog","gha","3","0","0","1"
"https://www.marqly.com/blog","glp","1","0","0","1"
"https://www.marqly.com/blog","grc","11","0","0","1"
"https://www.marqly.com/blog","gtm","3","0","0","1"
"https://www.marqly.com/blog","hkg","7","0","0","2.2857142857142856"
"https://www.marqly.com/blog","hrv","7","0","0","1"
"https://www.marqly.com/blog","hun","7","0","0","1"
"https://www.marqly.com/blog","idn","23","0","0","6.130434782608695"
"https://www.marqly.com/blog","ind","249","0","0","3.678714859437751"
"https://www.marqly.com/blog","irl","7","0","0","2.7142857142857144"
"https://www.marqly.com/blog","irn","5","0","0","1"
"https://www.marqly.com/blog","irq","2","0","0","1"
"https://www.marqly.com/blog","isl","14","0","0","1"
"https://www.marqly.com/blog","ita","44","0","0","2.590909090909091"
"https://www.marqly.com/blog","jor","3","0","0","1"
"https://www.marqly.com/blog","jpn","29","0","0","4.551724137931035"
"https://www.marqly.com/blog","ken","2","0","0","1"
"https://www.marqly.com/blog","khm","1","0","0","1"
"https://www.marqly.com/blog","kor","19","0","0","1"
"https://www.marqly.com/blog","kwt","5","0","0","1.4"
"https://www.marqly.com/blog","lbr","1","0","0","1"
"https://www.marqly.com/blog","lka","11","0","0","1"
"https://www.marqly.com/blog","ltu","4","0","0","1"
"https://www.marqly.com/blog","lux","1","0","0","1"
"https://www.marqly.com/blog","lva","3","0","0","1"
"https://www.marqly.com/blog","mar","21","0","0","2.142857142857143"
"https://www.marqly.com/blog","mex","20","0","0","2.4"
"https://www.marqly.com/blog","mmr","1","0","0","1"
"https://www.marqly.com/blog","moz","176","0","0","1.0909090909090908"
"https://www.marqly.com/blog","mys","11","0","0","1.7272727272727273"
"https://www.marqly.com/blog","nga","7","0","0","2.857142857142857"
"https://www.marqly.com/blog","nld","154","0","0","40.675324675324674"
"https://www.marqly.com/blog","nor","1","0","0","7"
"https://www.marqly.com/blog","npl","7","0","0","1.4285714285714286"
"https://www.marqly.com/blog","nzl","3","0","0","1"
"https://www.marqly.com/blog","pak","30","0","0","1.4666666666666668"
"https://www.marqly.com/blog","per","8","0","0","1.25"
"https://www.marqly.com/blog","phl","21","0","0","9.380952380952381"
"https://www.marqly.com/blog","pol","23","0","0","12.173913043478262"
"https://www.marqly.com/blog","pri","2","0","0","1"
"https://www.marqly.com/blog","prt","26","0","0","1"
"https://www.marqly.com/blog","qat","4","0","0","17.75"
"https://www.marqly.com/blog","rou","7","0","0","1"
"https://www.marqly.com/blog","rus","18","0","0","3.7222222222222223"
"https://www.marqly.com/blog","sau","14","0","0","12"
"https://www.marqly.com/blog","sgp","22","0","0","1.2727272727272727"
"https://www.marqly.com/blog","srb","6","0","0","1.3333333333333333"
"https://www.marqly.com/blog","svk","2","0","0","1"
"https://www.marqly.com/blog","svn","1","0","0","1"
"https://www.marqly.com/blog","tha","10","0","0","1.4"
"https://www.marqly.com/blog","tto","2","0","0","1"
"https://www.marqly.com/blog","tun","1","0","0","1"
"https://www.marqly.com/blog","tur","32","0","0","8.3125"
"https://www.marqly.com/blog","twn","7","0","0","5.285714285714286"
"https://www.marqly.com/blog","ukr","7","0","0","5.285714285714286"
"https://www.marqly.com/blog","ury","1","0","0","1"
"https://www.marqly.com/blog","ven","2","0","0","39.5"
"https://www.marqly.com/blog","vnm","28","0","0","9.964285714285714"
"https://www.marqly.com/blog","zaf","18","0","0","4.666666666666666"
"https://www.marqly.com/blog","zmb","1","0","0","1"
"https://www.marqly.com/blog/ai-bookmark-managers-semantic-search-compared","are","9","0","0","7"
"https://www.marqly.com/blog/ai-bookmark-managers-semantic-search-compared","arg","1","0","0","1"
"https://www.marqly.com/blog/ai-bookmark-managers-semantic-search-compared","aus","3","0","0","1"
"https://www.marqly.com/blog/ai-bookmark-managers-semantic-search-compared","bgd","8","0","0","1.5"
"https://www.marqly.com/blog/ai-bookmark-managers-semantic-search-compared","bra","3","0","0","1"
"https://www.marqly.com/blog/ai-bookmark-managers-semantic-search-compared","can","1","0","0","1"
"https://www.marqly.com/blog/ai-bookmark-managers-semantic-search-compared","che","1","0","0","1"
"https://www.marqly.com/blog/ai-bookmark-managers-semantic-search-compared","chn","2","0","0","1"
"https://www.marqly.com/blog/ai-bookmark-managers-semantic-search-compared","deu","4","0","0","3.75"
"https://www.marqly.com/blog/ai-bookmark-managers-semantic-search-compared","esp","3","0","0","1"
"https://www.marqly.com/blog/ai-bookmark-managers-semantic-search-compared","fra","7","0","0","1"
"https://www.marqly.com/blog/ai-bookmark-managers-semantic-search-compared","gbr","6","0","0","7.333333333333333"
"https://www.marqly.com/blog/ai-bookmark-managers-semantic-search-compared","grc","1","0","0","1"
"https://www.marqly.com/blog/ai-bookmark-managers-semantic-search-compared","hun","1","0","0","1"
"https://www.marqly.com/blog/ai-bookmark-managers-semantic-search-compared","idn","6","0","0","1"
"https://www.marqly.com/blog/ai-bookmark-managers-semantic-search-compared","ind","6","0","0","1"
"https://www.marqly.com/blog/ai-bookmark-managers-semantic-search-compared","ita","2","0","0","1"
"https://www.marqly.com/blog/ai-bookmark-managers-semantic-search-compared","ken","1","0","0","5"
"https://www.marqly.com/blog/ai-bookmark-managers-semantic-search-compared","kor","2","0","0","1"
"https://www.marqly.com/blog/ai-bookmark-managers-semantic-search-compared","kwt","1","0","0","1"
"https://www.marqly.com/blog/ai-bookmark-managers-semantic-search-compared","lux","1","0","0","1"
"https://www.marqly.com/blog/ai-bookmark-managers-semantic-search-compared","mar","2","0","0","1"
"https://www.marqly.com/blog/ai-bookmark-managers-semantic-search-compared","moz","8","0","0","1"
"https://www.marqly.com/blog/ai-bookmark-managers-semantic-search-compared","mys","1","0","0","1"
"https://www.marqly.com/blog/ai-bookmark-managers-semantic-search-compared","nga","1","0","0","1"
"https://www.marqly.com/blog/ai-bookmark-managers-semantic-search-compared","pak","3","0","0","1"
"https://www.marqly.com/blog/ai-bookmark-managers-semantic-search-compared","phl","1","0","0","45"
"https://www.marqly.com/blog/ai-bookmark-managers-semantic-search-compared","prt","2","0","0","1"
"https://www.marqly.com/blog/ai-bookmark-managers-semantic-search-compared","rus","1","0","0","1"
"https://www.marqly.com/blog/ai-bookmark-managers-semantic-search-compared","sgp","2","0","0","1"
"https://www.marqly.com/blog/ai-bookmark-managers-semantic-search-compared","srb","1","0","0","1"
"https://www.marqly.com/blog/ai-bookmark-managers-semantic-search-compared","tur","1","0","0","1"
"https://www.marqly.com/blog/ai-bookmark-managers-semantic-search-compared","usa","13","0","0","7.538461538461538"
"https://www.marqly.com/blog/ai-bookmark-managers-semantic-search-compared","vnm","1","0","0","1"
"https://www.marqly.com/blog/ai-bookmark-managers-semantic-search-compared","zaf","4","0","0","6"
"https://www.marqly.com/blog/best-ai-bookmark-manager-2026","alb","1","0","0","6"
"https://www.marqly.com/blog/best-ai-bookmark-manager-2026","are","2","0","0","10"
"https://www.marqly.com/blog/best-ai-bookmark-manager-2026","aus","1","0","0","8"
"https://www.marqly.com/blog/best-ai-bookmark-manager-2026","bgd","1","0","0","7"
"https://www.marqly.com/blog/best-ai-bookmark-manager-2026","bra","1","0","0","7"
"https://www.marqly.com/blog/best-ai-bookmark-manager-2026","can","2","0","0","5.5"
"https://www.marqly.com/blog/best-ai-bookmark-manager-2026","che","1","0","0","3"
"https://www.marqly.com/blog/best-ai-bookmark-manager-2026","cze","2","0","0","6.5"
"https://www.marqly.com/blog/best-ai-bookmark-manager-2026","deu","57","0","0","8.105263157894736"
"https://www.marqly.com/blog/best-ai-bookmark-manager-2026","egy","1","0","0","5"
"https://www.marqly.com/blog/best-ai-bookmark-manager-2026","fin","1","0","0","10"
"https://www.marqly.com/blog/best-ai-bookmark-manager-2026","fra","7","0","0","7.857142857142857"
"https://www.marqly.com/blog/best-ai-bookmark-manager-2026","idn","5","0","0","26"
"https://www.marqly.com/blog/best-ai-bookmark-manager-2026","ind","5","0","0","13"
"https://www.marqly.com/blog/best-ai-bookmark-manager-2026","ita","1","0","0","24"
"https://www.marqly.com/blog/best-ai-bookmark-manager-2026","jpn","3","0","0","13.333333333333334"
"https://www.marqly.com/blog/best-ai-bookmark-manager-2026","kor","1","0","0","7"
"https://www.marqly.com/blog/best-ai-bookmark-manager-2026","mar","1","0","0","11"
"https://www.marqly.com/blog/best-ai-bookmark-manager-2026","nld","4","0","0","8.25"
"https://www.marqly.com/blog/best-ai-bookmark-manager-2026","nzl","2","0","0","9.5"
"https://www.marqly.com/blog/best-ai-bookmark-manager-2026","pol","6","0","0","10.166666666666666"
"https://www.marqly.com/blog/best-ai-bookmark-manager-2026","rou","1","0","0","15"
"https://www.marqly.com/blog/best-ai-bookmark-manager-2026","rus","1","0","0","1"
"https://www.marqly.com/blog/best-ai-bookmark-manager-2026","sgp","2","0","0","36"
"https://www.marqly.com/blog/best-ai-bookmark-manager-2026","srb","1","0","0","9"
"https://www.marqly.com/blog/best-ai-bookmark-manager-2026","swe","2","0","0","7.5"
"https://www.marqly.com/blog/best-ai-bookmark-manager-2026","tha","1","0","0","1"
"https://www.marqly.com/blog/best-ai-bookmark-manager-2026","tur","1","0","0","7"
"https://www.marqly.com/blog/best-ai-bookmark-manager-2026","twn","1","0","0","9"
"https://www.marqly.com/blog/best-ai-bookmark-manager-2026","ukr","1","0","0","22"
"https://www.marqly.com/blog/best-ai-bookmark-manager-2026/","bgd","1","0","0","2"
"https://www.marqly.com/blog/best-ai-bookmark-manager-2026/","gbr","1","0","0","7"
"https://www.marqly.com/blog/best-ai-bookmark-manager-2026/","kor","1","0","0","1"
"https://www.marqly.com/blog/best-ai-bookmark-manager-2026/","pol","2","0","0","8"
"https://www.marqly.com/blog/best-ai-bookmark-manager-2026/","usa","6","0","0","16.5"
"https://www.marqly.com/blog/best-ai-bookmark-manager-2026/","ven","1","0","0","9"
"https://www.marqly.com/blog/best-free-bookmark-managers-2026","are","1","0","0","1"
"https://www.marqly.com/blog/best-free-bookmark-managers-2026","aus","6","0","0","11.666666666666666"
"https://www.marqly.com/blog/best-free-bookmark-managers-2026","bgd","3","0","0","5.666666666666667"
"https://www.marqly.com/blog/best-free-bookmark-managers-2026","can","6","0","0","12"
"https://www.marqly.com/blog/best-free-bookmark-managers-2026","che","3","0","0","4.333333333333334"
"https://www.marqly.com/blog/best-free-bookmark-managers-2026","deu","15","0","0","9.266666666666667"
"https://www.marqly.com/blog/best-free-bookmark-managers-2026","dnk","1","0","0","4"
"https://www.marqly.com/blog/best-free-bookmark-managers-2026","egy","1","0","0","9"
"https://www.marqly.com/blog/best-free-bookmark-managers-2026","esp","2","0","0","4.5"
"https://www.marqly.com/blog/best-free-bookmark-managers-2026","eth","1","0","0","7"
"https://www.marqly.com/blog/best-free-bookmark-managers-2026","fin","2","0","0","9"
"https://www.marqly.com/blog/best-free-bookmark-managers-2026","fra","3","0","0","9.333333333333334"
"https://www.marqly.com/blog/best-free-bookmark-managers-2026","gbr","21","0","0","8.952380952380953"
"https://www.marqly.com/blog/best-free-bookmark-managers-2026","hkg","3","0","0","10.333333333333334"
"https://www.marqly.com/blog/best-free-bookmark-managers-2026","hrv","1","0","0","1"
"https://www.marqly.com/blog/best-free-bookmark-managers-2026","irl","2","0","0","5.5"
"https://www.marqly.com/blog/best-free-bookmark-managers-2026","ita","4","0","0","8.5"
"https://www.marqly.com/blog/best-free-bookmark-managers-2026","jpn","3","0","0","10"
"https://www.marqly.com/blog/best-free-bookmark-managers-2026","ken","1","0","0","7"
"https://www.marqly.com/blog/best-free-bookmark-managers-2026","kor","1","0","0","10"
"https://www.marqly.com/blog/best-free-bookmark-managers-2026","mex","1","0","0","8"
"https://www.marqly.com/blog/best-free-bookmark-managers-2026","nld","72","0","0","16.01388888888889"
"https://www.marqly.com/blog/best-free-bookmark-managers-2026","nor","1","0","0","8"
"https://www.marqly.com/blog/best-free-bookmark-managers-2026","nzl","1","0","0","10"
"https://www.marqly.com/blog/best-free-bookmark-managers-2026","pak","1","0","0","9"
"https://www.marqly.com/blog/best-free-bookmark-managers-2026","pan","2","0","0","8"
"https://www.marqly.com/blog/best-free-bookmark-managers-2026","per","1","0","0","10"
"https://www.marqly.com/blog/best-free-bookmark-managers-2026","phl","2","0","0","5"
"https://www.marqly.com/blog/best-free-bookmark-managers-2026","prt","1","0","0","6"
"https://www.marqly.com/blog/best-free-bookmark-managers-2026","rus","1","0","0","15"
"https://www.marqly.com/blog/best-free-bookmark-managers-2026","sgp","1","0","0","6"
"https://www.marqly.com/blog/best-free-bookmark-managers-2026","tha","1","0","0","7"
"https://www.marqly.com/blog/best-free-bookmark-managers-2026","zaf","2","0","0","3"
"https://www.marqly.com/blog/best-pocket-alternatives-2026","abw","1","0","0","10"
"https://www.marqly.com/blog/best-pocket-alternatives-2026","ago","1","0","0","7"
"https://www.marqly.com/blog/best-pocket-alternatives-2026","alb","1","0","0","6"
"https://www.marqly.com/blog/best-pocket-alternatives-2026","arg","2","0","0","10"
"https://www.marqly.com/blog/best-pocket-alternatives-2026","arm","1","0","0","9"
"https://www.marqly.com/blog/best-pocket-alternatives-2026","aze","2","0","0","9.5"
"https://www.marqly.com/blog/best-pocket-alternatives-2026","bgr","7","0","0","8.571428571428571"
"https://www.marqly.com/blog/best-pocket-alternatives-2026","bhr","1","0","0","9"
"https://www.marqly.com/blog/best-pocket-alternatives-2026","bhs","1","0","0","9"
"https://www.marqly.com/blog/best-pocket-alternatives-2026","bih","5","0","0","7.8"
"https://www.marqly.com/blog/best-pocket-alternatives-2026","blr","1","0","0","11"
"https://www.marqly.com/blog/best-pocket-alternatives-2026","bol","3","0","0","9"
"https://www.marqly.com/blog/best-pocket-alternatives-2026","bra","59","0","0","9.94915254237288"
"https://www.marqly.com/blog/best-pocket-alternatives-2026","che","43","0","0","7.906976744186046"
"https://www.marqly.com/blog/best-pocket-alternatives-2026","chl","7","0","0","8"
"https://www.marqly.com/blog/best-pocket-alternatives-2026","chn","5","0","0","8.2"
"https://www.marqly.com/blog/best-pocket-alternatives-2026","col","4","0","0","7.5"
"https://www.marqly.com/blog/best-pocket-alternatives-2026","cri","10","0","0","11.3"
"https://www.marqly.com/blog/best-pocket-alternatives-2026","cyp","3","0","0","9.666666666666666"
"https://www.marqly.com/blog/best-pocket-alternatives-2026","dom","2","0","0","9.5"
"https://www.marqly.com/blog/best-pocket-alternatives-2026","dza","5","0","0","7.8"
"https://www.marqly.com/blog/best-pocket-alternatives-2026","egy","11","0","0","8.454545454545453"
"https://www.marqly.com/blog/best-pocket-alternatives-2026","est","7","0","0","8.428571428571429"
"https://www.marqly.com/blog/best-pocket-alternatives-2026","fin","14","0","0","7.642857142857143"
"https://www.marqly.com/blog/best-pocket-alternatives-2026","fra","43","0","0","10.790697674418604"
"https://www.marqly.com/blog/best-pocket-alternatives-2026","geo","2","0","0","9.5"
"https://www.marqly.com/blog/best-pocket-alternatives-2026","gha","5","0","0","8.6"
"https://www.marqly.com/blog/best-pocket-alternatives-2026","gib","1","0","0","11"
"https://www.marqly.com/blog/best-pocket-alternatives-2026","grc","7","0","0","16.42857142857143"
"https://www.marqly.com/blog/best-pocket-alternatives-2026","gtm","1","0","0","9"
"https://www.marqly.com/blog/best-pocket-alternatives-2026","guy","1","0","0","5"
"https://www.marqly.com/blog/best-pocket-alternatives-2026","hkg","47","0","0","8.659574468085108"
"https://www.marqly.com/blog/best-pocket-alternatives-2026","hnd","1","0","0","11"
"https://www.marqly.com/blog/best-pocket-alternatives-2026","hrv","3","0","0","9"
"https://www.marqly.com/blog/best-pocket-alternatives-2026","hun","18","0","0","7.777777777777778"
"https://www.marqly.com/blog/best-pocket-alternatives-2026","idn","10","0","0","9.5"
"https://www.marqly.com/blog/best-pocket-alternatives-2026","ind","82","0","0","11.71951219512195"
"https://www.marqly.com/blog/best-pocket-alternatives-2026","irq","1","0","0","7"
"https://www.marqly.com/blog/best-pocket-alternatives-2026","isl","3","0","0","8.666666666666668"
"https://www.marqly.com/blog/best-pocket-alternatives-2026","ita","148","0","0","10.68918918918919"
"https://www.marqly.com/blog/best-pocket-alternatives-2026","jam","1","0","0","11"
"https://www.marqly.com/blog/best-pocket-alternatives-2026","jor","2","0","0","10.5"
"https://www.marqly.com/blog/best-pocket-alternatives-2026","jpn","26","0","0","6.8076923076923075"
"https://www.marqly.com/blog/best-pocket-alternatives-2026","kaz","6","0","0","8"
"https://www.marqly.com/blog/best-pocket-alternatives-2026","ken","4","0","0","9.25"
"https://www.marqly.com/blog/best-pocket-alternatives-2026","kgz","3","0","0","9"
"https://www.marqly.com/blog/best-pocket-alternatives-2026","kor","15","0","0","7.8"
"https://www.marqly.com/blog/best-pocket-alternatives-2026","lbn","1","0","0","1"
"https://www.marqly.com/blog/best-pocket-alternatives-2026","lby","1","0","0","8"
"https://www.marqly.com/blog/best-pocket-alternatives-2026","lka","1","0","0","11"
"https://www.marqly.com/blog/best-pocket-alternatives-2026","ltu","3","0","0","7"
"https://www.marqly.com/blog/best-pocket-alternatives-2026","lux","1","0","0","9"
"https://www.marqly.com/blog/best-pocket-alternatives-2026","lva","1","0","0","10"
"https://www.marqly.com/blog/best-pocket-alternatives-2026","mar","8","0","0","8.875"
"https://www.marqly.com/blog/best-pocket-alternatives-2026","mdg","1","0","0","9"
"https://www.marqly.com/blog/best-pocket-alternatives-2026","mdv","2","0","0","9.5"
"https://www.marqly.com/blog/best-pocket-alternatives-2026","mex","26","0","0","16.884615384615387"
"https://www.marqly.com/blog/best-pocket-alternatives-2026","mlt","2","0","0","9.5"
"https://www.marqly.com/blog/best-pocket-alternatives-2026","mmr","4","0","0","4.5"
"https://www.marqly.com/blog/best-pocket-alternatives-2026","mne","1","0","0","5"
"https://www.marqly.com/blog/best-pocket-alternatives-2026","moz","1","0","0","10"
"https://www.marqly.com/blog/best-pocket-alternatives-2026","mus","2","0","0","6.5"
"https://www.marqly.com/blog/best-pocket-alternatives-2026","mys","15","0","0","9.666666666666666"
"https://www.marqly.com/blog/best-pocket-alternatives-2026","nga","9","0","0","8.666666666666668"
"https://www.marqly.com/blog/best-pocket-alternatives-2026","nld","347","0","0","9.853025936599424"
"https://www.marqly.com/blog/best-pocket-alternatives-2026","nor","46","0","0","7.065217391304348"
"https://www.marqly.com/blog/best-pocket-alternatives-2026","npl","4","0","0","10.25"
"https://www.marqly.com/blog/best-pocket-alternatives-2026","nzl","35","0","0","9.085714285714285"
"https://www.marqly.com/blog/best-pocket-alternatives-2026","pak","11","0","0","8.90909090909091"
"https://www.marqly.com/blog/best-pocket-alternatives-2026","pan","1","0","0","10"
"https://www.marqly.com/blog/best-pocket-alternatives-2026","per","3","0","0","7.666666666666667"
"https://www.marqly.com/blog/best-pocket-alternatives-2026","phl","11","0","0","8.636363636363637"
"https://www.marqly.com/blog/best-pocket-alternatives-2026","prt","81","0","0","7.765432098765432"
"https://www.marqly.com/blog/best-pocket-alternatives-2026","pry","2","0","0","8.5"
"https://www.marqly.com/blog/best-pocket-alternatives-2026","pse","1","0","0","9"
"https://www.marqly.com/blog/best-pocket-alternatives-2026","qat","8","0","0","6.25"
"https://www.marqly.com/blog/best-pocket-alternatives-2026","reu","1","0","0","11"
"https://www.marqly.com/blog/best-pocket-alternatives-2026","rwa","1","0","0","1"
"https://www.marqly.com/blog/best-pocket-alternatives-2026","sau","26","0","0","7.461538461538462"
"https://www.marqly.com/blog/best-pocket-alternatives-2026","sdn","1","0","0","8"
"https://www.marqly.com/blog/best-pocket-alternatives-2026","slv","1","0","0","4"
"https://www.marqly.com/blog/best-pocket-alternatives-2026","srb","4","0","0","18.75"
"https://www.marqly.com/blog/best-pocket-alternatives-2026","svk","4","0","0","8.75"
"https://www.marqly.com/blog/best-pocket-alternatives-2026","svn","1","0","0","9"
"https://www.marqly.com/blog/best-pocket-alternatives-2026","tgo","1","0","0","11"
"https://www.marqly.com/blog/best-pocket-alternatives-2026","tha","18","0","0","11.722222222222221"
"https://www.marqly.com/blog/best-pocket-alternatives-2026","tto","1","0","0","7"
"https://www.marqly.com/blog/best-pocket-alternatives-2026","tun","3","0","0","8"
"https://www.marqly.com/blog/best-pocket-alternatives-2026","tur","34","0","0","9.294117647058824"
"https://www.marqly.com/blog/best-pocket-alternatives-2026","twn","13","0","0","7.384615384615385"
"https://www.marqly.com/blog/best-pocket-alternatives-2026","tza","2","0","0","9"
"https://www.marqly.com/blog/best-pocket-alternatives-2026","ukr","17","0","0","10.176470588235293"
"https://www.marqly.com/blog/best-pocket-alternatives-2026","uzb","1","0","0","11"
"https://www.marqly.com/blog/best-pocket-alternatives-2026","vnm","17","0","0","15.529411764705882"
"https://www.marqly.com/blog/best-pocket-alternatives-2026","zaf","8","0","0","8"
"https://www.marqly.com/blog/best-pocket-alternatives-2026","zzz","1","0","0","7"
"https://www.marqly.com/blog/best-pocket-alternatives-2026/","can","1","0","0","1"
"https://www.marqly.com/blog/best-pocket-alternatives-2026/","gbr","1","0","0","1"
"https://www.marqly.com/blog/best-read-it-later-apps-2026","aus","10","0","0","7.8"
"https://www.marqly.com/blog/best-read-it-later-apps-2026","bra","3","0","0","7"
"https://www.marqly.com/blog/best-read-it-later-apps-2026","can","8","0","0","18.25"
"https://www.marqly.com/blog/best-read-it-later-apps-2026","che","1","0","0","16"
"https://www.marqly.com/blog/best-read-it-later-apps-2026","col","1","0","0","8"
"https://www.marqly.com/blog/best-read-it-later-apps-2026","deu","7","0","0","14.714285714285714"
"https://www.marqly.com/blog/best-read-it-later-apps-2026","dom","2","0","0","28"
"https://www.marqly.com/blog/best-read-it-later-apps-2026","ecu","1","0","0","8"
"https://www.marqly.com/blog/best-read-it-later-apps-2026","esp","1","0","0","17"
"https://www.marqly.com/blog/best-read-it-later-apps-2026","fra","7","0","0","25.428571428571427"
"https://www.marqly.com/blog/best-read-it-later-apps-2026","gbr","12","0","0","11.25"
"https://www.marqly.com/blog/best-read-it-later-apps-2026","hun","1","0","0","2"
"https://www.marqly.com/blog/best-read-it-later-apps-2026","ind","5","0","0","18.4"
"https://www.marqly.com/blog/best-read-it-later-apps-2026","isr","3","0","0","4"
"https://www.marqly.com/blog/best-read-it-later-apps-2026","ita","4","0","0","13"
"https://www.marqly.com/blog/best-read-it-later-apps-2026","jpn","4","0","0","14.75"
"https://www.marqly.com/blog/best-read-it-later-apps-2026","kaz","1","0","0","1"
"https://www.marqly.com/blog/best-read-it-later-apps-2026","khm","1","0","0","2"
"https://www.marqly.com/blog/best-read-it-later-apps-2026","kor","3","0","0","28.666666666666668"
"https://www.marqly.com/blog/best-read-it-later-apps-2026","mex","15","0","0","8.933333333333334"
"https://www.marqly.com/blog/best-read-it-later-apps-2026","mys","1","0","0","5"
"https://www.marqly.com/blog/best-read-it-later-apps-2026","nld","14","0","0","26.857142857142858"
"https://www.marqly.com/blog/best-read-it-later-apps-2026","pak","1","0","0","1"
"https://www.marqly.com/blog/best-read-it-later-apps-2026","phl","1","0","0","2"
"https://www.marqly.com/blog/best-read-it-later-apps-2026","rus","1","0","0","10"
"https://www.marqly.com/blog/best-read-it-later-apps-2026","sgp","1","0","0","1"
"https://www.marqly.com/blog/best-read-it-later-apps-2026","tur","1","0","0","4"
"https://www.marqly.com/blog/best-read-it-later-apps-2026","twn","7","0","0","7.714285714285714"
"https://www.marqly.com/blog/best-read-it-later-apps-2026","ukr","1","0","0","5"
"https://www.marqly.com/blog/best-read-it-later-apps-2026","usa","73","0","0","24.356164383561644"
"https://www.marqly.com/blog/best-read-it-later-apps-2026","vnm","1","0","0","9"
"https://www.marqly.com/blog/best-second-brain-apps-2026","are","1","0","0","18"
"https://www.marqly.com/blog/best-second-brain-apps-2026","aus","1","0","0","7"
"https://www.marqly.com/blog/best-second-brain-apps-2026","can","15","0","0","46.46666666666667"
"https://www.marqly.com/blog/best-second-brain-apps-2026","cze","2","0","0","14.5"
"https://www.marqly.com/blog/best-second-brain-apps-2026","deu","1","0","0","43"
"https://www.marqly.com/blog/best-second-brain-apps-2026","gbr","8","0","0","13.5"
"https://www.marqly.com/blog/best-second-brain-apps-2026","idn","1","0","0","1"
"https://www.marqly.com/blog/best-second-brain-apps-2026","ind","1","0","0","19"
"https://www.marqly.com/blog/best-second-brain-apps-2026","kor","1","0","0","12"
"https://www.marqly.com/blog/best-second-brain-apps-2026","nor","1","0","0","26"
"https://www.marqly.com/blog/best-second-brain-apps-2026","rus","1","0","0","7"
"https://www.marqly.com/blog/best-second-brain-apps-2026","swe","1","0","0","26"
"https://www.marqly.com/blog/best-second-brain-apps-2026","usa","40","0","0","41.525"
"https://www.marqly.com/blog/best-second-brain-apps-2026","vnm","1","0","0","12"
"https://www.marqly.com/blog/best-self-hosted-pocket-alternative","are","3","0","0","12.666666666666666"
"https://www.marqly.com/blog/best-self-hosted-pocket-alternative","arg","3","0","0","8.333333333333332"
"https://www.marqly.com/blog/best-self-hosted-pocket-alternative","aus","18","0","0","8.5"
"https://www.marqly.com/blog/best-self-hosted-pocket-alternative","aut","9","0","0","7.333333333333333"
"https://www.marqly.com/blog/best-self-hosted-pocket-alternative","bel","5","0","0","5"
"https://www.marqly.com/blog/best-self-hosted-pocket-alternative","blr","1","0","0","9"
"https://www.marqly.com/blog/best-self-hosted-pocket-alternative","bra","6","0","0","4.833333333333334"
"https://www.marqly.com/blog/best-self-hosted-pocket-alternative","can","19","0","0","6.105263157894737"
"https://www.marqly.com/blog/best-self-hosted-pocket-alternative","che","3","0","0","8.333333333333332"
"https://www.marqly.com/blog/best-self-hosted-pocket-alternative","chl","1","0","0","6"
"https://www.marqly.com/blog/best-self-hosted-pocket-alternative","cze","4","0","0","3.5"
"https://www.marqly.com/blog/best-self-hosted-pocket-alternative","deu","33","0","0","7.333333333333333"
"https://www.marqly.com/blog/best-self-hosted-pocket-alternative","dnk","3","0","0","6"
"https://www.marqly.com/blog/best-self-hosted-pocket-alternative","egy","2","0","0","6.5"
"https://www.marqly.com/blog/best-self-hosted-pocket-alternative","esp","8","0","0","3.625"
"https://www.marqly.com/blog/best-self-hosted-pocket-alternative","est","1","0","0","9"
"https://www.marqly.com/blog/best-self-hosted-pocket-alternative","fra","9","0","0","7.555555555555555"
"https://www.marqly.com/blog/best-self-hosted-pocket-alternative","gbr","14","0","0","7.428571428571429"
"https://www.marqly.com/blog/best-self-hosted-pocket-alternative","grc","1","0","0","2"
"https://www.marqly.com/blog/best-self-hosted-pocket-alternative","hun","1","0","0","5"
"https://www.marqly.com/blog/best-self-hosted-pocket-alternative","idn","3","0","0","6"
"https://www.marqly.com/blog/best-self-hosted-pocket-alternative","ind","8","0","0","7.5"
"https://www.marqly.com/blog/best-self-hosted-pocket-alternative","irl","2","0","0","8.5"
"https://www.marqly.com/blog/best-self-hosted-pocket-alternative","isr","1","0","0","10"
"https://www.marqly.com/blog/best-self-hosted-pocket-alternative","ita","7","0","0","7.142857142857143"
"https://www.marqly.com/blog/best-self-hosted-pocket-alternative","jor","1","0","0","7"
"https://www.marqly.com/blog/best-self-hosted-pocket-alternative","jpn","13","0","0","8.076923076923077"
"https://www.marqly.com/blog/best-self-hosted-pocket-alternative","kor","1","0","0","8"
"https://www.marqly.com/blog/best-self-hosted-pocket-alternative","kwt","1","0","0","6"
"https://www.marqly.com/blog/best-self-hosted-pocket-alternative","ltu","1","0","0","6"
"https://www.marqly.com/blog/best-self-hosted-pocket-alternative","mex","5","0","0","13.6"
"https://www.marqly.com/blog/best-self-hosted-pocket-alternative","mus","1","0","0","2"
"https://www.marqly.com/blog/best-self-hosted-pocket-alternative","nor","5","0","0","7"
"https://www.marqly.com/blog/best-self-hosted-pocket-alternative","nzl","1","0","0","6"
"https://www.marqly.com/blog/best-self-hosted-pocket-alternative","pak","2","0","0","6"
"https://www.marqly.com/blog/best-self-hosted-pocket-alternative","phl","2","0","0","5"
"https://www.marqly.com/blog/best-self-hosted-pocket-alternative","pol","8","0","0","6.125"
"https://www.marqly.com/blog/best-self-hosted-pocket-alternative","pri","1","0","0","8"
"https://www.marqly.com/blog/best-self-hosted-pocket-alternative","prt","5","0","0","4"
"https://www.marqly.com/blog/best-self-hosted-pocket-alternative","rou","2","0","0","4"
"https://www.marqly.com/blog/best-self-hosted-pocket-alternative","rus","6","0","0","8"
"https://www.marqly.com/blog/best-self-hosted-pocket-alternative","sau","1","0","0","6"
"https://www.marqly.com/blog/best-self-hosted-pocket-alternative","sgp","1","0","0","6"
"https://www.marqly.com/blog/best-self-hosted-pocket-alternative","swe","6","0","0","7.333333333333333"
"https://www.marqly.com/blog/best-self-hosted-pocket-alternative","tur","3","0","0","7.333333333333333"
"https://www.marqly.com/blog/best-self-hosted-pocket-alternative","ukr","2","0","0","6"
"https://www.marqly.com/blog/best-self-hosted-pocket-alternative","usa","89","0","0","9.044943820224718"
"https://www.marqly.com/blog/best-tab-managers-2026/","usa","2","0","0","18"
"https://www.marqly.com/blog/best-youtube-summarizers-2026","bgd","1","0","0","3"
"https://www.marqly.com/blog/best-youtube-summarizers-2026","mex","1","0","0","9"
"https://www.marqly.com/blog/best-youtube-summarizers-2026","usa","2","0","0","1"
"https://www.marqly.com/blog/beyond-browser-bookmarks-why-a-dedicated-manager-like-marqly-is-your-productivity-secret-weapon","aus","1","0","0","101"
"https://www.marqly.com/blog/beyond-browser-bookmarks-why-a-dedicated-manager-like-marqly-is-your-productivity-secret-weapon","dnk","1","0","0","83"
"https://www.marqly.com/blog/beyond-browser-bookmarks-why-a-dedicated-manager-like-marqly-is-your-productivity-secret-weapon","tur","1","0","0","1"
"https://www.marqly.com/blog/beyond-browser-bookmarks-why-a-dedicated-manager-like-marqly-is-your-productivity-secret-weapon","usa","5","0","0","2.6"
"https://www.marqly.com/blog/can-ai-organize-my-bookmarks-automatically","usa","48","0","0","6.541666666666667"
"https://www.marqly.com/blog/chat-with-youtube-videos/","svk","2","0","0","1"
"https://www.marqly.com/blog/chat-with-youtube-videos/","usa","2","0","0","41.5"
"https://www.marqly.com/blog/chrome-bookmarks-not-syncing-fix","aus","3","0","0","10"
"https://www.marqly.com/blog/chrome-bookmarks-not-syncing-fix","can","2","0","0","9.5"
"https://www.marqly.com/blog/chrome-bookmarks-not-syncing-fix","che","1","0","0","10"
"https://www.marqly.com/blog/chrome-bookmarks-not-syncing-fix","esp","1","0","0","8"
"https://www.marqly.com/blog/chrome-bookmarks-not-syncing-fix","gbr","2","0","0","8.5"
"https://www.marqly.com/blog/chrome-bookmarks-not-syncing-fix","ind","1","0","0","4"
"https://www.marqly.com/blog/chrome-bookmarks-not-syncing-fix","irl","3","0","0","10"
"https://www.marqly.com/blog/chrome-bookmarks-not-syncing-fix","ita","1","0","0","7"
"https://www.marqly.com/blog/chrome-bookmarks-not-syncing-fix","nld","1","0","0","9"
"https://www.marqly.com/blog/chrome-bookmarks-not-syncing-fix","phl","1","0","0","28"
"https://www.marqly.com/blog/chrome-bookmarks-not-syncing-fix","pol","1","0","0","3"
"https://www.marqly.com/blog/chrome-bookmarks-not-syncing-fix","prt","1","0","0","9"
"https://www.marqly.com/blog/chrome-bookmarks-not-syncing-fix","sau","1","0","0","31"
"https://www.marqly.com/blog/chrome-bookmarks-not-syncing-fix","sgp","3","0","0","9.333333333333334"
"https://www.marqly.com/blog/chrome-bookmarks-not-syncing-fix","usa","10","0","0","11.7"
"https://www.marqly.com/blog/export-instagram-saved-posts","are","3","0","0","21.333333333333332"
"https://www.marqly.com/blog/export-instagram-saved-posts","arg","1","0","0","5"
"https://www.marqly.com/blog/export-instagram-saved-posts","aus","25","0","0","11.8"
"https://www.marqly.com/blog/export-instagram-saved-posts","aut","8","0","0","7.75"
"https://www.marqly.com/blog/export-instagram-saved-posts","aze","1","0","0","5"
"https://www.marqly.com/blog/export-instagram-saved-posts","bel","6","0","0","7.5"
"https://www.marqly.com/blog/export-instagram-saved-posts","bgd","6","0","0","18"
"https://www.marqly.com/blog/export-instagram-saved-posts","bgr","1","0","0","2"
"https://www.marqly.com/blog/export-instagram-saved-posts","bhr","1","0","0","6"
"https://www.marqly.com/blog/export-instagram-saved-posts","bih","1","0","0","9"
"https://www.marqly.com/blog/export-instagram-saved-posts","bra","9","0","0","8.555555555555555"
"https://www.marqly.com/blog/export-instagram-saved-posts","can","24","0","0","14.75"
"https://www.marqly.com/blog/export-instagram-saved-posts","cyp","2","0","0","26"
"https://www.marqly.com/blog/export-instagram-saved-posts","cze","2","0","0","8.5"
"https://www.marqly.com/blog/export-instagram-saved-posts","deu","39","0","0","9"
"https://www.marqly.com/blog/export-instagram-saved-posts","dnk","1","0","0","4"
"https://www.marqly.com/blog/export-instagram-saved-posts","dom","1","0","0","6"
"https://www.marqly.com/blog/export-instagram-saved-posts","dza","1","0","0","6"
"https://www.marqly.com/blog/export-instagram-saved-posts","egy","4","0","0","20.5"
"https://www.marqly.com/blog/export-instagram-saved-posts","est","1","0","0","11"
"https://www.marqly.com/blog/export-instagram-saved-posts","fin","3","0","0","6.333333333333333"
"https://www.marqly.com/blog/export-instagram-saved-posts","fra","17","0","0","8"
"https://www.marqly.com/blog/export-instagram-saved-posts","geo","1","0","0","10"
"https://www.marqly.com/blog/export-instagram-saved-posts","grc","3","0","0","18.666666666666668"
"https://www.marqly.com/blog/export-instagram-saved-posts","hkg","6","0","0","12.5"
"https://www.marqly.com/blog/export-instagram-saved-posts","hrv","2","0","0","11"
"https://www.marqly.com/blog/export-instagram-saved-posts","hun","4","0","0","10"
"https://www.marqly.com/blog/export-instagram-saved-posts","idn","9","0","0","15.444444444444445"
"https://www.marqly.com/blog/export-instagram-saved-posts","irl","8","0","0","9.625"
"https://www.marqly.com/blog/export-instagram-saved-posts","isr","4","0","0","18.5"
"https://www.marqly.com/blog/export-instagram-saved-posts","ita","11","0","0","7.363636363636363"
"https://www.marqly.com/blog/export-instagram-saved-posts","jor","1","0","0","2"
"https://www.marqly.com/blog/export-instagram-saved-posts","jpn","2","0","0","6"
"https://www.marqly.com/blog/export-instagram-saved-posts","kor","1","0","0","7"
"https://www.marqly.com/blog/export-instagram-saved-posts","kwt","4","0","0","7.5"
"https://www.marqly.com/blog/export-instagram-saved-posts","lka","1","0","0","1"
"https://www.marqly.com/blog/export-instagram-saved-posts","mar","6","0","0","10.833333333333334"
"https://www.marqly.com/blog/export-instagram-saved-posts","mda","1","0","0","8"
"https://www.marqly.com/blog/export-instagram-saved-posts","mus","1","0","0","1"
"https://www.marqly.com/blog/export-instagram-saved-posts","mys","2","0","0","18.5"
"https://www.marqly.com/blog/export-instagram-saved-posts","nga","1","0","0","21"
"https://www.marqly.com/blog/export-instagram-saved-posts","nld","16","0","0","15.6875"
"https://www.marqly.com/blog/export-instagram-saved-posts","nor","2","0","0","6"
"https://www.marqly.com/blog/export-instagram-saved-posts","npl","2","0","0","6"
"https://www.marqly.com/blog/export-instagram-saved-posts","nzl","1","0","0","1"
"https://www.marqly.com/blog/export-instagram-saved-posts","pak","3","0","0","5"
"https://www.marqly.com/blog/export-instagram-saved-posts","pan","2","0","0","9"
"https://www.marqly.com/blog/export-instagram-saved-posts","phl","2","0","0","10"
"https://www.marqly.com/blog/export-instagram-saved-posts","pol","4","0","0","11.5"
"https://www.marqly.com/blog/export-instagram-saved-posts","prt","3","0","0","5"
"https://www.marqly.com/blog/export-instagram-saved-posts","rou","1","0","0","37"
"https://www.marqly.com/blog/export-instagram-saved-posts","rus","3","0","0","4.666666666666666"
"https://www.marqly.com/blog/export-instagram-saved-posts","sau","1","0","0","33"
"https://www.marqly.com/blog/export-instagram-saved-posts","sgp","2","0","0","4.5"
"https://www.marqly.com/blog/export-instagram-saved-posts","sjm","1","0","0","6"
"https://www.marqly.com/blog/export-instagram-saved-posts","slv","1","0","0","7"
"https://www.marqly.com/blog/export-instagram-saved-posts","srb","3","0","0","7"
"https://www.marqly.com/blog/export-instagram-saved-posts","svk","3","0","0","9"
"https://www.marqly.com/blog/export-instagram-saved-posts","swe","2","0","0","4.5"
"https://www.marqly.com/blog/export-instagram-saved-posts","syr","3","0","0","6"
"https://www.marqly.com/blog/export-instagram-saved-posts","tun","3","0","0","5.666666666666667"
"https://www.marqly.com/blog/export-instagram-saved-posts","twn","6","0","0","9"
"https://www.marqly.com/blog/export-instagram-saved-posts","tza","1","0","0","2"
"https://www.marqly.com/blog/export-instagram-saved-posts","ukr","1","0","0","10"
"https://www.marqly.com/blog/export-instagram-saved-posts","ven","1","0","0","12"
"https://www.marqly.com/blog/export-instagram-saved-posts","vnm","1","0","0","7"
"https://www.marqly.com/blog/export-instagram-saved-posts","zmb","1","0","0","7"
"https://www.marqly.com/blog/export-reddit-saved-posts","aus","14","0","0","11.857142857142858"
"https://www.marqly.com/blog/export-reddit-saved-posts","aut","1","0","0","9"
"https://www.marqly.com/blog/export-reddit-saved-posts","bel","1","0","0","9"
"https://www.marqly.com/blog/export-reddit-saved-posts","bra","8","0","0","9"
"https://www.marqly.com/blog/export-reddit-saved-posts","can","16","0","0","10.5"
"https://www.marqly.com/blog/export-reddit-saved-posts","che","2","0","0","12"
"https://www.marqly.com/blog/export-reddit-saved-posts","chl","2","0","0","16.5"
"https://www.marqly.com/blog/export-reddit-saved-posts","chn","1","0","0","35"
"https://www.marqly.com/blog/export-reddit-saved-posts","cze","3","0","0","14.333333333333334"
"https://www.marqly.com/blog/export-reddit-saved-posts","dnk","3","0","0","8.333333333333332"
"https://www.marqly.com/blog/export-reddit-saved-posts","egy","4","0","0","7.25"
"https://www.marqly.com/blog/export-reddit-saved-posts","esp","9","0","0","12.666666666666666"
"https://www.marqly.com/blog/export-reddit-saved-posts","fin","3","0","0","9.333333333333334"
"https://www.marqly.com/blog/export-reddit-saved-posts","fra","6","0","0","14"
"https://www.marqly.com/blog/export-reddit-saved-posts","gbr","13","0","0","12.538461538461538"
"https://www.marqly.com/blog/export-reddit-saved-posts","hkg","2","0","0","12.5"
"https://www.marqly.com/blog/export-reddit-saved-posts","hrv","1","0","0","23"
"https://www.marqly.com/blog/export-reddit-saved-posts","idn","1","0","0","17"
"https://www.marqly.com/blog/export-reddit-saved-posts","ind","19","0","0","14.894736842105264"
"https://www.marqly.com/blog/export-reddit-saved-posts","irl","2","0","0","7"
"https://www.marqly.com/blog/export-reddit-saved-posts","ita","3","0","0","7.666666666666667"
"https://www.marqly.com/blog/export-reddit-saved-posts","kaz","1","0","0","13"
"https://www.marqly.com/blog/export-reddit-saved-posts","kor","1","0","0","7"
"https://www.marqly.com/blog/export-reddit-saved-posts","lby","1","0","0","7"
"https://www.marqly.com/blog/export-reddit-saved-posts","ltu","1","0","0","10"
"https://www.marqly.com/blog/export-reddit-saved-posts","mys","1","0","0","25"
"https://www.marqly.com/blog/export-reddit-saved-posts","nld","4","0","0","12"
"https://www.marqly.com/blog/export-reddit-saved-posts","nor","2","0","0","12"
"https://www.marqly.com/blog/export-reddit-saved-posts","nzl","1","0","0","27"
"https://www.marqly.com/blog/export-reddit-saved-posts","pak","3","0","0","4.666666666666666"
"https://www.marqly.com/blog/export-reddit-saved-posts","phl","1","0","0","3"
"https://www.marqly.com/blog/export-reddit-saved-posts","pol","3","0","0","8"
"https://www.marqly.com/blog/export-reddit-saved-posts","prt","1","0","0","22"
"https://www.marqly.com/blog/export-reddit-saved-posts","rou","5","0","0","15.8"
"https://www.marqly.com/blog/export-reddit-saved-posts","rus","3","0","0","8.333333333333332"
"https://www.marqly.com/blog/export-reddit-saved-posts","sau","5","0","0","18.6"
"https://www.marqly.com/blog/export-reddit-saved-posts","sgp","2","0","0","13"
"https://www.marqly.com/blog/export-reddit-saved-posts","srb","3","0","0","16.333333333333336"
"https://www.marqly.com/blog/export-reddit-saved-posts","svk","1","0","0","7"
"https://www.marqly.com/blog/export-reddit-saved-posts","swe","2","0","0","15"
"https://www.marqly.com/blog/export-reddit-saved-posts","tha","16","0","0","31.0625"
"https://www.marqly.com/blog/export-reddit-saved-posts","tur","4","0","0","6.75"
"https://www.marqly.com/blog/export-reddit-saved-posts","twn","1","0","0","9"
"https://www.marqly.com/blog/export-reddit-saved-posts","ukr","1","0","0","35"
"https://www.marqly.com/blog/export-twitter-x-bookmarks","are","4","0","0","9.5"
"https://www.marqly.com/blog/export-twitter-x-bookmarks","aus","3","0","0","5.333333333333333"
"https://www.marqly.com/blog/export-twitter-x-bookmarks","bel","3","0","0","7.666666666666667"
"https://www.marqly.com/blog/export-twitter-x-bookmarks","bgd","1","0","0","19"
"https://www.marqly.com/blog/export-twitter-x-bookmarks","bra","6","0","0","9.166666666666666"
"https://www.marqly.com/blog/export-twitter-x-bookmarks","can","3","0","0","7.666666666666667"
"https://www.marqly.com/blog/export-twitter-x-bookmarks","che","1","0","0","9"
"https://www.marqly.com/blog/export-twitter-x-bookmarks","chl","1","0","0","6"
"https://www.marqly.com/blog/export-twitter-x-bookmarks","chn","3","0","0","8"
"https://www.marqly.com/blog/export-twitter-x-bookmarks","col","1","0","0","10"
"https://www.marqly.com/blog/export-twitter-x-bookmarks","cri","1","0","0","10"
"https://www.marqly.com/blog/export-twitter-x-bookmarks","cze","1","0","0","11"
"https://www.marqly.com/blog/export-twitter-x-bookmarks","deu","4","0","0","9.75"
"https://www.marqly.com/blog/export-twitter-x-bookmarks","dnk","1","0","0","4"
"https://www.marqly.com/blog/export-twitter-x-bookmarks","dom","1","0","0","11"
"https://www.marqly.com/blog/export-twitter-x-bookmarks","dza","1","0","0","9"
"https://www.marqly.com/blog/export-twitter-x-bookmarks","egy","1","0","0","5"
"https://www.marqly.com/blog/export-twitter-x-bookmarks","esp","5","0","0","10.8"
"https://www.marqly.com/blog/export-twitter-x-bookmarks","fin","1","0","0","9"
"https://www.marqly.com/blog/export-twitter-x-bookmarks","fra","15","0","0","8.666666666666668"
"https://www.marqly.com/blog/export-twitter-x-bookmarks","gbr","8","0","0","8.75"
"https://www.marqly.com/blog/export-twitter-x-bookmarks","geo","1","0","0","9"
"https://www.marqly.com/blog/export-twitter-x-bookmarks","hkg","8","0","0","8.25"
"https://www.marqly.com/blog/export-twitter-x-bookmarks","hrv","2","0","0","9"
"https://www.marqly.com/blog/export-twitter-x-bookmarks","idn","13","0","0","12.846153846153847"
"https://www.marqly.com/blog/export-twitter-x-bookmarks","irl","1","0","0","10"
"https://www.marqly.com/blog/export-twitter-x-bookmarks","isr","1","0","0","11"
"https://www.marqly.com/blog/export-twitter-x-bookmarks","ita","5","0","0","9.8"
"https://www.marqly.com/blog/export-twitter-x-bookmarks","kor","6","0","0","9"
"https://www.marqly.com/blog/export-twitter-x-bookmarks","ltu","1","0","0","4"
"https://www.marqly.com/blog/export-twitter-x-bookmarks","mex","2","0","0","7.5"
"https://www.marqly.com/blog/export-twitter-x-bookmarks","mys","1","0","0","11"
"https://www.marqly.com/blog/export-twitter-x-bookmarks","nld","7","0","0","8.428571428571429"
"https://www.marqly.com/blog/export-twitter-x-bookmarks","npl","3","0","0","9.666666666666666"
"https://www.marqly.com/blog/export-twitter-x-bookmarks","pak","1","0","0","9"
"https://www.marqly.com/blog/export-twitter-x-bookmarks","per","1","0","0","10"
"https://www.marqly.com/blog/export-twitter-x-bookmarks","phl","6","0","0","23"
"https://www.marqly.com/blog/export-twitter-x-bookmarks","prt","4","0","0","9"
"https://www.marqly.com/blog/export-twitter-x-bookmarks","pse","1","0","0","1"
"https://www.marqly.com/blog/export-twitter-x-bookmarks","rou","1","0","0","10"
"https://www.marqly.com/blog/export-twitter-x-bookmarks","rus","2","0","0","25"
"https://www.marqly.com/blog/export-twitter-x-bookmarks","sau","2","0","0","10"
"https://www.marqly.com/blog/export-twitter-x-bookmarks","sgp","2","0","0","10.5"
"https://www.marqly.com/blog/export-twitter-x-bookmarks","svn","1","0","0","7"
"https://www.marqly.com/blog/export-twitter-x-bookmarks","swe","1","0","0","9"
"https://www.marqly.com/blog/export-twitter-x-bookmarks","tha","2","0","0","11"
"https://www.marqly.com/blog/export-twitter-x-bookmarks","tur","7","0","0","18.857142857142858"
"https://www.marqly.com/blog/export-twitter-x-bookmarks","twn","4","0","0","9.25"
"https://www.marqly.com/blog/export-twitter-x-bookmarks","ukr","2","0","0","7"
"https://www.marqly.com/blog/export-twitter-x-bookmarks","usa","122","0","0","40.69672131147541"
"https://www.marqly.com/blog/export-twitter-x-bookmarks","ven","1","0","0","9"
"https://www.marqly.com/blog/export-twitter-x-bookmarks","vnm","2","0","0","57"
"https://www.marqly.com/blog/export-twitter-x-bookmarks","yem","1","0","0","9"
"https://www.marqly.com/blog/export-twitter-x-bookmarks","zaf","2","0","0","11.5"
"https://www.marqly.com/blog/export-youtube-watch-later","arg","1","0","0","7"
"https://www.marqly.com/blog/export-youtube-watch-later","aus","1","0","0","6"
"https://www.marqly.com/blog/export-youtube-watch-later","bel","1","0","0","8"
"https://www.marqly.com/blog/export-youtube-watch-later","can","3","0","0","7.333333333333333"
"https://www.marqly.com/blog/export-youtube-watch-later","cze","1","0","0","8"
"https://www.marqly.com/blog/export-youtube-watch-later","esp","1","0","0","9"
"https://www.marqly.com/blog/export-youtube-watch-later","fra","1","0","0","6"
"https://www.marqly.com/blog/export-youtube-watch-later","idn","1","0","0","38"
"https://www.marqly.com/blog/export-youtube-watch-later","ind","4","0","0","9.25"
"https://www.marqly.com/blog/export-youtube-watch-later","irq","1","0","0","10"
"https://www.marqly.com/blog/export-youtube-watch-later","isr","1","0","0","1"
"https://www.marqly.com/blog/export-youtube-watch-later","ita","1","0","0","1"
"https://www.marqly.com/blog/export-youtube-watch-later","jpn","1","0","0","5"
"https://www.marqly.com/blog/export-youtube-watch-later","mys","1","0","0","1"
"https://www.marqly.com/blog/export-youtube-watch-later","nld","2","0","0","9.5"
"https://www.marqly.com/blog/export-youtube-watch-later","rou","1","0","0","11"
"https://www.marqly.com/blog/export-youtube-watch-later","rus","2","0","0","4.5"
"https://www.marqly.com/blog/export-youtube-watch-later","swe","1","0","0","11"
"https://www.marqly.com/blog/export-youtube-watch-later","tur","1","0","0","3"
"https://www.marqly.com/blog/export-youtube-watch-later","usa","21","0","0","25.476190476190474"
"https://www.marqly.com/blog/export-youtube-watch-later","vnm","2","0","0","2"
"https://www.marqly.com/blog/how-to-export-migrate-pocket-data","tur","1","0","0","7"
"https://www.marqly.com/blog/how-to-export-migrate-pocket-data","usa","3","0","0","18"
"https://www.marqly.com/blog/how-to-get-youtube-video-transcript","usa","1","0","0","11"
"https://www.marqly.com/blog/how-to-highlight-text-on-any-website","are","3","0","0","6.666666666666667"
"https://www.marqly.com/blog/how-to-highlight-text-on-any-website","arm","1","0","0","11"
"https://www.marqly.com/blog/how-to-highlight-text-on-any-website","bel","7","0","0","11"
"https://www.marqly.com/blog/how-to-highlight-text-on-any-website","bgd","3","0","0","23"
"https://www.marqly.com/blog/how-to-highlight-text-on-any-website","bra","3","0","0","18"
"https://www.marqly.com/blog/how-to-highlight-text-on-any-website","btn","1","0","0","11"
"https://www.marqly.com/blog/how-to-highlight-text-on-any-website","can","18","0","0","23.77777777777778"
"https://www.marqly.com/blog/how-to-highlight-text-on-any-website","che","3","0","0","9"
"https://www.marqly.com/blog/how-to-highlight-text-on-any-website","chn","3","0","0","8"
"https://www.marqly.com/blog/how-to-highlight-text-on-any-website","col","2","0","0","43"
"https://www.marqly.com/blog/how-to-highlight-text-on-any-website","cze","1","0","0","10"
"https://www.marqly.com/blog/how-to-highlight-text-on-any-website","deu","26","0","0","41.15384615384615"
"https://www.marqly.com/blog/how-to-highlight-text-on-any-website","dnk","1","0","0","11"
"https://www.marqly.com/blog/how-to-highlight-text-on-any-website","dom","1","0","0","8"
"https://www.marqly.com/blog/how-to-highlight-text-on-any-website","egy","2","0","0","18"
"https://www.marqly.com/blog/how-to-highlight-text-on-any-website","esp","3","0","0","8.666666666666668"
"https://www.marqly.com/blog/how-to-highlight-text-on-any-website","est","1","0","0","9"
"https://www.marqly.com/blog/how-to-highlight-text-on-any-website","fin","1","0","0","9"
"https://www.marqly.com/blog/how-to-highlight-text-on-any-website","fra","5","0","0","15"
"https://www.marqly.com/blog/how-to-highlight-text-on-any-website","gbr","85","0","0","26.152941176470588"
"https://www.marqly.com/blog/how-to-highlight-text-on-any-website","gha","2","0","0","29"
"https://www.marqly.com/blog/how-to-highlight-text-on-any-website","hkg","2","0","0","5.5"
"https://www.marqly.com/blog/how-to-highlight-text-on-any-website","hnd","1","0","0","46"
"https://www.marqly.com/blog/how-to-highlight-text-on-any-website","hun","2","0","0","11.5"
"https://www.marqly.com/blog/how-to-highlight-text-on-any-website","idn","6","0","0","12.666666666666666"
"https://www.marqly.com/blog/how-to-highlight-text-on-any-website","ind","8","0","0","30.5"
"https://www.marqly.com/blog/how-to-highlight-text-on-any-website","irl","4","0","0","8.5"
"https://www.marqly.com/blog/how-to-highlight-text-on-any-website","isr","1","0","0","61"
"https://www.marqly.com/blog/how-to-highlight-text-on-any-website","ita","3","0","0","11.666666666666666"
"https://www.marqly.com/blog/how-to-highlight-text-on-any-website","jam","2","0","0","9"
"https://www.marqly.com/blog/how-to-highlight-text-on-any-website","lka","1","0","0","3"
"https://www.marqly.com/blog/how-to-highlight-text-on-any-website","mar","2","0","0","9.5"
"https://www.marqly.com/blog/how-to-highlight-text-on-any-website","mex","4","0","0","16.25"
"https://www.marqly.com/blog/how-to-highlight-text-on-any-website","mmr","1","0","0","10"
"https://www.marqly.com/blog/how-to-highlight-text-on-any-website","mys","4","0","0","16.25"
"https://www.marqly.com/blog/how-to-highlight-text-on-any-website","nam","1","0","0","10"
"https://www.marqly.com/blog/how-to-highlight-text-on-any-website","nga","1","0","0","8"
"https://www.marqly.com/blog/how-to-highlight-text-on-any-website","nld","4","0","0","30.5"
"https://www.marqly.com/blog/how-to-highlight-text-on-any-website","npl","1","0","0","8"
"https://www.marqly.com/blog/how-to-highlight-text-on-any-website","nzl","1","0","0","10"
"https://www.marqly.com/blog/how-to-highlight-text-on-any-website","pak","2","0","0","8.5"
"https://www.marqly.com/blog/how-to-highlight-text-on-any-website","pan","1","0","0","11"
"https://www.marqly.com/blog/how-to-highlight-text-on-any-website","phl","7","0","0","14"
"https://www.marqly.com/blog/how-to-highlight-text-on-any-website","prt","1","0","0","9"
"https://www.marqly.com/blog/how-to-highlight-text-on-any-website","rou","3","0","0","21.666666666666668"
"https://www.marqly.com/blog/how-to-highlight-text-on-any-website","rus","1","0","0","22"
"https://www.marqly.com/blog/how-to-highlight-text-on-any-website","rwa","1","0","0","7"
"https://www.marqly.com/blog/how-to-highlight-text-on-any-website","sau","1","0","0","32"
"https://www.marqly.com/blog/how-to-highlight-text-on-any-website","swe","1","0","0","1"
"https://www.marqly.com/blog/how-to-highlight-text-on-any-website","tha","3","0","0","15.333333333333334"
"https://www.marqly.com/blog/how-to-highlight-text-on-any-website","twn","1","0","0","11"
"https://www.marqly.com/blog/how-to-highlight-text-on-any-website","tza","2","0","0","10"
"https://www.marqly.com/blog/how-to-highlight-text-on-any-website","ukr","2","0","0","35"
"https://www.marqly.com/blog/how-to-highlight-text-on-any-website","usa","373","0","0","26.635388739946382"
"https://www.marqly.com/blog/how-to-highlight-text-on-any-website","vnm","11","0","0","21.545454545454547"
"https://www.marqly.com/blog/how-to-highlight-text-on-any-website","zaf","2","0","0","7.5"
"https://www.marqly.com/blog/how-to-highlight-text-on-any-website/","mar","1","0","0","41"
"https://www.marqly.com/blog/how-to-manage-bookmarks-efficiently-a-step-by-step-guide","ago","1","0","0","29"
"https://www.marqly.com/blog/how-to-manage-bookmarks-efficiently-a-step-by-step-guide","alb","1","0","0","70"
"https://www.marqly.com/blog/how-to-manage-bookmarks-efficiently-a-step-by-step-guide","arg","13","0","0","30.76923076923077"
"https://www.marqly.com/blog/how-to-manage-bookmarks-efficiently-a-step-by-step-guide","aus","29","0","0","10.413793103448276"
"https://www.marqly.com/blog/how-to-manage-bookmarks-efficiently-a-step-by-step-guide","aut","2","0","0","21.5"
"https://www.marqly.com/blog/how-to-manage-bookmarks-efficiently-a-step-by-step-guide","aze","1","0","0","16"
"https://www.marqly.com/blog/how-to-manage-bookmarks-efficiently-a-step-by-step-guide","bel","6","0","0","12.5"
"https://www.marqly.com/blog/how-to-manage-bookmarks-efficiently-a-step-by-step-guide","bgd","12","0","0","16"
"https://www.marqly.com/blog/how-to-manage-bookmarks-efficiently-a-step-by-step-guide","bgr","1","0","0","11"
"https://www.marqly.com/blog/how-to-manage-bookmarks-efficiently-a-step-by-step-guide","bih","1","0","0","1"
"https://www.marqly.com/blog/how-to-manage-bookmarks-efficiently-a-step-by-step-guide","bol","1","0","0","47"
"https://www.marqly.com/blog/how-to-manage-bookmarks-efficiently-a-step-by-step-guide","bra","66","0","0","39.84848484848485"
"https://www.marqly.com/blog/how-to-manage-bookmarks-efficiently-a-step-by-step-guide","can","125","0","0","28.368"
"https://www.marqly.com/blog/how-to-manage-bookmarks-efficiently-a-step-by-step-guide","che","9","0","0","27.88888888888889"
"https://www.marqly.com/blog/how-to-manage-bookmarks-efficiently-a-step-by-step-guide","chl","1","0","0","43"
"https://www.marqly.com/blog/how-to-manage-bookmarks-efficiently-a-step-by-step-guide","chn","7","0","0","11.142857142857142"
"https://www.marqly.com/blog/how-to-manage-bookmarks-efficiently-a-step-by-step-guide","col","8","0","0","34"
"https://www.marqly.com/blog/how-to-manage-bookmarks-efficiently-a-step-by-step-guide","cri","1","0","0","1"
"https://www.marqly.com/blog/how-to-manage-bookmarks-efficiently-a-step-by-step-guide","cze","6","0","0","17.166666666666668"
"https://www.marqly.com/blog/how-to-manage-bookmarks-efficiently-a-step-by-step-guide","deu","38","0","0","27.92105263157895"
"https://www.marqly.com/blog/how-to-manage-bookmarks-efficiently-a-step-by-step-guide","dnk","3","0","0","16.666666666666664"
"https://www.marqly.com/blog/how-to-manage-bookmarks-efficiently-a-step-by-step-guide","dom","2","0","0","20"
"https://www.marqly.com/blog/how-to-manage-bookmarks-efficiently-a-step-by-step-guide","dza","5","0","0","24"
"https://www.marqly.com/blog/how-to-manage-bookmarks-efficiently-a-step-by-step-guide","ecu","3","0","0","22"
"https://www.marqly.com/blog/how-to-manage-bookmarks-efficiently-a-step-by-step-guide","egy","6","0","0","30.833333333333332"
"https://www.marqly.com/blog/how-to-manage-bookmarks-efficiently-a-step-by-step-guide","esp","19","0","0","26.68421052631579"
"https://www.marqly.com/blog/how-to-manage-bookmarks-efficiently-a-step-by-step-guide","est","1","0","0","1"
"https://www.marqly.com/blog/how-to-manage-bookmarks-efficiently-a-step-by-step-guide","eth","2","0","0","32.5"
"https://www.marqly.com/blog/how-to-manage-bookmarks-efficiently-a-step-by-step-guide","fin","3","0","0","51"
"https://www.marqly.com/blog/how-to-manage-bookmarks-efficiently-a-step-by-step-guide","gbr","233","0","0","33.18454935622318"
"https://www.marqly.com/blog/how-to-manage-bookmarks-efficiently-a-step-by-step-guide","geo","5","0","0","18"
"https://www.marqly.com/blog/how-to-manage-bookmarks-efficiently-a-step-by-step-guide","gha","2","0","0","28"
"https://www.marqly.com/blog/how-to-manage-bookmarks-efficiently-a-step-by-step-guide","grc","5","0","0","25"
"https://www.marqly.com/blog/how-to-manage-bookmarks-efficiently-a-step-by-step-guide","gtm","1","0","0","1"
"https://www.marqly.com/blog/how-to-manage-bookmarks-efficiently-a-step-by-step-guide","hkg","12","0","0","28.833333333333332"
"https://www.marqly.com/blog/how-to-manage-bookmarks-efficiently-a-step-by-step-guide","hrv","2","0","0","21"
"https://www.marqly.com/blog/how-to-manage-bookmarks-efficiently-a-step-by-step-guide","hun","2","0","0","30"
"https://www.marqly.com/blog/how-to-manage-bookmarks-efficiently-a-step-by-step-guide","idn","19","0","0","30.473684210526315"
"https://www.marqly.com/blog/how-to-manage-bookmarks-efficiently-a-step-by-step-guide","ind","97","0","0","21.010309278350515"
"https://www.marqly.com/blog/how-to-manage-bookmarks-efficiently-a-step-by-step-guide","irl","6","0","0","37.333333333333336"
"https://www.marqly.com/blog/how-to-manage-bookmarks-efficiently-a-step-by-step-guide","irq","2","0","0","1"
"https://www.marqly.com/blog/how-to-manage-bookmarks-efficiently-a-step-by-step-guide","isr","7","0","0","22.571428571428573"
"https://www.marqly.com/blog/how-to-manage-bookmarks-efficiently-a-step-by-step-guide","ita","61","0","0","25.42622950819672"
"https://www.marqly.com/blog/how-to-manage-bookmarks-efficiently-a-step-by-step-guide","jor","1","0","0","10"
"https://www.marqly.com/blog/how-to-manage-bookmarks-efficiently-a-step-by-step-guide","jpn","3","0","0","29"
"https://www.marqly.com/blog/how-to-manage-bookmarks-efficiently-a-step-by-step-guide","ken","1","0","0","25"
"https://www.marqly.com/blog/how-to-manage-bookmarks-efficiently-a-step-by-step-guide","khm","2","0","0","27"
"https://www.marqly.com/blog/how-to-manage-bookmarks-efficiently-a-step-by-step-guide","kna","1","0","0","67"
"https://www.marqly.com/blog/how-to-manage-bookmarks-efficiently-a-step-by-step-guide","kor","17","0","0","27.58823529411765"
"https://www.marqly.com/blog/how-to-manage-bookmarks-efficiently-a-step-by-step-guide","kwt","1","0","0","68"
"https://www.marqly.com/blog/how-to-manage-bookmarks-efficiently-a-step-by-step-guide","lao","1","0","0","8"
"https://www.marqly.com/blog/how-to-manage-bookmarks-efficiently-a-step-by-step-guide","lbn","1","0","0","44"
"https://www.marqly.com/blog/how-to-manage-bookmarks-efficiently-a-step-by-step-guide","lka","1","0","0","1"
"https://www.marqly.com/blog/how-to-manage-bookmarks-efficiently-a-step-by-step-guide","ltu","3","0","0","13.666666666666666"
"https://www.marqly.com/blog/how-to-manage-bookmarks-efficiently-a-step-by-step-guide","lva","3","0","0","7.333333333333333"
"https://www.marqly.com/blog/how-to-manage-bookmarks-efficiently-a-step-by-step-guide","maf","1","0","0","62"
"https://www.marqly.com/blog/how-to-manage-bookmarks-efficiently-a-step-by-step-guide","mar","7","0","0","31.142857142857142"
"https://www.marqly.com/blog/how-to-manage-bookmarks-efficiently-a-step-by-step-guide","mdg","1","0","0","17"
"https://www.marqly.com/blog/how-to-manage-bookmarks-efficiently-a-step-by-step-guide","mex","13","0","0","29.923076923076923"
"https://www.marqly.com/blog/how-to-manage-bookmarks-efficiently-a-step-by-step-guide","mmr","1","0","0","52"
"https://www.marqly.com/blog/how-to-manage-bookmarks-efficiently-a-step-by-step-guide","moz","12","0","0","1"
"https://www.marqly.com/blog/how-to-manage-bookmarks-efficiently-a-step-by-step-guide","mys","8","0","0","15.375"
"https://www.marqly.com/blog/how-to-manage-bookmarks-efficiently-a-step-by-step-guide","nga","4","0","0","12.5"
"https://www.marqly.com/blog/how-to-manage-bookmarks-efficiently-a-step-by-step-guide","nld","364","0","0","34.12637362637363"
"https://www.marqly.com/blog/how-to-manage-bookmarks-efficiently-a-step-by-step-guide","nor","3","0","0","41.666666666666664"
"https://www.marqly.com/blog/how-to-manage-bookmarks-efficiently-a-step-by-step-guide","nzl","1","0","0","43"
"https://www.marqly.com/blog/how-to-manage-bookmarks-efficiently-a-step-by-step-guide","omn","2","0","0","45.5"
"https://www.marqly.com/blog/how-to-manage-bookmarks-efficiently-a-step-by-step-guide","pak","9","0","0","20.666666666666668"
"https://www.marqly.com/blog/how-to-manage-bookmarks-efficiently-a-step-by-step-guide","per","3","0","0","44"
"https://www.marqly.com/blog/how-to-manage-bookmarks-efficiently-a-step-by-step-guide","phl","42","0","0","28.404761904761905"
"https://www.marqly.com/blog/how-to-manage-bookmarks-efficiently-a-step-by-step-guide","pol","15","0","0","30.533333333333335"
"https://www.marqly.com/blog/how-to-manage-bookmarks-efficiently-a-step-by-step-guide","pri","1","0","0","1"
"https://www.marqly.com/blog/how-to-manage-bookmarks-efficiently-a-step-by-step-guide","prt","19","0","0","10.842105263157896"
"https://www.marqly.com/blog/how-to-manage-bookmarks-efficiently-a-step-by-step-guide","pry","1","0","0","15"
"https://www.marqly.com/blog/how-to-manage-bookmarks-efficiently-a-step-by-step-guide","pse","1","0","0","30"
"https://www.marqly.com/blog/how-to-manage-bookmarks-efficiently-a-step-by-step-guide","qat","1","0","0","1"
"https://www.marqly.com/blog/how-to-manage-bookmarks-efficiently-a-step-by-step-guide","rou","2","0","0","39.5"
"https://www.marqly.com/blog/how-to-manage-bookmarks-efficiently-a-step-by-step-guide","rus","28","0","0","31.892857142857142"
"https://www.marqly.com/blog/how-to-manage-bookmarks-efficiently-a-step-by-step-guide","sau","6","0","0","24.166666666666668"
"https://www.marqly.com/blog/how-to-manage-bookmarks-efficiently-a-step-by-step-guide","sgp","5","0","0","12.2"
"https://www.marqly.com/blog/how-to-manage-bookmarks-efficiently-a-step-by-step-guide","srb","3","0","0","1"
"https://www.marqly.com/blog/how-to-manage-bookmarks-efficiently-a-step-by-step-guide","svk","1","0","0","1"
"https://www.marqly.com/blog/how-to-manage-bookmarks-efficiently-a-step-by-step-guide","svn","1","0","0","10"
"https://www.marqly.com/blog/how-to-manage-bookmarks-efficiently-a-step-by-step-guide","swe","13","0","0","28.53846153846154"
"https://www.marqly.com/blog/how-to-manage-bookmarks-efficiently-a-step-by-step-guide","syc","2","0","0","13"
"https://www.marqly.com/blog/how-to-manage-bookmarks-efficiently-a-step-by-step-guide","tha","6","0","0","19.166666666666668"
"https://www.marqly.com/blog/how-to-manage-bookmarks-efficiently-a-step-by-step-guide","tjk","1","0","0","69"
"https://www.marqly.com/blog/how-to-manage-bookmarks-efficiently-a-step-by-step-guide","tto","1","0","0","58"
"https://www.marqly.com/blog/how-to-manage-bookmarks-efficiently-a-step-by-step-guide","tun","1","0","0","46"
"https://www.marqly.com/blog/how-to-manage-bookmarks-efficiently-a-step-by-step-guide","tur","11","0","0","24.272727272727273"
"https://www.marqly.com/blog/how-to-manage-bookmarks-efficiently-a-step-by-step-guide","twn","4","0","0","17.25"
"https://www.marqly.com/blog/how-to-manage-bookmarks-efficiently-a-step-by-step-guide","uga","1","0","0","16"
"https://www.marqly.com/blog/how-to-manage-bookmarks-efficiently-a-step-by-step-guide","ukr","5","0","0","31.2"
"https://www.marqly.com/blog/how-to-manage-bookmarks-efficiently-a-step-by-step-guide","ven","4","0","0","27.75"
"https://www.marqly.com/blog/how-to-manage-bookmarks-efficiently-a-step-by-step-guide","vnm","22","0","0","33.90909090909091"
"https://www.marqly.com/blog/how-to-manage-bookmarks-efficiently-a-step-by-step-guide","zaf","12","0","0","32.16666666666667"
"https://www.marqly.com/blog/how-to-manage-bookmarks-efficiently-a-step-by-step-guide","zmb","1","0","0","1"
"https://www.marqly.com/blog/how-to-manage-your-internet-info-like-a-pro-in-2025","ind","2","0","0","10"
"https://www.marqly.com/blog/how-to-manage-your-internet-info-like-a-pro-in-2025","usa","9","0","0","21.22222222222222"
"https://www.marqly.com/blog/how-to-migrate-from-raindrop.io-to-marqly-complete-guide","bra","1","0","0","10"
"https://www.marqly.com/blog/how-to-migrate-from-raindrop.io-to-marqly-complete-guide","cze","1","0","0","1"
"https://www.marqly.com/blog/how-to-migrate-from-raindrop.io-to-marqly-complete-guide","usa","1","0","0","10"
"https://www.marqly.com/blog/how-to-migrate-from-raindrop.io-to-marqly-complete-guide","vnm","1","0","0","8"
"https://www.marqly.com/blog/how-to-organize-bookmarks","are","4","0","0","1"
"https://www.marqly.com/blog/how-to-organize-bookmarks","arg","3","0","0","28"
"https://www.marqly.com/blog/how-to-organize-bookmarks","aus","7","0","0","20.857142857142858"
"https://www.marqly.com/blog/how-to-organize-bookmarks","aut","3","0","0","12"
"https://www.marqly.com/blog/how-to-organize-bookmarks","bel","3","0","0","2.666666666666667"
"https://www.marqly.com/blog/how-to-organize-bookmarks","bgd","3","0","0","32.66666666666667"
"https://www.marqly.com/blog/how-to-organize-bookmarks","bhr","1","0","0","7"
"https://www.marqly.com/blog/how-to-organize-bookmarks","bhs","1","0","0","9"
"https://www.marqly.com/blog/how-to-organize-bookmarks","bra","5","0","0","15.8"
"https://www.marqly.com/blog/how-to-organize-bookmarks","can","4","0","0","17.5"
"https://www.marqly.com/blog/how-to-organize-bookmarks","che","9","0","0","11.555555555555555"
"https://www.marqly.com/blog/how-to-organize-bookmarks","chn","2","0","0","14.5"
"https://www.marqly.com/blog/how-to-organize-bookmarks","deu","7","0","0","7.142857142857143"
"https://www.marqly.com/blog/how-to-organize-bookmarks","dnk","2","0","0","16.5"
"https://www.marqly.com/blog/how-to-organize-bookmarks","egy","2","0","0","28"
"https://www.marqly.com/blog/how-to-organize-bookmarks","esp","4","0","0","10.5"
"https://www.marqly.com/blog/how-to-organize-bookmarks","eth","1","0","0","39"
"https://www.marqly.com/blog/how-to-organize-bookmarks","fin","3","0","0","16.666666666666664"
"https://www.marqly.com/blog/how-to-organize-bookmarks","fra","18","0","0","17.22222222222222"
"https://www.marqly.com/blog/how-to-organize-bookmarks","gbr","49","0","0","28.918367346938776"
"https://www.marqly.com/blog/how-to-organize-bookmarks","grc","4","0","0","3.5"
"https://www.marqly.com/blog/how-to-organize-bookmarks","hkg","3","0","0","8.666666666666668"
"https://www.marqly.com/blog/how-to-organize-bookmarks","hun","1","0","0","36"
"https://www.marqly.com/blog/how-to-organize-bookmarks","idn","4","0","0","11.25"
"https://www.marqly.com/blog/how-to-organize-bookmarks","ind","12","0","0","43.333333333333336"
"https://www.marqly.com/blog/how-to-organize-bookmarks","irl","1","0","0","8"
"https://www.marqly.com/blog/how-to-organize-bookmarks","irn","6","0","0","16.166666666666664"
"https://www.marqly.com/blog/how-to-organize-bookmarks","irq","1","0","0","23"
"https://www.marqly.com/blog/how-to-organize-bookmarks","isr","2","0","0","20"
"https://www.marqly.com/blog/how-to-organize-bookmarks","ita","10","0","0","29.8"
"https://www.marqly.com/blog/how-to-organize-bookmarks","jor","1","0","0","15"
"https://www.marqly.com/blog/how-to-organize-bookmarks","kaz","8","0","0","4.375"
"https://www.marqly.com/blog/how-to-organize-bookmarks","ken","1","0","0","12"
"https://www.marqly.com/blog/how-to-organize-bookmarks","kor","1","0","0","37"
"https://www.marqly.com/blog/how-to-organize-bookmarks","lbn","1","0","0","10"
"https://www.marqly.com/blog/how-to-organize-bookmarks","lux","1","0","0","1"
"https://www.marqly.com/blog/how-to-organize-bookmarks","mar","2","0","0","14.5"
"https://www.marqly.com/blog/how-to-organize-bookmarks","mex","9","0","0","16.666666666666664"
"https://www.marqly.com/blog/how-to-organize-bookmarks","mkd","2","0","0","9"
"https://www.marqly.com/blog/how-to-organize-bookmarks","mys","2","0","0","46"
"https://www.marqly.com/blog/how-to-organize-bookmarks","nga","2","0","0","9"
"https://www.marqly.com/blog/how-to-organize-bookmarks","nld","187","0","0","25.13368983957219"
"https://www.marqly.com/blog/how-to-organize-bookmarks","nor","2","0","0","8.5"
"https://www.marqly.com/blog/how-to-organize-bookmarks","omn","1","0","0","33"
"https://www.marqly.com/blog/how-to-organize-bookmarks","pak","2","0","0","21.5"
"https://www.marqly.com/blog/how-to-organize-bookmarks","per","1","0","0","11"
"https://www.marqly.com/blog/how-to-organize-bookmarks","phl","10","0","0","36.7"
"https://www.marqly.com/blog/how-to-organize-bookmarks","png","1","0","0","4"
"https://www.marqly.com/blog/how-to-organize-bookmarks","pol","8","0","0","11.25"
"https://www.marqly.com/blog/how-to-organize-bookmarks","prt","1","0","0","6"
"https://www.marqly.com/blog/how-to-organize-bookmarks","rus","8","0","0","18.25"
"https://www.marqly.com/blog/how-to-organize-bookmarks","sgp","2","0","0","5.5"
"https://www.marqly.com/blog/how-to-organize-bookmarks","svn","1","0","0","1"
"https://www.marqly.com/blog/how-to-organize-bookmarks","swe","2","0","0","6"
"https://www.marqly.com/blog/how-to-organize-bookmarks","tur","4","0","0","29.75"
"https://www.marqly.com/blog/how-to-organize-bookmarks","twn","1","0","0","34"
"https://www.marqly.com/blog/how-to-organize-bookmarks","ukr","2","0","0","5"
"https://www.marqly.com/blog/how-to-organize-bookmarks","vnm","7","0","0","23.428571428571427"
"https://www.marqly.com/blog/how-to-organize-bookmarks","xkk","1","0","0","34"
"https://www.marqly.com/blog/how-to-organize-bookmarks/","are","3","0","0","1"
"https://www.marqly.com/blog/how-to-organize-bookmarks/","che","1","0","0","26"
"https://www.marqly.com/blog/how-to-organize-bookmarks/","deu","1","0","0","13"
"https://www.marqly.com/blog/how-to-organize-bookmarks/","dnk","1","0","0","1"
"https://www.marqly.com/blog/how-to-organize-bookmarks/","egy","1","0","0","1"
"https://www.marqly.com/blog/how-to-organize-bookmarks/","esp","1","0","0","10"
"https://www.marqly.com/blog/how-to-organize-bookmarks/","fra","1","0","0","1"
"https://www.marqly.com/blog/how-to-organize-bookmarks/","gbr","8","0","0","33"
"https://www.marqly.com/blog/how-to-organize-bookmarks/","hrv","1","0","0","1"
"https://www.marqly.com/blog/how-to-organize-bookmarks/","ind","1","0","0","46"
"https://www.marqly.com/blog/how-to-organize-bookmarks/","ita","1","0","0","1"
"https://www.marqly.com/blog/how-to-organize-bookmarks/","nld","16","0","0","21.5625"
"https://www.marqly.com/blog/how-to-organize-bookmarks/","pol","1","0","0","1"
"https://www.marqly.com/blog/how-to-organize-bookmarks/","tur","1","0","0","1"
"https://www.marqly.com/blog/how-to-organize-bookmarks/","usa","49","0","0","23.428571428571427"
"https://www.marqly.com/blog/how-to-search-bookmarks-with-ai","deu","4","0","0","7.25"
"https://www.marqly.com/blog/how-to-search-bookmarks-with-ai","gbr","12","0","0","23.916666666666668"
"https://www.marqly.com/blog/how-to-search-bookmarks-with-ai","ind","2","0","0","27"
"https://www.marqly.com/blog/how-to-search-bookmarks-with-ai","isr","1","0","0","38"
"https://www.marqly.com/blog/how-to-search-bookmarks-with-ai","phl","1","0","0","61"
"https://www.marqly.com/blog/how-to-search-bookmarks-with-ai","pyf","1","0","0","12"
"https://www.marqly.com/blog/how-to-search-bookmarks-with-ai","rus","1","0","0","5"
"https://www.marqly.com/blog/how-to-search-bookmarks-with-ai","usa","24","0","0","39.166666666666664"
"https://www.marqly.com/blog/instapaper-alternatives-2026","are","1","0","0","9"
"https://www.marqly.com/blog/instapaper-alternatives-2026","arg","3","0","0","7.333333333333333"
"https://www.marqly.com/blog/instapaper-alternatives-2026","aus","9","0","0","8.666666666666668"
"https://www.marqly.com/blog/instapaper-alternatives-2026","aut","3","0","0","7.333333333333333"
"https://www.marqly.com/blog/instapaper-alternatives-2026","bel","4","0","0","6.5"
"https://www.marqly.com/blog/instapaper-alternatives-2026","bgd","1","0","0","11"
"https://www.marqly.com/blog/instapaper-alternatives-2026","bgr","1","0","0","9"
"https://www.marqly.com/blog/instapaper-alternatives-2026","bra","7","0","0","7"
"https://www.marqly.com/blog/instapaper-alternatives-2026","can","7","0","0","8.714285714285715"
"https://www.marqly.com/blog/instapaper-alternatives-2026","che","5","0","0","5.8"
"https://www.marqly.com/blog/instapaper-alternatives-2026","chn","1","0","0","6"
"https://www.marqly.com/blog/instapaper-alternatives-2026","cyp","1","0","0","1"
"https://www.marqly.com/blog/instapaper-alternatives-2026","cze","2","0","0","4"
"https://www.marqly.com/blog/instapaper-alternatives-2026","deu","12","0","0","8"
"https://www.marqly.com/blog/instapaper-alternatives-2026","dnk","1","0","0","8"
"https://www.marqly.com/blog/instapaper-alternatives-2026","dom","1","0","0","11"
"https://www.marqly.com/blog/instapaper-alternatives-2026","dza","1","0","0","1"
"https://www.marqly.com/blog/instapaper-alternatives-2026","egy","3","0","0","8.666666666666668"
"https://www.marqly.com/blog/instapaper-alternatives-2026","esp","3","0","0","5.666666666666667"
"https://www.marqly.com/blog/instapaper-alternatives-2026","fin","3","0","0","9.333333333333334"
"https://www.marqly.com/blog/instapaper-alternatives-2026","fra","4","0","0","6.25"
"https://www.marqly.com/blog/instapaper-alternatives-2026","gha","1","0","0","7"
"https://www.marqly.com/blog/instapaper-alternatives-2026","grc","2","0","0","9.5"
"https://www.marqly.com/blog/instapaper-alternatives-2026","hkg","2","0","0","6"
"https://www.marqly.com/blog/instapaper-alternatives-2026","hrv","1","0","0","9"
"https://www.marqly.com/blog/instapaper-alternatives-2026","idn","2","0","0","9.5"
"https://www.marqly.com/blog/instapaper-alternatives-2026","ind","6","0","0","13.166666666666666"
"https://www.marqly.com/blog/instapaper-alternatives-2026","irl","1","0","0","12"
"https://www.marqly.com/blog/instapaper-alternatives-2026","irn","1","0","0","9"
"https://www.marqly.com/blog/instapaper-alternatives-2026","isl","1","0","0","11"
"https://www.marqly.com/blog/instapaper-alternatives-2026","isr","2","0","0","4.5"
"https://www.marqly.com/blog/instapaper-alternatives-2026","kor","3","0","0","6.666666666666667"
"https://www.marqly.com/blog/instapaper-alternatives-2026","mex","3","0","0","8"
"https://www.marqly.com/blog/instapaper-alternatives-2026","mys","2","0","0","10.5"
"https://www.marqly.com/blog/instapaper-alternatives-2026","nld","9","0","0","6.666666666666667"
"https://www.marqly.com/blog/instapaper-alternatives-2026","nor","5","0","0","6.2"
"https://www.marqly.com/blog/instapaper-alternatives-2026","nzl","1","0","0","10"
"https://www.marqly.com/blog/instapaper-alternatives-2026","phl","4","0","0","7"
"https://www.marqly.com/blog/instapaper-alternatives-2026","pol","10","0","0","8.9"
"https://www.marqly.com/blog/instapaper-alternatives-2026","prt","4","0","0","6.5"
"https://www.marqly.com/blog/instapaper-alternatives-2026","rou","2","0","0","10.5"
"https://www.marqly.com/blog/instapaper-alternatives-2026","rus","4","0","0","6"
"https://www.marqly.com/blog/instapaper-alternatives-2026","sau","1","0","0","9"
"https://www.marqly.com/blog/instapaper-alternatives-2026","sen","1","0","0","1"
"https://www.marqly.com/blog/instapaper-alternatives-2026","sgp","2","0","0","9.5"
"https://www.marqly.com/blog/instapaper-alternatives-2026","srb","2","0","0","5.5"
"https://www.marqly.com/blog/instapaper-alternatives-2026","swe","2","0","0","1"
"https://www.marqly.com/blog/instapaper-alternatives-2026","tur","2","0","0","8.5"
"https://www.marqly.com/blog/instapaper-alternatives-2026","twn","1","0","0","11"
"https://www.marqly.com/blog/instapaper-alternatives-2026","uga","1","0","0","5"
"https://www.marqly.com/blog/instapaper-alternatives-2026","ukr","2","0","0","8"
"https://www.marqly.com/blog/instapaper-alternatives-2026","usa","49","0","0","11.877551020408163"
"https://www.marqly.com/blog/instapaper-alternatives-2026","vnm","3","0","0","18.666666666666668"
"https://www.marqly.com/blog/instapaper-alternatives-2026","zaf","1","0","0","10"
"https://www.marqly.com/blog/instapaper-review-2026","arg","1","0","0","10"
"https://www.marqly.com/blog/instapaper-review-2026","aus","4","0","0","10.5"
"https://www.marqly.com/blog/instapaper-review-2026","bel","2","0","0","11"
"https://www.marqly.com/blog/instapaper-review-2026","bra","3","0","0","10"
"https://www.marqly.com/blog/instapaper-review-2026","can","10","0","0","10.7"
"https://www.marqly.com/blog/instapaper-review-2026","che","3","0","0","7.666666666666667"
"https://www.marqly.com/blog/instapaper-review-2026","col","2","0","0","10"
"https://www.marqly.com/blog/instapaper-review-2026","deu","2","0","0","10"
"https://www.marqly.com/blog/instapaper-review-2026","esp","1","0","0","9"
"https://www.marqly.com/blog/instapaper-review-2026","fin","2","0","0","9.5"
"https://www.marqly.com/blog/instapaper-review-2026","gbr","2","0","0","10"
"https://www.marqly.com/blog/instapaper-review-2026","geo","1","0","0","9"
"https://www.marqly.com/blog/instapaper-review-2026","idn","3","0","0","10.333333333333334"
"https://www.marqly.com/blog/instapaper-review-2026","ind","1","0","0","1"
"https://www.marqly.com/blog/instapaper-review-2026","irl","2","0","0","11"
"https://www.marqly.com/blog/instapaper-review-2026","ita","1","0","0","11"
"https://www.marqly.com/blog/instapaper-review-2026","jpn","1","0","0","9"
"https://www.marqly.com/blog/instapaper-review-2026","mys","1","0","0","9"
"https://www.marqly.com/blog/instapaper-review-2026","nld","1","0","0","10"
"https://www.marqly.com/blog/instapaper-review-2026","pol","1","0","0","9"
"https://www.marqly.com/blog/instapaper-review-2026","prt","2","0","0","7.5"
"https://www.marqly.com/blog/instapaper-review-2026","qat","1","0","0","10"
"https://www.marqly.com/blog/instapaper-review-2026","rou","1","0","0","11"
"https://www.marqly.com/blog/instapaper-review-2026","tha","1","0","0","10"
"https://www.marqly.com/blog/instapaper-review-2026","tur","1","0","0","10"
"https://www.marqly.com/blog/instapaper-review-2026","ukr","1","0","0","8"
"https://www.marqly.com/blog/instapaper-review-2026","vnm","2","0","0","10.5"
"https://www.marqly.com/blog/karakeep-review-2026","aus","2","0","0","5"
"https://www.marqly.com/blog/karakeep-review-2026","aut","1","0","0","8"
"https://www.marqly.com/blog/karakeep-review-2026","bel","1","0","0","2"
"https://www.marqly.com/blog/karakeep-review-2026","can","1","0","0","4"
"https://www.marqly.com/blog/karakeep-review-2026","che","2","0","0","11"
"https://www.marqly.com/blog/karakeep-review-2026","cyp","1","0","0","3"
"https://www.marqly.com/blog/karakeep-review-2026","deu","1","0","0","8"
"https://www.marqly.com/blog/karakeep-review-2026","dnk","2","0","0","6"
"https://www.marqly.com/blog/karakeep-review-2026","fin","2","0","0","5"
"https://www.marqly.com/blog/karakeep-review-2026","gbr","3","0","0","9"
"https://www.marqly.com/blog/karakeep-review-2026","hun","1","0","0","10"
"https://www.marqly.com/blog/karakeep-review-2026","mlt","1","0","0","10"
"https://www.marqly.com/blog/karakeep-review-2026","nld","1","0","0","1"
"https://www.marqly.com/blog/karakeep-review-2026","nor","2","0","0","5"
"https://www.marqly.com/blog/karakeep-review-2026","sgp","1","0","0","8"
"https://www.marqly.com/blog/karakeep-review-2026","svk","1","0","0","1"
"https://www.marqly.com/blog/karakeep-review-2026","swe","1","0","0","30"
"https://www.marqly.com/blog/karakeep-review-2026","tur","2","0","0","13"
"https://www.marqly.com/blog/karakeep-review-2026","ukr","1","0","0","10"
"https://www.marqly.com/blog/karakeep-review-2026","usa","10","0","0","11.4"
"https://www.marqly.com/blog/linkwarden-review-2026","are","2","0","0","5.5"
"https://www.marqly.com/blog/linkwarden-review-2026","arg","1","0","0","34"
"https://www.marqly.com/blog/linkwarden-review-2026","aus","1","0","0","11"
"https://www.marqly.com/blog/linkwarden-review-2026","bgd","1","0","0","11"
"https://www.marqly.com/blog/linkwarden-review-2026","can","1","0","0","9"
"https://www.marqly.com/blog/linkwarden-review-2026","che","1","0","0","4"
"https://www.marqly.com/blog/linkwarden-review-2026","cze","1","0","0","10"
"https://www.marqly.com/blog/linkwarden-review-2026","deu","8","0","0","8.25"
"https://www.marqly.com/blog/linkwarden-review-2026","esp","1","0","0","11"
"https://www.marqly.com/blog/linkwarden-review-2026","fin","1","0","0","11"
"https://www.marqly.com/blog/linkwarden-review-2026","gbr","9","0","0","6.666666666666667"
"https://www.marqly.com/blog/linkwarden-review-2026","imn","1","0","0","2"
"https://www.marqly.com/blog/linkwarden-review-2026","ltu","1","0","0","7"
"https://www.marqly.com/blog/linkwarden-review-2026","rus","1","0","0","10"
"https://www.marqly.com/blog/linkwarden-review-2026","swe","1","0","0","6"
"https://www.marqly.com/blog/linkwarden-review-2026","tha","1","0","0","18"
"https://www.marqly.com/blog/linkwarden-review-2026","usa","8","0","0","8.25"
"https://www.marqly.com/blog/marqly-ai-vs-readwise-ghostreader","aus","1","0","0","7"
"https://www.marqly.com/blog/marqly-ai-vs-readwise-ghostreader","ecu","1","0","0","9"
"https://www.marqly.com/blog/marqly-ai-vs-readwise-ghostreader","ita","1","0","0","25"
"https://www.marqly.com/blog/marqly-ai-vs-readwise-ghostreader","swe","1","0","0","11"
"https://www.marqly.com/blog/marqly-ai-vs-readwise-ghostreader","usa","1","0","0","16"
"https://www.marqly.com/blog/marqly-review-2026","arg","3","0","0","1"
"https://www.marqly.com/blog/marqly-review-2026","arm","1","0","0","1"
"https://www.marqly.com/blog/marqly-review-2026","aus","10","0","0","1.9"
"https://www.marqly.com/blog/marqly-review-2026","aut","3","0","0","4"
"https://www.marqly.com/blog/marqly-review-2026","bel","1","0","0","1"
"https://www.marqly.com/blog/marqly-review-2026","bgd","10","0","0","1.5"
"https://www.marqly.com/blog/marqly-review-2026","bgr","1","0","0","1"
"https://www.marqly.com/blog/marqly-review-2026","bol","1","0","0","1"
"https://www.marqly.com/blog/marqly-review-2026","bra","9","0","0","2"
"https://www.marqly.com/blog/marqly-review-2026","che","6","0","0","1"
"https://www.marqly.com/blog/marqly-review-2026","chn","4","0","0","1"
"https://www.marqly.com/blog/marqly-review-2026","col","1","0","0","10"
"https://www.marqly.com/blog/marqly-review-2026","cze","3","0","0","2.666666666666667"
"https://www.marqly.com/blog/marqly-review-2026","deu","12","0","0","1"
"https://www.marqly.com/blog/marqly-review-2026","dnk","3","0","0","1"
"https://www.marqly.com/blog/marqly-review-2026","dza","1","0","0","1"
"https://www.marqly.com/blog/marqly-review-2026","egy","2","0","0","1"
"https://www.marqly.com/blog/marqly-review-2026","esp","6","0","0","1"
"https://www.marqly.com/blog/marqly-review-2026","eth","1","0","0","1"
"https://www.marqly.com/blog/marqly-review-2026","fra","14","0","0","1"
"https://www.marqly.com/blog/marqly-review-2026","gbr","10","0","0","1.6"
"https://www.marqly.com/blog/marqly-review-2026","grc","3","0","0","1"
"https://www.marqly.com/blog/marqly-review-2026","gtm","1","0","0","1"
"https://www.marqly.com/blog/marqly-review-2026","hrv","1","0","0","1"
"https://www.marqly.com/blog/marqly-review-2026","hun","3","0","0","1"
"https://www.marqly.com/blog/marqly-review-2026","idn","10","0","0","1.9"
"https://www.marqly.com/blog/marqly-review-2026","irl","3","0","0","10"
"https://www.marqly.com/blog/marqly-review-2026","irn","3","0","0","1"
"https://www.marqly.com/blog/marqly-review-2026","isl","8","0","0","1"
"https://www.marqly.com/blog/marqly-review-2026","isr","2","0","0","1"
"https://www.marqly.com/blog/marqly-review-2026","ita","10","0","0","2.8"
"https://www.marqly.com/blog/marqly-review-2026","jpn","6","0","0","1"
"https://www.marqly.com/blog/marqly-review-2026","kaz","6","0","0","2.166666666666667"
"https://www.marqly.com/blog/marqly-review-2026","ken","1","0","0","10"
"https://www.marqly.com/blog/marqly-review-2026","kwt","1","0","0","1"
"https://www.marqly.com/blog/marqly-review-2026","lbr","1","0","0","1"
"https://www.marqly.com/blog/marqly-review-2026","ltu","2","0","0","1"
"https://www.marqly.com/blog/marqly-review-2026","lux","1","0","0","1"
"https://www.marqly.com/blog/marqly-review-2026","mar","2","0","0","1"
"https://www.marqly.com/blog/marqly-review-2026","mex","1","0","0","1"
"https://www.marqly.com/blog/marqly-review-2026","moz","35","0","0","2.4857142857142858"
"https://www.marqly.com/blog/marqly-review-2026","mys","1","0","0","6"
"https://www.marqly.com/blog/marqly-review-2026","nga","1","0","0","1"
"https://www.marqly.com/blog/marqly-review-2026","nld","1","0","0","1"
"https://www.marqly.com/blog/marqly-review-2026","nzl","1","0","0","1"
"https://www.marqly.com/blog/marqly-review-2026","pak","6","0","0","1"
"https://www.marqly.com/blog/marqly-review-2026","pol","3","0","0","1"
"https://www.marqly.com/blog/marqly-review-2026","prt","10","0","0","1.3"
"https://www.marqly.com/blog/marqly-review-2026","rou","2","0","0","1"
"https://www.marqly.com/blog/marqly-review-2026","rus","4","0","0","3.25"
"https://www.marqly.com/blog/marqly-review-2026","sgp","7","0","0","3.5714285714285716"
"https://www.marqly.com/blog/marqly-review-2026","srb","1","0","0","1"
"https://www.marqly.com/blog/marqly-review-2026","svk","4","0","0","1"
"https://www.marqly.com/blog/marqly-review-2026","tto","2","0","0","1"
"https://www.marqly.com/blog/marqly-review-2026","tur","3","0","0","1"
"https://www.marqly.com/blog/marqly-review-2026","twn","2","0","0","1"
"https://www.marqly.com/blog/marqly-review-2026","ukr","1","0","0","1"
"https://www.marqly.com/blog/marqly-review-2026","usa","79","0","0","1.2911392405063291"
"https://www.marqly.com/blog/marqly-review-2026","vnm","6","0","0","4.833333333333334"
"https://www.marqly.com/blog/marqly-review-2026","zaf","11","0","0","9.636363636363637"
"https://www.marqly.com/blog/marqly-review-2026/","bra","1","0","0","1"
"https://www.marqly.com/blog/marqly-review-2026/","gbr","1","0","0","1"
"https://www.marqly.com/blog/marqly-review-2026/","idn","1","0","0","1"
"https://www.marqly.com/blog/marqly-review-2026/","isl","1","0","0","1"
"https://www.marqly.com/blog/marqly-review-2026/","rus","1","0","0","1"
"https://www.marqly.com/blog/marqly-review-2026/","sgp","1","0","0","1"
"https://www.marqly.com/blog/marqly-review-2026/","ury","1","0","0","1"
"https://www.marqly.com/blog/marqly-review-2026/","usa","1","0","0","1"
"https://www.marqly.com/blog/marqly-vs-notion-for-bookmarks-which-should-you-use-in-2026","are","6","0","0","1"
"https://www.marqly.com/blog/marqly-vs-notion-for-bookmarks-which-should-you-use-in-2026","aus","1","0","0","1"
"https://www.marqly.com/blog/marqly-vs-notion-for-bookmarks-which-should-you-use-in-2026","can","2","0","0","1"
"https://www.marqly.com/blog/marqly-vs-notion-for-bookmarks-which-should-you-use-in-2026","deu","1","0","0","1"
"https://www.marqly.com/blog/marqly-vs-notion-for-bookmarks-which-should-you-use-in-2026","egy","1","0","0","1"
"https://www.marqly.com/blog/marqly-vs-notion-for-bookmarks-which-should-you-use-in-2026","fra","1","0","0","1"
"https://www.marqly.com/blog/marqly-vs-notion-for-bookmarks-which-should-you-use-in-2026","grc","1","0","0","1"
"https://www.marqly.com/blog/marqly-vs-notion-for-bookmarks-which-should-you-use-in-2026","idn","1","0","0","1"
"https://www.marqly.com/blog/marqly-vs-notion-for-bookmarks-which-should-you-use-in-2026","ind","2","0","0","1"
"https://www.marqly.com/blog/marqly-vs-notion-for-bookmarks-which-should-you-use-in-2026","isl","1","0","0","1"
"https://www.marqly.com/blog/marqly-vs-notion-for-bookmarks-which-should-you-use-in-2026","jpn","1","0","0","1"
"https://www.marqly.com/blog/marqly-vs-notion-for-bookmarks-which-should-you-use-in-2026","pol","2","0","0","1"
"https://www.marqly.com/blog/marqly-vs-notion-for-bookmarks-which-should-you-use-in-2026","rou","1","0","0","1"
"https://www.marqly.com/blog/marqly-vs-notion-for-bookmarks-which-should-you-use-in-2026","rus","2","0","0","1"
"https://www.marqly.com/blog/marqly-vs-notion-for-bookmarks-which-should-you-use-in-2026","usa","3","0","0","1"
"https://www.marqly.com/blog/marqly-vs-notion-for-bookmarks-which-should-you-use-in-2026","vnm","3","0","0","1"
"https://www.marqly.com/blog/marqly-vs-notion-for-bookmarks-which-should-you-use-in-2026","zaf","1","0","0","1"
"https://www.marqly.com/blog/mymind-review","ind","1","0","0","1"
"https://www.marqly.com/blog/mymind-review-2026","alb","1","0","0","11"
"https://www.marqly.com/blog/mymind-review-2026","are","2","0","0","10"
"https://www.marqly.com/blog/mymind-review-2026","arg","2","0","0","9"
"https://www.marqly.com/blog/mymind-review-2026","aut","4","0","0","8.75"
"https://www.marqly.com/blog/mymind-review-2026","bel","3","0","0","6.333333333333333"
"https://www.marqly.com/blog/mymind-review-2026","bgd","1","0","0","9"
"https://www.marqly.com/blog/mymind-review-2026","bgr","8","0","0","8.125"
"https://www.marqly.com/blog/mymind-review-2026","can","15","0","0","8.2"
"https://www.marqly.com/blog/mymind-review-2026","che","7","0","0","7.142857142857143"
"https://www.marqly.com/blog/mymind-review-2026","chl","1","0","0","4"
"https://www.marqly.com/blog/mymind-review-2026","cri","1","0","0","5"
"https://www.marqly.com/blog/mymind-review-2026","cyp","4","0","0","6.5"
"https://www.marqly.com/blog/mymind-review-2026","cze","2","0","0","6.5"
"https://www.marqly.com/blog/mymind-review-2026","deu","33","0","0","7.9393939393939394"
"https://www.marqly.com/blog/mymind-review-2026","dnk","4","0","0","8"
"https://www.marqly.com/blog/mymind-review-2026","dza","1","0","0","8"
"https://www.marqly.com/blog/mymind-review-2026","ecu","4","0","0","7"
"https://www.marqly.com/blog/mymind-review-2026","egy","1","0","0","10"
"https://www.marqly.com/blog/mymind-review-2026","esp","8","0","0","7.25"
"https://www.marqly.com/blog/mymind-review-2026","fin","1","0","0","5"
"https://www.marqly.com/blog/mymind-review-2026","fra","14","0","0","8.285714285714285"
"https://www.marqly.com/blog/mymind-review-2026","geo","2","0","0","8.5"
"https://www.marqly.com/blog/mymind-review-2026","grc","1","0","0","3"
"https://www.marqly.com/blog/mymind-review-2026","hkg","7","0","0","6.857142857142857"
"https://www.marqly.com/blog/mymind-review-2026","hrv","2","0","0","8"
"https://www.marqly.com/blog/mymind-review-2026","hun","3","0","0","9.666666666666666"
"https://www.marqly.com/blog/mymind-review-2026","idn","5","0","0","7.8"
"https://www.marqly.com/blog/mymind-review-2026","ind","23","0","0","9"
"https://www.marqly.com/blog/mymind-review-2026","irl","2","0","0","7"
"https://www.marqly.com/blog/mymind-review-2026","isr","2","0","0","10.5"
"https://www.marqly.com/blog/mymind-review-2026","ita","11","0","0","7.7272727272727275"
"https://www.marqly.com/blog/mymind-review-2026","jpn","14","0","0","10.142857142857142"
"https://www.marqly.com/blog/mymind-review-2026","khm","2","0","0","8.5"
"https://www.marqly.com/blog/mymind-review-2026","lka","2","0","0","10.5"
"https://www.marqly.com/blog/mymind-review-2026","ltu","1","0","0","8"
"https://www.marqly.com/blog/mymind-review-2026","lux","1","0","0","7"
"https://www.marqly.com/blog/mymind-review-2026","mar","1","0","0","11"
"https://www.marqly.com/blog/mymind-review-2026","mex","3","0","0","8.666666666666668"
"https://www.marqly.com/blog/mymind-review-2026","mmr","1","0","0","9"
"https://www.marqly.com/blog/mymind-review-2026","mne","1","0","0","10"
"https://www.marqly.com/blog/mymind-review-2026","mtq","1","0","0","3"
"https://www.marqly.com/blog/mymind-review-2026","mys","1","0","0","4"
"https://www.marqly.com/blog/mymind-review-2026","nga","1","0","0","7"
"https://www.marqly.com/blog/mymind-review-2026","nld","16","0","0","6.0625"
"https://www.marqly.com/blog/mymind-review-2026","nor","5","0","0","8.2"
"https://www.marqly.com/blog/mymind-review-2026","nzl","4","0","0","5.75"
"https://www.marqly.com/blog/mymind-review-2026","pak","3","0","0","7.666666666666667"
"https://www.marqly.com/blog/mymind-review-2026","phl","10","0","0","8"
"https://www.marqly.com/blog/mymind-review-2026","pol","5","0","0","9"
"https://www.marqly.com/blog/mymind-review-2026","pri","1","0","0","11"
"https://www.marqly.com/blog/mymind-review-2026","prt","9","0","0","7.111111111111111"
"https://www.marqly.com/blog/mymind-review-2026","rou","3","0","0","7.333333333333333"
"https://www.marqly.com/blog/mymind-review-2026","rus","3","0","0","6.666666666666667"
"https://www.marqly.com/blog/mymind-review-2026","sau","1","0","0","3"
"https://www.marqly.com/blog/mymind-review-2026","svk","4","0","0","7.75"
"https://www.marqly.com/blog/mymind-review-2026","tha","3","0","0","9.333333333333334"
"https://www.marqly.com/blog/mymind-review-2026","twn","3","0","0","7.666666666666667"
"https://www.marqly.com/blog/mymind-review-2026","ukr","3","0","0","8.666666666666668"
"https://www.marqly.com/blog/mymind-review-2026","usa","153","0","0","9.751633986928105"
"https://www.marqly.com/blog/mymind-review-2026","vnm","8","0","0","6.125"
"https://www.marqly.com/blog/mymind-review-2026","zaf","4","0","0","7.25"
"https://www.marqly.com/blog/notion-web-clipper-alternative","gbr","2","0","0","26.5"
"https://www.marqly.com/blog/notion-web-clipper-alternative","idn","1","0","0","14"
"https://www.marqly.com/blog/notion-web-clipper-alternative","kor","4","0","0","6"
"https://www.marqly.com/blog/notion-web-clipper-alternative","usa","1","0","0","10"
"https://www.marqly.com/blog/pocket-alternativen-2026","aut","2","0","0","5"
"https://www.marqly.com/blog/pocket-alternativen-2026","che","6","0","0","6.166666666666667"
"https://www.marqly.com/blog/pocket-alternativen-2026/","are","1","0","0","1"
"https://www.marqly.com/blog/pocket-alternativen-2026/","aut","1","0","0","7"
"https://www.marqly.com/blog/pocket-alternativen-2026/","deu","13","0","0","11.923076923076923"
"https://www.marqly.com/blog/pocket-replacements-2026","aze","1","0","0","9"
"https://www.marqly.com/blog/pocket-replacements-2026","bra","1","0","0","5"
"https://www.marqly.com/blog/pocket-replacements-2026","can","2","0","0","5.5"
"https://www.marqly.com/blog/pocket-replacements-2026","che","3","0","0","4.666666666666666"
"https://www.marqly.com/blog/pocket-replacements-2026","chl","1","0","0","5"
"https://www.marqly.com/blog/pocket-replacements-2026","cri","1","0","0","6"
"https://www.marqly.com/blog/pocket-replacements-2026","gbr","1","0","0","21"
"https://www.marqly.com/blog/pocket-replacements-2026","idn","1","0","0","2"
"https://www.marqly.com/blog/pocket-replacements-2026","ind","1","0","0","1"
"https://www.marqly.com/blog/pocket-replacements-2026","kor","1","0","0","9"
"https://www.marqly.com/blog/pocket-replacements-2026","mex","1","0","0","1"
"https://www.marqly.com/blog/pocket-replacements-2026","pak","1","0","0","14"
"https://www.marqly.com/blog/pocket-replacements-2026","sen","1","0","0","10"
"https://www.marqly.com/blog/pocket-replacements-2026","usa","13","0","0","14.076923076923077"
"https://www.marqly.com/blog/pocket-replacements-2026","zaf","1","0","0","2"
"https://www.marqly.com/blog/raindrop-review-2026","alb","1","0","0","9"
"https://www.marqly.com/blog/raindrop-review-2026","are","3","0","0","7"
"https://www.marqly.com/blog/raindrop-review-2026","arm","1","0","0","7"
"https://www.marqly.com/blog/raindrop-review-2026","aus","21","0","0","6.666666666666667"
"https://www.marqly.com/blog/raindrop-review-2026","aut","3","0","0","8"
"https://www.marqly.com/blog/raindrop-review-2026","aze","2","0","0","6.5"
"https://www.marqly.com/blog/raindrop-review-2026","bel","4","0","0","9.75"
"https://www.marqly.com/blog/raindrop-review-2026","bgd","2","0","0","5.5"
"https://www.marqly.com/blog/raindrop-review-2026","bra","13","0","0","7.153846153846154"
"https://www.marqly.com/blog/raindrop-review-2026","can","27","0","0","6.888888888888889"
"https://www.marqly.com/blog/raindrop-review-2026","che","2","0","0","4"
"https://www.marqly.com/blog/raindrop-review-2026","chl","1","0","0","11"
"https://www.marqly.com/blog/raindrop-review-2026","chn","6","0","0","7.166666666666667"
"https://www.marqly.com/blog/raindrop-review-2026","cze","3","0","0","7"
"https://www.marqly.com/blog/raindrop-review-2026","deu","22","0","0","11.772727272727273"
"https://www.marqly.com/blog/raindrop-review-2026","dnk","5","0","0","7.2"
"https://www.marqly.com/blog/raindrop-review-2026","dom","1","0","0","9"
"https://www.marqly.com/blog/raindrop-review-2026","egy","2","0","0","7"
"https://www.marqly.com/blog/raindrop-review-2026","esp","11","0","0","7.636363636363637"
"https://www.marqly.com/blog/raindrop-review-2026","eth","1","0","0","2"
"https://www.marqly.com/blog/raindrop-review-2026","fra","10","0","0","7.1"
"https://www.marqly.com/blog/raindrop-review-2026","gbr","45","0","0","9.133333333333333"
"https://www.marqly.com/blog/raindrop-review-2026","grc","3","0","0","8.333333333333332"
"https://www.marqly.com/blog/raindrop-review-2026","hkg","4","0","0","7"
"https://www.marqly.com/blog/raindrop-review-2026","hrv","7","0","0","7.428571428571429"
"https://www.marqly.com/blog/raindrop-review-2026","hun","1","0","0","4"
"https://www.marqly.com/blog/raindrop-review-2026","idn","10","0","0","9.3"
"https://www.marqly.com/blog/raindrop-review-2026","ind","29","0","0","6.655172413793103"
"https://www.marqly.com/blog/raindrop-review-2026","irn","2","0","0","6"
"https://www.marqly.com/blog/raindrop-review-2026","isr","4","0","0","8"
"https://www.marqly.com/blog/raindrop-review-2026","ita","3","0","0","8"
"https://www.marqly.com/blog/raindrop-review-2026","jpn","16","0","0","7.9375"
"https://www.marqly.com/blog/raindrop-review-2026","kor","10","0","0","7.6"
"https://www.marqly.com/blog/raindrop-review-2026","lux","1","0","0","6"
"https://www.marqly.com/blog/raindrop-review-2026","mda","1","0","0","5"
"https://www.marqly.com/blog/raindrop-review-2026","mex","4","0","0","6.75"
"https://www.marqly.com/blog/raindrop-review-2026","mng","1","0","0","9"
"https://www.marqly.com/blog/raindrop-review-2026","mys","1","0","0","5"
"https://www.marqly.com/blog/raindrop-review-2026","nld","15","0","0","9.466666666666667"
"https://www.marqly.com/blog/raindrop-review-2026","nor","1","0","0","8"
"https://www.marqly.com/blog/raindrop-review-2026","nzl","3","0","0","7.666666666666667"
"https://www.marqly.com/blog/raindrop-review-2026","pak","2","0","0","9"
"https://www.marqly.com/blog/raindrop-review-2026","per","4","0","0","6.5"
"https://www.marqly.com/blog/raindrop-review-2026","phl","2","0","0","39"
"https://www.marqly.com/blog/raindrop-review-2026","pol","7","0","0","9"
"https://www.marqly.com/blog/raindrop-review-2026","rou","2","0","0","9"
"https://www.marqly.com/blog/raindrop-review-2026","rus","1","0","0","10"
"https://www.marqly.com/blog/raindrop-review-2026","sau","1","0","0","23"
"https://www.marqly.com/blog/raindrop-review-2026","sgp","6","0","0","6.333333333333333"
"https://www.marqly.com/blog/raindrop-review-2026","svk","2","0","0","3.5"
"https://www.marqly.com/blog/raindrop-review-2026","swe","4","0","0","6.75"
"https://www.marqly.com/blog/raindrop-review-2026","tgo","1","0","0","7"
"https://www.marqly.com/blog/raindrop-review-2026","tha","3","0","0","10.333333333333334"
"https://www.marqly.com/blog/raindrop-review-2026","tur","5","0","0","8.8"
"https://www.marqly.com/blog/raindrop-review-2026","twn","2","0","0","7.5"
"https://www.marqly.com/blog/raindrop-review-2026","ukr","3","0","0","31.333333333333332"
"https://www.marqly.com/blog/raindrop-review-2026","vnm","2","0","0","5.5"
"https://www.marqly.com/blog/raindrop-review-2026","zaf","2","0","0","9"
"https://www.marqly.com/blog/raindrop-review-2026/","aus","1","0","0","8"
"https://www.marqly.com/blog/raindrop-review-2026/","aut","1","0","0","10"
"https://www.marqly.com/blog/raindrop-review-2026/","can","1","0","0","8"
"https://www.marqly.com/blog/raindrop-review-2026/","dza","1","0","0","3"
"https://www.marqly.com/blog/raindrop-review-2026/","gbr","3","0","0","7"
"https://www.marqly.com/blog/raindrop-review-2026/","idn","1","0","0","13"
"https://www.marqly.com/blog/raindrop-review-2026/","ind","3","0","0","7"
"https://www.marqly.com/blog/raindrop-review-2026/","jpn","1","0","0","7"
"https://www.marqly.com/blog/raindrop-review-2026/","kor","2","0","0","7.5"
"https://www.marqly.com/blog/raindrop-review-2026/","nld","1","0","0","6"
"https://www.marqly.com/blog/raindrop-review-2026/","pol","1","0","0","7"
"https://www.marqly.com/blog/raindrop-review-2026/","prt","1","0","0","9"
"https://www.marqly.com/blog/raindrop-review-2026/","svk","1","0","0","3"
"https://www.marqly.com/blog/raindrop-review-2026/","svn","1","0","0","7"
"https://www.marqly.com/blog/raindrop-review-2026/","twn","1","0","0","8"
"https://www.marqly.com/blog/raindrop-review-2026/","usa","16","0","0","14.6875"
"https://www.marqly.com/blog/raindrop-vs-marqly","alb","1","0","0","5"
"https://www.marqly.com/blog/raindrop-vs-marqly","are","9","0","0","3.111111111111111"
"https://www.marqly.com/blog/raindrop-vs-marqly","arg","4","0","0","3.5"
"https://www.marqly.com/blog/raindrop-vs-marqly","aus","2","0","0","5"
"https://www.marqly.com/blog/raindrop-vs-marqly","aut","1","0","0","1"
"https://www.marqly.com/blog/raindrop-vs-marqly","bgd","9","0","0","1.5555555555555556"
"https://www.marqly.com/blog/raindrop-vs-marqly","blr","1","0","0","6"
"https://www.marqly.com/blog/raindrop-vs-marqly","bol","1","0","0","1"
"https://www.marqly.com/blog/raindrop-vs-marqly","bra","8","0","0","7.125"
"https://www.marqly.com/blog/raindrop-vs-marqly","can","5","0","0","9.8"
"https://www.marqly.com/blog/raindrop-vs-marqly","che","4","0","0","5.25"
"https://www.marqly.com/blog/raindrop-vs-marqly","chn","2","0","0","1"
"https://www.marqly.com/blog/raindrop-vs-marqly","cri","1","0","0","11"
"https://www.marqly.com/blog/raindrop-vs-marqly","deu","15","0","0","7.533333333333333"
"https://www.marqly.com/blog/raindrop-vs-marqly","dnk","1","0","0","1"
"https://www.marqly.com/blog/raindrop-vs-marqly","ecu","1","0","0","9"
"https://www.marqly.com/blog/raindrop-vs-marqly","esp","10","0","0","7.9"
"https://www.marqly.com/blog/raindrop-vs-marqly","fra","8","0","0","2.75"
"https://www.marqly.com/blog/raindrop-vs-marqly","gbr","54","0","0","18.24074074074074"
"https://www.marqly.com/blog/raindrop-vs-marqly","grc","3","0","0","1"
"https://www.marqly.com/blog/raindrop-vs-marqly","hkg","1","0","0","10"
"https://www.marqly.com/blog/raindrop-vs-marqly","hun","1","0","0","1"
"https://www.marqly.com/blog/raindrop-vs-marqly","idn","8","0","0","4.625"
"https://www.marqly.com/blog/raindrop-vs-marqly","ind","10","0","0","1.9"
"https://www.marqly.com/blog/raindrop-vs-marqly","irl","1","0","0","35"
"https://www.marqly.com/blog/raindrop-vs-marqly","irn","1","0","0","1"
"https://www.marqly.com/blog/raindrop-vs-marqly","irq","1","0","0","8"
"https://www.marqly.com/blog/raindrop-vs-marqly","isl","9","0","0","1.5555555555555556"
"https://www.marqly.com/blog/raindrop-vs-marqly","isr","2","0","0","5"
"https://www.marqly.com/blog/raindrop-vs-marqly","jam","1","0","0","7"
"https://www.marqly.com/blog/raindrop-vs-marqly","jpn","6","0","0","8.666666666666668"
"https://www.marqly.com/blog/raindrop-vs-marqly","kaz","1","0","0","1"
"https://www.marqly.com/blog/raindrop-vs-marqly","kor","8","0","0","6.375"
"https://www.marqly.com/blog/raindrop-vs-marqly","kwt","1","0","0","1"
"https://www.marqly.com/blog/raindrop-vs-marqly","ltu","2","0","0","1"
"https://www.marqly.com/blog/raindrop-vs-marqly","mar","1","0","0","1"
"https://www.marqly.com/blog/raindrop-vs-marqly","mex","2","0","0","10.5"
"https://www.marqly.com/blog/raindrop-vs-marqly","moz","7","0","0","1"
"https://www.marqly.com/blog/raindrop-vs-marqly","nga","1","0","0","1"
"https://www.marqly.com/blog/raindrop-vs-marqly","nld","11","0","0","10.363636363636363"
"https://www.marqly.com/blog/raindrop-vs-marqly","nor","1","0","0","8"
"https://www.marqly.com/blog/raindrop-vs-marqly","pak","4","0","0","1.25"
"https://www.marqly.com/blog/raindrop-vs-marqly","per","1","0","0","8"
"https://www.marqly.com/blog/raindrop-vs-marqly","pol","4","0","0","5.25"
"https://www.marqly.com/blog/raindrop-vs-marqly","prt","4","0","0","3.5"
"https://www.marqly.com/blog/raindrop-vs-marqly","qat","1","0","0","10"
"https://www.marqly.com/blog/raindrop-vs-marqly","rou","2","0","0","20"
"https://www.marqly.com/blog/raindrop-vs-marqly","rus","3","0","0","8.333333333333332"
"https://www.marqly.com/blog/raindrop-vs-marqly","sgp","7","0","0","10.571428571428571"
"https://www.marqly.com/blog/raindrop-vs-marqly","srb","1","0","0","1"
"https://www.marqly.com/blog/raindrop-vs-marqly","svk","1","0","0","11"
"https://www.marqly.com/blog/raindrop-vs-marqly","svn","2","0","0","12"
"https://www.marqly.com/blog/raindrop-vs-marqly","swe","3","0","0","8.666666666666668"
"https://www.marqly.com/blog/raindrop-vs-marqly","tun","1","0","0","4"
"https://www.marqly.com/blog/raindrop-vs-marqly","tur","1","0","0","10"
"https://www.marqly.com/blog/raindrop-vs-marqly","twn","3","0","0","9.666666666666666"
"https://www.marqly.com/blog/raindrop-vs-marqly","ukr","4","0","0","7.75"
"https://www.marqly.com/blog/raindrop-vs-marqly","vnm","6","0","0","10"
"https://www.marqly.com/blog/raindrop-vs-marqly","zaf","2","0","0","6"
"https://www.marqly.com/blog/raindrop-vs-marqly/","usa","1","0","0","10"
"https://www.marqly.com/blog/readwise-reader-review-2026","alb","2","0","0","9.5"
"https://www.marqly.com/blog/readwise-reader-review-2026","are","16","0","0","9.25"
"https://www.marqly.com/blog/readwise-reader-review-2026","arg","4","0","0","10.25"
"https://www.marqly.com/blog/readwise-reader-review-2026","aus","24","0","0","10"
"https://www.marqly.com/blog/readwise-reader-review-2026","aut","5","0","0","9.2"
"https://www.marqly.com/blog/readwise-reader-review-2026","aze","3","0","0","6.333333333333333"
"https://www.marqly.com/blog/readwise-reader-review-2026","bel","7","0","0","8.857142857142858"
"https://www.marqly.com/blog/readwise-reader-review-2026","bgd","3","0","0","11"
"https://www.marqly.com/blog/readwise-reader-review-2026","bgr","2","0","0","9"
"https://www.marqly.com/blog/readwise-reader-review-2026","bih","3","0","0","10"
"https://www.marqly.com/blog/readwise-reader-review-2026","bol","2","0","0","9"
"https://www.marqly.com/blog/readwise-reader-review-2026","bra","16","0","0","10.4375"
"https://www.marqly.com/blog/readwise-reader-review-2026","can","29","0","0","9.931034482758621"
"https://www.marqly.com/blog/readwise-reader-review-2026","che","10","0","0","9.1"
"https://www.marqly.com/blog/readwise-reader-review-2026","chl","1","0","0","11"
"https://www.marqly.com/blog/readwise-reader-review-2026","chn","7","0","0","9.571428571428571"
"https://www.marqly.com/blog/readwise-reader-review-2026","col","3","0","0","10"
"https://www.marqly.com/blog/readwise-reader-review-2026","cri","1","0","0","8"
"https://www.marqly.com/blog/readwise-reader-review-2026","cyp","2","0","0","8"
"https://www.marqly.com/blog/readwise-reader-review-2026","cze","2","0","0","7.5"
"https://www.marqly.com/blog/readwise-reader-review-2026","dnk","6","0","0","9.833333333333334"
"https://www.marqly.com/blog/readwise-reader-review-2026","dom","2","0","0","7.5"
"https://www.marqly.com/blog/readwise-reader-review-2026","dza","1","0","0","11"
"https://www.marqly.com/blog/readwise-reader-review-2026","egy","2","0","0","10.5"
"https://www.marqly.com/blog/readwise-reader-review-2026","esp","31","0","0","9.548387096774194"
"https://www.marqly.com/blog/readwise-reader-review-2026","est","1","0","0","9"
"https://www.marqly.com/blog/readwise-reader-review-2026","fra","31","0","0","9.225806451612904"
"https://www.marqly.com/blog/readwise-reader-review-2026","geo","1","0","0","10"
"https://www.marqly.com/blog/readwise-reader-review-2026","gha","1","0","0","3"
"https://www.marqly.com/blog/readwise-reader-review-2026","grc","2","0","0","5.5"
"https://www.marqly.com/blog/readwise-reader-review-2026","gtm","2","0","0","9.5"
"https://www.marqly.com/blog/readwise-reader-review-2026","hkg","13","0","0","9.307692307692308"
"https://www.marqly.com/blog/readwise-reader-review-2026","hrv","7","0","0","10"
"https://www.marqly.com/blog/readwise-reader-review-2026","hun","7","0","0","6.857142857142857"
"https://www.marqly.com/blog/readwise-reader-review-2026","idn","13","0","0","8.23076923076923"
"https://www.marqly.com/blog/readwise-reader-review-2026","ind","51","0","0","10.352941176470589"
"https://www.marqly.com/blog/readwise-reader-review-2026","irl","3","0","0","8.333333333333332"
"https://www.marqly.com/blog/readwise-reader-review-2026","isr","4","0","0","10"
"https://www.marqly.com/blog/readwise-reader-review-2026","ita","20","0","0","9.75"
"https://www.marqly.com/blog/readwise-reader-review-2026","jam","1","0","0","6"
"https://www.marqly.com/blog/readwise-reader-review-2026","jpn","24","0","0","7.833333333333333"
"https://www.marqly.com/blog/readwise-reader-review-2026","kaz","1","0","0","9"
"https://www.marqly.com/blog/readwise-reader-review-2026","ken","1","0","0","9"
"https://www.marqly.com/blog/readwise-reader-review-2026","kwt","1","0","0","10"
"https://www.marqly.com/blog/readwise-reader-review-2026","lka","1","0","0","8"
"https://www.marqly.com/blog/readwise-reader-review-2026","ltu","2","0","0","9.5"
"https://www.marqly.com/blog/readwise-reader-review-2026","lux","1","0","0","9"
"https://www.marqly.com/blog/readwise-reader-review-2026","lva","1","0","0","9"
"https://www.marqly.com/blog/readwise-reader-review-2026","mac","1","0","0","7"
"https://www.marqly.com/blog/readwise-reader-review-2026","mar","7","0","0","8.857142857142858"
"https://www.marqly.com/blog/readwise-reader-review-2026","mex","9","0","0","11.88888888888889"
"https://www.marqly.com/blog/readwise-reader-review-2026","mne","2","0","0","10.5"
"https://www.marqly.com/blog/readwise-reader-review-2026","mng","1","0","0","5"
"https://www.marqly.com/blog/readwise-reader-review-2026","mus","1","0","0","9"
"https://www.marqly.com/blog/readwise-reader-review-2026","mys","5","0","0","9.8"
"https://www.marqly.com/blog/readwise-reader-review-2026","nam","1","0","0","9"
"https://www.marqly.com/blog/readwise-reader-review-2026","nga","3","0","0","8.333333333333332"
"https://www.marqly.com/blog/readwise-reader-review-2026","nor","4","0","0","9.5"
"https://www.marqly.com/blog/readwise-reader-review-2026","npl","1","0","0","9"
"https://www.marqly.com/blog/readwise-reader-review-2026","nzl","4","0","0","6.25"
"https://www.marqly.com/blog/readwise-reader-review-2026","pak","2","0","0","10"
"https://www.marqly.com/blog/readwise-reader-review-2026","pan","2","0","0","8"
"https://www.marqly.com/blog/readwise-reader-review-2026","per","4","0","0","8.25"
"https://www.marqly.com/blog/readwise-reader-review-2026","phl","8","0","0","9.75"
"https://www.marqly.com/blog/readwise-reader-review-2026","pol","16","0","0","9.5"
"https://www.marqly.com/blog/readwise-reader-review-2026","pri","2","0","0","9"
"https://www.marqly.com/blog/readwise-reader-review-2026","prt","5","0","0","8.8"
"https://www.marqly.com/blog/readwise-reader-review-2026","reu","1","0","0","9"
"https://www.marqly.com/blog/readwise-reader-review-2026","rou","4","0","0","10.25"
"https://www.marqly.com/blog/readwise-reader-review-2026","rus","4","0","0","10.5"
"https://www.marqly.com/blog/readwise-reader-review-2026","sau","4","0","0","10.5"
"https://www.marqly.com/blog/readwise-reader-review-2026","sgp","19","0","0","9.368421052631579"
"https://www.marqly.com/blog/readwise-reader-review-2026","srb","2","0","0","10"
"https://www.marqly.com/blog/readwise-reader-review-2026","svk","3","0","0","9"
"https://www.marqly.com/blog/readwise-reader-review-2026","svn","1","0","0","8"
"https://www.marqly.com/blog/readwise-reader-review-2026","swe","9","0","0","9.444444444444445"
"https://www.marqly.com/blog/readwise-reader-review-2026","syr","1","0","0","9"
"https://www.marqly.com/blog/readwise-reader-review-2026","tha","4","0","0","10.5"
"https://www.marqly.com/blog/readwise-reader-review-2026","tur","13","0","0","10.461538461538462"
"https://www.marqly.com/blog/readwise-reader-review-2026","twn","12","0","0","7.5"
"https://www.marqly.com/blog/readwise-reader-review-2026","ukr","3","0","0","8.333333333333332"
"https://www.marqly.com/blog/readwise-reader-review-2026","ury","2","0","0","7"
"https://www.marqly.com/blog/readwise-reader-review-2026","usa","272","0","0","11.415441176470589"
"https://www.marqly.com/blog/readwise-reader-review-2026","uzb","1","0","0","9"
"https://www.marqly.com/blog/readwise-reader-review-2026","vnm","18","0","0","9.833333333333334"
"https://www.marqly.com/blog/readwise-reader-review-2026","zaf","5","0","0","10"
"https://www.marqly.com/blog/save-webpage-as-pdf","arg","1","0","0","2"
"https://www.marqly.com/blog/save-webpage-as-pdf","aus","71","0","0","39.12676056338028"
"https://www.marqly.com/blog/save-webpage-as-pdf","bgd","1","0","0","54"
"https://www.marqly.com/blog/save-webpage-as-pdf","can","31","0","0","42.03225806451613"
"https://www.marqly.com/blog/save-webpage-as-pdf","che","1","0","0","7"
"https://www.marqly.com/blog/save-webpage-as-pdf","chl","1","0","0","10"
"https://www.marqly.com/blog/save-webpage-as-pdf","col","2","0","0","27.5"
"https://www.marqly.com/blog/save-webpage-as-pdf","deu","3","0","0","22"
"https://www.marqly.com/blog/save-webpage-as-pdf","esp","17","0","0","34.76470588235294"
"https://www.marqly.com/blog/save-webpage-as-pdf","fin","1","0","0","1"
"https://www.marqly.com/blog/save-webpage-as-pdf","fra","5","0","0","22"
"https://www.marqly.com/blog/save-webpage-as-pdf","gbr","70","0","0","38.27142857142857"
"https://www.marqly.com/blog/save-webpage-as-pdf","grc","2","0","0","10"
"https://www.marqly.com/blog/save-webpage-as-pdf","hkg","1","0","0","1"
"https://www.marqly.com/blog/save-webpage-as-pdf","hun","2","0","0","21.5"
"https://www.marqly.com/blog/save-webpage-as-pdf","idn","1","0","0","40"
"https://www.marqly.com/blog/save-webpage-as-pdf","ind","2","0","0","43.5"
"https://www.marqly.com/blog/save-webpage-as-pdf","ita","11","0","0","34.09090909090909"
"https://www.marqly.com/blog/save-webpage-as-pdf","jor","1","0","0","35"
"https://www.marqly.com/blog/save-webpage-as-pdf","kor","2","0","0","11"
"https://www.marqly.com/blog/save-webpage-as-pdf","kwt","1","0","0","29"
"https://www.marqly.com/blog/save-webpage-as-pdf","mex","4","0","0","23.5"
"https://www.marqly.com/blog/save-webpage-as-pdf","mys","2","0","0","47"
"https://www.marqly.com/blog/save-webpage-as-pdf","nld","24","0","0","35.375"
"https://www.marqly.com/blog/save-webpage-as-pdf","nzl","69","0","0","38.11594202898551"
"https://www.marqly.com/blog/save-webpage-as-pdf","pak","1","0","0","1"
"https://www.marqly.com/blog/save-webpage-as-pdf","pol","3","0","0","36"
"https://www.marqly.com/blog/save-webpage-as-pdf","rou","2","0","0","36"
"https://www.marqly.com/blog/save-webpage-as-pdf","rus","1","0","0","9"
"https://www.marqly.com/blog/save-webpage-as-pdf","sau","1","0","0","34"
"https://www.marqly.com/blog/save-webpage-as-pdf","sgp","5","0","0","15"
"https://www.marqly.com/blog/save-webpage-as-pdf","slv","1","0","0","34"
"https://www.marqly.com/blog/save-webpage-as-pdf","svk","1","0","0","4"
"https://www.marqly.com/blog/save-webpage-as-pdf","swe","4","0","0","34.5"
"https://www.marqly.com/blog/save-webpage-as-pdf","ukr","3","0","0","32"
"https://www.marqly.com/blog/save-webpage-as-pdf","ury","1","0","0","10"
"https://www.marqly.com/blog/save-webpage-as-pdf","usa","158","0","0","38.721518987341774"
"https://www.marqly.com/blog/save-webpage-as-pdf","vnm","3","0","0","37.333333333333336"
"https://www.marqly.com/blog/save-youtube-videos-watch-later","are","2","0","0","9.5"
"https://www.marqly.com/blog/save-youtube-videos-watch-later","arg","1","0","0","11"
"https://www.marqly.com/blog/save-youtube-videos-watch-later","aus","2","0","0","13"
"https://www.marqly.com/blog/save-youtube-videos-watch-later","aut","1","0","0","7"
"https://www.marqly.com/blog/save-youtube-videos-watch-later","bgd","1","0","0","11"
"https://www.marqly.com/blog/save-youtube-videos-watch-later","bgr","2","0","0","5.5"
"https://www.marqly.com/blog/save-youtube-videos-watch-later","can","71","0","0","8.549295774647888"
"https://www.marqly.com/blog/save-youtube-videos-watch-later","deu","1","0","0","9"
"https://www.marqly.com/blog/save-youtube-videos-watch-later","dza","1","0","0","6"
"https://www.marqly.com/blog/save-youtube-videos-watch-later","egy","3","0","0","8.666666666666668"
"https://www.marqly.com/blog/save-youtube-videos-watch-later","eth","1","0","0","9"
"https://www.marqly.com/blog/save-youtube-videos-watch-later","gbr","10","0","0","8.8"
"https://www.marqly.com/blog/save-youtube-videos-watch-later","hkg","1","0","0","11"
"https://www.marqly.com/blog/save-youtube-videos-watch-later","idn","6","0","0","11.5"
"https://www.marqly.com/blog/save-youtube-videos-watch-later","ind","4","0","0","14"
"https://www.marqly.com/blog/save-youtube-videos-watch-later","irl","1","0","0","7"
"https://www.marqly.com/blog/save-youtube-videos-watch-later","ken","3","0","0","9.666666666666666"
"https://www.marqly.com/blog/save-youtube-videos-watch-later","lbn","1","0","0","9"
"https://www.marqly.com/blog/save-youtube-videos-watch-later","mys","1","0","0","9"
"https://www.marqly.com/blog/save-youtube-videos-watch-later","nga","1","0","0","18"
"https://www.marqly.com/blog/save-youtube-videos-watch-later","nld","3","0","0","10"
"https://www.marqly.com/blog/save-youtube-videos-watch-later","npl","2","0","0","16.5"
"https://www.marqly.com/blog/save-youtube-videos-watch-later","nzl","1","0","0","11"
"https://www.marqly.com/blog/save-youtube-videos-watch-later","omn","1","0","0","11"
"https://www.marqly.com/blog/save-youtube-videos-watch-later","pak","5","0","0","10.6"
"https://www.marqly.com/blog/save-youtube-videos-watch-later","phl","2","0","0","18.5"
"https://www.marqly.com/blog/save-youtube-videos-watch-later","png","1","0","0","8"
"https://www.marqly.com/blog/save-youtube-videos-watch-later","pol","1","0","0","7"
"https://www.marqly.com/blog/save-youtube-videos-watch-later","pri","1","0","0","9"
"https://www.marqly.com/blog/save-youtube-videos-watch-later","rus","1","0","0","11"
"https://www.marqly.com/blog/save-youtube-videos-watch-later","sau","1","0","0","11"
"https://www.marqly.com/blog/save-youtube-videos-watch-later","sgp","1","0","0","8"
"https://www.marqly.com/blog/save-youtube-videos-watch-later","twn","1","0","0","9"
"https://www.marqly.com/blog/save-youtube-videos-watch-later","uga","1","0","0","8"
"https://www.marqly.com/blog/save-youtube-videos-watch-later","usa","44","0","0","14.022727272727273"
"https://www.marqly.com/blog/save-youtube-videos-watch-later","ven","1","0","0","5"
"https://www.marqly.com/blog/save-youtube-videos-watch-later","vnm","2","0","0","9.5"
"https://www.marqly.com/blog/save-youtube-videos-watch-later","zaf","1","0","0","10"
"https://www.marqly.com/blog/summarize-youtube-videos-with-ai","ago","2","0","0","8.5"
"https://www.marqly.com/blog/summarize-youtube-videos-with-ai","are","22","0","0","8.045454545454547"
"https://www.marqly.com/blog/summarize-youtube-videos-with-ai","arg","34","0","0","8.764705882352942"
"https://www.marqly.com/blog/summarize-youtube-videos-with-ai","aus","9","0","0","34.888888888888886"
"https://www.marqly.com/blog/summarize-youtube-videos-with-ai","aut","5","0","0","6.6"
"https://www.marqly.com/blog/summarize-youtube-videos-with-ai","aze","3","0","0","14"
"https://www.marqly.com/blog/summarize-youtube-videos-with-ai","bel","1","0","0","8"
"https://www.marqly.com/blog/summarize-youtube-videos-with-ai","bfa","1","0","0","3"
"https://www.marqly.com/blog/summarize-youtube-videos-with-ai","bgd","4","0","0","8.75"
"https://www.marqly.com/blog/summarize-youtube-videos-with-ai","bgr","1","0","0","8"
"https://www.marqly.com/blog/summarize-youtube-videos-with-ai","bhr","10","0","0","6.9"
"https://www.marqly.com/blog/summarize-youtube-videos-with-ai","blr","4","0","0","6.25"
"https://www.marqly.com/blog/summarize-youtube-videos-with-ai","bol","5","0","0","8.2"
"https://www.marqly.com/blog/summarize-youtube-videos-with-ai","bra","36","0","0","10.555555555555555"
"https://www.marqly.com/blog/summarize-youtube-videos-with-ai","can","28","0","0","23.857142857142858"
"https://www.marqly.com/blog/summarize-youtube-videos-with-ai","chl","7","0","0","12"
"https://www.marqly.com/blog/summarize-youtube-videos-with-ai","chn","9","0","0","31.666666666666668"
"https://www.marqly.com/blog/summarize-youtube-videos-with-ai","civ","3","0","0","8.333333333333332"
"https://www.marqly.com/blog/summarize-youtube-videos-with-ai","cmr","2","0","0","6.5"
"https://www.marqly.com/blog/summarize-youtube-videos-with-ai","col","21","0","0","8.619047619047619"
"https://www.marqly.com/blog/summarize-youtube-videos-with-ai","cri","2","0","0","7.5"
"https://www.marqly.com/blog/summarize-youtube-videos-with-ai","cuw","2","0","0","8"
"https://www.marqly.com/blog/summarize-youtube-videos-with-ai","deu","4","0","0","10.25"
"https://www.marqly.com/blog/summarize-youtube-videos-with-ai","dom","2","0","0","7.5"
"https://www.marqly.com/blog/summarize-youtube-videos-with-ai","dza","6","0","0","6.833333333333333"
"https://www.marqly.com/blog/summarize-youtube-videos-with-ai","ecu","14","0","0","8.642857142857142"
"https://www.marqly.com/blog/summarize-youtube-videos-with-ai","egy","23","0","0","8.391304347826086"
"https://www.marqly.com/blog/summarize-youtube-videos-with-ai","esp","37","0","0","12.945945945945946"
"https://www.marqly.com/blog/summarize-youtube-videos-with-ai","est","1","0","0","4"
"https://www.marqly.com/blog/summarize-youtube-videos-with-ai","fin","1","0","0","9"
"https://www.marqly.com/blog/summarize-youtube-videos-with-ai","fra","15","0","0","8.133333333333333"
"https://www.marqly.com/blog/summarize-youtube-videos-with-ai","gbr","37","0","0","11.297297297297296"
"https://www.marqly.com/blog/summarize-youtube-videos-with-ai","geo","2","0","0","9.5"
"https://www.marqly.com/blog/summarize-youtube-videos-with-ai","gha","2","0","0","9.5"
"https://www.marqly.com/blog/summarize-youtube-videos-with-ai","grc","1","0","0","7"
"https://www.marqly.com/blog/summarize-youtube-videos-with-ai","gtm","1","0","0","10"
"https://www.marqly.com/blog/summarize-youtube-videos-with-ai","hkg","3","0","0","41"
"https://www.marqly.com/blog/summarize-youtube-videos-with-ai","hnd","1","0","0","6"
"https://www.marqly.com/blog/summarize-youtube-videos-with-ai","hti","2","0","0","8.5"
"https://www.marqly.com/blog/summarize-youtube-videos-with-ai","idn","37","0","0","9.837837837837839"
"https://www.marqly.com/blog/summarize-youtube-videos-with-ai","ind","15","0","0","11.133333333333333"
"https://www.marqly.com/blog/summarize-youtube-videos-with-ai","irl","12","0","0","8.666666666666668"
"https://www.marqly.com/blog/summarize-youtube-videos-with-ai","irn","4","0","0","7.75"
"https://www.marqly.com/blog/summarize-youtube-videos-with-ai","irq","27","0","0","7.407407407407407"
"https://www.marqly.com/blog/summarize-youtube-videos-with-ai","isr","37","0","0","11.891891891891891"
"https://www.marqly.com/blog/summarize-youtube-videos-with-ai","ita","18","0","0","7.555555555555555"
"https://www.marqly.com/blog/summarize-youtube-videos-with-ai","jam","3","0","0","7.333333333333333"
"https://www.marqly.com/blog/summarize-youtube-videos-with-ai","jpn","70","0","0","9.528571428571428"
"https://www.marqly.com/blog/summarize-youtube-videos-with-ai","kaz","5","0","0","8.6"
"https://www.marqly.com/blog/summarize-youtube-videos-with-ai","ken","7","0","0","10.142857142857142"
"https://www.marqly.com/blog/summarize-youtube-videos-with-ai","khm","8","0","0","7.875"
"https://www.marqly.com/blog/summarize-youtube-videos-with-ai","kor","2","0","0","4.5"
"https://www.marqly.com/blog/summarize-youtube-videos-with-ai","kwt","18","0","0","6.277777777777778"
"https://www.marqly.com/blog/summarize-youtube-videos-with-ai","lbn","14","0","0","7.357142857142857"
"https://www.marqly.com/blog/summarize-youtube-videos-with-ai","lby","5","0","0","7.4"
"https://www.marqly.com/blog/summarize-youtube-videos-with-ai","ltu","1","0","0","8"
"https://www.marqly.com/blog/summarize-youtube-videos-with-ai","lva","1","0","0","7"
"https://www.marqly.com/blog/summarize-youtube-videos-with-ai","mar","20","0","0","6.35"
"https://www.marqly.com/blog/summarize-youtube-videos-with-ai","mco","1","0","0","27"
"https://www.marqly.com/blog/summarize-youtube-videos-with-ai","mdv","1","0","0","6"
"https://www.marqly.com/blog/summarize-youtube-videos-with-ai","mex","36","0","0","10.13888888888889"
"https://www.marqly.com/blog/summarize-youtube-videos-with-ai","mmr","1","0","0","68"
"https://www.marqly.com/blog/summarize-youtube-videos-with-ai","mne","1","0","0","5"
"https://www.marqly.com/blog/summarize-youtube-videos-with-ai","mng","1","0","0","9"
"https://www.marqly.com/blog/summarize-youtube-videos-with-ai","moz","2","0","0","9"
"https://www.marqly.com/blog/summarize-youtube-videos-with-ai","mtq","1","0","0","5"
"https://www.marqly.com/blog/summarize-youtube-videos-with-ai","mys","20","0","0","7.9"
"https://www.marqly.com/blog/summarize-youtube-videos-with-ai","nga","8","0","0","9.125"
"https://www.marqly.com/blog/summarize-youtube-videos-with-ai","nic","1","0","0","7"
"https://www.marqly.com/blog/summarize-youtube-videos-with-ai","nld","5","0","0","14.8"
"https://www.marqly.com/blog/summarize-youtube-videos-with-ai","nor","2","0","0","12"
"https://www.marqly.com/blog/summarize-youtube-videos-with-ai","npl","2","0","0","8"
"https://www.marqly.com/blog/summarize-youtube-videos-with-ai","omn","18","0","0","7.944444444444445"
"https://www.marqly.com/blog/summarize-youtube-videos-with-ai","pak","20","0","0","8.4"
"https://www.marqly.com/blog/summarize-youtube-videos-with-ai","pan","1","0","0","8"
"https://www.marqly.com/blog/summarize-youtube-videos-with-ai","per","5","0","0","8"
"https://www.marqly.com/blog/summarize-youtube-videos-with-ai","phl","16","0","0","24.6875"
"https://www.marqly.com/blog/summarize-youtube-videos-with-ai","png","1","0","0","9"
"https://www.marqly.com/blog/summarize-youtube-videos-with-ai","pol","6","0","0","11.666666666666666"
"https://www.marqly.com/blog/summarize-youtube-videos-with-ai","pri","2","0","0","8"
"https://www.marqly.com/blog/summarize-youtube-videos-with-ai","prt","4","0","0","8.25"
"https://www.marqly.com/blog/summarize-youtube-videos-with-ai","pry","4","0","0","8"
"https://www.marqly.com/blog/summarize-youtube-videos-with-ai","pse","1","0","0","4"
"https://www.marqly.com/blog/summarize-youtube-videos-with-ai","pyf","1","0","0","7"
"https://www.marqly.com/blog/summarize-youtube-videos-with-ai","qat","10","0","0","7.6"
"https://www.marqly.com/blog/summarize-youtube-videos-with-ai","rus","43","0","0","8.209302325581396"
"https://www.marqly.com/blog/summarize-youtube-videos-with-ai","sau","103","0","0","6.776699029126213"
"https://www.marqly.com/blog/summarize-youtube-videos-with-ai","sgp","53","0","0","7.0754716981132075"
"https://www.marqly.com/blog/summarize-youtube-videos-with-ai","slv","2","0","0","10.5"
"https://www.marqly.com/blog/summarize-youtube-videos-with-ai","syr","2","0","0","7.5"
"https://www.marqly.com/blog/summarize-youtube-videos-with-ai","tgo","3","0","0","8.666666666666668"
"https://www.marqly.com/blog/summarize-youtube-videos-with-ai","tha","4","0","0","7.25"
"https://www.marqly.com/blog/summarize-youtube-videos-with-ai","tun","6","0","0","6.5"
"https://www.marqly.com/blog/summarize-youtube-videos-with-ai","tur","24","0","0","8.916666666666668"
"https://www.marqly.com/blog/summarize-youtube-videos-with-ai","twn","3","0","0","8"
"https://www.marqly.com/blog/summarize-youtube-videos-with-ai","tza","3","0","0","8.333333333333332"
"https://www.marqly.com/blog/summarize-youtube-videos-with-ai","ukr","11","0","0","9.363636363636363"
"https://www.marqly.com/blog/summarize-youtube-videos-with-ai","ury","2","0","0","8.5"
"https://www.marqly.com/blog/summarize-youtube-videos-with-ai","usa","637","0","0","27.744113029827314"
"https://www.marqly.com/blog/summarize-youtube-videos-with-ai","uzb","7","0","0","8"
"https://www.marqly.com/blog/summarize-youtube-videos-with-ai","ven","14","0","0","7.785714285714286"
"https://www.marqly.com/blog/summarize-youtube-videos-with-ai","vnm","29","0","0","8.586206896551724"
"https://www.marqly.com/blog/summarize-youtube-videos-with-ai","zaf","7","0","0","10.714285714285714"
"https://www.marqly.com/blog/summarize-youtube-videos-with-ai","zmb","1","0","0","8"
"https://www.marqly.com/blog/summarize-youtube-videos-with-ai","zzz","2","0","0","6.5"
"https://www.marqly.com/blog/top-5-bookmark-managers-in-2025","afg","2","0","0","4.5"
"https://www.marqly.com/blog/top-5-bookmark-managers-in-2025","ago","2","0","0","2"
"https://www.marqly.com/blog/top-5-bookmark-managers-in-2025","alb","8","0","0","24.125"
"https://www.marqly.com/blog/top-5-bookmark-managers-in-2025","arg","52","0","0","27.307692307692307"
"https://www.marqly.com/blog/top-5-bookmark-managers-in-2025","arm","2","0","0","33.5"
"https://www.marqly.com/blog/top-5-bookmark-managers-in-2025","atg","1","0","0","87"
"https://www.marqly.com/blog/top-5-bookmark-managers-in-2025","aus","194","0","0","15.293814432989691"
"https://www.marqly.com/blog/top-5-bookmark-managers-in-2025","aut","94","0","0","28.01063829787234"
"https://www.marqly.com/blog/top-5-bookmark-managers-in-2025","aze","10","0","0","28.7"
"https://www.marqly.com/blog/top-5-bookmark-managers-in-2025","bgd","54","0","0","20.333333333333332"
"https://www.marqly.com/blog/top-5-bookmark-managers-in-2025","bgr","17","0","0","11.764705882352942"
"https://www.marqly.com/blog/top-5-bookmark-managers-in-2025","bhr","2","0","0","26.5"
"https://www.marqly.com/blog/top-5-bookmark-managers-in-2025","bhs","1","0","0","6"
"https://www.marqly.com/blog/top-5-bookmark-managers-in-2025","bih","2","0","0","11"
"https://www.marqly.com/blog/top-5-bookmark-managers-in-2025","blr","8","0","0","27.5"
"https://www.marqly.com/blog/top-5-bookmark-managers-in-2025","blz","2","0","0","37"
"https://www.marqly.com/blog/top-5-bookmark-managers-in-2025","bmu","2","0","0","13.5"
"https://www.marqly.com/blog/top-5-bookmark-managers-in-2025","bol","4","0","0","14.75"
"https://www.marqly.com/blog/top-5-bookmark-managers-in-2025","brb","4","0","0","45.75"
"https://www.marqly.com/blog/top-5-bookmark-managers-in-2025","brn","2","0","0","9.5"
"https://www.marqly.com/blog/top-5-bookmark-managers-in-2025","btn","1","0","0","51"
"https://www.marqly.com/blog/top-5-bookmark-managers-in-2025","che","99","0","0","27.262626262626263"
"https://www.marqly.com/blog/top-5-bookmark-managers-in-2025","chl","17","0","0","26.647058823529413"
"https://www.marqly.com/blog/top-5-bookmark-managers-in-2025","chn","6","0","0","6.5"
"https://www.marqly.com/blog/top-5-bookmark-managers-in-2025","civ","2","0","0","55"
"https://www.marqly.com/blog/top-5-bookmark-managers-in-2025","col","31","0","0","25.612903225806452"
"https://www.marqly.com/blog/top-5-bookmark-managers-in-2025","cri","2","0","0","47"
"https://www.marqly.com/blog/top-5-bookmark-managers-in-2025","cub","2","0","0","22.5"
"https://www.marqly.com/blog/top-5-bookmark-managers-in-2025","cyp","17","0","0","9.529411764705882"
"https://www.marqly.com/blog/top-5-bookmark-managers-in-2025","cze","28","0","0","19.107142857142858"
"https://www.marqly.com/blog/top-5-bookmark-managers-in-2025","dom","9","0","0","20.77777777777778"
"https://www.marqly.com/blog/top-5-bookmark-managers-in-2025","dza","17","0","0","13"
"https://www.marqly.com/blog/top-5-bookmark-managers-in-2025","ecu","26","0","0","30.5"
"https://www.marqly.com/blog/top-5-bookmark-managers-in-2025","egy","27","0","0","17.925925925925927"
"https://www.marqly.com/blog/top-5-bookmark-managers-in-2025","est","6","0","0","11.5"
"https://www.marqly.com/blog/top-5-bookmark-managers-in-2025","eth","6","0","0","38.5"
"https://www.marqly.com/blog/top-5-bookmark-managers-in-2025","fin","29","0","0","15.931034482758621"
"https://www.marqly.com/blog/top-5-bookmark-managers-in-2025","geo","9","0","0","16.22222222222222"
"https://www.marqly.com/blog/top-5-bookmark-managers-in-2025","gib","1","0","0","1"
"https://www.marqly.com/blog/top-5-bookmark-managers-in-2025","grc","28","0","0","13.607142857142858"
"https://www.marqly.com/blog/top-5-bookmark-managers-in-2025","gtm","4","0","0","44.25"
"https://www.marqly.com/blog/top-5-bookmark-managers-in-2025","gum","1","0","0","12"
"https://www.marqly.com/blog/top-5-bookmark-managers-in-2025","hkg","39","0","0","12.717948717948717"
"https://www.marqly.com/blog/top-5-bookmark-managers-in-2025","hrv","8","0","0","14.25"
"https://www.marqly.com/blog/top-5-bookmark-managers-in-2025","idn","116","0","0","20.146551724137932"
"https://www.marqly.com/blog/top-5-bookmark-managers-in-2025","ind","349","0","0","19.51002865329513"
"https://www.marqly.com/blog/top-5-bookmark-managers-in-2025","irl","32","0","0","25.0625"
"https://www.marqly.com/blog/top-5-bookmark-managers-in-2025","irn","18","0","0","14.944444444444445"
"https://www.marqly.com/blog/top-5-bookmark-managers-in-2025","isl","3","0","0","11"
"https://www.marqly.com/blog/top-5-bookmark-managers-in-2025","jam","11","0","0","20.636363636363637"
"https://www.marqly.com/blog/top-5-bookmark-managers-in-2025","jor","5","0","0","44.4"
"https://www.marqly.com/blog/top-5-bookmark-managers-in-2025","kaz","9","0","0","43.77777777777778"
"https://www.marqly.com/blog/top-5-bookmark-managers-in-2025","ken","4","0","0","12.75"
"https://www.marqly.com/blog/top-5-bookmark-managers-in-2025","kgz","2","0","0","44"
"https://www.marqly.com/blog/top-5-bookmark-managers-in-2025","khm","12","0","0","22.75"
"https://www.marqly.com/blog/top-5-bookmark-managers-in-2025","kna","2","0","0","32.5"
"https://www.marqly.com/blog/top-5-bookmark-managers-in-2025","kor","73","0","0","30.465753424657535"
"https://www.marqly.com/blog/top-5-bookmark-managers-in-2025","kwt","3","0","0","27.666666666666668"
"https://www.marqly.com/blog/top-5-bookmark-managers-in-2025","lao","1","0","0","50"
"https://www.marqly.com/blog/top-5-bookmark-managers-in-2025","lbn","5","0","0","12.2"
"https://www.marqly.com/blog/top-5-bookmark-managers-in-2025","lby","2","0","0","31"
"https://www.marqly.com/blog/top-5-bookmark-managers-in-2025","lie","1","0","0","5"
"https://www.marqly.com/blog/top-5-bookmark-managers-in-2025","lka","5","0","0","1.8"
"https://www.marqly.com/blog/top-5-bookmark-managers-in-2025","ltu","8","0","0","25.875"
"https://www.marqly.com/blog/top-5-bookmark-managers-in-2025","lux","2","0","0","7"
"https://www.marqly.com/blog/top-5-bookmark-managers-in-2025","lva","6","0","0","21.666666666666668"
"https://www.marqly.com/blog/top-5-bookmark-managers-in-2025","mar","26","0","0","22.5"
"https://www.marqly.com/blog/top-5-bookmark-managers-in-2025","mda","6","0","0","30"
"https://www.marqly.com/blog/top-5-bookmark-managers-in-2025","mdg","1","0","0","1"
"https://www.marqly.com/blog/top-5-bookmark-managers-in-2025","mdv","1","0","0","58"
"https://www.marqly.com/blog/top-5-bookmark-managers-in-2025","mkd","5","0","0","15.6"
"https://www.marqly.com/blog/top-5-bookmark-managers-in-2025","mlt","6","0","0","16.5"
"https://www.marqly.com/blog/top-5-bookmark-managers-in-2025","mmr","4","0","0","21.5"
"https://www.marqly.com/blog/top-5-bookmark-managers-in-2025","mne","6","0","0","16.5"
"https://www.marqly.com/blog/top-5-bookmark-managers-in-2025","mng","3","0","0","9.333333333333334"
"https://www.marqly.com/blog/top-5-bookmark-managers-in-2025","mtq","1","0","0","10"
"https://www.marqly.com/blog/top-5-bookmark-managers-in-2025","mus","2","0","0","53.5"
"https://www.marqly.com/blog/top-5-bookmark-managers-in-2025","mwi","2","0","0","1"
"https://www.marqly.com/blog/top-5-bookmark-managers-in-2025","mys","56","0","0","16.05357142857143"
"https://www.marqly.com/blog/top-5-bookmark-managers-in-2025","nga","10","0","0","20"
"https://www.marqly.com/blog/top-5-bookmark-managers-in-2025","nic","2","0","0","54"
"https://www.marqly.com/blog/top-5-bookmark-managers-in-2025","npl","7","0","0","9.857142857142858"
"https://www.marqly.com/blog/top-5-bookmark-managers-in-2025","nzl","15","0","0","26.333333333333332"
"https://www.marqly.com/blog/top-5-bookmark-managers-in-2025","omn","4","0","0","16.5"
"https://www.marqly.com/blog/top-5-bookmark-managers-in-2025","pak","56","0","0","26.553571428571427"
"https://www.marqly.com/blog/top-5-bookmark-managers-in-2025","per","19","0","0","22.94736842105263"
"https://www.marqly.com/blog/top-5-bookmark-managers-in-2025","phl","88","0","0","23.931818181818183"
"https://www.marqly.com/blog/top-5-bookmark-managers-in-2025","pri","7","0","0","7.285714285714286"
"https://www.marqly.com/blog/top-5-bookmark-managers-in-2025","prt","55","0","0","18.436363636363637"
"https://www.marqly.com/blog/top-5-bookmark-managers-in-2025","pry","10","0","0","37"
"https://www.marqly.com/blog/top-5-bookmark-managers-in-2025","pse","1","0","0","30"
"https://www.marqly.com/blog/top-5-bookmark-managers-in-2025","qat","9","0","0","20.77777777777778"
"https://www.marqly.com/blog/top-5-bookmark-managers-in-2025","rou","34","0","0","11.264705882352942"
"https://www.marqly.com/blog/top-5-bookmark-managers-in-2025","rus","139","0","0","38.78417266187051"
"https://www.marqly.com/blog/top-5-bookmark-managers-in-2025","sau","53","0","0","18.528301886792452"
"https://www.marqly.com/blog/top-5-bookmark-managers-in-2025","sdn","1","0","0","5"
"https://www.marqly.com/blog/top-5-bookmark-managers-in-2025","sen","4","0","0","24.25"
"https://www.marqly.com/blog/top-5-bookmark-managers-in-2025","slv","7","0","0","39.42857142857143"
"https://www.marqly.com/blog/top-5-bookmark-managers-in-2025","sur","1","0","0","1"
"https://www.marqly.com/blog/top-5-bookmark-managers-in-2025","svk","12","0","0","9.583333333333334"
"https://www.marqly.com/blog/top-5-bookmark-managers-in-2025","svn","12","0","0","7.25"
"https://www.marqly.com/blog/top-5-bookmark-managers-in-2025","sxm","1","0","0","37"
"https://www.marqly.com/blog/top-5-bookmark-managers-in-2025","syc","40","0","0","9.475"
"https://www.marqly.com/blog/top-5-bookmark-managers-in-2025","syr","3","0","0","7"
"https://www.marqly.com/blog/top-5-bookmark-managers-in-2025","tha","28","0","0","15.714285714285714"
"https://www.marqly.com/blog/top-5-bookmark-managers-in-2025","tto","8","0","0","38.125"
"https://www.marqly.com/blog/top-5-bookmark-managers-in-2025","tun","5","0","0","35"
"https://www.marqly.com/blog/top-5-bookmark-managers-in-2025","tur","105","0","0","37.371428571428574"
"https://www.marqly.com/blog/top-5-bookmark-managers-in-2025","twn","25","0","0","25.52"
"https://www.marqly.com/blog/top-5-bookmark-managers-in-2025","uga","1","0","0","1"
"https://www.marqly.com/blog/top-5-bookmark-managers-in-2025","ury","9","0","0","40.44444444444444"
"https://www.marqly.com/blog/top-5-bookmark-managers-in-2025","uzb","11","0","0","35.45454545454545"
"https://www.marqly.com/blog/top-5-bookmark-managers-in-2025","ven","8","0","0","65.125"
"https://www.marqly.com/blog/top-5-bookmark-managers-in-2025","vgb","1","0","0","8"
"https://www.marqly.com/blog/top-5-bookmark-managers-in-2025","vir","1","0","0","7"
"https://www.marqly.com/blog/top-5-bookmark-managers-in-2025","vnm","100","0","0","31.66"
"https://www.marqly.com/blog/top-5-bookmark-managers-in-2025","xkk","2","0","0","29"
"https://www.marqly.com/blog/top-5-bookmark-managers-in-2025","yem","1","0","0","8"
"https://www.marqly.com/blog/top-5-bookmark-managers-in-2025","zaf","26","0","0","21.076923076923077"
"https://www.marqly.com/blog/top-5-bookmark-managers-in-2025","zzz","8","0","0","32.875"
"https://www.marqly.com/blog/what-is-an-ai-second-brain","are","1","0","0","1"
"https://www.marqly.com/blog/what-is-in-your-pocket-export-file","bgd","1","0","0","6"
"https://www.marqly.com/blog/what-is-in-your-pocket-export-file","egy","1","0","0","7"
"https://www.marqly.com/blog/what-is-in-your-pocket-export-file","gbr","4","0","0","8"
"https://www.marqly.com/blog/what-is-in-your-pocket-export-file","mus","1","0","0","11"
"https://www.marqly.com/blog/what-is-in-your-pocket-export-file","mys","1","0","0","6"
"https://www.marqly.com/blog/what-is-in-your-pocket-export-file","phl","1","0","0","6"
"https://www.marqly.com/blog/what-is-in-your-pocket-export-file","pse","1","0","0","5"
"https://www.marqly.com/blog/what-is-in-your-pocket-export-file","rus","2","0","0","31.5"
"https://www.marqly.com/blog/what-is-in-your-pocket-export-file","usa","14","0","0","14.214285714285714"
"https://www.marqly.com/blog/why-marqly-is-the-best-bookmark-manager-for-2025","arg","7","0","0","31.571428571428573"
"https://www.marqly.com/blog/why-marqly-is-the-best-bookmark-manager-for-2025","aus","28","0","0","7.464285714285714"
"https://www.marqly.com/blog/why-marqly-is-the-best-bookmark-manager-for-2025","aut","8","0","0","25.625"
"https://www.marqly.com/blog/why-marqly-is-the-best-bookmark-manager-for-2025","aze","1","0","0","12"
"https://www.marqly.com/blog/why-marqly-is-the-best-bookmark-manager-for-2025","bel","2","0","0","1"
"https://www.marqly.com/blog/why-marqly-is-the-best-bookmark-manager-for-2025","bgd","10","0","0","31.3"
"https://www.marqly.com/blog/why-marqly-is-the-best-bookmark-manager-for-2025","bgr","1","0","0","5"
"https://www.marqly.com/blog/why-marqly-is-the-best-bookmark-manager-for-2025","bih","1","0","0","1"
"https://www.marqly.com/blog/why-marqly-is-the-best-bookmark-manager-for-2025","blr","3","0","0","10"
"https://www.marqly.com/blog/why-marqly-is-the-best-bookmark-manager-for-2025","bol","2","0","0","14"
"https://www.marqly.com/blog/why-marqly-is-the-best-bookmark-manager-for-2025","bra","42","0","0","25.261904761904763"
"https://www.marqly.com/blog/why-marqly-is-the-best-bookmark-manager-for-2025","brb","1","0","0","88"
"https://www.marqly.com/blog/why-marqly-is-the-best-bookmark-manager-for-2025","can","44","0","0","6.181818181818182"
"https://www.marqly.com/blog/why-marqly-is-the-best-bookmark-manager-for-2025","che","8","0","0","1"
"https://www.marqly.com/blog/why-marqly-is-the-best-bookmark-manager-for-2025","chl","5","0","0","16.6"
"https://www.marqly.com/blog/why-marqly-is-the-best-bookmark-manager-for-2025","chn","5","0","0","11.2"
"https://www.marqly.com/blog/why-marqly-is-the-best-bookmark-manager-for-2025","col","2","0","0","23"
"https://www.marqly.com/blog/why-marqly-is-the-best-bookmark-manager-for-2025","cri","3","0","0","3.6666666666666665"
"https://www.marqly.com/blog/why-marqly-is-the-best-bookmark-manager-for-2025","cub","1","0","0","13"
"https://www.marqly.com/blog/why-marqly-is-the-best-bookmark-manager-for-2025","cyp","2","0","0","1"
"https://www.marqly.com/blog/why-marqly-is-the-best-bookmark-manager-for-2025","cze","6","0","0","1"
"https://www.marqly.com/blog/why-marqly-is-the-best-bookmark-manager-for-2025","dnk","9","0","0","5.222222222222222"
"https://www.marqly.com/blog/why-marqly-is-the-best-bookmark-manager-for-2025","ecu","8","0","0","14.75"
"https://www.marqly.com/blog/why-marqly-is-the-best-bookmark-manager-for-2025","egy","4","0","0","6"
"https://www.marqly.com/blog/why-marqly-is-the-best-bookmark-manager-for-2025","esp","22","0","0","23.181818181818183"
"https://www.marqly.com/blog/why-marqly-is-the-best-bookmark-manager-for-2025","est","3","0","0","5.666666666666667"
"https://www.marqly.com/blog/why-marqly-is-the-best-bookmark-manager-for-2025","fin","1","0","0","157"
"https://www.marqly.com/blog/why-marqly-is-the-best-bookmark-manager-for-2025","fra","22","0","0","11.681818181818182"
"https://www.marqly.com/blog/why-marqly-is-the-best-bookmark-manager-for-2025","geo","2","0","0","1"
"https://www.marqly.com/blog/why-marqly-is-the-best-bookmark-manager-for-2025","glp","1","0","0","1"
"https://www.marqly.com/blog/why-marqly-is-the-best-bookmark-manager-for-2025","grc","4","0","0","3"
"https://www.marqly.com/blog/why-marqly-is-the-best-bookmark-manager-for-2025","gtm","2","0","0","49"
"https://www.marqly.com/blog/why-marqly-is-the-best-bookmark-manager-for-2025","hkg","9","0","0","12.666666666666666"
"https://www.marqly.com/blog/why-marqly-is-the-best-bookmark-manager-for-2025","hrv","3","0","0","7"
"https://www.marqly.com/blog/why-marqly-is-the-best-bookmark-manager-for-2025","hun","4","0","0","13"
"https://www.marqly.com/blog/why-marqly-is-the-best-bookmark-manager-for-2025","idn","11","0","0","20.90909090909091"
"https://www.marqly.com/blog/why-marqly-is-the-best-bookmark-manager-for-2025","irl","4","0","0","24.5"
"https://www.marqly.com/blog/why-marqly-is-the-best-bookmark-manager-for-2025","irq","1","0","0","49"
"https://www.marqly.com/blog/why-marqly-is-the-best-bookmark-manager-for-2025","isr","15","0","0","8.866666666666667"
"https://www.marqly.com/blog/why-marqly-is-the-best-bookmark-manager-for-2025","ita","18","0","0","10.444444444444445"
"https://www.marqly.com/blog/why-marqly-is-the-best-bookmark-manager-for-2025","jam","1","0","0","8"
"https://www.marqly.com/blog/why-marqly-is-the-best-bookmark-manager-for-2025","jpn","13","0","0","3.1538461538461537"
"https://www.marqly.com/blog/why-marqly-is-the-best-bookmark-manager-for-2025","kaz","2","0","0","1"
"https://www.marqly.com/blog/why-marqly-is-the-best-bookmark-manager-for-2025","ken","1","0","0","1"
"https://www.marqly.com/blog/why-marqly-is-the-best-bookmark-manager-for-2025","kor","7","0","0","22.428571428571427"
"https://www.marqly.com/blog/why-marqly-is-the-best-bookmark-manager-for-2025","lbn","3","0","0","9.333333333333334"
"https://www.marqly.com/blog/why-marqly-is-the-best-bookmark-manager-for-2025","lka","4","0","0","1"
"https://www.marqly.com/blog/why-marqly-is-the-best-bookmark-manager-for-2025","ltu","3","0","0","1"
"https://www.marqly.com/blog/why-marqly-is-the-best-bookmark-manager-for-2025","lva","2","0","0","1"
"https://www.marqly.com/blog/why-marqly-is-the-best-bookmark-manager-for-2025","mar","11","0","0","1"
"https://www.marqly.com/blog/why-marqly-is-the-best-bookmark-manager-for-2025","mda","2","0","0","14.5"
"https://www.marqly.com/blog/why-marqly-is-the-best-bookmark-manager-for-2025","mex","14","0","0","26.142857142857142"
"https://www.marqly.com/blog/why-marqly-is-the-best-bookmark-manager-for-2025","mmr","1","0","0","1"
"https://www.marqly.com/blog/why-marqly-is-the-best-bookmark-manager-for-2025","mne","1","0","0","1"
"https://www.marqly.com/blog/why-marqly-is-the-best-bookmark-manager-for-2025","moz","7","0","0","10.857142857142858"
"https://www.marqly.com/blog/why-marqly-is-the-best-bookmark-manager-for-2025","mys","6","0","0","3"
"https://www.marqly.com/blog/why-marqly-is-the-best-bookmark-manager-for-2025","nga","4","0","0","7.25"
"https://www.marqly.com/blog/why-marqly-is-the-best-bookmark-manager-for-2025","nor","3","0","0","34.666666666666664"
"https://www.marqly.com/blog/why-marqly-is-the-best-bookmark-manager-for-2025","npl","4","0","0","5.5"
"https://www.marqly.com/blog/why-marqly-is-the-best-bookmark-manager-for-2025","nzl","1","0","0","1"
"https://www.marqly.com/blog/why-marqly-is-the-best-bookmark-manager-for-2025","pak","3","0","0","31"
"https://www.marqly.com/blog/why-marqly-is-the-best-bookmark-manager-for-2025","per","3","0","0","4.666666666666666"
"https://www.marqly.com/blog/why-marqly-is-the-best-bookmark-manager-for-2025","phl","3","0","0","40"
"https://www.marqly.com/blog/why-marqly-is-the-best-bookmark-manager-for-2025","pol","17","0","0","6.235294117647059"
"https://www.marqly.com/blog/why-marqly-is-the-best-bookmark-manager-for-2025","pri","2","0","0","5.5"
"https://www.marqly.com/blog/why-marqly-is-the-best-bookmark-manager-for-2025","prt","10","0","0","7.6"
"https://www.marqly.com/blog/why-marqly-is-the-best-bookmark-manager-for-2025","pry","1","0","0","85"
"https://www.marqly.com/blog/why-marqly-is-the-best-bookmark-manager-for-2025","pse","1","0","0","38"
"https://www.marqly.com/blog/why-marqly-is-the-best-bookmark-manager-for-2025","qat","2","0","0","46"
"https://www.marqly.com/blog/why-marqly-is-the-best-bookmark-manager-for-2025","rou","3","0","0","6"
"https://www.marqly.com/blog/why-marqly-is-the-best-bookmark-manager-for-2025","sau","13","0","0","7.923076923076923"
"https://www.marqly.com/blog/why-marqly-is-the-best-bookmark-manager-for-2025","sgp","5","0","0","3.4"
"https://www.marqly.com/blog/why-marqly-is-the-best-bookmark-manager-for-2025","srb","6","0","0","24.833333333333332"
"https://www.marqly.com/blog/why-marqly-is-the-best-bookmark-manager-for-2025","svk","1","0","0","16"
"https://www.marqly.com/blog/why-marqly-is-the-best-bookmark-manager-for-2025","svn","1","0","0","18"
"https://www.marqly.com/blog/why-marqly-is-the-best-bookmark-manager-for-2025","swe","13","0","0","5.461538461538462"
"https://www.marqly.com/blog/why-marqly-is-the-best-bookmark-manager-for-2025","syr","1","0","0","62"
"https://www.marqly.com/blog/why-marqly-is-the-best-bookmark-manager-for-2025","tun","1","0","0","1"
"https://www.marqly.com/blog/why-marqly-is-the-best-bookmark-manager-for-2025","tur","10","0","0","10.7"
"https://www.marqly.com/blog/why-marqly-is-the-best-bookmark-manager-for-2025","twn","4","0","0","17.75"
"https://www.marqly.com/blog/why-marqly-is-the-best-bookmark-manager-for-2025","ukr","6","0","0","10.333333333333334"
"https://www.marqly.com/blog/why-marqly-is-the-best-bookmark-manager-for-2025","usa","601","0","0","21.590682196339433"
"https://www.marqly.com/blog/why-marqly-is-the-best-bookmark-manager-for-2025","uzb","2","0","0","26"
"https://www.marqly.com/blog/why-marqly-is-the-best-bookmark-manager-for-2025","vnm","13","0","0","38.46153846153846"
"https://www.marqly.com/blog/why-marqly-is-the-best-bookmark-manager-for-2025","zaf","6","0","0","16.833333333333336"
"https://www.marqly.com/blog/why-marqly-is-the-best-bookmark-manager-for-2025","zmb","1","0","0","1"
"https://www.marqly.com/blog/why-marqly-is-the-best-bookmark-manager-for-2025","zzz","1","0","0","23"
"https://www.marqly.com/bookmark-manager-for-chrome","are","3","0","0","12"
"https://www.marqly.com/bookmark-manager-for-chrome","aus","11","0","0","12.545454545454545"
"https://www.marqly.com/bookmark-manager-for-chrome","aut","1","0","0","13"
"https://www.marqly.com/bookmark-manager-for-chrome","bel","2","0","0","22.5"
"https://www.marqly.com/bookmark-manager-for-chrome","bgd","2","0","0","21.5"
"https://www.marqly.com/bookmark-manager-for-chrome","bgr","1","0","0","3"
"https://www.marqly.com/bookmark-manager-for-chrome","brn","1","0","0","12"
"https://www.marqly.com/bookmark-manager-for-chrome","can","25","0","0","18.8"
"https://www.marqly.com/bookmark-manager-for-chrome","chl","1","0","0","21"
"https://www.marqly.com/bookmark-manager-for-chrome","col","5","0","0","11.8"
"https://www.marqly.com/bookmark-manager-for-chrome","cyp","2","0","0","3"
"https://www.marqly.com/bookmark-manager-for-chrome","cze","1","0","0","10"
"https://www.marqly.com/bookmark-manager-for-chrome","deu","3","0","0","16.666666666666664"
"https://www.marqly.com/bookmark-manager-for-chrome","dnk","1","0","0","15"
"https://www.marqly.com/bookmark-manager-for-chrome","egy","1","0","0","38"
"https://www.marqly.com/bookmark-manager-for-chrome","esp","9","0","0","13.333333333333334"
"https://www.marqly.com/bookmark-manager-for-chrome","fra","13","0","0","15.692307692307692"
"https://www.marqly.com/bookmark-manager-for-chrome","gbr","22","0","0","23.318181818181817"
"https://www.marqly.com/bookmark-manager-for-chrome","hkg","2","0","0","11.5"
"https://www.marqly.com/bookmark-manager-for-chrome","hrv","1","0","0","15"
"https://www.marqly.com/bookmark-manager-for-chrome","hun","2","0","0","12.5"
"https://www.marqly.com/bookmark-manager-for-chrome","idn","4","0","0","16.5"
"https://www.marqly.com/bookmark-manager-for-chrome","ind","21","0","0","16.42857142857143"
"https://www.marqly.com/bookmark-manager-for-chrome","irl","1","0","0","13"
"https://www.marqly.com/bookmark-manager-for-chrome","isr","1","0","0","21"
"https://www.marqly.com/bookmark-manager-for-chrome","ita","12","0","0","16.75"
"https://www.marqly.com/bookmark-manager-for-chrome","jpn","2","0","0","4.5"
"https://www.marqly.com/bookmark-manager-for-chrome","kaz","1","0","0","19"
"https://www.marqly.com/bookmark-manager-for-chrome","ken","2","0","0","22"
"https://www.marqly.com/bookmark-manager-for-chrome","kor","1","0","0","56"
"https://www.marqly.com/bookmark-manager-for-chrome","mar","2","0","0","28"
"https://www.marqly.com/bookmark-manager-for-chrome","mex","1","0","0","11"
"https://www.marqly.com/bookmark-manager-for-chrome","mus","1","0","0","17"
"https://www.marqly.com/bookmark-manager-for-chrome","mys","3","0","0","17"
"https://www.marqly.com/bookmark-manager-for-chrome","nld","22","0","0","38.77272727272727"
"https://www.marqly.com/bookmark-manager-for-chrome","nor","1","0","0","12"
"https://www.marqly.com/bookmark-manager-for-chrome","nzl","2","0","0","16.5"
"https://www.marqly.com/bookmark-manager-for-chrome","pak","2","0","0","9.5"
"https://www.marqly.com/bookmark-manager-for-chrome","phl","1","0","0","54"
"https://www.marqly.com/bookmark-manager-for-chrome","pol","6","0","0","10.666666666666666"
"https://www.marqly.com/bookmark-manager-for-chrome","rus","5","0","0","17.4"
"https://www.marqly.com/bookmark-manager-for-chrome","rwa","1","0","0","6"
"https://www.marqly.com/bookmark-manager-for-chrome","sgp","1","0","0","48"
"https://www.marqly.com/bookmark-manager-for-chrome","swe","3","0","0","16.333333333333336"
"https://www.marqly.com/bookmark-manager-for-chrome","tha","1","0","0","12"
"https://www.marqly.com/bookmark-manager-for-chrome","tur","2","0","0","21"
"https://www.marqly.com/bookmark-manager-for-chrome","uga","1","0","0","3"
"https://www.marqly.com/bookmark-manager-for-chrome","ukr","3","0","0","9.666666666666666"
"https://www.marqly.com/bookmark-manager-for-chrome","usa","574","0","0","30.658536585365855"
"https://www.marqly.com/bookmark-manager-for-chrome","zaf","3","0","0","8.666666666666668"
"https://www.marqly.com/bookmark-manager-for-edge","are","1","0","0","8"
"https://www.marqly.com/bookmark-manager-for-edge","aus","8","0","0","6.375"
"https://www.marqly.com/bookmark-manager-for-edge","aut","2","0","0","8"
"https://www.marqly.com/bookmark-manager-for-edge","bgd","1","0","0","8"
"https://www.marqly.com/bookmark-manager-for-edge","bgr","1","0","0","11"
"https://www.marqly.com/bookmark-manager-for-edge","bra","1","0","0","9"
"https://www.marqly.com/bookmark-manager-for-edge","can","19","0","0","7.473684210526316"
"https://www.marqly.com/bookmark-manager-for-edge","cri","1","0","0","6"
"https://www.marqly.com/bookmark-manager-for-edge","deu","6","0","0","9"
"https://www.marqly.com/bookmark-manager-for-edge","dnk","2","0","0","8.5"
"https://www.marqly.com/bookmark-manager-for-edge","esp","2","0","0","9"
"https://www.marqly.com/bookmark-manager-for-edge","fin","1","0","0","11"
"https://www.marqly.com/bookmark-manager-for-edge","fra","1","0","0","35"
"https://www.marqly.com/bookmark-manager-for-edge","gbr","29","0","0","10.241379310344827"
"https://www.marqly.com/bookmark-manager-for-edge","grc","2","0","0","9.5"
"https://www.marqly.com/bookmark-manager-for-edge","hkg","5","0","0","6.4"
"https://www.marqly.com/bookmark-manager-for-edge","hrv","1","0","0","6"
"https://www.marqly.com/bookmark-manager-for-edge","hun","2","0","0","9"
"https://www.marqly.com/bookmark-manager-for-edge","idn","2","0","0","43"
"https://www.marqly.com/bookmark-manager-for-edge","ind","21","0","0","10.714285714285714"
"https://www.marqly.com/bookmark-manager-for-edge","irl","2","0","0","6.5"
"https://www.marqly.com/bookmark-manager-for-edge","irn","3","0","0","12"
"https://www.marqly.com/bookmark-manager-for-edge","isr","4","0","0","7.5"
"https://www.marqly.com/bookmark-manager-for-edge","ita","2","0","0","9.5"
"https://www.marqly.com/bookmark-manager-for-edge","jpn","1","0","0","5"
"https://www.marqly.com/bookmark-manager-for-edge","kor","1","0","0","3"
"https://www.marqly.com/bookmark-manager-for-edge","lbn","3","0","0","7.333333333333333"
"https://www.marqly.com/bookmark-manager-for-edge","lux","1","0","0","7"
"https://www.marqly.com/bookmark-manager-for-edge","mar","1","0","0","5"
"https://www.marqly.com/bookmark-manager-for-edge","mkd","1","0","0","7"
"https://www.marqly.com/bookmark-manager-for-edge","mys","3","0","0","10"
"https://www.marqly.com/bookmark-manager-for-edge","nld","7","0","0","8.285714285714285"
"https://www.marqly.com/bookmark-manager-for-edge","nor","2","0","0","7"
"https://www.marqly.com/bookmark-manager-for-edge","nzl","4","0","0","9.5"
"https://www.marqly.com/bookmark-manager-for-edge","pak","1","0","0","11"
"https://www.marqly.com/bookmark-manager-for-edge","pan","1","0","0","46"
"https://www.marqly.com/bookmark-manager-for-edge","per","1","0","0","7"
"https://www.marqly.com/bookmark-manager-for-edge","phl","7","0","0","31"
"https://www.marqly.com/bookmark-manager-for-edge","prt","2","0","0","8"
"https://www.marqly.com/bookmark-manager-for-edge","rus","1","0","0","9"
"https://www.marqly.com/bookmark-manager-for-edge","sgp","3","0","0","8"
"https://www.marqly.com/bookmark-manager-for-edge","swe","2","0","0","8.5"
"https://www.marqly.com/bookmark-manager-for-edge","tha","1","0","0","8"
"https://www.marqly.com/bookmark-manager-for-edge","twn","1","0","0","10"
"https://www.marqly.com/bookmark-manager-for-edge","usa","146","0","0","24.28767123287671"
"https://www.marqly.com/bookmark-manager-for-edge","vnm","1","0","0","51"
"https://www.marqly.com/bookmark-manager-for-firefox","alb","1","0","0","9"
"https://www.marqly.com/bookmark-manager-for-firefox","aus","13","0","0","10.076923076923077"
"https://www.marqly.com/bookmark-manager-for-firefox","bel","4","0","0","9.5"
"https://www.marqly.com/bookmark-manager-for-firefox","bgd","1","0","0","9"
"https://www.marqly.com/bookmark-manager-for-firefox","bgr","1","0","0","9"
"https://www.marqly.com/bookmark-manager-for-firefox","bra","1","0","0","2"
"https://www.marqly.com/bookmark-manager-for-firefox","can","9","0","0","10.666666666666666"
"https://www.marqly.com/bookmark-manager-for-firefox","che","2","0","0","11"
"https://www.marqly.com/bookmark-manager-for-firefox","chl","2","0","0","10"
"https://www.marqly.com/bookmark-manager-for-firefox","cze","1","0","0","16"
"https://www.marqly.com/bookmark-manager-for-firefox","deu","6","0","0","12"
"https://www.marqly.com/bookmark-manager-for-firefox","dnk","2","0","0","9.5"
"https://www.marqly.com/bookmark-manager-for-firefox","dza","1","0","0","7"
"https://www.marqly.com/bookmark-manager-for-firefox","est","1","0","0","10"
"https://www.marqly.com/bookmark-manager-for-firefox","fin","1","0","0","9"
"https://www.marqly.com/bookmark-manager-for-firefox","fra","39","0","0","9.538461538461538"
"https://www.marqly.com/bookmark-manager-for-firefox","grc","1","0","0","8"
"https://www.marqly.com/bookmark-manager-for-firefox","hrv","1","0","0","6"
"https://www.marqly.com/bookmark-manager-for-firefox","hun","2","0","0","9"
"https://www.marqly.com/bookmark-manager-for-firefox","ind","2","0","0","12.5"
"https://www.marqly.com/bookmark-manager-for-firefox","irn","1","0","0","7"
"https://www.marqly.com/bookmark-manager-for-firefox","isl","1","0","0","8"
"https://www.marqly.com/bookmark-manager-for-firefox","isr","1","0","0","10"
"https://www.marqly.com/bookmark-manager-for-firefox","ita","9","0","0","8.555555555555555"
"https://www.marqly.com/bookmark-manager-for-firefox","jor","1","0","0","9"
"https://www.marqly.com/bookmark-manager-for-firefox","jpn","1","0","0","8"
"https://www.marqly.com/bookmark-manager-for-firefox","khm","1","0","0","11"
"https://www.marqly.com/bookmark-manager-for-firefox","lao","1","0","0","10"
"https://www.marqly.com/bookmark-manager-for-firefox","mac","1","0","0","9"
"https://www.marqly.com/bookmark-manager-for-firefox","mar","1","0","0","10"
"https://www.marqly.com/bookmark-manager-for-firefox","mex","5","0","0","9"
"https://www.marqly.com/bookmark-manager-for-firefox","mys","1","0","0","11"
"https://www.marqly.com/bookmark-manager-for-firefox","nga","1","0","0","8"
"https://www.marqly.com/bookmark-manager-for-firefox","nld","6","0","0","9"
"https://www.marqly.com/bookmark-manager-for-firefox","nzl","3","0","0","11"
"https://www.marqly.com/bookmark-manager-for-firefox","pak","1","0","0","11"
"https://www.marqly.com/bookmark-manager-for-firefox","phl","4","0","0","9.25"
"https://www.marqly.com/bookmark-manager-for-firefox","pol","3","0","0","8"
"https://www.marqly.com/bookmark-manager-for-firefox","prt","4","0","0","8.75"
"https://www.marqly.com/bookmark-manager-for-firefox","rou","1","0","0","10"
"https://www.marqly.com/bookmark-manager-for-firefox","rus","4","0","0","9.25"
"https://www.marqly.com/bookmark-manager-for-firefox","sau","1","0","0","9"
"https://www.marqly.com/bookmark-manager-for-firefox","sgp","2","0","0","11"
"https://www.marqly.com/bookmark-manager-for-firefox","srb","1","0","0","8"
"https://www.marqly.com/bookmark-manager-for-firefox","swe","3","0","0","8.333333333333332"
"https://www.marqly.com/bookmark-manager-for-firefox","tha","1","0","0","9"
"https://www.marqly.com/bookmark-manager-for-firefox","tun","1","0","0","11"
"https://www.marqly.com/bookmark-manager-for-firefox","twn","3","0","0","11.666666666666666"
"https://www.marqly.com/bookmark-manager-for-firefox","ukr","1","0","0","9"
"https://www.marqly.com/bookmark-manager-for-firefox","usa","83","0","0","12.289156626506024"
"https://www.marqly.com/bookmark-manager-for-firefox","ven","1","0","0","11"
"https://www.marqly.com/bookmark-manager-for-firefox","zaf","1","0","0","9"
"https://www.marqly.com/bookmark-manager-for-iphone","are","1","0","0","1"
"https://www.marqly.com/bookmark-manager-for-iphone","can","4","0","0","15.25"
"https://www.marqly.com/bookmark-manager-for-iphone","deu","3","0","0","10.333333333333334"
"https://www.marqly.com/bookmark-manager-for-iphone","gbr","4","0","0","29.5"
"https://www.marqly.com/bookmark-manager-for-iphone","ind","2","0","0","84.5"
"https://www.marqly.com/bookmark-manager-for-iphone","isr","1","0","0","1"
"https://www.marqly.com/bookmark-manager-for-iphone","lka","1","0","0","6"
"https://www.marqly.com/bookmark-manager-for-iphone","phl","1","0","0","54"
"https://www.marqly.com/bookmark-manager-for-iphone","tur","1","0","0","1"
"https://www.marqly.com/bookmark-manager-for-iphone","usa","5","0","0","53.6"
"https://www.marqly.com/bookmark-manager-for-safari","arg","1","0","0","9"
"https://www.marqly.com/bookmark-manager-for-safari","aus","7","0","0","9.857142857142858"
"https://www.marqly.com/bookmark-manager-for-safari","aze","1","0","0","9"
"https://www.marqly.com/bookmark-manager-for-safari","bra","1","0","0","10"
"https://www.marqly.com/bookmark-manager-for-safari","can","2","0","0","25.5"
"https://www.marqly.com/bookmark-manager-for-safari","che","1","0","0","11"
"https://www.marqly.com/bookmark-manager-for-safari","deu","8","0","0","10.625"
"https://www.marqly.com/bookmark-manager-for-safari","dnk","2","0","0","9.5"
"https://www.marqly.com/bookmark-manager-for-safari","esp","20","0","0","11.35"
"https://www.marqly.com/bookmark-manager-for-safari","est","2","0","0","9"
"https://www.marqly.com/bookmark-manager-for-safari","fra","2","0","0","5"
"https://www.marqly.com/bookmark-manager-for-safari","gbr","7","0","0","15.428571428571429"
"https://www.marqly.com/bookmark-manager-for-safari","grc","1","0","0","7"
"https://www.marqly.com/bookmark-manager-for-safari","ind","1","0","0","10"
"https://www.marqly.com/bookmark-manager-for-safari","irl","1","0","0","8"
"https://www.marqly.com/bookmark-manager-for-safari","ita","1","0","0","3"
"https://www.marqly.com/bookmark-manager-for-safari","jpn","4","0","0","5.75"
"https://www.marqly.com/bookmark-manager-for-safari","kwt","1","0","0","1"
"https://www.marqly.com/bookmark-manager-for-safari","nld","37","0","0","12.297297297297296"
"https://www.marqly.com/bookmark-manager-for-safari","pak","1","0","0","4"
"https://www.marqly.com/bookmark-manager-for-safari","pol","1","0","0","7"
"https://www.marqly.com/bookmark-manager-for-safari","rou","1","0","0","10"
"https://www.marqly.com/bookmark-manager-for-safari","sgp","1","0","0","11"
"https://www.marqly.com/bookmark-manager-for-safari","srb","1","0","0","11"
"https://www.marqly.com/bookmark-manager-for-safari","swe","1","0","0","8"
"https://www.marqly.com/bookmark-manager-for-safari","tha","1","0","0","11"
"https://www.marqly.com/bookmark-manager-for-safari","ukr","1","0","0","11"
"https://www.marqly.com/bookmark-manager-for-safari","usa","60","0","0","21.65"
"https://www.marqly.com/bookmark-manager-for-safari","vnm","1","0","0","9"
"https://www.marqly.com/bookmark-organizer","are","1","0","0","6"
"https://www.marqly.com/bookmark-organizer","bgd","1","0","0","1"
"https://www.marqly.com/bookmark-organizer","bra","1","0","0","1"
"https://www.marqly.com/bookmark-organizer","can","1","0","0","1"
"https://www.marqly.com/bookmark-organizer","chn","1","0","0","1"
"https://www.marqly.com/bookmark-organizer","deu","8","0","0","2.25"
"https://www.marqly.com/bookmark-organizer","dnk","1","0","0","51"
"https://www.marqly.com/bookmark-organizer","dza","1","0","0","60"
"https://www.marqly.com/bookmark-organizer","egy","1","0","0","14"
"https://www.marqly.com/bookmark-organizer","esp","1","0","0","37"
"https://www.marqly.com/bookmark-organizer","fra","1","0","0","1"
"https://www.marqly.com/bookmark-organizer","gbr","4","0","0","43.75"
"https://www.marqly.com/bookmark-organizer","hkg","1","0","0","3"
"https://www.marqly.com/bookmark-organizer","idn","2","0","0","51.5"
"https://www.marqly.com/bookmark-organizer","ind","5","0","0","16.6"
"https://www.marqly.com/bookmark-organizer","irn","1","0","0","1"
"https://www.marqly.com/bookmark-organizer","jpn","1","0","0","25"
"https://www.marqly.com/bookmark-organizer","mex","1","0","0","5"
"https://www.marqly.com/bookmark-organizer","nld","41","0","0","41.170731707317074"
"https://www.marqly.com/bookmark-organizer","phl","3","0","0","48.666666666666664"
"https://www.marqly.com/bookmark-organizer","sgp","1","0","0","1"
"https://www.marqly.com/bookmark-organizer","swe","1","0","0","36"
"https://www.marqly.com/bookmark-organizer","tun","1","0","0","1"
"https://www.marqly.com/bookmark-organizer","tur","1","0","0","57"
"https://www.marqly.com/bookmark-organizer","vnm","1","0","0","71"
"https://www.marqly.com/bookmark-sync","arg","1","0","0","20"
"https://www.marqly.com/bookmark-sync","aus","3","0","0","28"
"https://www.marqly.com/bookmark-sync","aut","1","0","0","15"
"https://www.marqly.com/bookmark-sync","bgd","1","0","0","17"
"https://www.marqly.com/bookmark-sync","bol","1","0","0","38"
"https://www.marqly.com/bookmark-sync","bra","1","0","0","28"
"https://www.marqly.com/bookmark-sync","can","18","0","0","41.5"
"https://www.marqly.com/bookmark-sync","che","1","0","0","13"
"https://www.marqly.com/bookmark-sync","chn","1","0","0","16"
"https://www.marqly.com/bookmark-sync","col","1","0","0","28"
"https://www.marqly.com/bookmark-sync","deu","5","0","0","15.2"
"https://www.marqly.com/bookmark-sync","ecu","1","0","0","19"
"https://www.marqly.com/bookmark-sync","egy","3","0","0","23.333333333333332"
"https://www.marqly.com/bookmark-sync","fra","4","0","0","25"
"https://www.marqly.com/bookmark-sync","gbr","20","0","0","30.55"
"https://www.marqly.com/bookmark-sync","geo","1","0","0","16"
"https://www.marqly.com/bookmark-sync","idn","1","0","0","13"
"https://www.marqly.com/bookmark-sync","ind","12","0","0","29.666666666666668"
"https://www.marqly.com/bookmark-sync","irl","1","0","0","16"
"https://www.marqly.com/bookmark-sync","irn","1","0","0","14"
"https://www.marqly.com/bookmark-sync","isr","2","0","0","10"
"https://www.marqly.com/bookmark-sync","ita","1","0","0","14"
"https://www.marqly.com/bookmark-sync","jor","1","0","0","26"
"https://www.marqly.com/bookmark-sync","jpn","5","0","0","14.2"
"https://www.marqly.com/bookmark-sync","ken","1","0","0","11"
"https://www.marqly.com/bookmark-sync","lva","1","0","0","1"
"https://www.marqly.com/bookmark-sync","mar","1","0","0","76"
"https://www.marqly.com/bookmark-sync","mex","1","0","0","22"
"https://www.marqly.com/bookmark-sync","mlt","2","0","0","10"
"https://www.marqly.com/bookmark-sync","moz","1","0","0","4"
"https://www.marqly.com/bookmark-sync","nld","103","0","0","33.9126213592233"
"https://www.marqly.com/bookmark-sync","nor","1","0","0","6"
"https://www.marqly.com/bookmark-sync","pak","2","0","0","21.5"
"https://www.marqly.com/bookmark-sync","phl","5","0","0","30.2"
"https://www.marqly.com/bookmark-sync","pol","1","0","0","1"
"https://www.marqly.com/bookmark-sync","rus","13","0","0","23.615384615384617"
"https://www.marqly.com/bookmark-sync","sau","2","0","0","29.5"
"https://www.marqly.com/bookmark-sync","tto","1","0","0","8"
"https://www.marqly.com/bookmark-sync","tur","2","0","0","17.5"
"https://www.marqly.com/bookmark-sync","twn","1","0","0","10"
"https://www.marqly.com/bookmark-sync","uga","1","0","0","1"
"https://www.marqly.com/bookmark-sync","ukr","2","0","0","32.5"
"https://www.marqly.com/bookmark-sync","usa","236","0","0","40.190677966101696"
"https://www.marqly.com/bookmark-sync","vnm","5","0","0","9.2"
"https://www.marqly.com/clipboard-history","aus","1","0","0","17"
"https://www.marqly.com/clipboard-history","can","1","0","0","20"
"https://www.marqly.com/clipboard-history","gbr","1","0","0","17"
"https://www.marqly.com/clipboard-history","hkg","1","0","0","9"
"https://www.marqly.com/clipboard-history","idn","1","0","0","11"
"https://www.marqly.com/clipboard-history","isr","3","0","0","22.333333333333332"
"https://www.marqly.com/clipboard-history","usa","41","0","0","20.463414634146343"
"https://www.marqly.com/clipboard-history","vnm","1","0","0","9"
"https://www.marqly.com/compare","aus","2","0","0","60.5"
"https://www.marqly.com/compare","aut","1","0","0","13"
"https://www.marqly.com/compare","bel","1","0","0","8"
"https://www.marqly.com/compare","bgd","2","0","0","60"
"https://www.marqly.com/compare","bgr","1","0","0","17"
"https://www.marqly.com/compare","can","1","0","0","13"
"https://www.marqly.com/compare","che","1","0","0","45"
"https://www.marqly.com/compare","deu","8","0","0","8.25"
"https://www.marqly.com/compare","dnk","1","0","0","9"
"https://www.marqly.com/compare","dza","1","0","0","60"
"https://www.marqly.com/compare","esp","81","0","0","65.88888888888889"
"https://www.marqly.com/compare","fin","1","0","0","12"
"https://www.marqly.com/compare","fra","1","0","0","73"
"https://www.marqly.com/compare","gbr","15","0","0","35.2"
"https://www.marqly.com/compare","idn","5","0","0","52"
"https://www.marqly.com/compare","ind","7","0","0","60.57142857142857"
"https://www.marqly.com/compare","mar","1","0","0","10"
"https://www.marqly.com/compare","nld","218","0","0","64.03669724770643"
"https://www.marqly.com/compare","omn","1","0","0","9"
"https://www.marqly.com/compare","pak","1","0","0","49"
"https://www.marqly.com/compare","pan","1","0","0","71"
"https://www.marqly.com/compare","phl","3","0","0","78.33333333333333"
"https://www.marqly.com/compare","pol","1","0","0","44"
"https://www.marqly.com/compare","rus","1","0","0","64"
"https://www.marqly.com/compare","sau","2","0","0","54"
"https://www.marqly.com/compare","swe","1","0","0","46"
"https://www.marqly.com/compare","tur","4","0","0","56"
"https://www.marqly.com/compare","ukr","2","0","0","49"
"https://www.marqly.com/compare","usa","706","0","0","64.91643059490085"
"https://www.marqly.com/compare","vnm","2","0","0","68"
"https://www.marqly.com/compare/evernote-web-clipper-vs-notion-web-clipper","usa","10","0","0","8.3"
"https://www.marqly.com/compare/evernote-web-clipper-vs-obsidian-web-clipper","cym","1","0","0","5"
"https://www.marqly.com/compare/evernote-web-clipper-vs-obsidian-web-clipper","twn","1","0","0","24"
"https://www.marqly.com/compare/evernote-web-clipper-vs-obsidian-web-clipper","usa","4","0","0","14.25"
"https://www.marqly.com/compare/evernote-web-clipper-vs-obsidian-web-clipper","vnm","1","0","0","26"
"https://www.marqly.com/compare/instapaper-vs-matter","alb","1","0","0","5"
"https://www.marqly.com/compare/instapaper-vs-matter","are","1","0","0","3"
"https://www.marqly.com/compare/instapaper-vs-matter","aus","1","0","0","1"
"https://www.marqly.com/compare/instapaper-vs-matter","bra","1","0","0","3"
"https://www.marqly.com/compare/instapaper-vs-matter","can","1","0","0","5"
"https://www.marqly.com/compare/instapaper-vs-matter","cze","1","0","0","1"
"https://www.marqly.com/compare/instapaper-vs-matter","deu","1","0","0","4"
"https://www.marqly.com/compare/instapaper-vs-matter","esp","1","0","0","1"
"https://www.marqly.com/compare/instapaper-vs-matter","fra","1","0","0","1"
"https://www.marqly.com/compare/instapaper-vs-matter","gbr","2","0","0","2.5"
"https://www.marqly.com/compare/instapaper-vs-matter","ind","1","0","0","6"
"https://www.marqly.com/compare/instapaper-vs-matter","ita","1","0","0","3"
"https://www.marqly.com/compare/instapaper-vs-matter","jpn","1","0","0","1"
"https://www.marqly.com/compare/instapaper-vs-matter","nor","1","0","0","10"
"https://www.marqly.com/compare/instapaper-vs-matter","phl","1","0","0","8"
"https://www.marqly.com/compare/instapaper-vs-matter","pol","1","0","0","5"
"https://www.marqly.com/compare/instapaper-vs-matter","sgp","1","0","0","1"
"https://www.marqly.com/compare/instapaper-vs-matter","twn","1","0","0","1"
"https://www.marqly.com/compare/instapaper-vs-notion-web-clipper","gbr","3","0","0","10"
"https://www.marqly.com/compare/instapaper-vs-notion-web-clipper","usa","5","0","0","11.4"
"https://www.marqly.com/compare/instapaper-vs-omnivore","usa","2","0","0","2.5"
"https://www.marqly.com/compare/instapaper-vs-readwise-reader","aus","2","0","0","7"
"https://www.marqly.com/compare/instapaper-vs-readwise-reader","aut","2","0","0","6.5"
"https://www.marqly.com/compare/instapaper-vs-readwise-reader","bra","1","0","0","8"
"https://www.marqly.com/compare/instapaper-vs-readwise-reader","can","5","0","0","5.6"
"https://www.marqly.com/compare/instapaper-vs-readwise-reader","che","1","0","0","6"
"https://www.marqly.com/compare/instapaper-vs-readwise-reader","deu","6","0","0","6.166666666666667"
"https://www.marqly.com/compare/instapaper-vs-readwise-reader","esp","5","0","0","6.4"
"https://www.marqly.com/compare/instapaper-vs-readwise-reader","fin","2","0","0","8"
"https://www.marqly.com/compare/instapaper-vs-readwise-reader","fra","1","0","0","4"
"https://www.marqly.com/compare/instapaper-vs-readwise-reader","gbr","5","0","0","6.8"
"https://www.marqly.com/compare/instapaper-vs-readwise-reader","ind","2","0","0","8"
"https://www.marqly.com/compare/instapaper-vs-readwise-reader","ita","2","0","0","8.5"
"https://www.marqly.com/compare/instapaper-vs-readwise-reader","kgz","1","0","0","7"
"https://www.marqly.com/compare/instapaper-vs-readwise-reader","nld","1","0","0","5"
"https://www.marqly.com/compare/instapaper-vs-readwise-reader","nor","2","0","0","3.5"
"https://www.marqly.com/compare/instapaper-vs-readwise-reader","per","1","0","0","4"
"https://www.marqly.com/compare/instapaper-vs-readwise-reader","pol","1","0","0","8"
"https://www.marqly.com/compare/instapaper-vs-readwise-reader","prt","1","0","0","8"
"https://www.marqly.com/compare/instapaper-vs-readwise-reader","rou","1","0","0","7"
"https://www.marqly.com/compare/instapaper-vs-readwise-reader","rus","1","0","0","6"
"https://www.marqly.com/compare/instapaper-vs-readwise-reader","swe","1","0","0","4"
"https://www.marqly.com/compare/instapaper-vs-readwise-reader","twn","1","0","0","6"
"https://www.marqly.com/compare/instapaper-vs-readwise-reader","usa","40","0","0","8.675"
"https://www.marqly.com/compare/instapaper-vs-readwise-reader","vnm","1","0","0","6"
"https://www.marqly.com/compare/instapaper-vs-wallabag","deu","2","0","0","20"
"https://www.marqly.com/compare/instapaper-vs-wallabag","esp","2","0","0","3"
"https://www.marqly.com/compare/instapaper-vs-wallabag","gbr","1","0","0","3"
"https://www.marqly.com/compare/instapaper-vs-wallabag","prt","1","0","0","3"
"https://www.marqly.com/compare/instapaper-vs-wallabag","usa","2","0","0","3"
"https://www.marqly.com/compare/karakeep-vs-anybox","egy","1","0","0","4"
"https://www.marqly.com/compare/karakeep-vs-anybox","usa","1","0","0","25"
"https://www.marqly.com/compare/karakeep-vs-mymind","jpn","1","0","0","10"
"https://www.marqly.com/compare/linkwarden-vs-karakeep","are","1","0","0","8"
"https://www.marqly.com/compare/linkwarden-vs-karakeep","arg","3","0","0","7.333333333333333"
"https://www.marqly.com/compare/linkwarden-vs-karakeep","aut","20","0","0","4.8"
"https://www.marqly.com/compare/linkwarden-vs-karakeep","bel","6","0","0","7.166666666666667"
"https://www.marqly.com/compare/linkwarden-vs-karakeep","bgd","2","0","0","6"
"https://www.marqly.com/compare/linkwarden-vs-karakeep","bgr","3","0","0","5.666666666666667"
"https://www.marqly.com/compare/linkwarden-vs-karakeep","blr","1","0","0","7"
"https://www.marqly.com/compare/linkwarden-vs-karakeep","bra","17","0","0","4.882352941176471"
"https://www.marqly.com/compare/linkwarden-vs-karakeep","brn","4","0","0","5.25"
"https://www.marqly.com/compare/linkwarden-vs-karakeep","can","53","0","0","3.7735849056603774"
"https://www.marqly.com/compare/linkwarden-vs-karakeep","che","17","0","0","4.9411764705882355"
"https://www.marqly.com/compare/linkwarden-vs-karakeep","chl","1","0","0","2"
"https://www.marqly.com/compare/linkwarden-vs-karakeep","col","4","0","0","4.25"
"https://www.marqly.com/compare/linkwarden-vs-karakeep","cym","1","0","0","6"
"https://www.marqly.com/compare/linkwarden-vs-karakeep","cyp","1","0","0","6"
"https://www.marqly.com/compare/linkwarden-vs-karakeep","cze","5","0","0","4.4"
"https://www.marqly.com/compare/linkwarden-vs-karakeep","dnk","6","0","0","5"
"https://www.marqly.com/compare/linkwarden-vs-karakeep","esp","12","0","0","5"
"https://www.marqly.com/compare/linkwarden-vs-karakeep","fin","7","0","0","5"
"https://www.marqly.com/compare/linkwarden-vs-karakeep","fra","23","0","0","5.869565217391305"
"https://www.marqly.com/compare/linkwarden-vs-karakeep","gbr","27","0","0","5.777777777777778"
"https://www.marqly.com/compare/linkwarden-vs-karakeep","grc","7","0","0","4.857142857142858"
"https://www.marqly.com/compare/linkwarden-vs-karakeep","hkg","10","0","0","3.9"
"https://www.marqly.com/compare/linkwarden-vs-karakeep","hrv","1","0","0","6"
"https://www.marqly.com/compare/linkwarden-vs-karakeep","hun","3","0","0","7.333333333333333"
"https://www.marqly.com/compare/linkwarden-vs-karakeep","idn","9","0","0","4.111111111111111"
"https://www.marqly.com/compare/linkwarden-vs-karakeep","irq","1","0","0","8"
"https://www.marqly.com/compare/linkwarden-vs-karakeep","isr","4","0","0","5.25"
"https://www.marqly.com/compare/linkwarden-vs-karakeep","ita","18","0","0","5.833333333333333"
"https://www.marqly.com/compare/linkwarden-vs-karakeep","jpn","11","0","0","4.454545454545455"
"https://www.marqly.com/compare/linkwarden-vs-karakeep","kaz","1","0","0","7"
"https://www.marqly.com/compare/linkwarden-vs-karakeep","kor","6","0","0","3.3333333333333335"
"https://www.marqly.com/compare/linkwarden-vs-karakeep","lie","1","0","0","2"
"https://www.marqly.com/compare/linkwarden-vs-karakeep","lka","1","0","0","5"
"https://www.marqly.com/compare/linkwarden-vs-karakeep","mar","1","0","0","4"
"https://www.marqly.com/compare/linkwarden-vs-karakeep","mda","1","0","0","6"
"https://www.marqly.com/compare/linkwarden-vs-karakeep","mex","1","0","0","5"
"https://www.marqly.com/compare/linkwarden-vs-karakeep","mys","7","0","0","4"
"https://www.marqly.com/compare/linkwarden-vs-karakeep","nld","28","0","0","5.535714285714286"
"https://www.marqly.com/compare/linkwarden-vs-karakeep","nor","13","0","0","5.923076923076923"
"https://www.marqly.com/compare/linkwarden-vs-karakeep","nzl","3","0","0","6"
"https://www.marqly.com/compare/linkwarden-vs-karakeep","pak","1","0","0","4"
"https://www.marqly.com/compare/linkwarden-vs-karakeep","pan","1","0","0","9"
"https://www.marqly.com/compare/linkwarden-vs-karakeep","phl","4","0","0","5.75"
"https://www.marqly.com/compare/linkwarden-vs-karakeep","rou","4","0","0","7"
"https://www.marqly.com/compare/linkwarden-vs-karakeep","rus","12","0","0","6"
"https://www.marqly.com/compare/linkwarden-vs-karakeep","sau","1","0","0","4"
"https://www.marqly.com/compare/linkwarden-vs-karakeep","sgp","6","0","0","4.5"
"https://www.marqly.com/compare/linkwarden-vs-karakeep","srb","1","0","0","5"
"https://www.marqly.com/compare/linkwarden-vs-karakeep","svk","4","0","0","5"
"https://www.marqly.com/compare/linkwarden-vs-karakeep","svn","5","0","0","5.4"
"https://www.marqly.com/compare/linkwarden-vs-karakeep","swe","20","0","0","4.7"
"https://www.marqly.com/compare/linkwarden-vs-karakeep","tha","7","0","0","4.428571428571429"
"https://www.marqly.com/compare/linkwarden-vs-karakeep","tur","5","0","0","4.8"
"https://www.marqly.com/compare/linkwarden-vs-karakeep","twn","7","0","0","5.142857142857143"
"https://www.marqly.com/compare/linkwarden-vs-karakeep","tza","1","0","0","6"
"https://www.marqly.com/compare/linkwarden-vs-karakeep","ukr","2","0","0","3.5"
"https://www.marqly.com/compare/linkwarden-vs-karakeep","ury","1","0","0","5"
"https://www.marqly.com/compare/linkwarden-vs-karakeep","vnm","4","0","0","5.75"
"https://www.marqly.com/compare/linkwarden-vs-karakeep","zaf","6","0","0","7.333333333333333"
"https://www.marqly.com/compare/linkwarden-vs-obsidian-web-clipper","aus","1","0","0","5"
"https://www.marqly.com/compare/linkwarden-vs-obsidian-web-clipper","bel","1","0","0","6"
"https://www.marqly.com/compare/linkwarden-vs-obsidian-web-clipper","can","1","0","0","7"
"https://www.marqly.com/compare/linkwarden-vs-obsidian-web-clipper","deu","7","0","0","7.571428571428571"
"https://www.marqly.com/compare/linkwarden-vs-obsidian-web-clipper","fra","1","0","0","6"
"https://www.marqly.com/compare/linkwarden-vs-obsidian-web-clipper","gbr","6","0","0","6.166666666666667"
"https://www.marqly.com/compare/linkwarden-vs-obsidian-web-clipper","kor","1","0","0","3"
"https://www.marqly.com/compare/linkwarden-vs-obsidian-web-clipper","rus","1","0","0","4"
"https://www.marqly.com/compare/linkwarden-vs-obsidian-web-clipper","usa","13","0","0","6.6923076923076925"
"https://www.marqly.com/compare/marqly-vs-anybox","egy","1","0","0","1"
"https://www.marqly.com/compare/marqly-vs-anybox","ind","1","0","0","7"
"https://www.marqly.com/compare/marqly-vs-anybox","isr","1","0","0","14"
"https://www.marqly.com/compare/marqly-vs-anybox","nld","1","0","0","19"
"https://www.marqly.com/compare/marqly-vs-anybox","usa","1","0","0","1"
"https://www.marqly.com/compare/marqly-vs-diigo","bgd","1","0","0","33"
"https://www.marqly.com/compare/marqly-vs-diigo","can","2","0","0","4.5"
"https://www.marqly.com/compare/marqly-vs-diigo","dza","2","0","0","17"
"https://www.marqly.com/compare/marqly-vs-diigo","egy","12","0","0","13.25"
"https://www.marqly.com/compare/marqly-vs-diigo","fra","1","0","0","7"
"https://www.marqly.com/compare/marqly-vs-diigo","ind","3","0","0","28.666666666666668"
"https://www.marqly.com/compare/marqly-vs-diigo","irq","1","0","0","20"
"https://www.marqly.com/compare/marqly-vs-diigo","ken","1","0","0","1"
"https://www.marqly.com/compare/marqly-vs-diigo","lbn","1","0","0","11"
"https://www.marqly.com/compare/marqly-vs-diigo","mar","1","0","0","7"
"https://www.marqly.com/compare/marqly-vs-diigo","mex","2","0","0","27"
"https://www.marqly.com/compare/marqly-vs-diigo","nld","1","0","0","1"
"https://www.marqly.com/compare/marqly-vs-diigo","phl","1","0","0","64"
"https://www.marqly.com/compare/marqly-vs-diigo","pse","1","0","0","11"
"https://www.marqly.com/compare/marqly-vs-diigo","rus","5","0","0","4.2"
"https://www.marqly.com/compare/marqly-vs-diigo","sau","1","0","0","56"
"https://www.marqly.com/compare/marqly-vs-diigo","srb","1","0","0","2"
"https://www.marqly.com/compare/marqly-vs-diigo","tur","1","0","0","58"
"https://www.marqly.com/compare/marqly-vs-diigo","usa","20","0","0","29.95"
"https://www.marqly.com/compare/marqly-vs-evernote-web-clipper","can","1","0","0","43"
"https://www.marqly.com/compare/marqly-vs-glasp","dnk","1","0","0","11"
"https://www.marqly.com/compare/marqly-vs-glasp","gbr","1","0","0","9"
"https://www.marqly.com/compare/marqly-vs-glasp","jpn","3","0","0","4.666666666666666"
"https://www.marqly.com/compare/marqly-vs-glasp","lka","1","0","0","2"
"https://www.marqly.com/compare/marqly-vs-glasp","phl","1","0","0","6"
"https://www.marqly.com/compare/marqly-vs-glasp","sgp","1","0","0","10"
"https://www.marqly.com/compare/marqly-vs-glasp","usa","1","0","0","19"
"https://www.marqly.com/compare/marqly-vs-goodlinks","are","1","0","0","6"
"https://www.marqly.com/compare/marqly-vs-goodlinks","deu","1","0","0","10"
"https://www.marqly.com/compare/marqly-vs-goodlinks","gbr","2","0","0","11"
"https://www.marqly.com/compare/marqly-vs-goodlinks","grc","1","0","0","8"
"https://www.marqly.com/compare/marqly-vs-goodlinks","ind","3","0","0","32.33333333333333"
"https://www.marqly.com/compare/marqly-vs-goodlinks","nld","1","0","0","8"
"https://www.marqly.com/compare/marqly-vs-goodlinks","per","1","0","0","61"
"https://www.marqly.com/compare/marqly-vs-goodlinks","pol","1","0","0","1"
"https://www.marqly.com/compare/marqly-vs-goodlinks","pyf","1","0","0","1"
"https://www.marqly.com/compare/marqly-vs-goodlinks","sgp","4","0","0","9.25"
"https://www.marqly.com/compare/marqly-vs-goodlinks","usa","7","0","0","19.285714285714285"
"https://www.marqly.com/compare/marqly-vs-instapaper","can","1","0","0","39"
"https://www.marqly.com/compare/marqly-vs-karakeep","can","2","0","0","14"
"https://www.marqly.com/compare/marqly-vs-karakeep","fra","1","0","0","1"
"https://www.marqly.com/compare/marqly-vs-karakeep","sgp","1","0","0","8"
"https://www.marqly.com/compare/marqly-vs-karakeep","usa","1","0","0","8"
"https://www.marqly.com/compare/marqly-vs-liner","are","1","0","0","8"
"https://www.marqly.com/compare/marqly-vs-liner","bra","1","0","0","41"
"https://www.marqly.com/compare/marqly-vs-liner","esp","1","0","0","9"
"https://www.marqly.com/compare/marqly-vs-liner","gbr","1","0","0","49"
"https://www.marqly.com/compare/marqly-vs-liner","jpn","1","0","0","5"
"https://www.marqly.com/compare/marqly-vs-liner","nga","2","0","0","8"
"https://www.marqly.com/compare/marqly-vs-liner","nld","1","0","0","10"
"https://www.marqly.com/compare/marqly-vs-liner","usa","2","0","0","74"
"https://www.marqly.com/compare/marqly-vs-linkwarden","can","1","0","0","4"
"https://www.marqly.com/compare/marqly-vs-linkwarden","usa","3","0","0","1"
"https://www.marqly.com/compare/marqly-vs-matter","bra","13","0","0","7.384615384615385"
"https://www.marqly.com/compare/marqly-vs-matter","can","1","0","0","28"
"https://www.marqly.com/compare/marqly-vs-matter","chl","1","0","0","7"
"https://www.marqly.com/compare/marqly-vs-matter","deu","2","0","0","9"
"https://www.marqly.com/compare/marqly-vs-matter","ecu","2","0","0","9.5"
"https://www.marqly.com/compare/marqly-vs-matter","fra","1","0","0","11"
"https://www.marqly.com/compare/marqly-vs-matter","gbr","2","0","0","49"
"https://www.marqly.com/compare/marqly-vs-matter","grc","1","0","0","1"
"https://www.marqly.com/compare/marqly-vs-matter","ind","1","0","0","10"
"https://www.marqly.com/compare/marqly-vs-matter","ita","1","0","0","10"
"https://www.marqly.com/compare/marqly-vs-matter","mex","2","0","0","9"
"https://www.marqly.com/compare/marqly-vs-matter","nga","1","0","0","10"
"https://www.marqly.com/compare/marqly-vs-matter","pak","1","0","0","6"
"https://www.marqly.com/compare/marqly-vs-matter","per","2","0","0","8"
"https://www.marqly.com/compare/marqly-vs-matter","rus","2","0","0","5"
"https://www.marqly.com/compare/marqly-vs-matter","twn","2","0","0","4.5"
"https://www.marqly.com/compare/marqly-vs-matter","usa","5","0","0","56"
"https://www.marqly.com/compare/marqly-vs-matter","vnm","1","0","0","1"
"https://www.marqly.com/compare/marqly-vs-matter","zzz","1","0","0","10"
"https://www.marqly.com/compare/marqly-vs-mymind","aus","1","0","0","4"
"https://www.marqly.com/compare/marqly-vs-mymind","can","1","0","0","34"
"https://www.marqly.com/compare/marqly-vs-mymind","idn","1","0","0","53"
"https://www.marqly.com/compare/marqly-vs-mymind","jpn","1","0","0","6"
"https://www.marqly.com/compare/marqly-vs-mymind","usa","4","0","0","40.5"
"https://www.marqly.com/compare/marqly-vs-notion-web-clipper","can","1","0","0","37"
"https://www.marqly.com/compare/marqly-vs-notion-web-clipper","jpn","1","0","0","4"
"https://www.marqly.com/compare/marqly-vs-notion-web-clipper","rus","1","0","0","13"
"https://www.marqly.com/compare/marqly-vs-notion-web-clipper","vnm","1","0","0","12"
"https://www.marqly.com/compare/marqly-vs-obsidian-web-clipper","are","1","0","0","3"
"https://www.marqly.com/compare/marqly-vs-obsidian-web-clipper","aus","1","0","0","16"
"https://www.marqly.com/compare/marqly-vs-obsidian-web-clipper","can","1","0","0","26"
"https://www.marqly.com/compare/marqly-vs-obsidian-web-clipper","idn","1","0","0","9"
"https://www.marqly.com/compare/marqly-vs-obsidian-web-clipper","irn","1","0","0","6"
"https://www.marqly.com/compare/marqly-vs-obsidian-web-clipper","usa","1","0","0","3"
"https://www.marqly.com/compare/marqly-vs-omnivore","can","2","0","0","27.5"
"https://www.marqly.com/compare/marqly-vs-omnivore","deu","3","0","0","5.333333333333333"
"https://www.marqly.com/compare/marqly-vs-omnivore","esp","1","0","0","2"
"https://www.marqly.com/compare/marqly-vs-omnivore","fra","1","0","0","7"
"https://www.marqly.com/compare/marqly-vs-omnivore","idn","1","0","0","9"
"https://www.marqly.com/compare/marqly-vs-omnivore","pol","1","0","0","6"
"https://www.marqly.com/compare/marqly-vs-omnivore","sgp","1","0","0","8"
"https://www.marqly.com/compare/marqly-vs-omnivore","usa","10","0","0","39.7"
"https://www.marqly.com/compare/marqly-vs-onetab","can","1","0","0","29"
"https://www.marqly.com/compare/marqly-vs-pinboard","gbr","1","0","0","3"
"https://www.marqly.com/compare/marqly-vs-pinboard","ind","1","0","0","3"
"https://www.marqly.com/compare/marqly-vs-pinboard","kor","1","0","0","1"
"https://www.marqly.com/compare/marqly-vs-pinboard","pak","1","0","0","6"
"https://www.marqly.com/compare/marqly-vs-pinboard","prt","1","0","0","51"
"https://www.marqly.com/compare/marqly-vs-pinboard","rou","1","0","0","1"
"https://www.marqly.com/compare/marqly-vs-pinboard","usa","14","0","0","45.785714285714285"
"https://www.marqly.com/compare/marqly-vs-pinterest","geo","1","0","0","1"
"https://www.marqly.com/compare/marqly-vs-pinterest","twn","1","0","0","1"
"https://www.marqly.com/compare/marqly-vs-pocket","are","1","0","0","2"
"https://www.marqly.com/compare/marqly-vs-pocket","can","1","0","0","36"
"https://www.marqly.com/compare/marqly-vs-pocket","che","1","0","0","9"
"https://www.marqly.com/compare/marqly-vs-pocket","ind","1","0","0","1"
"https://www.marqly.com/compare/marqly-vs-raindrop","can","2","0","0","16"
"https://www.marqly.com/compare/marqly-vs-raindrop","deu","1","0","0","1"
"https://www.marqly.com/compare/marqly-vs-raindrop","esp","2","0","0","24"
"https://www.marqly.com/compare/marqly-vs-raindrop","gbr","6","0","0","46.333333333333336"
"https://www.marqly.com/compare/marqly-vs-raindrop","idn","1","0","0","4"
"https://www.marqly.com/compare/marqly-vs-raindrop","ind","1","0","0","2"
"https://www.marqly.com/compare/marqly-vs-raindrop","ita","2","0","0","38.5"
"https://www.marqly.com/compare/marqly-vs-raindrop","mar","1","0","0","57"
"https://www.marqly.com/compare/marqly-vs-raindrop","mys","2","0","0","33.5"
"https://www.marqly.com/compare/marqly-vs-raindrop","usa","14","0","0","31.571428571428573"
"https://www.marqly.com/compare/marqly-vs-readwise-reader","are","1","0","0","5"
"https://www.marqly.com/compare/marqly-vs-readwise-reader","can","1","0","0","40"
"https://www.marqly.com/compare/marqly-vs-readwise-reader","jpn","1","0","0","3"
"https://www.marqly.com/compare/marqly-vs-readwise-reader","mar","1","0","0","60"
"https://www.marqly.com/compare/marqly-vs-readwise-reader","rou","1","0","0","17"
"https://www.marqly.com/compare/marqly-vs-readwise-reader","usa","2","0","0","48"
"https://www.marqly.com/compare/marqly-vs-toby","nga","1","0","0","7"
"https://www.marqly.com/compare/marqly-vs-toby","usa","2","0","0","23"
"https://www.marqly.com/compare/marqly-vs-wallabag","can","1","0","0","24"
"https://www.marqly.com/compare/marqly-vs-wallabag","fra","3","0","0","6.666666666666667"
"https://www.marqly.com/compare/marqly-vs-weava","fra","1","0","0","34"
"https://www.marqly.com/compare/marqly-vs-weava","nor","1","0","0","5"
"https://www.marqly.com/compare/marqly-vs-workona","nld","1","0","0","10"
"https://www.marqly.com/compare/matter-vs-notion-web-clipper","ita","1","0","0","1"
"https://www.marqly.com/compare/matter-vs-obsidian-web-clipper","usa","1","0","0","16"
"https://www.marqly.com/compare/matter-vs-omnivore","chn","1","0","0","5"
"https://www.marqly.com/compare/mymind-vs-anybox","cze","1","0","0","18"
"https://www.marqly.com/compare/mymind-vs-anybox","fin","1","0","0","4"
"https://www.marqly.com/compare/mymind-vs-anybox","usa","7","0","0","49.714285714285715"
"https://www.marqly.com/compare/mymind-vs-notion-web-clipper","uga","6","0","0","7"
"https://www.marqly.com/compare/mymind-vs-notion-web-clipper","usa","5","0","0","6"
"https://www.marqly.com/compare/mymind-vs-onetab","tur","1","0","0","56"
"https://www.marqly.com/compare/notion-web-clipper-vs-onetab","are","1","0","0","1"
"https://www.marqly.com/compare/omnivore-vs-karakeep","sgp","1","0","0","4"
"https://www.marqly.com/compare/omnivore-vs-karakeep","usa","1","0","0","2"
"https://www.marqly.com/compare/omnivore-vs-linkwarden","arg","1","0","0","10"
"https://www.marqly.com/compare/omnivore-vs-linkwarden","deu","2","0","0","6"
"https://www.marqly.com/compare/omnivore-vs-linkwarden","idn","1","0","0","2"
"https://www.marqly.com/compare/omnivore-vs-linkwarden","usa","1","0","0","7"
"https://www.marqly.com/compare/omnivore-vs-mymind","rus","1","0","0","70"
"https://www.marqly.com/compare/omnivore-vs-mymind","usa","2","0","0","9.5"
"https://www.marqly.com/compare/omnivore-vs-notion-web-clipper","aus","1","0","0","4"
"https://www.marqly.com/compare/omnivore-vs-notion-web-clipper","cze","1","0","0","2"
"https://www.marqly.com/compare/omnivore-vs-notion-web-clipper","egy","1","0","0","9"
"https://www.marqly.com/compare/omnivore-vs-notion-web-clipper","ind","1","0","0","8"
"https://www.marqly.com/compare/omnivore-vs-notion-web-clipper","lby","1","0","0","4"
"https://www.marqly.com/compare/omnivore-vs-notion-web-clipper","nld","1","0","0","11"
"https://www.marqly.com/compare/omnivore-vs-notion-web-clipper","pak","1","0","0","3"
"https://www.marqly.com/compare/omnivore-vs-notion-web-clipper","qat","4","0","0","10.5"
"https://www.marqly.com/compare/omnivore-vs-notion-web-clipper","usa","8","0","0","7.5"
"https://www.marqly.com/compare/omnivore-vs-onetab","phl","1","0","0","7"
"https://www.marqly.com/compare/onetab-vs-toby","chn","1","0","0","1"
"https://www.marqly.com/compare/onetab-vs-toby","usa","107","0","0","16.457943925233643"
"https://www.marqly.com/compare/pocket-vs-evernote-web-clipper","ita","1","0","0","10"
"https://www.marqly.com/compare/pocket-vs-evernote-web-clipper","usa","38","0","0","14.947368421052632"
"https://www.marqly.com/compare/pocket-vs-instapaper","usa","1","0","0","4"
"https://www.marqly.com/compare/pocket-vs-matter","gbr","2","0","0","5"
"https://www.marqly.com/compare/pocket-vs-matter","idn","1","0","0","10"
"https://www.marqly.com/compare/pocket-vs-obsidian-web-clipper","esp","1","0","0","4"
"https://www.marqly.com/compare/pocket-vs-omnivore","usa","2","0","0","6"
"https://www.marqly.com/compare/pocket-vs-raindrop","and","1","0","0","9"
"https://www.marqly.com/compare/pocket-vs-raindrop","arg","1","0","0","9"
"https://www.marqly.com/compare/pocket-vs-raindrop","deu","2","0","0","3.5"
"https://www.marqly.com/compare/pocket-vs-raindrop","egy","2","0","0","5"
"https://www.marqly.com/compare/pocket-vs-raindrop","fra","1","0","0","1"
"https://www.marqly.com/compare/pocket-vs-raindrop","gbr","5","0","0","7.2"
"https://www.marqly.com/compare/pocket-vs-raindrop","ind","1","0","0","1"
"https://www.marqly.com/compare/pocket-vs-raindrop","mda","1","0","0","7"
"https://www.marqly.com/compare/pocket-vs-raindrop","mex","1","0","0","6"
"https://www.marqly.com/compare/pocket-vs-raindrop","nld","1","0","0","1"
"https://www.marqly.com/compare/pocket-vs-raindrop","pak","1","0","0","15"
"https://www.marqly.com/compare/pocket-vs-raindrop","per","1","0","0","1"
"https://www.marqly.com/compare/pocket-vs-raindrop","usa","117","0","0","14.384615384615385"
"https://www.marqly.com/compare/pocket-vs-readwise-reader","arg","1","0","0","4"
"https://www.marqly.com/compare/pocket-vs-readwise-reader","gbr","1","0","0","8"
"https://www.marqly.com/compare/pocket-vs-readwise-reader","usa","3","0","0","9.333333333333334"
"https://www.marqly.com/compare/pocket-vs-toby","irn","1","0","0","6"
"https://www.marqly.com/compare/pocket-vs-toby","usa","1","0","0","57"
"https://www.marqly.com/compare/raindrop-vs-anybox","aus","2","0","0","2.5"
"https://www.marqly.com/compare/raindrop-vs-anybox","cze","1","0","0","9"
"https://www.marqly.com/compare/raindrop-vs-anybox","gbr","3","0","0","49.666666666666664"
"https://www.marqly.com/compare/raindrop-vs-anybox","ind","4","0","0","16.75"
"https://www.marqly.com/compare/raindrop-vs-anybox","jpn","2","0","0","8"
"https://www.marqly.com/compare/raindrop-vs-anybox","mar","1","0","0","54"
"https://www.marqly.com/compare/raindrop-vs-anybox","nld","24","0","0","1"
"https://www.marqly.com/compare/raindrop-vs-anybox","pak","2","0","0","4.5"
"https://www.marqly.com/compare/raindrop-vs-anybox","prt","1","0","0","1"
"https://www.marqly.com/compare/raindrop-vs-anybox","sgp","1","0","0","4"
"https://www.marqly.com/compare/raindrop-vs-anybox","usa","24","0","0","17.041666666666668"
"https://www.marqly.com/compare/raindrop-vs-instapaper","aus","1","0","0","5"
"https://www.marqly.com/compare/raindrop-vs-instapaper","can","1","0","0","7"
"https://www.marqly.com/compare/raindrop-vs-instapaper","idn","1","0","0","1"
"https://www.marqly.com/compare/raindrop-vs-instapaper","twn","1","0","0","6"
"https://www.marqly.com/compare/raindrop-vs-instapaper","usa","7","0","0","6.428571428571429"
"https://www.marqly.com/compare/raindrop-vs-karakeep","aus","5","0","0","1.2"
"https://www.marqly.com/compare/raindrop-vs-karakeep","bgd","1","0","0","2"
"https://www.marqly.com/compare/raindrop-vs-karakeep","bra","1","0","0","1"
"https://www.marqly.com/compare/raindrop-vs-karakeep","can","7","0","0","2.571428571428571"
"https://www.marqly.com/compare/raindrop-vs-karakeep","che","1","0","0","1"
"https://www.marqly.com/compare/raindrop-vs-karakeep","chn","3","0","0","1"
"https://www.marqly.com/compare/raindrop-vs-karakeep","col","1","0","0","1"
"https://www.marqly.com/compare/raindrop-vs-karakeep","cri","1","0","0","1"
"https://www.marqly.com/compare/raindrop-vs-karakeep","deu","4","0","0","1.25"
"https://www.marqly.com/compare/raindrop-vs-karakeep","fin","2","0","0","1"
"https://www.marqly.com/compare/raindrop-vs-karakeep","gbr","11","0","0","18"
"https://www.marqly.com/compare/raindrop-vs-karakeep","hun","2","0","0","1.5"
"https://www.marqly.com/compare/raindrop-vs-karakeep","ita","3","0","0","1"
"https://www.marqly.com/compare/raindrop-vs-karakeep","kor","1","0","0","1"
"https://www.marqly.com/compare/raindrop-vs-karakeep","lva","1","0","0","1"
"https://www.marqly.com/compare/raindrop-vs-karakeep","mys","2","0","0","6.5"
"https://www.marqly.com/compare/raindrop-vs-karakeep","nor","1","0","0","1"
"https://www.marqly.com/compare/raindrop-vs-karakeep","nzl","1","0","0","2"
"https://www.marqly.com/compare/raindrop-vs-karakeep","rus","1","0","0","1"
"https://www.marqly.com/compare/raindrop-vs-karakeep","svn","1","0","0","3"
"https://www.marqly.com/compare/raindrop-vs-karakeep","swe","1","0","0","3"
"https://www.marqly.com/compare/raindrop-vs-karakeep","tur","5","0","0","1.4"
"https://www.marqly.com/compare/raindrop-vs-linkwarden","can","1","0","0","1"
"https://www.marqly.com/compare/raindrop-vs-linkwarden","deu","2","0","0","2"
"https://www.marqly.com/compare/raindrop-vs-linkwarden","esp","1","0","0","3"
"https://www.marqly.com/compare/raindrop-vs-linkwarden","gbr","1","0","0","6"
"https://www.marqly.com/compare/raindrop-vs-linkwarden","irn","1","0","0","2"
"https://www.marqly.com/compare/raindrop-vs-linkwarden","pak","1","0","0","1"
"https://www.marqly.com/compare/raindrop-vs-matter","sgp","1","0","0","3"
"https://www.marqly.com/compare/raindrop-vs-mymind","aus","1","0","0","1"
"https://www.marqly.com/compare/raindrop-vs-mymind","aut","1","0","0","1"
"https://www.marqly.com/compare/raindrop-vs-mymind","bra","5","0","0","1.8"
"https://www.marqly.com/compare/raindrop-vs-mymind","can","2","0","0","6"
"https://www.marqly.com/compare/raindrop-vs-mymind","gbr","1","0","0","3"
"https://www.marqly.com/compare/raindrop-vs-mymind","idn","1","0","0","3"
"https://www.marqly.com/compare/raindrop-vs-mymind","ind","1","0","0","1"
"https://www.marqly.com/compare/raindrop-vs-mymind","ita","1","0","0","3"
"https://www.marqly.com/compare/raindrop-vs-mymind","swe","1","0","0","1"
"https://www.marqly.com/compare/raindrop-vs-mymind","twn","1","0","0","4"
"https://www.marqly.com/compare/raindrop-vs-mymind","usa","11","0","0","10.181818181818182"
"https://www.marqly.com/compare/raindrop-vs-mymind","vnm","2","0","0","3.5"
"https://www.marqly.com/compare/raindrop-vs-notion-web-clipper","deu","1","0","0","3"
"https://www.marqly.com/compare/raindrop-vs-notion-web-clipper","fra","1","0","0","2"
"https://www.marqly.com/compare/raindrop-vs-notion-web-clipper","usa","4","0","0","8.25"
"https://www.marqly.com/compare/raindrop-vs-obsidian-web-clipper","bel","2","0","0","10"
"https://www.marqly.com/compare/raindrop-vs-obsidian-web-clipper","che","1","0","0","9"
"https://www.marqly.com/compare/raindrop-vs-obsidian-web-clipper","deu","7","0","0","7.714285714285714"
"https://www.marqly.com/compare/raindrop-vs-obsidian-web-clipper","dnk","1","0","0","11"
"https://www.marqly.com/compare/raindrop-vs-obsidian-web-clipper","dza","1","0","0","107"
"https://www.marqly.com/compare/raindrop-vs-obsidian-web-clipper","esp","1","0","0","10"
"https://www.marqly.com/compare/raindrop-vs-obsidian-web-clipper","fra","2","0","0","9.5"
"https://www.marqly.com/compare/raindrop-vs-obsidian-web-clipper","gbr","1","0","0","4"
"https://www.marqly.com/compare/raindrop-vs-obsidian-web-clipper","hkg","1","0","0","9"
"https://www.marqly.com/compare/raindrop-vs-obsidian-web-clipper","jpn","3","0","0","16.666666666666664"
"https://www.marqly.com/compare/raindrop-vs-obsidian-web-clipper","kor","1","0","0","10"
"https://www.marqly.com/compare/raindrop-vs-obsidian-web-clipper","nzl","1","0","0","8"
"https://www.marqly.com/compare/raindrop-vs-obsidian-web-clipper","phl","1","0","0","11"
"https://www.marqly.com/compare/raindrop-vs-obsidian-web-clipper","sgp","1","0","0","9"
"https://www.marqly.com/compare/raindrop-vs-obsidian-web-clipper","twn","1","0","0","8"
"https://www.marqly.com/compare/raindrop-vs-obsidian-web-clipper","usa","4","0","0","9"
"https://www.marqly.com/compare/raindrop-vs-omnivore","usa","5","0","0","6.4"
"https://www.marqly.com/compare/raindrop-vs-onetab","usa","1","0","0","9"
"https://www.marqly.com/compare/raindrop-vs-readwise-reader","are","1","0","0","6"
"https://www.marqly.com/compare/raindrop-vs-readwise-reader","bra","1","0","0","5"
"https://www.marqly.com/compare/raindrop-vs-readwise-reader","deu","1","0","0","7"
"https://www.marqly.com/compare/raindrop-vs-readwise-reader","dnk","1","0","0","3"
"https://www.marqly.com/compare/raindrop-vs-readwise-reader","esp","1","0","0","6"
"https://www.marqly.com/compare/raindrop-vs-readwise-reader","omn","1","0","0","5"
"https://www.marqly.com/compare/raindrop-vs-readwise-reader","usa","7","0","0","6.857142857142857"
"https://www.marqly.com/compare/raindrop-vs-toby","are","1","0","0","8"
"https://www.marqly.com/compare/readwise-reader-vs-linkwarden","pak","1","0","0","1"
"https://www.marqly.com/compare/readwise-reader-vs-linkwarden","usa","1","0","0","5"
"https://www.marqly.com/compare/readwise-reader-vs-matter","aus","4","0","0","7.5"
"https://www.marqly.com/compare/readwise-reader-vs-matter","can","2","0","0","7.5"
"https://www.marqly.com/compare/readwise-reader-vs-matter","ind","1","0","0","7"
"https://www.marqly.com/compare/readwise-reader-vs-matter","rou","2","0","0","8"
"https://www.marqly.com/compare/readwise-reader-vs-matter","tha","1","0","0","7"
"https://www.marqly.com/compare/readwise-reader-vs-mymind","ind","1","0","0","7"
"https://www.marqly.com/compare/readwise-reader-vs-notion-web-clipper","fra","1","0","0","6"
"https://www.marqly.com/compare/readwise-reader-vs-notion-web-clipper","rou","1","0","0","3"
"https://www.marqly.com/compare/readwise-reader-vs-notion-web-clipper","usa","2","0","0","16.5"
"https://www.marqly.com/compare/readwise-reader-vs-omnivore","bel","1","0","0","1"
"https://www.marqly.com/compare/readwise-reader-vs-omnivore","usa","5","0","0","9.2"
"https://www.marqly.com/compare/readwise-reader-vs-wallabag","mex","1","0","0","4"
"https://www.marqly.com/compare/readwise-vs-readwise-reader","are","1","0","0","10"
"https://www.marqly.com/compare/readwise-vs-readwise-reader","arm","1","0","0","1"
"https://www.marqly.com/compare/readwise-vs-readwise-reader","aus","3","0","0","6.666666666666667"
"https://www.marqly.com/compare/readwise-vs-readwise-reader","can","4","0","0","6"
"https://www.marqly.com/compare/readwise-vs-readwise-reader","che","1","0","0","6"
"https://www.marqly.com/compare/readwise-vs-readwise-reader","cze","1","0","0","3"
"https://www.marqly.com/compare/readwise-vs-readwise-reader","deu","1","0","0","7"
"https://www.marqly.com/compare/readwise-vs-readwise-reader","dnk","2","0","0","4.5"
"https://www.marqly.com/compare/readwise-vs-readwise-reader","esp","1","0","0","6"
"https://www.marqly.com/compare/readwise-vs-readwise-reader","fin","1","0","0","11"
"https://www.marqly.com/compare/readwise-vs-readwise-reader","gbr","5","0","0","10.2"
"https://www.marqly.com/compare/readwise-vs-readwise-reader","idn","1","0","0","6"
"https://www.marqly.com/compare/readwise-vs-readwise-reader","ind","1","0","0","33"
"https://www.marqly.com/compare/readwise-vs-readwise-reader","mar","1","0","0","10"
"https://www.marqly.com/compare/readwise-vs-readwise-reader","mex","3","0","0","4.333333333333334"
"https://www.marqly.com/compare/readwise-vs-readwise-reader","mys","1","0","0","3"
"https://www.marqly.com/compare/readwise-vs-readwise-reader","nld","1","0","0","7"
"https://www.marqly.com/compare/readwise-vs-readwise-reader","per","1","0","0","11"
"https://www.marqly.com/compare/readwise-vs-readwise-reader","pol","1","0","0","8"
"https://www.marqly.com/compare/readwise-vs-readwise-reader","sgp","2","0","0","7"
"https://www.marqly.com/compare/readwise-vs-readwise-reader","swe","1","0","0","8"
"https://www.marqly.com/compare/readwise-vs-readwise-reader","tur","1","0","0","3"
"https://www.marqly.com/compare/readwise-vs-readwise-reader","twn","1","0","0","6"
"https://www.marqly.com/compare/readwise-vs-readwise-reader","zaf","1","0","0","1"
"https://www.marqly.com/compare/wallabag-vs-karakeep","fra","1","0","0","6"
"https://www.marqly.com/compare/wallabag-vs-karakeep","gbr","1","0","0","4"
"https://www.marqly.com/compare/wallabag-vs-karakeep","usa","4","0","0","2"
"https://www.marqly.com/compare/wallabag-vs-linkwarden","aut","1","0","0","1"
"https://www.marqly.com/compare/wallabag-vs-linkwarden","bgd","1","0","0","3"
"https://www.marqly.com/compare/wallabag-vs-linkwarden","bra","1","0","0","3"
"https://www.marqly.com/compare/wallabag-vs-linkwarden","can","2","0","0","7.5"
"https://www.marqly.com/compare/wallabag-vs-linkwarden","che","2","0","0","2"
"https://www.marqly.com/compare/wallabag-vs-linkwarden","esp","2","0","0","1"
"https://www.marqly.com/compare/wallabag-vs-linkwarden","grc","1","0","0","2"
"https://www.marqly.com/compare/wallabag-vs-linkwarden","idn","1","0","0","1"
"https://www.marqly.com/compare/wallabag-vs-linkwarden","ita","1","0","0","4"
"https://www.marqly.com/compare/wallabag-vs-linkwarden","lva","1","0","0","2"
"https://www.marqly.com/compare/wallabag-vs-linkwarden","mys","1","0","0","3"
"https://www.marqly.com/compare/wallabag-vs-linkwarden","nld","6","0","0","4.666666666666666"
"https://www.marqly.com/compare/wallabag-vs-linkwarden","prt","4","0","0","1.75"
"https://www.marqly.com/compare/wallabag-vs-linkwarden","rus","1","0","0","3"
"https://www.marqly.com/compare/wallabag-vs-linkwarden","tur","2","0","0","1.5"
"https://www.marqly.com/compare/wallabag-vs-linkwarden","usa","4","0","0","3"
"https://www.marqly.com/compare/wallabag-vs-mymind","fra","2","0","0","64"
"https://www.marqly.com/compare/wallabag-vs-mymind","tur","1","0","0","82"
"https://www.marqly.com/compare/wallabag-vs-obsidian-web-clipper","srb","1","0","0","8"
"https://www.marqly.com/compare/wallabag-vs-obsidian-web-clipper","usa","1","0","0","8"
"https://www.marqly.com/content-curation","aus","6","0","0","51"
"https://www.marqly.com/content-curation","bel","1","0","0","1"
"https://www.marqly.com/content-curation","bgd","2","0","0","57.5"
"https://www.marqly.com/content-curation","bra","1","0","0","1"
"https://www.marqly.com/content-curation","can","3","0","0","26.333333333333332"
"https://www.marqly.com/content-curation","che","1","0","0","40"
"https://www.marqly.com/content-curation","deu","6","0","0","21.833333333333332"
"https://www.marqly.com/content-curation","fra","2","0","0","91.5"
"https://www.marqly.com/content-curation","gbr","65","0","0","67.01538461538462"
"https://www.marqly.com/content-curation","hun","2","0","0","40"
"https://www.marqly.com/content-curation","idn","1","0","0","77"
"https://www.marqly.com/content-curation","ind","18","0","0","38"
"https://www.marqly.com/content-curation","irl","1","0","0","98"
"https://www.marqly.com/content-curation","ita","2","0","0","8.5"
"https://www.marqly.com/content-curation","kor","1","0","0","48"
"https://www.marqly.com/content-curation","ltu","1","0","0","37"
"https://www.marqly.com/content-curation","mar","1","0","0","72"
"https://www.marqly.com/content-curation","nld","70","0","0","58.81428571428572"
"https://www.marqly.com/content-curation","phl","2","0","0","66.5"
"https://www.marqly.com/content-curation","pol","1","0","0","1"
"https://www.marqly.com/content-curation","sgp","4","0","0","30.5"
"https://www.marqly.com/content-curation","tha","2","0","0","64"
"https://www.marqly.com/content-curation","tur","2","0","0","53.5"
"https://www.marqly.com/content-curation","ukr","1","0","0","1"
"https://www.marqly.com/content-curation","ury","1","0","0","59"
"https://www.marqly.com/content-curation","usa","616","0","0","61.923701298701296"
"https://www.marqly.com/content-curation","vnm","1","0","0","1"
"https://www.marqly.com/content-curation","zaf","5","0","0","4"
"https://www.marqly.com/de","bgd","2","0","0","51"
"https://www.marqly.com/de","ind","2","0","0","50"
"https://www.marqly.com/de","irq","1","0","0","53"
"https://www.marqly.com/de","phl","1","0","0","47"
"https://www.marqly.com/de/alternativen/evernote","che","2","0","0","33.5"
"https://www.marqly.com/de/alternativen/evernote","deu","195","0","0","40.56923076923077"
"https://www.marqly.com/de/alternativen/evernote","usa","1","0","0","30"
"https://www.marqly.com/de/alternativen/instapaper","deu","3","0","0","5"
"https://www.marqly.com/de/alternativen/notion","deu","57","0","0","24.45614035087719"
"https://www.marqly.com/de/alternativen/pocket","deu","24","0","0","23.666666666666668"
"https://www.marqly.com/de/alternativen/raindrop","deu","7","0","0","4.428571428571429"
"https://www.marqly.com/de/blog/beste-instapaper-alternativen-2026","deu","1","0","0","5"
"https://www.marqly.com/de/blog/beste-kostenlose-lesezeichen-manager-2026","hrv","1","0","0","4"
"https://www.marqly.com/de/blog/beste-read-it-later-apps-2026","nzl","1","0","0","7"
"https://www.marqly.com/de/blog/beste-second-brain-apps-2026","che","4","0","0","31.25"
"https://www.marqly.com/de/blog/beste-second-brain-apps-2026","deu","7","0","0","52.857142857142854"
"https://www.marqly.com/de/blog/beste-self-hosted-pocket-alternativen-2026","deu","3","0","0","4.333333333333334"
"https://www.marqly.com/de/blog/beste-web-highlighter-2026","deu","1","0","0","10"
"https://www.marqly.com/de/blog/beste-youtube-zusammenfasser-ki-2026","deu","1","0","0","4"
"https://www.marqly.com/de/blog/chrome-lesezeichen-exportieren","aut","1","0","0","25"
"https://www.marqly.com/de/blog/chrome-lesezeichen-exportieren","bel","2","0","0","4.5"
"https://www.marqly.com/de/blog/chrome-lesezeichen-exportieren","che","2","0","0","15.5"
"https://www.marqly.com/de/blog/chrome-lesezeichen-exportieren","chl","1","0","0","62"
"https://www.marqly.com/de/blog/chrome-lesezeichen-exportieren","deu","62","0","0","38.53225806451613"
"https://www.marqly.com/de/blog/chrome-lesezeichen-exportieren","dnk","1","0","0","9"
"https://www.marqly.com/de/blog/chrome-lesezeichen-exportieren","dom","1","0","0","51"
"https://www.marqly.com/de/blog/chrome-lesezeichen-exportieren","esp","1","0","0","8"
"https://www.marqly.com/de/blog/chrome-lesezeichen-exportieren","hrv","1","0","0","11"
"https://www.marqly.com/de/blog/chrome-lesezeichen-exportieren","idn","1","0","0","38"
"https://www.marqly.com/de/blog/chrome-lesezeichen-exportieren","ind","3","0","0","43.333333333333336"
"https://www.marqly.com/de/blog/chrome-lesezeichen-exportieren","irl","1","0","0","22"
"https://www.marqly.com/de/blog/chrome-lesezeichen-exportieren","ita","5","0","0","9.4"
"https://www.marqly.com/de/blog/chrome-lesezeichen-exportieren","jpn","1","0","0","10"
"https://www.marqly.com/de/blog/chrome-lesezeichen-exportieren","kor","1","0","0","46"
"https://www.marqly.com/de/blog/chrome-lesezeichen-exportieren","lux","1","0","0","8"
"https://www.marqly.com/de/blog/chrome-lesezeichen-exportieren","nld","8","0","0","10.125"
"https://www.marqly.com/de/blog/chrome-lesezeichen-exportieren","pak","1","0","0","63"
"https://www.marqly.com/de/blog/chrome-lesezeichen-exportieren","phl","2","0","0","43"
"https://www.marqly.com/de/blog/chrome-lesezeichen-exportieren","rus","3","0","0","33"
"https://www.marqly.com/de/blog/chrome-lesezeichen-exportieren","srb","1","0","0","1"
"https://www.marqly.com/de/blog/chrome-lesezeichen-exportieren","swe","1","0","0","26"
"https://www.marqly.com/de/blog/chrome-lesezeichen-exportieren","usa","1","0","0","11"
"https://www.marqly.com/de/blog/chrome-lesezeichen-synchronisieren-nicht-losung-2026","aut","3","0","0","6.333333333333333"
"https://www.marqly.com/de/blog/chrome-lesezeichen-synchronisieren-nicht-losung-2026","che","3","0","0","2.666666666666667"
"https://www.marqly.com/de/blog/chrome-lesezeichen-synchronisieren-nicht-losung-2026","deu","27","0","0","10.814814814814815"
"https://www.marqly.com/de/blog/chrome-lesezeichen-synchronisieren-nicht-losung-2026","pol","1","0","0","22"
"https://www.marqly.com/de/blog/gespeicherte-instagram-beitraege-exportieren-2026","aut","1","0","0","11"
"https://www.marqly.com/de/blog/gespeicherte-instagram-beitraege-exportieren-2026","bra","2","0","0","47.5"
"https://www.marqly.com/de/blog/gespeicherte-instagram-beitraege-exportieren-2026","che","1","0","0","11"
"https://www.marqly.com/de/blog/gespeicherte-instagram-beitraege-exportieren-2026","deu","2","0","0","6"
"https://www.marqly.com/de/blog/gespeicherte-reddit-beitraege-exportieren-2026","deu","2","0","0","8"
"https://www.marqly.com/de/blog/gespeicherten-artikel-finden-wenn-titel-vergessen-2026","deu","1","0","0","5"
"https://www.marqly.com/de/blog/ki-bookmark-manager-semantische-suche-vergleich-2026","deu","1","0","0","13"
"https://www.marqly.com/de/blog/lesezeichen-organisieren","che","1","0","0","26"
"https://www.marqly.com/de/blog/lesezeichen-organisieren","chl","1","0","0","39"
"https://www.marqly.com/de/blog/lesezeichen-organisieren","deu","25","0","0","28.72"
"https://www.marqly.com/de/blog/lesezeichen-organisieren","ecu","1","0","0","31"
"https://www.marqly.com/de/blog/lesezeichen-organisieren","gbr","1","0","0","24"
"https://www.marqly.com/de/blog/lesezeichen-organisieren","idn","1","0","0","39"
"https://www.marqly.com/de/blog/lesezeichen-organisieren","ind","2","0","0","34.5"
"https://www.marqly.com/de/blog/lesezeichen-organisieren","nor","1","0","0","29"
"https://www.marqly.com/de/blog/lesezeichen-organisieren","per","1","0","0","35"
"https://www.marqly.com/de/blog/lesezeichen-organisieren","phl","4","0","0","32"
"https://www.marqly.com/de/blog/lesezeichen-organisieren","sau","1","0","0","22"
"https://www.marqly.com/de/blog/lesezeichen-organisieren","usa","5","0","0","35.4"
"https://www.marqly.com/de/blog/linkwarden-testbericht-2026","deu","1","0","0","8"
"https://www.marqly.com/de/blog/mit-youtube-videos-chatten-2026","deu","4","0","0","9.75"
"https://www.marqly.com/de/blog/notion-web-clipper-alternative-2026","deu","12","0","0","13.083333333333334"
"https://www.marqly.com/de/blog/para-methode-fuer-lesezeichen-2026","che","1","0","0","30"
"https://www.marqly.com/de/blog/para-methode-fuer-lesezeichen-2026","deu","1","0","0","31"
"https://www.marqly.com/de/blog/pocket-alternativen-2026","aut","13","0","0","5.846153846153846"
"https://www.marqly.com/de/blog/pocket-alternativen-2026","fra","2","0","0","8"
"https://www.marqly.com/de/blog/pocket-alternativen-2026","hrv","1","0","0","1"
"https://www.marqly.com/de/blog/pocket-alternativen-2026","ita","1","0","0","3"
"https://www.marqly.com/de/blog/pocket-alternativen-2026","nld","1","0","0","4"
"https://www.marqly.com/de/blog/pocket-alternativen-2026","usa","7","0","0","4.714285714285714"
"https://www.marqly.com/de/blog/pocket-alternativen-2026/","deu","1","0","0","1"
"https://www.marqly.com/de/blog/pocket-daten-exportieren-migrieren-2026","deu","2","0","0","4"
"https://www.marqly.com/de/blog/pocket-daten-exportieren-migrieren-2026","rus","2","0","0","70"
"https://www.marqly.com/de/blog/raindrop-io-testbericht-2026","deu","6","0","0","9.166666666666666"
"https://www.marqly.com/de/blog/readwise-reader-testbericht-2026","deu","1","0","0","6"
"https://www.marqly.com/de/blog/twitter-x-lesezeichen-exportieren-2026","che","1","0","0","1"
"https://www.marqly.com/de/blog/twitter-x-lesezeichen-exportieren-2026","deu","15","0","0","10.6"
"https://www.marqly.com/de/blog/was-ist-ein-ki-zweites-gehirn-2026","aut","1","0","0","5"
"https://www.marqly.com/de/blog/was-ist-ein-ki-zweites-gehirn-2026","deu","17","0","0","13.588235294117647"
"https://www.marqly.com/de/blog/was-ist-eine-second-brain-app-2026","che","3","0","0","27"
"https://www.marqly.com/de/blog/was-ist-eine-second-brain-app-2026","deu","5","0","0","39"
"https://www.marqly.com/de/blog/was-ist-semantische-suche","afg","1","0","0","61"
"https://www.marqly.com/de/blog/was-ist-semantische-suche","deu","104","0","0","59.71153846153846"
"https://www.marqly.com/de/blog/was-ist-semantische-suche","grc","1","0","0","70"
"https://www.marqly.com/de/blog/was-ist-semantische-suche","idn","2","0","0","61.5"
"https://www.marqly.com/de/blog/was-ist-semantische-suche","ind","3","0","0","58.666666666666664"
"https://www.marqly.com/de/blog/was-ist-semantische-suche","mys","1","0","0","61"
"https://www.marqly.com/de/blog/was-ist-semantische-suche","per","1","0","0","69"
"https://www.marqly.com/de/blog/was-ist-semantische-suche","phl","3","0","0","61"
"https://www.marqly.com/de/blog/was-ist-semantische-suche","usa","2","0","0","11"
"https://www.marqly.com/de/blog/was-ist-semantische-suche","vnm","1","0","0","62"
"https://www.marqly.com/de/blog/was-steht-in-der-pocket-exportdatei-2026","rus","1","0","0","78"
"https://www.marqly.com/de/blog/webseite-als-pdf-speichern","deu","64","0","0","52.59375"
"https://www.marqly.com/de/blog/webseite-als-pdf-speichern","kor","1","0","0","55"
"https://www.marqly.com/de/blog/webseite-als-pdf-speichern","phl","1","0","0","54"
"https://www.marqly.com/de/blog/youtube-spaeter-ansehen-exportieren-2026","deu","1","0","0","5"
"https://www.marqly.com/de/blog/youtube-transkript-kopieren","aut","13","0","0","9.923076923076923"
"https://www.marqly.com/de/blog/youtube-transkript-kopieren","bra","1","0","0","10"
"https://www.marqly.com/de/blog/youtube-transkript-kopieren","deu","295","0","0","9.196610169491525"
"https://www.marqly.com/de/blog/youtube-transkript-kopieren","hun","1","0","0","10"
"https://www.marqly.com/de/blog/youtube-videos-mit-ki-zusammenfassen-2026","deu","8","0","0","40.75"
"https://www.marqly.com/de/blog/youtube-videos-mit-ki-zusammenfassen-2026","nld","1","0","0","46"
"https://www.marqly.com/de/blog/zweites-gehirn-aufbauen-2026","deu","3","0","0","13.666666666666666"
"https://www.marqly.com/de/fuer-autoren","deu","1","0","0","1"
"https://www.marqly.com/de/fuer-content-creator","deu","8","0","0","2.625"
"https://www.marqly.com/de/fuer-designer","deu","3","0","0","2"
"https://www.marqly.com/de/fuer-doktoranden","deu","1","0","0","10"
"https://www.marqly.com/de/fuer-forschende","aut","1","0","0","6"
"https://www.marqly.com/de/fuer-forschende","deu","7","0","0","80"
"https://www.marqly.com/de/fuer-gruender","arg","5","0","0","39.4"
"https://www.marqly.com/de/fuer-gruender","aut","34","0","0","36.5"
"https://www.marqly.com/de/fuer-gruender","bgd","1","0","0","40"
"https://www.marqly.com/de/fuer-gruender","che","27","0","0","44.407407407407405"
"https://www.marqly.com/de/fuer-gruender","col","4","0","0","35"
"https://www.marqly.com/de/fuer-gruender","deu","109","0","0","33.54128440366973"
"https://www.marqly.com/de/fuer-gruender","dji","1","0","0","43"
"https://www.marqly.com/de/fuer-gruender","idn","1","0","0","39"
"https://www.marqly.com/de/fuer-gruender","mex","3","0","0","35"
"https://www.marqly.com/de/fuer-gruender","usa","1","0","0","24"
"https://www.marqly.com/de/fuer-gruender","ven","3","0","0","33"
"https://www.marqly.com/de/fuer-immobilienmakler","deu","8","0","0","60.125"
"https://www.marqly.com/de/fuer-journalisten","aut","22","0","0","68.45454545454545"
"https://www.marqly.com/de/fuer-journalisten","che","20","0","0","69.55"
"https://www.marqly.com/de/fuer-journalisten","deu","41","0","0","70.97560975609755"
"https://www.marqly.com/de/fuer-lehrkraefte","deu","2","0","0","9.5"
"https://www.marqly.com/de/fuer-marketing","deu","1","0","0","4"
"https://www.marqly.com/de/fuer-produktmanager","che","2","0","0","9.5"
"https://www.marqly.com/de/fuer-produktmanager","deu","7","0","0","11.714285714285714"
"https://www.marqly.com/de/fuer-recruiter","aut","1","0","0","86"
"https://www.marqly.com/de/fuer-recruiter","deu","4","0","0","80"
"https://www.marqly.com/de/fuer-ux-researcher","deu","7","0","0","71.28571428571429"
"https://www.marqly.com/de/fuer-vertrieb","deu","1","0","0","1"
"https://www.marqly.com/de/fuer-wissenschaftler","deu","1","0","0","90"
"https://www.marqly.com/de/jobsuche-organisieren","che","4","0","0","4"
"https://www.marqly.com/de/jobsuche-organisieren","deu","1","0","0","5"
"https://www.marqly.com/de/leseliste","deu","1","0","0","98"
"https://www.marqly.com/de/lesezeichen-manager-edge","deu","5","0","0","10"
"https://www.marqly.com/de/lesezeichen-manager-edge","rus","1","0","0","20"
"https://www.marqly.com/de/lesezeichen-manager-firefox","che","1","0","0","10"
"https://www.marqly.com/de/lesezeichen-manager-iphone","deu","1","0","0","29"
"https://www.marqly.com/de/lesezeichen-manager-iphone","usa","1","0","0","8"
"https://www.marqly.com/de/lesezeichen-manager-safari","deu","4","0","0","8.5"
"https://www.marqly.com/de/lesezeichen-manager-safari","gbr","1","0","0","20"
"https://www.marqly.com/de/lesezeichen-synchronisieren","che","2","0","0","7"
"https://www.marqly.com/de/lesezeichen-synchronisieren","deu","1","0","0","18"
"https://www.marqly.com/de/reise-planen","deu","11","0","0","12.272727272727273"
"https://www.marqly.com/de/rezepte-organisieren","arg","6","0","0","55"
"https://www.marqly.com/de/rezepte-organisieren","arm","1","0","0","52"
"https://www.marqly.com/de/rezepte-organisieren","aut","4","0","0","38.5"
"https://www.marqly.com/de/rezepte-organisieren","bgd","3","0","0","57"
"https://www.marqly.com/de/rezepte-organisieren","bgr","1","0","0","49"
"https://www.marqly.com/de/rezepte-organisieren","bih","1","0","0","66"
"https://www.marqly.com/de/rezepte-organisieren","bol","2","0","0","53.5"
"https://www.marqly.com/de/rezepte-organisieren","bra","1","0","0","47"
"https://www.marqly.com/de/rezepte-organisieren","col","3","0","0","61.333333333333336"
"https://www.marqly.com/de/rezepte-organisieren","deu","48","0","0","49.979166666666664"
"https://www.marqly.com/de/rezepte-organisieren","ecu","1","0","0","53"
"https://www.marqly.com/de/rezepte-organisieren","egy","2","0","0","56"
"https://www.marqly.com/de/rezepte-organisieren","geo","1","0","0","67"
"https://www.marqly.com/de/rezepte-organisieren","ind","7","0","0","53.714285714285715"
"https://www.marqly.com/de/rezepte-organisieren","isr","1","0","0","52"
"https://www.marqly.com/de/rezepte-organisieren","jor","1","0","0","46"
"https://www.marqly.com/de/rezepte-organisieren","ken","1","0","0","53"
"https://www.marqly.com/de/rezepte-organisieren","kor","1","0","0","71"
"https://www.marqly.com/de/rezepte-organisieren","lao","1","0","0","62"
"https://www.marqly.com/de/rezepte-organisieren","lka","1","0","0","57"
"https://www.marqly.com/de/rezepte-organisieren","mys","2","0","0","54.5"
"https://www.marqly.com/de/rezepte-organisieren","phl","3","0","0","54.666666666666664"
"https://www.marqly.com/de/rezepte-organisieren","sau","1","0","0","54"
"https://www.marqly.com/de/rezepte-organisieren","sgp","1","0","0","57"
"https://www.marqly.com/de/rezepte-organisieren","tha","1","0","0","88"
"https://www.marqly.com/de/rezepte-organisieren","tun","1","0","0","52"
"https://www.marqly.com/de/rezepte-organisieren","ven","1","0","0","53"
"https://www.marqly.com/de/rezepte-organisieren","vnm","3","0","0","52"
"https://www.marqly.com/de/studium","aut","2","0","0","4"
"https://www.marqly.com/de/studium","deu","3","0","0","44.666666666666664"
"https://www.marqly.com/de/studium","kaz","1","0","0","61"
"https://www.marqly.com/de/swipe-file","deu","3","0","0","37.666666666666664"
"https://www.marqly.com/de/tabs-speichern","arg","1","0","0","9"
"https://www.marqly.com/de/tabs-speichern","aus","1","0","0","56"
"https://www.marqly.com/de/tabs-speichern","aut","11","0","0","8"
"https://www.marqly.com/de/tabs-speichern","bel","1","0","0","8"
"https://www.marqly.com/de/tabs-speichern","che","10","0","0","8.3"
"https://www.marqly.com/de/tabs-speichern","deu","99","0","0","11.171717171717171"
"https://www.marqly.com/de/tabs-speichern","dnk","1","0","0","11"
"https://www.marqly.com/de/tabs-speichern","irq","1","0","0","21"
"https://www.marqly.com/de/tabs-speichern","rus","1","0","0","9"
"https://www.marqly.com/de/tabs-speichern","svk","1","0","0","88"
"https://www.marqly.com/de/tabs-speichern","ury","1","0","0","11"
"https://www.marqly.com/de/tabs-speichern","usa","4","0","0","12"
"https://www.marqly.com/de/tabs-speichern","vnm","2","0","0","13.5"
"https://www.marqly.com/de/tools/youtube-transkript","deu","1","0","0","38"
"https://www.marqly.com/de/tools/youtube-zusammenfassung","che","5","0","0","8.6"
"https://www.marqly.com/de/tools/youtube-zusammenfassung","deu","19","0","0","52.63157894736842"
"https://www.marqly.com/de/tools/youtube-zusammenfassung","pse","1","0","0","56"
"https://www.marqly.com/de/tools/youtube-zusammenfassung","usa","1","0","0","72"
"https://www.marqly.com/de/vergleich/marqly-vs-pocket","gbr","1","0","0","24"
"https://www.marqly.com/de/webseite-als-pdf-speichern","deu","4","0","0","35.25"
"https://www.marqly.com/de/webseiten-markieren","bol","1","0","0","8"
"https://www.marqly.com/de/webseiten-markieren","bra","1","0","0","8"
"https://www.marqly.com/de/webseiten-markieren","col","1","0","0","8"
"https://www.marqly.com/de/webseiten-markieren","deu","14","0","0","8.928571428571429"
"https://www.marqly.com/de/webseiten-markieren","gbr","1","0","0","46"
"https://www.marqly.com/de/webseiten-markieren","ind","3","0","0","6"
"https://www.marqly.com/de/webseiten-markieren","mar","1","0","0","11"
"https://www.marqly.com/de/webseiten-markieren","mys","1","0","0","7"
"https://www.marqly.com/de/youtube-videos-speichern","aut","14","0","0","21.428571428571427"
"https://www.marqly.com/de/youtube-videos-speichern","deu","1","0","0","83"
"https://www.marqly.com/de/youtube-videos-speichern","fra","2","0","0","26.5"
"https://www.marqly.com/de/zwischenablage-verlauf","deu","2","0","0","8"
"https://www.marqly.com/embed","aus","1","0","0","42"
"https://www.marqly.com/embed","bgr","1","0","0","40"
"https://www.marqly.com/embed","can","1","0","0","34"
"https://www.marqly.com/embed","fra","1","0","0","39"
"https://www.marqly.com/embed","gbr","4","0","0","40"
"https://www.marqly.com/embed","hkg","1","0","0","5"
"https://www.marqly.com/embed","jpn","1","0","0","11"
"https://www.marqly.com/embed","pol","2","0","0","30.5"
"https://www.marqly.com/embed","usa","13","0","0","23.307692307692307"
"https://www.marqly.com/es","are","1","0","0","5"
"https://www.marqly.com/es","pan","1","0","0","1"
"https://www.marqly.com/es","slv","1","0","0","1"
"https://www.marqly.com/es/alternativas/evernote","esp","16","0","0","24.125"
"https://www.marqly.com/es/alternativas/notion","chl","1","0","0","35"
"https://www.marqly.com/es/alternativas/notion","esp","7","0","0","16"
"https://www.marqly.com/es/alternativas/notion","mex","1","0","0","9"
"https://www.marqly.com/es/alternativas/pocket","esp","5","0","0","13.2"
"https://www.marqly.com/es/alternativas/raindrop","esp","1","0","0","15"
"https://www.marqly.com/es/blog","col","1","0","0","79"
"https://www.marqly.com/es/blog","esp","7","0","0","28.428571428571427"
"https://www.marqly.com/es/blog","rus","1","0","0","9"
"https://www.marqly.com/es/blog/alternativas-a-pocket-2026","arg","1","0","0","5"
"https://www.marqly.com/es/blog/alternativas-a-pocket-2026","chl","2","0","0","10.5"
"https://www.marqly.com/es/blog/alternativas-a-pocket-2026","col","2","0","0","8"
"https://www.marqly.com/es/blog/alternativas-a-pocket-2026","mex","3","0","0","4.666666666666666"
"https://www.marqly.com/es/blog/alternativas-a-pocket-2026","per","1","0","0","9"
"https://www.marqly.com/es/blog/alternativas-a-pocket-2026","usa","1","0","0","9"
"https://www.marqly.com/es/blog/chatear-con-videos-de-youtube-2026","arg","1807","0","0","8.046485888212507"
"https://www.marqly.com/es/blog/chatear-con-videos-de-youtube-2026","bol","323","0","0","8.009287925696594"
"https://www.marqly.com/es/blog/chatear-con-videos-de-youtube-2026","chl","774","0","0","8.324289405684755"
"https://www.marqly.com/es/blog/chatear-con-videos-de-youtube-2026","col","267","0","0","8.872659176029963"
"https://www.marqly.com/es/blog/chatear-con-videos-de-youtube-2026","cri","143","0","0","7.818181818181818"
"https://www.marqly.com/es/blog/chatear-con-videos-de-youtube-2026","cub","8","0","0","6.25"
"https://www.marqly.com/es/blog/chatear-con-videos-de-youtube-2026","dom","142","0","0","8.077464788732394"
"https://www.marqly.com/es/blog/chatear-con-videos-de-youtube-2026","ecu","441","0","0","8.068027210884352"
"https://www.marqly.com/es/blog/chatear-con-videos-de-youtube-2026","esp","955","0","0","7.424083769633508"
"https://www.marqly.com/es/blog/chatear-con-videos-de-youtube-2026","gtm","66","0","0","7.96969696969697"
"https://www.marqly.com/es/blog/chatear-con-videos-de-youtube-2026","hnd","53","0","0","8"
"https://www.marqly.com/es/blog/chatear-con-videos-de-youtube-2026","mex","579","0","0","7.879101899827289"
"https://www.marqly.com/es/blog/chatear-con-videos-de-youtube-2026","nic","101","0","0","8.009900990099009"
"https://www.marqly.com/es/blog/chatear-con-videos-de-youtube-2026","pan","136","0","0","7.985294117647059"
"https://www.marqly.com/es/blog/chatear-con-videos-de-youtube-2026","per","243","0","0","8.123456790123456"
"https://www.marqly.com/es/blog/chatear-con-videos-de-youtube-2026","pri","11","0","0","7.7272727272727275"
"https://www.marqly.com/es/blog/chatear-con-videos-de-youtube-2026","prt","2","0","0","9.5"
"https://www.marqly.com/es/blog/chatear-con-videos-de-youtube-2026","pry","164","0","0","8.5"
"https://www.marqly.com/es/blog/chatear-con-videos-de-youtube-2026","slv","21","0","0","8.19047619047619"
"https://www.marqly.com/es/blog/chatear-con-videos-de-youtube-2026","ury","267","0","0","8.441947565543071"
"https://www.marqly.com/es/blog/chatear-con-videos-de-youtube-2026","ven","646","0","0","8.325077399380806"
"https://www.marqly.com/es/blog/como-construir-un-segundo-cerebro-2026","esp","1","0","0","18"
"https://www.marqly.com/es/blog/como-encontrar-un-articulo-guardado-si-olvidaste-el-titulo-2026","bra","1","0","0","48"
"https://www.marqly.com/es/blog/como-exportar-marcadores-de-twitter-x-2026","ltu","1","0","0","22"
"https://www.marqly.com/es/blog/como-exportar-migrar-datos-pocket-2026","rus","1","0","0","75"
"https://www.marqly.com/es/blog/como-exportar-publicaciones-guardadas-de-instagram-2026","arg","55","0","0","32.763636363636365"
"https://www.marqly.com/es/blog/como-exportar-publicaciones-guardadas-de-instagram-2026","bgd","4","0","0","40"
"https://www.marqly.com/es/blog/como-exportar-publicaciones-guardadas-de-instagram-2026","bra","6","0","0","35.333333333333336"
"https://www.marqly.com/es/blog/como-exportar-publicaciones-guardadas-de-instagram-2026","chl","48","0","0","24.625"
"https://www.marqly.com/es/blog/como-exportar-publicaciones-guardadas-de-instagram-2026","col","33","0","0","32.75757575757576"
"https://www.marqly.com/es/blog/como-exportar-publicaciones-guardadas-de-instagram-2026","cri","1","0","0","4"
"https://www.marqly.com/es/blog/como-exportar-publicaciones-guardadas-de-instagram-2026","egy","2","0","0","30.5"
"https://www.marqly.com/es/blog/como-exportar-publicaciones-guardadas-de-instagram-2026","esp","42","0","0","33.642857142857146"
"https://www.marqly.com/es/blog/como-exportar-publicaciones-guardadas-de-instagram-2026","gbr","1","0","0","42"
"https://www.marqly.com/es/blog/como-exportar-publicaciones-guardadas-de-instagram-2026","gtm","1","0","0","1"
"https://www.marqly.com/es/blog/como-exportar-publicaciones-guardadas-de-instagram-2026","hkg","2","0","0","34.5"
"https://www.marqly.com/es/blog/como-exportar-publicaciones-guardadas-de-instagram-2026","kwt","1","0","0","35"
"https://www.marqly.com/es/blog/como-exportar-publicaciones-guardadas-de-instagram-2026","mar","1","0","0","32"
"https://www.marqly.com/es/blog/como-exportar-publicaciones-guardadas-de-instagram-2026","mda","1","0","0","35"
"https://www.marqly.com/es/blog/como-exportar-publicaciones-guardadas-de-instagram-2026","mex","45","0","0","26.266666666666666"
"https://www.marqly.com/es/blog/como-exportar-publicaciones-guardadas-de-instagram-2026","nga","1","0","0","41"
"https://www.marqly.com/es/blog/como-exportar-publicaciones-guardadas-de-instagram-2026","per","36","0","0","30.27777777777778"
"https://www.marqly.com/es/blog/como-exportar-publicaciones-guardadas-de-instagram-2026","phl","1","0","0","27"
"https://www.marqly.com/es/blog/como-exportar-publicaciones-guardadas-de-instagram-2026","pry","1","0","0","68"
"https://www.marqly.com/es/blog/como-exportar-publicaciones-guardadas-de-instagram-2026","rus","5","0","0","40.2"
"https://www.marqly.com/es/blog/como-exportar-publicaciones-guardadas-de-instagram-2026","slv","1","0","0","3"
"https://www.marqly.com/es/blog/como-exportar-publicaciones-guardadas-de-instagram-2026","tur","1","0","0","35"
"https://www.marqly.com/es/blog/como-exportar-publicaciones-guardadas-de-instagram-2026","ukr","3","0","0","20"
"https://www.marqly.com/es/blog/como-exportar-publicaciones-guardadas-de-instagram-2026","ury","2","0","0","3.5"
"https://www.marqly.com/es/blog/como-exportar-publicaciones-guardadas-de-instagram-2026","ven","1","0","0","30"
"https://www.marqly.com/es/blog/como-exportar-publicaciones-guardadas-de-instagram-2026","vnm","2","0","0","36"
"https://www.marqly.com/es/blog/como-exportar-publicaciones-guardadas-de-instagram-2026","zaf","1","0","0","34"
"https://www.marqly.com/es/blog/como-exportar-ver-mas-tarde-de-youtube-2026","arg","17","0","0","25.058823529411764"
"https://www.marqly.com/es/blog/como-exportar-ver-mas-tarde-de-youtube-2026","bra","2","0","0","16"
"https://www.marqly.com/es/blog/como-exportar-ver-mas-tarde-de-youtube-2026","chl","13","0","0","16.307692307692307"
"https://www.marqly.com/es/blog/como-exportar-ver-mas-tarde-de-youtube-2026","col","14","0","0","20.928571428571427"
"https://www.marqly.com/es/blog/como-exportar-ver-mas-tarde-de-youtube-2026","dom","1","0","0","9"
"https://www.marqly.com/es/blog/como-exportar-ver-mas-tarde-de-youtube-2026","dza","1","0","0","33"
"https://www.marqly.com/es/blog/como-exportar-ver-mas-tarde-de-youtube-2026","esh","1","0","0","19"
"https://www.marqly.com/es/blog/como-exportar-ver-mas-tarde-de-youtube-2026","esp","27","0","0","18.444444444444443"
"https://www.marqly.com/es/blog/como-exportar-ver-mas-tarde-de-youtube-2026","ind","1","0","0","17"
"https://www.marqly.com/es/blog/como-exportar-ver-mas-tarde-de-youtube-2026","irq","1","0","0","23"
"https://www.marqly.com/es/blog/como-exportar-ver-mas-tarde-de-youtube-2026","mex","14","0","0","23.357142857142858"
"https://www.marqly.com/es/blog/como-exportar-ver-mas-tarde-de-youtube-2026","pak","1","0","0","16"
"https://www.marqly.com/es/blog/como-exportar-ver-mas-tarde-de-youtube-2026","per","15","0","0","18.333333333333332"
"https://www.marqly.com/es/blog/como-exportar-ver-mas-tarde-de-youtube-2026","ury","1","0","0","32"
"https://www.marqly.com/es/blog/como-exportar-ver-mas-tarde-de-youtube-2026","usa","1","0","0","31"
"https://www.marqly.com/es/blog/como-exportar-ver-mas-tarde-de-youtube-2026","uzb","1","0","0","31"
"https://www.marqly.com/es/blog/como-exportar-ver-mas-tarde-de-youtube-2026","vnm","2","0","0","20"
"https://www.marqly.com/es/blog/como-resaltar-texto-en-cualquier-web-2026","col","2","0","0","9.5"
"https://www.marqly.com/es/blog/como-resaltar-texto-en-cualquier-web-2026","mex","3","0","0","12.333333333333334"
"https://www.marqly.com/es/blog/como-resaltar-texto-en-cualquier-web-2026","usa","2","0","0","16"
"https://www.marqly.com/es/blog/deja-de-organizar-marcadores-carpetas-obsoletas-2026","bra","1","0","0","11"
"https://www.marqly.com/es/blog/deja-de-organizar-marcadores-carpetas-obsoletas-2026","esp","1","0","0","15"
"https://www.marqly.com/es/blog/exportar-marcadores-chrome","abw","1","0","0","8"
"https://www.marqly.com/es/blog/exportar-marcadores-chrome","and","2","0","0","10.5"
"https://www.marqly.com/es/blog/exportar-marcadores-chrome","are","1","0","0","9"
"https://www.marqly.com/es/blog/exportar-marcadores-chrome","arg","16","0","0","17.5"
"https://www.marqly.com/es/blog/exportar-marcadores-chrome","aus","2","0","0","9.5"
"https://www.marqly.com/es/blog/exportar-marcadores-chrome","bol","6","0","0","10.333333333333334"
"https://www.marqly.com/es/blog/exportar-marcadores-chrome","bra","4","0","0","9.75"
"https://www.marqly.com/es/blog/exportar-marcadores-chrome","can","2","0","0","8.5"
"https://www.marqly.com/es/blog/exportar-marcadores-chrome","che","3","0","0","8.666666666666668"
"https://www.marqly.com/es/blog/exportar-marcadores-chrome","chl","7","0","0","9.142857142857142"
"https://www.marqly.com/es/blog/exportar-marcadores-chrome","col","13","0","0","26"
"https://www.marqly.com/es/blog/exportar-marcadores-chrome","cri","12","0","0","10.166666666666666"
"https://www.marqly.com/es/blog/exportar-marcadores-chrome","cuw","1","0","0","10"
"https://www.marqly.com/es/blog/exportar-marcadores-chrome","cze","1","0","0","1"
"https://www.marqly.com/es/blog/exportar-marcadores-chrome","deu","9","0","0","5"
"https://www.marqly.com/es/blog/exportar-marcadores-chrome","dom","8","0","0","10.5"
"https://www.marqly.com/es/blog/exportar-marcadores-chrome","ecu","22","0","0","9.181818181818182"
"https://www.marqly.com/es/blog/exportar-marcadores-chrome","esp","133","0","0","32.090225563909776"
"https://www.marqly.com/es/blog/exportar-marcadores-chrome","fin","1","0","0","9"
"https://www.marqly.com/es/blog/exportar-marcadores-chrome","fra","10","0","0","7.8"
"https://www.marqly.com/es/blog/exportar-marcadores-chrome","gbr","14","0","0","18.071428571428573"
"https://www.marqly.com/es/blog/exportar-marcadores-chrome","gtm","4","0","0","9"
"https://www.marqly.com/es/blog/exportar-marcadores-chrome","hkg","1","0","0","8"
"https://www.marqly.com/es/blog/exportar-marcadores-chrome","hnd","2","0","0","1"
"https://www.marqly.com/es/blog/exportar-marcadores-chrome","ind","1","0","0","26"
"https://www.marqly.com/es/blog/exportar-marcadores-chrome","irl","5","0","0","7"
"https://www.marqly.com/es/blog/exportar-marcadores-chrome","ita","1","0","0","8"
"https://www.marqly.com/es/blog/exportar-marcadores-chrome","jpn","1","0","0","9"
"https://www.marqly.com/es/blog/exportar-marcadores-chrome","mex","18","0","0","23.944444444444443"
"https://www.marqly.com/es/blog/exportar-marcadores-chrome","nic","2","0","0","10.5"
"https://www.marqly.com/es/blog/exportar-marcadores-chrome","nld","6","0","0","9.333333333333334"
"https://www.marqly.com/es/blog/exportar-marcadores-chrome","pan","3","0","0","8.666666666666668"
"https://www.marqly.com/es/blog/exportar-marcadores-chrome","per","16","0","0","12.375"
"https://www.marqly.com/es/blog/exportar-marcadores-chrome","pri","1","0","0","9"
"https://www.marqly.com/es/blog/exportar-marcadores-chrome","prt","2","0","0","8.5"
"https://www.marqly.com/es/blog/exportar-marcadores-chrome","pry","9","0","0","9.555555555555555"
"https://www.marqly.com/es/blog/exportar-marcadores-chrome","sau","1","0","0","28"
"https://www.marqly.com/es/blog/exportar-marcadores-chrome","sgp","1","0","0","9"
"https://www.marqly.com/es/blog/exportar-marcadores-chrome","slv","3","0","0","9.666666666666666"
"https://www.marqly.com/es/blog/exportar-marcadores-chrome","swe","1","0","0","9"
"https://www.marqly.com/es/blog/exportar-marcadores-chrome","ury","12","0","0","10.166666666666666"
"https://www.marqly.com/es/blog/exportar-marcadores-chrome","usa","18","0","0","16.444444444444443"
"https://www.marqly.com/es/blog/exportar-marcadores-chrome","ven","51","0","0","4.705882352941177"
"https://www.marqly.com/es/blog/gestores-de-marcadores-con-ia-busqueda-semantica-comparativa-2026","esp","3","0","0","10"
"https://www.marqly.com/es/blog/guardar-pagina-web-en-pdf","arg","2","0","0","18.5"
"https://www.marqly.com/es/blog/guardar-pagina-web-en-pdf","chl","1","0","0","8"
"https://www.marqly.com/es/blog/guardar-pagina-web-en-pdf","dom","1","0","0","9"
"https://www.marqly.com/es/blog/guardar-pagina-web-en-pdf","esp","3","0","0","12.333333333333334"
"https://www.marqly.com/es/blog/guardar-pagina-web-en-pdf","mex","1","0","0","11"
"https://www.marqly.com/es/blog/guardar-pagina-web-en-pdf","pry","1","0","0","11"
"https://www.marqly.com/es/blog/guardar-pagina-web-en-pdf","ven","1","0","0","9"
"https://www.marqly.com/es/blog/guardar-videos-youtube-ver-mas-tarde-2026","esp","3","0","0","10.666666666666666"
"https://www.marqly.com/es/blog/guardar-videos-youtube-ver-mas-tarde-2026","mex","2","0","0","15.5"
"https://www.marqly.com/es/blog/marcadores-chrome-no-sincronizan-solucion-2026","arg","3","0","0","10"
"https://www.marqly.com/es/blog/marcadores-chrome-no-sincronizan-solucion-2026","che","1","0","0","8"
"https://www.marqly.com/es/blog/marcadores-chrome-no-sincronizan-solucion-2026","chl","1","0","0","11"
"https://www.marqly.com/es/blog/marcadores-chrome-no-sincronizan-solucion-2026","col","1","0","0","6"
"https://www.marqly.com/es/blog/marcadores-chrome-no-sincronizan-solucion-2026","ecu","2","0","0","10.5"
"https://www.marqly.com/es/blog/marcadores-chrome-no-sincronizan-solucion-2026","esp","26","0","0","10.538461538461538"
"https://www.marqly.com/es/blog/marcadores-chrome-no-sincronizan-solucion-2026","hnd","1","0","0","7"
"https://www.marqly.com/es/blog/marcadores-chrome-no-sincronizan-solucion-2026","mex","6","0","0","9.166666666666666"
"https://www.marqly.com/es/blog/marcadores-chrome-no-sincronizan-solucion-2026","pry","1","0","0","23"
"https://www.marqly.com/es/blog/marcadores-chrome-no-sincronizan-solucion-2026","ven","2","0","0","5.5"
"https://www.marqly.com/es/blog/mejores-alternativas-autoalojadas-a-pocket-2026","esp","1","0","0","4"
"https://www.marqly.com/es/blog/mejores-apps-para-leer-despues-2026","col","1","0","0","90"
"https://www.marqly.com/es/blog/mejores-apps-segundo-cerebro-2026","esp","2","0","0","9.5"
"https://www.marqly.com/es/blog/mejores-apps-segundo-cerebro-2026","mex","1","0","0","16"
"https://www.marqly.com/es/blog/mejores-resumidores-youtube-ia-2026","chl","1","0","0","4"
"https://www.marqly.com/es/blog/mejores-resumidores-youtube-ia-2026","gtm","1","0","0","4"
"https://www.marqly.com/es/blog/mejores-resumidores-youtube-ia-2026","per","1","0","0","1"
"https://www.marqly.com/es/blog/obtener-transcripcion-youtube","chl","1","0","0","28"
"https://www.marqly.com/es/blog/organizar-marcadores-navegador","mex","1","0","0","9"
"https://www.marqly.com/es/blog/organizar-marcadores-navegador","phl","1","0","0","52"
"https://www.marqly.com/es/blog/que-es-la-busqueda-semantica","alb","1","0","0","23"
"https://www.marqly.com/es/blog/que-es-la-busqueda-semantica","are","1","0","0","11"
"https://www.marqly.com/es/blog/que-es-la-busqueda-semantica","arg","1","0","0","12"
"https://www.marqly.com/es/blog/que-es-la-busqueda-semantica","bol","2","0","0","10"
"https://www.marqly.com/es/blog/que-es-la-busqueda-semantica","chl","5","0","0","11"
"https://www.marqly.com/es/blog/que-es-la-busqueda-semantica","col","4","0","0","9.75"
"https://www.marqly.com/es/blog/que-es-la-busqueda-semantica","cri","2","0","0","10"
"https://www.marqly.com/es/blog/que-es-la-busqueda-semantica","esp","3","0","0","9"
"https://www.marqly.com/es/blog/que-es-la-busqueda-semantica","gtm","1","0","0","10"
"https://www.marqly.com/es/blog/que-es-la-busqueda-semantica","mex","2","0","0","9"
"https://www.marqly.com/es/blog/que-es-la-busqueda-semantica","per","1","0","0","11"
"https://www.marqly.com/es/blog/que-es-la-busqueda-semantica","usa","1","0","0","35"
"https://www.marqly.com/es/blog/que-es-un-segundo-cerebro-con-ia-2026","esp","5","0","0","11.8"
"https://www.marqly.com/es/blog/que-es-un-segundo-cerebro-con-ia-2026","mex","2","0","0","14"
"https://www.marqly.com/es/blog/que-es-un-segundo-cerebro-con-ia-2026","slv","3","0","0","10.333333333333334"
"https://www.marqly.com/es/blog/que-es-una-app-de-segundo-cerebro-2026","esp","5","0","0","8.8"
"https://www.marqly.com/es/blog/resena-raindrop-io-2026","arg","1","0","0","9"
"https://www.marqly.com/es/blog/resena-raindrop-io-2026","ecu","1","0","0","9"
"https://www.marqly.com/es/blog/resena-raindrop-io-2026","esp","4","0","0","7.5"
"https://www.marqly.com/es/blog/resena-raindrop-io-2026","per","1","0","0","8"
"https://www.marqly.com/es/blog/resena-readwise-reader-2026","esp","3","0","0","8.333333333333332"
"https://www.marqly.com/es/blog/resumir-videos-youtube-con-ia-2026","arg","5","0","0","8.6"
"https://www.marqly.com/es/blog/resumir-videos-youtube-con-ia-2026","bol","6","0","0","10.333333333333334"
"https://www.marqly.com/es/blog/resumir-videos-youtube-con-ia-2026","bra","1","0","0","22"
"https://www.marqly.com/es/blog/resumir-videos-youtube-con-ia-2026","col","39","0","0","9.025641025641026"
"https://www.marqly.com/es/blog/resumir-videos-youtube-con-ia-2026","cri","2","0","0","9.5"
"https://www.marqly.com/es/blog/resumir-videos-youtube-con-ia-2026","dom","5","0","0","8"
"https://www.marqly.com/es/blog/resumir-videos-youtube-con-ia-2026","ecu","8","0","0","8.875"
"https://www.marqly.com/es/blog/resumir-videos-youtube-con-ia-2026","esp","31","0","0","9.709677419354838"
"https://www.marqly.com/es/blog/resumir-videos-youtube-con-ia-2026","hnd","3","0","0","7.666666666666667"
"https://www.marqly.com/es/blog/resumir-videos-youtube-con-ia-2026","mex","7","0","0","9"
"https://www.marqly.com/es/blog/resumir-videos-youtube-con-ia-2026","nic","2","0","0","9"
"https://www.marqly.com/es/blog/resumir-videos-youtube-con-ia-2026","pan","6","0","0","8.666666666666668"
"https://www.marqly.com/es/blog/resumir-videos-youtube-con-ia-2026","per","2","0","0","6"
"https://www.marqly.com/es/blog/resumir-videos-youtube-con-ia-2026","ury","4","0","0","9.5"
"https://www.marqly.com/es/blog/resumir-videos-youtube-con-ia-2026","ven","26","0","0","9.423076923076923"
"https://www.marqly.com/es/comparar/marqly-vs-pocket","esp","2","0","0","9"
"https://www.marqly.com/es/extension","bol","1","0","0","9"
"https://www.marqly.com/es/extension","col","1","0","0","6"
"https://www.marqly.com/es/extension","ecu","2","0","0","7.5"
"https://www.marqly.com/es/extension","esp","4","0","0","7.25"
"https://www.marqly.com/es/extension","gtm","2","0","0","9.5"
"https://www.marqly.com/es/extension","per","12","0","0","8.083333333333332"
"https://www.marqly.com/es/extension","ury","1","0","0","8"
"https://www.marqly.com/es/herramientas/transcripcion-youtube","arg","12","0","0","56.75"
"https://www.marqly.com/es/herramientas/transcripcion-youtube","can","2","0","0","24.5"
"https://www.marqly.com/es/herramientas/transcripcion-youtube","chl","5","0","0","34.6"
"https://www.marqly.com/es/herramientas/transcripcion-youtube","col","9","0","0","52.666666666666664"
"https://www.marqly.com/es/herramientas/transcripcion-youtube","cri","1","0","0","58"
"https://www.marqly.com/es/herramientas/transcripcion-youtube","ecu","7","0","0","44.285714285714285"
"https://www.marqly.com/es/herramientas/transcripcion-youtube","esp","8","0","0","47.125"
"https://www.marqly.com/es/herramientas/transcripcion-youtube","gbr","1","0","0","24"
"https://www.marqly.com/es/herramientas/transcripcion-youtube","gtm","1","0","0","40"
"https://www.marqly.com/es/herramientas/transcripcion-youtube","irq","1","0","0","17"
"https://www.marqly.com/es/herramientas/transcripcion-youtube","kaz","1","0","0","18"
"https://www.marqly.com/es/herramientas/transcripcion-youtube","kor","1","0","0","28"
"https://www.marqly.com/es/herramientas/transcripcion-youtube","kwt","1","0","0","24"
"https://www.marqly.com/es/herramientas/transcripcion-youtube","mex","9","0","0","46.55555555555556"
"https://www.marqly.com/es/herramientas/transcripcion-youtube","pan","2","0","0","49"
"https://www.marqly.com/es/herramientas/transcripcion-youtube","per","21","0","0","59.04761904761905"
"https://www.marqly.com/es/herramientas/transcripcion-youtube","rus","1","0","0","49"
"https://www.marqly.com/es/herramientas/transcripcion-youtube","sau","1","0","0","22"
"https://www.marqly.com/es/herramientas/transcripcion-youtube","slv","2","0","0","55"
"https://www.marqly.com/es/herramientas/transcripcion-youtube","syr","1","0","0","64"
"https://www.marqly.com/es/herramientas/transcripcion-youtube","tun","1","0","0","26"
"https://www.marqly.com/es/herramientas/transcripcion-youtube","usa","8","0","0","53.375"
"https://www.marqly.com/es/herramientas/transcripcion-youtube","uzb","1","0","0","47"
"https://www.marqly.com/es/herramientas/transcripcion-youtube","ven","3","0","0","41.333333333333336"
"https://www.marqly.com/es/usos/abogados","esp","1","0","0","46"
"https://www.marqly.com/es/usos/academicos","arg","1","0","0","15"
"https://www.marqly.com/es/usos/academicos","esp","1","0","0","6"
"https://www.marqly.com/es/usos/creadores-de-contenido","col","1","0","0","6"
"https://www.marqly.com/es/usos/creadores-de-contenido","esp","1","0","0","2"
"https://www.marqly.com/es/usos/creadores-de-contenido","mex","2","0","0","4"
"https://www.marqly.com/es/usos/creadores-de-contenido","per","1","0","0","3"
"https://www.marqly.com/es/usos/curacion-de-contenido","bol","1","0","0","8"
"https://www.marqly.com/es/usos/curacion-de-contenido","per","2","0","0","9"
"https://www.marqly.com/es/usos/disenadores","col","2","0","0","2"
"https://www.marqly.com/es/usos/disenadores","mex","1","0","0","1"
"https://www.marqly.com/es/usos/estudiantes","ecu","1","0","0","5"
"https://www.marqly.com/es/usos/estudiantes","mex","3","0","0","2.333333333333333"
"https://www.marqly.com/es/usos/estudiantes","per","1","0","0","8"
"https://www.marqly.com/es/usos/gestor-marcadores-chrome","chl","1","0","0","1"
"https://www.marqly.com/es/usos/gestor-marcadores-chrome","mex","2","0","0","1.5"
"https://www.marqly.com/es/usos/gestor-marcadores-chrome","per","1","0","0","1"
"https://www.marqly.com/es/usos/gestor-marcadores-edge","esp","5","0","0","7.4"
"https://www.marqly.com/es/usos/gestor-marcadores-edge","usa","1","0","0","7"
"https://www.marqly.com/es/usos/gestor-marcadores-edge","ven","1","0","0","11"
"https://www.marqly.com/es/usos/gestor-marcadores-iphone","mex","1","0","0","11"
"https://www.marqly.com/es/usos/guardar-articulos-leer-despues","mex","1","0","0","10"
"https://www.marqly.com/es/usos/guardar-articulos-leer-despues","usa","1","0","0","14"
"https://www.marqly.com/es/usos/guardar-links-redes","arg","1","0","0","10"
"https://www.marqly.com/es/usos/guardar-links-redes","chl","2","0","0","8"
"https://www.marqly.com/es/usos/guardar-links-redes","col","2","0","0","11"
"https://www.marqly.com/es/usos/guardar-links-redes","esp","3","0","0","21"
"https://www.marqly.com/es/usos/guardar-links-redes","per","1","0","0","1"
"https://www.marqly.com/es/usos/guardar-links-redes","ven","1","0","0","1"
"https://www.marqly.com/es/usos/guardar-pagina-pdf","dom","2","0","0","6"
"https://www.marqly.com/es/usos/guardar-pagina-pdf","esp","1","0","0","3"
"https://www.marqly.com/es/usos/guardar-pestanas","arg","16","0","0","10.9375"
"https://www.marqly.com/es/usos/guardar-pestanas","bel","1","0","0","9"
"https://www.marqly.com/es/usos/guardar-pestanas","bol","4","0","0","9.5"
"https://www.marqly.com/es/usos/guardar-pestanas","bra","4","0","0","7"
"https://www.marqly.com/es/usos/guardar-pestanas","chl","18","0","0","10.444444444444445"
"https://www.marqly.com/es/usos/guardar-pestanas","col","16","0","0","9.625"
"https://www.marqly.com/es/usos/guardar-pestanas","cri","1","0","0","10"
"https://www.marqly.com/es/usos/guardar-pestanas","deu","3","0","0","7"
"https://www.marqly.com/es/usos/guardar-pestanas","dom","8","0","0","8.625"
"https://www.marqly.com/es/usos/guardar-pestanas","ecu","6","0","0","9.5"
"https://www.marqly.com/es/usos/guardar-pestanas","esp","35","0","0","10.6"
"https://www.marqly.com/es/usos/guardar-pestanas","gtm","4","0","0","7.25"
"https://www.marqly.com/es/usos/guardar-pestanas","hun","1","0","0","11"
"https://www.marqly.com/es/usos/guardar-pestanas","irq","1","0","0","11"
"https://www.marqly.com/es/usos/guardar-pestanas","mex","29","0","0","10.448275862068966"
"https://www.marqly.com/es/usos/guardar-pestanas","nld","3","0","0","8"
"https://www.marqly.com/es/usos/guardar-pestanas","pan","2","0","0","9.5"
"https://www.marqly.com/es/usos/guardar-pestanas","per","24","0","0","9.666666666666666"
"https://www.marqly.com/es/usos/guardar-pestanas","pry","4","0","0","9.5"
"https://www.marqly.com/es/usos/guardar-pestanas","rus","2","0","0","10"
"https://www.marqly.com/es/usos/guardar-pestanas","sau","1","0","0","8"
"https://www.marqly.com/es/usos/guardar-pestanas","slv","3","0","0","10"
"https://www.marqly.com/es/usos/guardar-pestanas","ury","2","0","0","10"
"https://www.marqly.com/es/usos/guardar-pestanas","usa","1","0","0","11"
"https://www.marqly.com/es/usos/guardar-pestanas","ven","13","0","0","9.846153846153847"
"https://www.marqly.com/es/usos/guardar-videos-youtube","bra","1","0","0","23"
"https://www.marqly.com/es/usos/guardar-videos-youtube","chl","1","0","0","11"
"https://www.marqly.com/es/usos/guardar-videos-youtube","col","2","0","0","9.5"
"https://www.marqly.com/es/usos/guardar-videos-youtube","cri","1","0","0","8"
"https://www.marqly.com/es/usos/guardar-videos-youtube","ecu","2","0","0","9.5"
"https://www.marqly.com/es/usos/guardar-videos-youtube","esp","12","0","0","11.25"
"https://www.marqly.com/es/usos/guardar-videos-youtube","mex","4","0","0","9.5"
"https://www.marqly.com/es/usos/guardar-videos-youtube","pan","1","0","0","8"
"https://www.marqly.com/es/usos/guardar-videos-youtube","pry","2","0","0","7"
"https://www.marqly.com/es/usos/guardar-videos-youtube","ury","1","0","0","11"
"https://www.marqly.com/es/usos/guardar-videos-youtube","usa","3","0","0","6.666666666666667"
"https://www.marqly.com/es/usos/guardar-videos-youtube","ven","1","0","0","8"
"https://www.marqly.com/es/usos/historial-portapapeles","arg","1","0","0","11"
"https://www.marqly.com/es/usos/historial-portapapeles","col","3","0","0","4.333333333333334"
"https://www.marqly.com/es/usos/historial-portapapeles","ecu","2","0","0","10.5"
"https://www.marqly.com/es/usos/historial-portapapeles","esp","4","0","0","13"
"https://www.marqly.com/es/usos/historial-portapapeles","gtm","1","0","0","10"
"https://www.marqly.com/es/usos/historial-portapapeles","hnd","1","0","0","2"
"https://www.marqly.com/es/usos/historial-portapapeles","mex","2","0","0","13.5"
"https://www.marqly.com/es/usos/historial-portapapeles","per","2","0","0","9.5"
"https://www.marqly.com/es/usos/historial-portapapeles","slv","1","0","0","7"
"https://www.marqly.com/es/usos/historial-portapapeles","usa","1","0","0","10"
"https://www.marqly.com/es/usos/historial-portapapeles","ven","1","0","0","9"
"https://www.marqly.com/es/usos/investigadores-ux","esp","1","0","0","43"
"https://www.marqly.com/es/usos/investigadores-ux","mex","2","0","0","27"
"https://www.marqly.com/es/usos/marketing","esp","1","0","0","2"
"https://www.marqly.com/es/usos/marketing","mex","1","0","0","1"
"https://www.marqly.com/es/usos/organizador-de-marcadores","arg","4","0","0","4.75"
"https://www.marqly.com/es/usos/organizador-de-marcadores","bol","2","0","0","4"
"https://www.marqly.com/es/usos/organizador-de-marcadores","chl","2","0","0","4"
"https://www.marqly.com/es/usos/organizador-de-marcadores","col","2","0","0","1.5"
"https://www.marqly.com/es/usos/organizador-de-marcadores","esp","4","0","0","3.5"
"https://www.marqly.com/es/usos/organizador-de-marcadores","mex","6","0","0","2.833333333333333"
"https://www.marqly.com/es/usos/organizador-de-marcadores","per","4","0","0","5.75"
"https://www.marqly.com/es/usos/periodistas","ecu","1","0","0","10"
"https://www.marqly.com/es/usos/periodistas","per","1","0","0","6"
"https://www.marqly.com/es/usos/reclutadores","esp","1","0","0","4"
"https://www.marqly.com/es/usos/reclutadores","usa","1","0","0","4"
"https://www.marqly.com/es/usos/resumidor-youtube","arg","1","0","0","1"
"https://www.marqly.com/es/usos/resumidor-youtube","col","1","0","0","1"
"https://www.marqly.com/es/usos/resumidor-youtube","esp","2","0","0","1"
"https://www.marqly.com/es/usos/resumidor-youtube","jam","1","0","0","7"
"https://www.marqly.com/es/usos/resumidor-youtube","slv","1","0","0","1"
"https://www.marqly.com/es/usos/resumidor-youtube","usa","1","0","0","1"
"https://www.marqly.com/es/usos/swipe-file","esp","1","0","0","32"
"https://www.marqly.com/extension","are","25","0","0","1"
"https://www.marqly.com/extension","arg","4","0","0","5.5"
"https://www.marqly.com/extension","arm","1","0","0","1"
"https://www.marqly.com/extension","aus","18","0","0","1"
"https://www.marqly.com/extension","aut","1","0","0","2"
"https://www.marqly.com/extension","aze","1","0","0","1"
"https://www.marqly.com/extension","bel","2","0","0","1"
"https://www.marqly.com/extension","bgd","2","0","0","1"
"https://www.marqly.com/extension","bgr","3","0","0","2"
"https://www.marqly.com/extension","bhr","1","0","0","1"
"https://www.marqly.com/extension","bol","1","0","0","10"
"https://www.marqly.com/extension","bra","17","0","0","3.0588235294117645"
"https://www.marqly.com/extension","can","15","0","0","1.4666666666666668"
"https://www.marqly.com/extension","che","5","0","0","2.2"
"https://www.marqly.com/extension","chl","3","0","0","3.6666666666666665"
"https://www.marqly.com/extension","chn","4","0","0","2.75"
"https://www.marqly.com/extension","cmr","2","0","0","5"
"https://www.marqly.com/extension","cyp","2","0","0","1"
"https://www.marqly.com/extension","cze","1","0","0","1"
"https://www.marqly.com/extension","deu","24","0","0","2.416666666666667"
"https://www.marqly.com/extension","dnk","2","0","0","1"
"https://www.marqly.com/extension","dza","3","0","0","3.6666666666666665"
"https://www.marqly.com/extension","egy","2","0","0","1"
"https://www.marqly.com/extension","esp","6","0","0","2.666666666666667"
"https://www.marqly.com/extension","est","1","0","0","1"
"https://www.marqly.com/extension","fin","2","0","0","1"
"https://www.marqly.com/extension","gbr","15","0","0","6.4"
"https://www.marqly.com/extension","geo","4","0","0","1"
"https://www.marqly.com/extension","grc","1","0","0","1"
"https://www.marqly.com/extension","hkg","2","0","0","1"
"https://www.marqly.com/extension","hrv","4","0","0","1"
"https://www.marqly.com/extension","hun","3","0","0","1"
"https://www.marqly.com/extension","idn","8","0","0","1"
"https://www.marqly.com/extension","ind","57","0","0","2.3684210526315788"
"https://www.marqly.com/extension","irl","1","0","0","1"
"https://www.marqly.com/extension","irn","3","0","0","1"
"https://www.marqly.com/extension","isl","2","0","0","1"
"https://www.marqly.com/extension","isr","4","0","0","1"
"https://www.marqly.com/extension","jpn","19","0","0","5.105263157894737"
"https://www.marqly.com/extension","kaz","1","0","0","1"
"https://www.marqly.com/extension","kor","12","0","0","1.5"
"https://www.marqly.com/extension","lby","1","0","0","1"
"https://www.marqly.com/extension","lka","1","0","0","1"
"https://www.marqly.com/extension","lux","1","0","0","1"
"https://www.marqly.com/extension","lva","1","0","0","1"
"https://www.marqly.com/extension","mex","11","0","0","2.8181818181818183"
"https://www.marqly.com/extension","mkd","1","0","0","1"
"https://www.marqly.com/extension","moz","13","0","0","4.3076923076923075"
"https://www.marqly.com/extension","mys","3","0","0","1"
"https://www.marqly.com/extension","nld","11","0","0","1.8181818181818183"
"https://www.marqly.com/extension","npl","1","0","0","1"
"https://www.marqly.com/extension","nzl","1","0","0","1"
"https://www.marqly.com/extension","pak","3","0","0","1"
"https://www.marqly.com/extension","phl","8","0","0","10.5"
"https://www.marqly.com/extension","pol","5","0","0","1.8"
"https://www.marqly.com/extension","prt","5","0","0","1.8"
"https://www.marqly.com/extension","qat","1","0","0","1"
"https://www.marqly.com/extension","rou","3","0","0","1"
"https://www.marqly.com/extension","rus","10","0","0","1"
"https://www.marqly.com/extension","sau","3","0","0","1"
"https://www.marqly.com/extension","sgp","4","0","0","1"
"https://www.marqly.com/extension","slv","1","0","0","1"
"https://www.marqly.com/extension","srb","1","0","0","1"
"https://www.marqly.com/extension","svk","1","0","0","1"
"https://www.marqly.com/extension","swe","5","0","0","2.4"
"https://www.marqly.com/extension","tha","7","0","0","1"
"https://www.marqly.com/extension","tur","12","0","0","2.916666666666667"
"https://www.marqly.com/extension","twn","7","0","0","1"
"https://www.marqly.com/extension","uga","1","0","0","1"
"https://www.marqly.com/extension","ukr","7","0","0","1"
"https://www.marqly.com/extension","usa","93","0","0","3.7204301075268815"
"https://www.marqly.com/extension","vnm","11","0","0","1"
"https://www.marqly.com/extension","zaf","4","0","0","5.5"
"https://www.marqly.com/faq","are","2","0","0","2.5"
"https://www.marqly.com/faq","aus","5","0","0","1"
"https://www.marqly.com/faq","aut","1","0","0","6"
"https://www.marqly.com/faq","bra","1","0","0","1"
"https://www.marqly.com/faq","can","2","0","0","2"
"https://www.marqly.com/faq","chl","1","0","0","1"
"https://www.marqly.com/faq","deu","6","0","0","3.6666666666666665"
"https://www.marqly.com/faq","dnk","2","0","0","1"
"https://www.marqly.com/faq","esp","1","0","0","1"
"https://www.marqly.com/faq","est","1","0","0","1"
"https://www.marqly.com/faq","fin","1","0","0","1"
"https://www.marqly.com/faq","fra","1","0","0","1"
"https://www.marqly.com/faq","gbr","4","0","0","1"
"https://www.marqly.com/faq","hun","1","0","0","1"
"https://www.marqly.com/faq","idn","2","0","0","1"
"https://www.marqly.com/faq","ind","1","0","0","1"
"https://www.marqly.com/faq","isl","1","0","0","1"
"https://www.marqly.com/faq","ita","1","0","0","1"
"https://www.marqly.com/faq","kor","1","0","0","1"
"https://www.marqly.com/faq","mar","1","0","0","1"
"https://www.marqly.com/faq","moz","4","0","0","1"
"https://www.marqly.com/faq","mys","2","0","0","1"
"https://www.marqly.com/faq","nga","1","0","0","46"
"https://www.marqly.com/faq","nld","2","0","0","1"
"https://www.marqly.com/faq","nzl","1","0","0","1"
"https://www.marqly.com/faq","omn","1","0","0","50"
"https://www.marqly.com/faq","pol","1","0","0","1"
"https://www.marqly.com/faq","prt","2","0","0","1.5"
"https://www.marqly.com/faq","rus","1","0","0","1"
"https://www.marqly.com/faq","sgp","1","0","0","1"
"https://www.marqly.com/faq","tha","6","0","0","1"
"https://www.marqly.com/faq","twn","1","0","0","1"
"https://www.marqly.com/faq","ukr","2","0","0","1"
"https://www.marqly.com/faq","usa","20","0","0","1.45"
"https://www.marqly.com/faq","vnm","1","0","0","1"
"https://www.marqly.com/faq/can-i-save-chatgpt-claude-gemini-conversations","usa","1","0","0","8"
"https://www.marqly.com/faq/does-marqly-have-clipboard-history","chn","1","0","0","8"
"https://www.marqly.com/faq/does-marqly-have-clipboard-history","kor","2","0","0","3.5"
"https://www.marqly.com/faq/does-marqly-work-offline","kor","1","0","0","1"
"https://www.marqly.com/faq/does-marqly-work-on-edge","deu","1","0","0","41"
"https://www.marqly.com/faq/how-do-i-add-notes-to-highlights","usa","2","0","0","46"
"https://www.marqly.com/faq/how-do-i-cancel-my-subscription","bel","1","0","0","40"
"https://www.marqly.com/faq/how-do-i-cancel-my-subscription","nld","1","0","0","13"
"https://www.marqly.com/faq/how-do-i-delete-my-account","tur","1","0","0","21"
"https://www.marqly.com/faq/how-do-i-get-a-youtube-transcript","bra","1","0","0","18"
"https://www.marqly.com/faq/how-do-i-get-a-youtube-transcript","esp","1","0","0","9"
"https://www.marqly.com/faq/how-do-i-highlight-text-on-a-website","can","6","0","0","39.166666666666664"
"https://www.marqly.com/faq/how-do-i-highlight-text-on-a-website","deu","53","0","0","49.83018867924528"
"https://www.marqly.com/faq/how-do-i-highlight-text-on-a-website","fra","3","0","0","47.666666666666664"
"https://www.marqly.com/faq/how-do-i-highlight-text-on-a-website","gbr","12","0","0","50.666666666666664"
"https://www.marqly.com/faq/how-do-i-highlight-text-on-a-website","ind","2","0","0","58"
"https://www.marqly.com/faq/how-do-i-highlight-text-on-a-website","isr","2","0","0","31.5"
"https://www.marqly.com/faq/how-do-i-highlight-text-on-a-website","kor","1","0","0","59"
"https://www.marqly.com/faq/how-do-i-highlight-text-on-a-website","mys","3","0","0","42.333333333333336"
"https://www.marqly.com/faq/how-do-i-highlight-text-on-a-website","nor","1","0","0","10"
"https://www.marqly.com/faq/how-do-i-highlight-text-on-a-website","tur","2","0","0","72.5"
"https://www.marqly.com/faq/how-do-i-highlight-text-on-a-website","usa","42","0","0","46.833333333333336"
"https://www.marqly.com/faq/how-do-i-highlight-text-on-a-website","vnm","1","0","0","49"
"https://www.marqly.com/faq/how-do-i-import-chrome-bookmarks","can","1","0","0","1"
"https://www.marqly.com/faq/how-do-i-import-from-pocket","arg","1","0","0","29"
"https://www.marqly.com/faq/how-do-i-import-from-pocket","per","1","0","0","30"
"https://www.marqly.com/faq/how-do-i-import-from-pocket","usa","5","0","0","24.8"
"https://www.marqly.com/faq/how-do-i-save-a-page-as-pdf","rus","1","0","0","7"
"https://www.marqly.com/faq/how-do-i-save-all-my-open-tabs","aus","1","0","0","1"
"https://www.marqly.com/faq/how-do-i-save-all-my-open-tabs","nzl","1","0","0","9"
"https://www.marqly.com/faq/how-do-i-search-my-bookmarks-by-meaning","ukr","1","0","0","9"
"https://www.marqly.com/faq/how-do-i-share-a-board-publicly","mex","1","0","0","54"
"https://www.marqly.com/faq/how-do-i-share-a-board-publicly","pol","1","0","0","46"
"https://www.marqly.com/faq/how-do-i-share-a-board-publicly","usa","1","0","0","61"
"https://www.marqly.com/faq/how-do-i-summarize-a-youtube-video","are","37","0","0","9.108108108108109"
"https://www.marqly.com/faq/how-do-i-summarize-a-youtube-video","arg","20","0","0","9"
"https://www.marqly.com/faq/how-do-i-summarize-a-youtube-video","aus","1","0","0","10"
"https://www.marqly.com/faq/how-do-i-summarize-a-youtube-video","aut","3","0","0","8.333333333333332"
"https://www.marqly.com/faq/how-do-i-summarize-a-youtube-video","aze","2","0","0","5.5"
"https://www.marqly.com/faq/how-do-i-summarize-a-youtube-video","bgd","1","0","0","10"
"https://www.marqly.com/faq/how-do-i-summarize-a-youtube-video","bgr","4","0","0","8.75"
"https://www.marqly.com/faq/how-do-i-summarize-a-youtube-video","blr","5","0","0","8"
"https://www.marqly.com/faq/how-do-i-summarize-a-youtube-video","bol","3","0","0","9"
"https://www.marqly.com/faq/how-do-i-summarize-a-youtube-video","bra","17","0","0","8.470588235294118"
"https://www.marqly.com/faq/how-do-i-summarize-a-youtube-video","can","48","0","0","7.770833333333333"
"https://www.marqly.com/faq/how-do-i-summarize-a-youtube-video","che","1","0","0","7"
"https://www.marqly.com/faq/how-do-i-summarize-a-youtube-video","chl","6","0","0","9.333333333333334"
"https://www.marqly.com/faq/how-do-i-summarize-a-youtube-video","cmr","1","0","0","10"
"https://www.marqly.com/faq/how-do-i-summarize-a-youtube-video","col","18","0","0","9.61111111111111"
"https://www.marqly.com/faq/how-do-i-summarize-a-youtube-video","cri","1","0","0","9"
"https://www.marqly.com/faq/how-do-i-summarize-a-youtube-video","cuw","1","0","0","5"
"https://www.marqly.com/faq/how-do-i-summarize-a-youtube-video","deu","3","0","0","6.666666666666667"
"https://www.marqly.com/faq/how-do-i-summarize-a-youtube-video","dnk","1","0","0","8"
"https://www.marqly.com/faq/how-do-i-summarize-a-youtube-video","dom","1","0","0","7"
"https://www.marqly.com/faq/how-do-i-summarize-a-youtube-video","dza","9","0","0","8.222222222222221"
"https://www.marqly.com/faq/how-do-i-summarize-a-youtube-video","ecu","8","0","0","9.5"
"https://www.marqly.com/faq/how-do-i-summarize-a-youtube-video","egy","3","0","0","9"
"https://www.marqly.com/faq/how-do-i-summarize-a-youtube-video","esp","5","0","0","9.2"
"https://www.marqly.com/faq/how-do-i-summarize-a-youtube-video","est","1","0","0","10"
"https://www.marqly.com/faq/how-do-i-summarize-a-youtube-video","fra","14","0","0","7.428571428571429"
"https://www.marqly.com/faq/how-do-i-summarize-a-youtube-video","gbr","54","0","0","8.203703703703702"
"https://www.marqly.com/faq/how-do-i-summarize-a-youtube-video","glp","3","0","0","7.666666666666667"
"https://www.marqly.com/faq/how-do-i-summarize-a-youtube-video","guf","2","0","0","9.5"
"https://www.marqly.com/faq/how-do-i-summarize-a-youtube-video","hkg","2","0","0","8.5"
"https://www.marqly.com/faq/how-do-i-summarize-a-youtube-video","hrv","2","0","0","8"
"https://www.marqly.com/faq/how-do-i-summarize-a-youtube-video","idn","2","0","0","8.5"
"https://www.marqly.com/faq/how-do-i-summarize-a-youtube-video","ind","3","0","0","10"
"https://www.marqly.com/faq/how-do-i-summarize-a-youtube-video","irl","7","0","0","8.857142857142858"
"https://www.marqly.com/faq/how-do-i-summarize-a-youtube-video","irq","3","0","0","9"
"https://www.marqly.com/faq/how-do-i-summarize-a-youtube-video","isr","21","0","0","10.714285714285714"
"https://www.marqly.com/faq/how-do-i-summarize-a-youtube-video","ita","14","0","0","9.142857142857142"
"https://www.marqly.com/faq/how-do-i-summarize-a-youtube-video","jam","1","0","0","9"
"https://www.marqly.com/faq/how-do-i-summarize-a-youtube-video","kaz","11","0","0","8.545454545454547"
"https://www.marqly.com/faq/how-do-i-summarize-a-youtube-video","ken","1","0","0","8"
"https://www.marqly.com/faq/how-do-i-summarize-a-youtube-video","kgz","3","0","0","8.666666666666668"
"https://www.marqly.com/faq/how-do-i-summarize-a-youtube-video","khm","3","0","0","9"
"https://www.marqly.com/faq/how-do-i-summarize-a-youtube-video","kwt","3","0","0","7.333333333333333"
"https://www.marqly.com/faq/how-do-i-summarize-a-youtube-video","lbn","11","0","0","8.272727272727273"
"https://www.marqly.com/faq/how-do-i-summarize-a-youtube-video","lka","1","0","0","10"
"https://www.marqly.com/faq/how-do-i-summarize-a-youtube-video","mar","25","0","0","7.84"
"https://www.marqly.com/faq/how-do-i-summarize-a-youtube-video","mda","1","0","0","7"
"https://www.marqly.com/faq/how-do-i-summarize-a-youtube-video","mex","14","0","0","7.714285714285714"
"https://www.marqly.com/faq/how-do-i-summarize-a-youtube-video","mkd","1","0","0","9"
"https://www.marqly.com/faq/how-do-i-summarize-a-youtube-video","mlt","1","0","0","9"
"https://www.marqly.com/faq/how-do-i-summarize-a-youtube-video","moz","1","0","0","9"
"https://www.marqly.com/faq/how-do-i-summarize-a-youtube-video","mys","12","0","0","9.333333333333334"
"https://www.marqly.com/faq/how-do-i-summarize-a-youtube-video","ncl","1","0","0","5"
"https://www.marqly.com/faq/how-do-i-summarize-a-youtube-video","nga","3","0","0","9.666666666666666"
"https://www.marqly.com/faq/how-do-i-summarize-a-youtube-video","nor","2","0","0","6.5"
"https://www.marqly.com/faq/how-do-i-summarize-a-youtube-video","npl","2","0","0","9.5"
"https://www.marqly.com/faq/how-do-i-summarize-a-youtube-video","omn","2","0","0","9.5"
"https://www.marqly.com/faq/how-do-i-summarize-a-youtube-video","pak","24","0","0","8.708333333333332"
"https://www.marqly.com/faq/how-do-i-summarize-a-youtube-video","pan","1","0","0","9"
"https://www.marqly.com/faq/how-do-i-summarize-a-youtube-video","per","1","0","0","10"
"https://www.marqly.com/faq/how-do-i-summarize-a-youtube-video","phl","1","0","0","10"
"https://www.marqly.com/faq/how-do-i-summarize-a-youtube-video","pol","2","0","0","7"
"https://www.marqly.com/faq/how-do-i-summarize-a-youtube-video","pri","1","0","0","8"
"https://www.marqly.com/faq/how-do-i-summarize-a-youtube-video","prt","4","0","0","8"
"https://www.marqly.com/faq/how-do-i-summarize-a-youtube-video","pry","4","0","0","8.5"
"https://www.marqly.com/faq/how-do-i-summarize-a-youtube-video","pse","2","0","0","6.5"
"https://www.marqly.com/faq/how-do-i-summarize-a-youtube-video","qat","3","0","0","7.666666666666667"
"https://www.marqly.com/faq/how-do-i-summarize-a-youtube-video","reu","3","0","0","7.666666666666667"
"https://www.marqly.com/faq/how-do-i-summarize-a-youtube-video","rou","4","0","0","7"
"https://www.marqly.com/faq/how-do-i-summarize-a-youtube-video","rus","26","0","0","8.73076923076923"
"https://www.marqly.com/faq/how-do-i-summarize-a-youtube-video","sau","27","0","0","9.037037037037036"
"https://www.marqly.com/faq/how-do-i-summarize-a-youtube-video","sen","1","0","0","10"
"https://www.marqly.com/faq/how-do-i-summarize-a-youtube-video","slv","2","0","0","9"
"https://www.marqly.com/faq/how-do-i-summarize-a-youtube-video","srb","2","0","0","6"
"https://www.marqly.com/faq/how-do-i-summarize-a-youtube-video","svn","1","0","0","10"
"https://www.marqly.com/faq/how-do-i-summarize-a-youtube-video","swe","1","0","0","9"
"https://www.marqly.com/faq/how-do-i-summarize-a-youtube-video","sxm","1","0","0","8"
"https://www.marqly.com/faq/how-do-i-summarize-a-youtube-video","syr","2","0","0","6.5"
"https://www.marqly.com/faq/how-do-i-summarize-a-youtube-video","tca","1","0","0","11"
"https://www.marqly.com/faq/how-do-i-summarize-a-youtube-video","tgo","1","0","0","8"
"https://www.marqly.com/faq/how-do-i-summarize-a-youtube-video","tha","5","0","0","9"
"https://www.marqly.com/faq/how-do-i-summarize-a-youtube-video","tun","3","0","0","9"
"https://www.marqly.com/faq/how-do-i-summarize-a-youtube-video","tur","14","0","0","9.071428571428571"
"https://www.marqly.com/faq/how-do-i-summarize-a-youtube-video","twn","5","0","0","7.6"
"https://www.marqly.com/faq/how-do-i-summarize-a-youtube-video","tza","1","0","0","10"
"https://www.marqly.com/faq/how-do-i-summarize-a-youtube-video","ukr","5","0","0","9.4"
"https://www.marqly.com/faq/how-do-i-summarize-a-youtube-video","usa","70","0","0","9.914285714285715"
"https://www.marqly.com/faq/how-do-i-summarize-a-youtube-video","uzb","13","0","0","7.923076923076923"
"https://www.marqly.com/faq/how-do-i-summarize-a-youtube-video","ven","5","0","0","10"
"https://www.marqly.com/faq/how-do-i-summarize-a-youtube-video","vnm","20","0","0","8.25"
"https://www.marqly.com/faq/how-do-i-summarize-a-youtube-video","zaf","4","0","0","8.5"
"https://www.marqly.com/faq/how-do-i-summarize-a-youtube-video","zzz","2","0","0","5"
"https://www.marqly.com/faq/how-does-ai-auto-tagging-work","can","5","0","0","78.6"
"https://www.marqly.com/faq/how-does-ai-auto-tagging-work","deu","9","0","0","5.444444444444445"
"https://www.marqly.com/faq/how-does-ai-auto-tagging-work","dnk","1","0","0","71"
"https://www.marqly.com/faq/how-does-ai-auto-tagging-work","gbr","4","0","0","35.25"
"https://www.marqly.com/faq/how-does-ai-auto-tagging-work","irn","1","0","0","1"
"https://www.marqly.com/faq/how-does-ai-auto-tagging-work","usa","36","0","0","28"
"https://www.marqly.com/faq/how-is-marqly-different-from-browser-bookmarks","can","2","0","0","16.5"
"https://www.marqly.com/faq/how-is-marqly-different-from-browser-bookmarks","esp","1","0","0","5"
"https://www.marqly.com/faq/how-is-marqly-different-from-browser-bookmarks","fra","1","0","0","3"
"https://www.marqly.com/faq/how-is-marqly-different-from-browser-bookmarks","ind","2","0","0","3"
"https://www.marqly.com/faq/how-is-marqly-different-from-browser-bookmarks","jpn","1","0","0","1"
"https://www.marqly.com/faq/how-is-marqly-different-from-browser-bookmarks","usa","1","0","0","4"
"https://www.marqly.com/faq/how-much-does-marqly-cost","kor","1","0","0","1"
"https://www.marqly.com/faq/how-much-does-marqly-cost","moz","3","0","0","1"
"https://www.marqly.com/faq/how-much-does-marqly-cost","usa","1","0","0","52"
"https://www.marqly.com/faq/is-marqly-free","deu","8","0","0","1.5"
"https://www.marqly.com/faq/is-marqly-free","fra","1","0","0","2"
"https://www.marqly.com/faq/is-marqly-free","isr","1","0","0","1"
"https://www.marqly.com/faq/is-marqly-free","ita","1","0","0","1"
"https://www.marqly.com/faq/is-marqly-free","kor","2","0","0","10"
"https://www.marqly.com/faq/is-marqly-free","moz","5","0","0","2.8"
"https://www.marqly.com/faq/is-marqly-free","nld","1","0","0","1"
"https://www.marqly.com/faq/is-marqly-free","usa","2","0","0","2"
"https://www.marqly.com/faq/is-there-an-android-app","are","1","0","0","2"
"https://www.marqly.com/faq/is-there-an-android-app","bel","1","0","0","6"
"https://www.marqly.com/faq/is-there-an-android-app","can","3","0","0","28.666666666666668"
"https://www.marqly.com/faq/is-there-an-android-app","egy","1","0","0","1"
"https://www.marqly.com/faq/is-there-an-android-app","ita","1","0","0","1"
"https://www.marqly.com/faq/is-there-an-android-app","lva","1","0","0","24"
"https://www.marqly.com/faq/is-there-an-android-app","moz","1","0","0","1"
"https://www.marqly.com/faq/is-there-an-android-app","mys","2","0","0","6"
"https://www.marqly.com/faq/is-there-an-ios-app","ind","1","0","0","3"
"https://www.marqly.com/faq/marqly-coupons-and-discounts","bra","1","0","0","7"
"https://www.marqly.com/faq/marqly-coupons-and-discounts","usa","3","0","0","15"
"https://www.marqly.com/faq/what-ai-model-does-marqly-use","twn","1","0","0","1"
"https://www.marqly.com/faq/what-ai-model-does-marqly-use","usa","1","0","0","7"
"https://www.marqly.com/faq/what-is-a-bookmark-manager","can","1","0","0","29"
"https://www.marqly.com/faq/what-is-a-bookmark-manager","ind","1","0","0","9"
"https://www.marqly.com/faq/what-is-a-bookmark-manager","usa","8","0","0","28.875"
"https://www.marqly.com/faq/what-is-an-ai-bookmark-manager","aus","2","0","0","5"
"https://www.marqly.com/faq/what-is-an-ai-bookmark-manager","can","1","0","0","11"
"https://www.marqly.com/faq/what-is-an-ai-bookmark-manager","chn","2","0","0","15"
"https://www.marqly.com/faq/what-is-an-ai-bookmark-manager","deu","19","0","0","10.263157894736842"
"https://www.marqly.com/faq/what-is-an-ai-bookmark-manager","fra","9","0","0","14.777777777777779"
"https://www.marqly.com/faq/what-is-an-ai-bookmark-manager","idn","8","0","0","15.125"
"https://www.marqly.com/faq/what-is-an-ai-bookmark-manager","ind","13","0","0","17.923076923076923"
"https://www.marqly.com/faq/what-is-an-ai-bookmark-manager","irn","1","0","0","1"
"https://www.marqly.com/faq/what-is-an-ai-bookmark-manager","isr","1","0","0","14"
"https://www.marqly.com/faq/what-is-an-ai-bookmark-manager","ita","7","0","0","13.428571428571429"
"https://www.marqly.com/faq/what-is-an-ai-bookmark-manager","jpn","6","0","0","10.166666666666666"
"https://www.marqly.com/faq/what-is-an-ai-bookmark-manager","kor","1","0","0","1"
"https://www.marqly.com/faq/what-is-an-ai-bookmark-manager","lbn","1","0","0","11"
"https://www.marqly.com/faq/what-is-an-ai-bookmark-manager","mys","1","0","0","86"
"https://www.marqly.com/faq/what-is-an-ai-bookmark-manager","pol","1","0","0","28"
"https://www.marqly.com/faq/what-is-an-ai-bookmark-manager","prt","3","0","0","6"
"https://www.marqly.com/faq/what-is-an-ai-bookmark-manager","rou","1","0","0","26"
"https://www.marqly.com/faq/what-is-an-ai-bookmark-manager","sgp","1","0","0","18"
"https://www.marqly.com/faq/what-is-an-ai-bookmark-manager","ukr","1","0","0","95"
"https://www.marqly.com/faq/what-is-marqly-home-new-tab","can","1","0","0","1"
"https://www.marqly.com/faq/what-is-marqly-home-new-tab","mex","1","0","0","2"
"https://www.marqly.com/faq/what-is-marqly-home-new-tab","pol","1","0","0","1"
"https://www.marqly.com/faq/what-is-marqly-home-new-tab","svk","1","0","0","1"
"https://www.marqly.com/faq/what-is-marqly-home-new-tab","tur","1","0","0","1"
"https://www.marqly.com/faq/what-is-marqly-home-new-tab","twn","1","0","0","1"
"https://www.marqly.com/faq/what-is-marqly-home-new-tab","ukr","2","0","0","1"
"https://www.marqly.com/faq/what-is-marqly-home-new-tab","vnm","2","0","0","1"
"https://www.marqly.com/faq/whats-in-marqly-free-vs-pro","are","1","0","0","5"
"https://www.marqly.com/faq/whats-in-marqly-free-vs-pro","bra","1","0","0","1"
"https://www.marqly.com/faq/whats-in-marqly-free-vs-pro","deu","1","0","0","1"
"https://www.marqly.com/faq/whats-in-marqly-free-vs-pro","dnk","2","0","0","1"
"https://www.marqly.com/faq/whats-in-marqly-free-vs-pro","fra","1","0","0","3"
"https://www.marqly.com/faq/whats-in-marqly-free-vs-pro","hkg","2","0","0","1"
"https://www.marqly.com/faq/whats-in-marqly-free-vs-pro","hun","1","0","0","1"
"https://www.marqly.com/faq/whats-in-marqly-free-vs-pro","ind","1","0","0","2"
"https://www.marqly.com/faq/whats-in-marqly-free-vs-pro","kaz","1","0","0","1"
"https://www.marqly.com/faq/whats-in-marqly-free-vs-pro","mkd","1","0","0","1"
"https://www.marqly.com/faq/whats-in-marqly-free-vs-pro","nga","1","0","0","1"
"https://www.marqly.com/faq/whats-in-marqly-free-vs-pro","pol","1","0","0","1"
"https://www.marqly.com/faq/whats-in-marqly-free-vs-pro","prt","1","0","0","1"
"https://www.marqly.com/faq/whats-in-marqly-free-vs-pro","rou","2","0","0","1"
"https://www.marqly.com/faq/whats-in-marqly-free-vs-pro","svk","1","0","0","1"
"https://www.marqly.com/faq/whats-in-marqly-free-vs-pro","swe","1","0","0","1"
"https://www.marqly.com/faq/whats-in-marqly-free-vs-pro","tha","5","0","0","1"
"https://www.marqly.com/faq/whats-in-marqly-free-vs-pro","twn","3","0","0","1"
"https://www.marqly.com/faq/whats-in-marqly-free-vs-pro","ukr","2","0","0","1"
"https://www.marqly.com/faq/whats-in-marqly-free-vs-pro","usa","3","0","0","3.3333333333333335"
"https://www.marqly.com/faq/whats-in-marqly-free-vs-pro","vnm","1","0","0","1"
"https://www.marqly.com/faq/where-is-my-data-stored","egy","1","0","0","1"
"https://www.marqly.com/faq/where-is-my-data-stored","hkg","1","0","0","1"
"https://www.marqly.com/faq/where-is-my-data-stored","kor","1","0","0","1"
"https://www.marqly.com/faq/where-is-my-data-stored","ukr","2","0","0","1"
"https://www.marqly.com/faq/who-made-marqly","can","1","0","0","1"
"https://www.marqly.com/faq/who-made-marqly","dnk","1","0","0","1"
"https://www.marqly.com/faq/who-made-marqly","hun","1","0","0","1"
"https://www.marqly.com/faq/who-made-marqly","jpn","1","0","0","1"
"https://www.marqly.com/faq/who-made-marqly","kaz","1","0","0","1"
"https://www.marqly.com/faq/who-made-marqly","pol","2","0","0","1"
"https://www.marqly.com/faq/who-made-marqly","prt","1","0","0","1"
"https://www.marqly.com/faq/who-made-marqly","rou","2","0","0","1"
"https://www.marqly.com/faq/who-made-marqly","svk","1","0","0","1"
"https://www.marqly.com/faq/who-made-marqly","twn","1","0","0","1"
"https://www.marqly.com/faq/who-made-marqly","ukr","4","0","0","1"
"https://www.marqly.com/faq/who-made-marqly","usa","1","0","0","3"
"https://www.marqly.com/faq/who-made-marqly","vnm","1","0","0","1"
"https://www.marqly.com/for-academics","are","5","0","0","1"
"https://www.marqly.com/for-academics","bgd","1","0","0","1"
"https://www.marqly.com/for-academics","chn","1","0","0","1"
"https://www.marqly.com/for-academics","col","1","0","0","1"
"https://www.marqly.com/for-academics","dnk","1","0","0","57"
"https://www.marqly.com/for-academics","fra","1","0","0","1"
"https://www.marqly.com/for-academics","gbr","1","0","0","1"
"https://www.marqly.com/for-academics","hkg","1","0","0","1"
"https://www.marqly.com/for-academics","ind","2","0","0","11.5"
"https://www.marqly.com/for-academics","isl","1","0","0","1"
"https://www.marqly.com/for-academics","kaz","1","0","0","1"
"https://www.marqly.com/for-academics","kor","5","0","0","1"
"https://www.marqly.com/for-academics","mex","2","0","0","4.5"
"https://www.marqly.com/for-academics","pak","2","0","0","1"
"https://www.marqly.com/for-academics","phl","4","0","0","20.5"
"https://www.marqly.com/for-academics","prt","1","0","0","7"
"https://www.marqly.com/for-academics","sgp","1","0","0","1"
"https://www.marqly.com/for-academics","tur","1","0","0","1"
"https://www.marqly.com/for-academics","usa","12","0","0","53"
"https://www.marqly.com/for-academics","zaf","1","0","0","1"
"https://www.marqly.com/for-consultants","and","1","0","0","1"
"https://www.marqly.com/for-consultants","bel","1","0","0","1"
"https://www.marqly.com/for-consultants","gbr","1","0","0","94"
"https://www.marqly.com/for-consultants","usa","7","0","0","35.57142857142857"
"https://www.marqly.com/for-content-creators","arm","1","0","0","1"
"https://www.marqly.com/for-content-creators","aus","2","0","0","1"
"https://www.marqly.com/for-content-creators","can","2","0","0","1"
"https://www.marqly.com/for-content-creators","chn","1","0","0","1"
"https://www.marqly.com/for-content-creators","egy","1","0","0","1"
"https://www.marqly.com/for-content-creators","esp","1","0","0","10"
"https://www.marqly.com/for-content-creators","fra","2","0","0","5.5"
"https://www.marqly.com/for-content-creators","geo","2","0","0","1"
"https://www.marqly.com/for-content-creators","ind","6","0","0","1"
"https://www.marqly.com/for-content-creators","lby","1","0","0","1"
"https://www.marqly.com/for-content-creators","mex","1","0","0","1"
"https://www.marqly.com/for-content-creators","per","1","0","0","1"
"https://www.marqly.com/for-content-creators","phl","2","0","0","1"
"https://www.marqly.com/for-content-creators","pol","1","0","0","1"
"https://www.marqly.com/for-content-creators","prt","1","0","0","1"
"https://www.marqly.com/for-content-creators","tur","1","0","0","1"
"https://www.marqly.com/for-content-creators","usa","22","0","0","30.045454545454547"
"https://www.marqly.com/for-content-creators","vnm","1","0","0","1"
"https://www.marqly.com/for-designers","are","2","0","0","1"
"https://www.marqly.com/for-designers","aus","1","0","0","1"
"https://www.marqly.com/for-designers","bel","1","0","0","1"
"https://www.marqly.com/for-designers","can","5","0","0","1"
"https://www.marqly.com/for-designers","fra","1","0","0","1"
"https://www.marqly.com/for-designers","gbr","2","0","0","1"
"https://www.marqly.com/for-designers","ind","5","0","0","1"
"https://www.marqly.com/for-designers","lka","1","0","0","1"
"https://www.marqly.com/for-designers","nld","16","0","0","83.3125"
"https://www.marqly.com/for-designers","phl","3","0","0","71.33333333333333"
"https://www.marqly.com/for-designers","prt","1","0","0","1"
"https://www.marqly.com/for-designers","sau","1","0","0","1"
"https://www.marqly.com/for-designers","tur","3","0","0","1"
"https://www.marqly.com/for-designers","usa","57","0","0","58.228070175438596"
"https://www.marqly.com/for-developers","bel","1","0","0","1"
"https://www.marqly.com/for-developers","bra","4","0","0","1"
"https://www.marqly.com/for-developers","can","1","0","0","1"
"https://www.marqly.com/for-developers","deu","6","0","0","7.166666666666667"
"https://www.marqly.com/for-developers","esp","1","0","0","95"
"https://www.marqly.com/for-developers","fra","1","0","0","1"
"https://www.marqly.com/for-developers","gbr","2","0","0","62"
"https://www.marqly.com/for-developers","idn","1","0","0","1"
"https://www.marqly.com/for-developers","ind","2","0","0","24.5"
"https://www.marqly.com/for-developers","ita","1","0","0","1"
"https://www.marqly.com/for-developers","jpn","1","0","0","7"
"https://www.marqly.com/for-developers","per","1","0","0","1"
"https://www.marqly.com/for-developers","phl","2","0","0","85.5"
"https://www.marqly.com/for-developers","srb","1","0","0","1"
"https://www.marqly.com/for-developers","swe","1","0","0","1"
"https://www.marqly.com/for-developers","tur","1","0","0","1"
"https://www.marqly.com/for-developers","usa","13","0","0","39.84615384615385"
"https://www.marqly.com/for-founders","bgd","1","0","0","1"
"https://www.marqly.com/for-founders","deu","2","0","0","1"
"https://www.marqly.com/for-founders","geo","2","0","0","1"
"https://www.marqly.com/for-founders","kaz","1","0","0","1"
"https://www.marqly.com/for-journalists","deu","1","0","0","49"
"https://www.marqly.com/for-journalists","gbr","1","0","0","52"
"https://www.marqly.com/for-journalists","usa","92","0","0","73.02173913043478"
"https://www.marqly.com/for-journalists","vnm","1","0","0","56"
"https://www.marqly.com/for-lawyers","deu","33","0","0","3.5454545454545454"
"https://www.marqly.com/for-lawyers","gbr","20","0","0","3.75"
"https://www.marqly.com/for-lawyers","usa","42","0","0","15.380952380952381"
"https://www.marqly.com/for-marketers","can","1","0","0","47"
"https://www.marqly.com/for-marketers","chl","1","0","0","1"
"https://www.marqly.com/for-marketers","deu","3","0","0","1"
"https://www.marqly.com/for-marketers","gbr","1","0","0","89"
"https://www.marqly.com/for-marketers","ind","5","0","0","19"
"https://www.marqly.com/for-marketers","irn","1","0","0","1"
"https://www.marqly.com/for-marketers","phl","1","0","0","85"
"https://www.marqly.com/for-marketers","usa","9","0","0","27.22222222222222"
"https://www.marqly.com/for-marketers","vnm","2","0","0","1"
"https://www.marqly.com/for-phd-students","bol","1","0","0","52"
"https://www.marqly.com/for-phd-students","bra","2","0","0","64.5"
"https://www.marqly.com/for-phd-students","deu","1","0","0","53"
"https://www.marqly.com/for-phd-students","egy","2","0","0","64.5"
"https://www.marqly.com/for-phd-students","fra","1","0","0","40"
"https://www.marqly.com/for-phd-students","isr","1","0","0","44"
"https://www.marqly.com/for-phd-students","mys","1","0","0","9"
"https://www.marqly.com/for-phd-students","phl","1","0","0","27"
"https://www.marqly.com/for-phd-students","uga","1","0","0","30"
"https://www.marqly.com/for-phd-students","usa","11","0","0","35"
"https://www.marqly.com/for-product-managers","are","2","0","0","1"
"https://www.marqly.com/for-product-managers","bgd","1","0","0","1"
"https://www.marqly.com/for-product-managers","che","2","0","0","1"
"https://www.marqly.com/for-product-managers","cyp","1","0","0","1"
"https://www.marqly.com/for-product-managers","deu","2","0","0","8.5"
"https://www.marqly.com/for-product-managers","esp","1","0","0","1"
"https://www.marqly.com/for-product-managers","fra","1","0","0","1"
"https://www.marqly.com/for-product-managers","hkg","1","0","0","1"
"https://www.marqly.com/for-product-managers","idn","1","0","0","1"
"https://www.marqly.com/for-product-managers","ind","14","0","0","3.5714285714285716"
"https://www.marqly.com/for-product-managers","isr","1","0","0","1"
"https://www.marqly.com/for-product-managers","jpn","1","0","0","1"
"https://www.marqly.com/for-product-managers","kor","1","0","0","1"
"https://www.marqly.com/for-product-managers","pol","2","0","0","1"
"https://www.marqly.com/for-product-managers","rus","2","0","0","1"
"https://www.marqly.com/for-product-managers","sau","1","0","0","1"
"https://www.marqly.com/for-product-managers","tur","1","0","0","1"
"https://www.marqly.com/for-product-managers","usa","91","0","0","81.62637362637362"
"https://www.marqly.com/for-product-managers","vnm","1","0","0","1"
"https://www.marqly.com/for-product-managers","zaf","1","0","0","1"
"https://www.marqly.com/for-real-estate","usa","7","0","0","33.142857142857146"
"https://www.marqly.com/for-recruiters","arm","1","0","0","1"
"https://www.marqly.com/for-recruiters","chl","1","0","0","1"
"https://www.marqly.com/for-recruiters","gbr","1","0","0","35"
"https://www.marqly.com/for-recruiters","ind","19","0","0","85.73684210526316"
"https://www.marqly.com/for-recruiters","irl","1","0","0","95"
"https://www.marqly.com/for-recruiters","ita","1","0","0","94"
"https://www.marqly.com/for-recruiters","usa","9","0","0","62.666666666666664"
"https://www.marqly.com/for-researchers","are","25","0","0","1.16"
"https://www.marqly.com/for-researchers","arg","2","0","0","8.5"
"https://www.marqly.com/for-researchers","arm","1","0","0","1"
"https://www.marqly.com/for-researchers","aus","10","0","0","1.1"
"https://www.marqly.com/for-researchers","aut","1","0","0","9"
"https://www.marqly.com/for-researchers","aze","1","0","0","1"
"https://www.marqly.com/for-researchers","bel","3","0","0","1"
"https://www.marqly.com/for-researchers","bgd","4","0","0","1"
"https://www.marqly.com/for-researchers","bgr","3","0","0","21.333333333333332"
"https://www.marqly.com/for-researchers","bhr","1","0","0","1"
"https://www.marqly.com/for-researchers","bol","2","0","0","9"
"https://www.marqly.com/for-researchers","bra","1","0","0","4"
"https://www.marqly.com/for-researchers","can","10","0","0","1"
"https://www.marqly.com/for-researchers","che","5","0","0","2.6"
"https://www.marqly.com/for-researchers","chl","3","0","0","3"
"https://www.marqly.com/for-researchers","chn","3","0","0","1"
"https://www.marqly.com/for-researchers","cmr","2","0","0","7"
"https://www.marqly.com/for-researchers","col","3","0","0","5.666666666666667"
"https://www.marqly.com/for-researchers","cyp","3","0","0","1"
"https://www.marqly.com/for-researchers","cze","1","0","0","1"
"https://www.marqly.com/for-researchers","deu","48","0","0","7.791666666666667"
"https://www.marqly.com/for-researchers","dza","1","0","0","6"
"https://www.marqly.com/for-researchers","ecu","1","0","0","7"
"https://www.marqly.com/for-researchers","egy","1","0","0","1"
"https://www.marqly.com/for-researchers","esp","10","0","0","12.3"
"https://www.marqly.com/for-researchers","fra","14","0","0","3.357142857142857"
"https://www.marqly.com/for-researchers","gbr","41","0","0","8.365853658536587"
"https://www.marqly.com/for-researchers","geo","2","0","0","1"
"https://www.marqly.com/for-researchers","gha","1","0","0","1"
"https://www.marqly.com/for-researchers","hkg","1","0","0","1"
"https://www.marqly.com/for-researchers","hrv","4","0","0","1"
"https://www.marqly.com/for-researchers","hun","2","0","0","1"
"https://www.marqly.com/for-researchers","idn","8","0","0","8.375"
"https://www.marqly.com/for-researchers","irl","1","0","0","1"
"https://www.marqly.com/for-researchers","isl","2","0","0","1"
"https://www.marqly.com/for-researchers","isr","3","0","0","1"
"https://www.marqly.com/for-researchers","ita","7","0","0","3.5714285714285716"
"https://www.marqly.com/for-researchers","jpn","6","0","0","2.333333333333333"
"https://www.marqly.com/for-researchers","kaz","1","0","0","1"
"https://www.marqly.com/for-researchers","kor","4","0","0","1"
"https://www.marqly.com/for-researchers","lby","1","0","0","1"
"https://www.marqly.com/for-researchers","lka","1","0","0","1"
"https://www.marqly.com/for-researchers","lux","1","0","0","1"
"https://www.marqly.com/for-researchers","mar","1","0","0","1"
"https://www.marqly.com/for-researchers","mex","5","0","0","4.2"
"https://www.marqly.com/for-researchers","mkd","1","0","0","1"
"https://www.marqly.com/for-researchers","mys","1","0","0","1"
"https://www.marqly.com/for-researchers","nld","10","0","0","31.8"
"https://www.marqly.com/for-researchers","npl","2","0","0","1"
"https://www.marqly.com/for-researchers","nzl","1","0","0","1"
"https://www.marqly.com/for-researchers","pak","1","0","0","1"
"https://www.marqly.com/for-researchers","per","3","0","0","6.666666666666667"
"https://www.marqly.com/for-researchers","phl","8","0","0","9.875"
"https://www.marqly.com/for-researchers","pol","5","0","0","1"
"https://www.marqly.com/for-researchers","prt","2","0","0","1"
"https://www.marqly.com/for-researchers","qat","1","0","0","1"
"https://www.marqly.com/for-researchers","rou","1","0","0","1"
"https://www.marqly.com/for-researchers","rus","9","0","0","1"
"https://www.marqly.com/for-researchers","sau","3","0","0","1"
"https://www.marqly.com/for-researchers","sgp","3","0","0","1"
"https://www.marqly.com/for-researchers","srb","1","0","0","1"
"https://www.marqly.com/for-researchers","swe","3","0","0","1.6666666666666665"
"https://www.marqly.com/for-researchers","tha","2","0","0","1"
"https://www.marqly.com/for-researchers","tun","2","0","0","4.5"
"https://www.marqly.com/for-researchers","tur","10","0","0","4.4"
"https://www.marqly.com/for-researchers","twn","1","0","0","1"
"https://www.marqly.com/for-researchers","ukr","2","0","0","1"
"https://www.marqly.com/for-researchers","usa","145","0","0","38"
"https://www.marqly.com/for-researchers","vnm","8","0","0","1"
"https://www.marqly.com/for-researchers","zaf","2","0","0","1"
"https://www.marqly.com/for-sales","lbn","1","0","0","11"
"https://www.marqly.com/for-sales","phl","1","0","0","89"
"https://www.marqly.com/for-sales","usa","3","0","0","54.333333333333336"
"https://www.marqly.com/for-students","and","1","0","0","1"
"https://www.marqly.com/for-students","arg","6","0","0","3.5"
"https://www.marqly.com/for-students","arm","2","0","0","1"
"https://www.marqly.com/for-students","aus","18","0","0","1"
"https://www.marqly.com/for-students","aut","1","0","0","6"
"https://www.marqly.com/for-students","aze","1","0","0","1"
"https://www.marqly.com/for-students","bel","4","0","0","2.75"
"https://www.marqly.com/for-students","bgd","5","0","0","1"
"https://www.marqly.com/for-students","bgr","2","0","0","1"
"https://www.marqly.com/for-students","bhr","1","0","0","1"
"https://www.marqly.com/for-students","bol","2","0","0","4.5"
"https://www.marqly.com/for-students","bra","19","0","0","3.9473684210526314"
"https://www.marqly.com/for-students","can","17","0","0","1.2352941176470589"
"https://www.marqly.com/for-students","che","4","0","0","1.25"
"https://www.marqly.com/for-students","chl","4","0","0","3.25"
"https://www.marqly.com/for-students","chn","5","0","0","2"
"https://www.marqly.com/for-students","col","7","0","0","3.142857142857143"
"https://www.marqly.com/for-students","cyp","3","0","0","1"
"https://www.marqly.com/for-students","cze","1","0","0","1"
"https://www.marqly.com/for-students","deu","14","0","0","2.571428571428571"
"https://www.marqly.com/for-students","dnk","1","0","0","1"
"https://www.marqly.com/for-students","dza","4","0","0","1"
"https://www.marqly.com/for-students","egy","2","0","0","1"
"https://www.marqly.com/for-students","esp","15","0","0","3.533333333333333"
"https://www.marqly.com/for-students","est","1","0","0","1"
"https://www.marqly.com/for-students","fin","2","0","0","1"
"https://www.marqly.com/for-students","fra","25","0","0","3.2"
"https://www.marqly.com/for-students","gbr","14","0","0","1"
"https://www.marqly.com/for-students","geo","4","0","0","1"
"https://www.marqly.com/for-students","gha","1","0","0","1"
"https://www.marqly.com/for-students","grc","1","0","0","1"
"https://www.marqly.com/for-students","hkg","2","0","0","1"
"https://www.marqly.com/for-students","hrv","4","0","0","1"
"https://www.marqly.com/for-students","hun","2","0","0","1"
"https://www.marqly.com/for-students","idn","9","0","0","8.777777777777779"
"https://www.marqly.com/for-students","ind","52","0","0","1.6538461538461537"
"https://www.marqly.com/for-students","irl","1","0","0","1"
"https://www.marqly.com/for-students","irn","1","0","0","1"
"https://www.marqly.com/for-students","isl","2","0","0","1"
"https://www.marqly.com/for-students","isr","4","0","0","1"
"https://www.marqly.com/for-students","ita","16","0","0","2.1875"
"https://www.marqly.com/for-students","jpn","22","0","0","4.772727272727273"
"https://www.marqly.com/for-students","kaz","2","0","0","1"
"https://www.marqly.com/for-students","kor","8","0","0","1.125"
"https://www.marqly.com/for-students","lby","1","0","0","1"
"https://www.marqly.com/for-students","lka","1","0","0","1"
"https://www.marqly.com/for-students","lux","1","0","0","1"
"https://www.marqly.com/for-students","lva","1","0","0","1"
"https://www.marqly.com/for-students","mar","2","0","0","1"
"https://www.marqly.com/for-students","mex","15","0","0","2.4"
"https://www.marqly.com/for-students","mkd","1","0","0","1"
"https://www.marqly.com/for-students","moz","11","0","0","5.818181818181818"
"https://www.marqly.com/for-students","mys","3","0","0","1"
"https://www.marqly.com/for-students","nga","1","0","0","1"
"https://www.marqly.com/for-students","nld","21","0","0","8.333333333333332"
"https://www.marqly.com/for-students","npl","2","0","0","1"
"https://www.marqly.com/for-students","nzl","1","0","0","1"
"https://www.marqly.com/for-students","pak","3","0","0","1"
"https://www.marqly.com/for-students","per","6","0","0","3.8333333333333335"
"https://www.marqly.com/for-students","phl","8","0","0","1"
"https://www.marqly.com/for-students","pol","8","0","0","1.875"
"https://www.marqly.com/for-students","prt","4","0","0","2"
"https://www.marqly.com/for-students","qat","1","0","0","1"
"https://www.marqly.com/for-students","rou","3","0","0","1"
"https://www.marqly.com/for-students","rus","10","0","0","1"
"https://www.marqly.com/for-students","sau","3","0","0","1"
"https://www.marqly.com/for-students","sgp","4","0","0","1"
"https://www.marqly.com/for-students","slv","1","0","0","1"
"https://www.marqly.com/for-students","srb","1","0","0","1"
"https://www.marqly.com/for-students","swe","7","0","0","4.142857142857142"
"https://www.marqly.com/for-students","tha","9","0","0","4.555555555555555"
"https://www.marqly.com/for-students","tun","2","0","0","1.5"
"https://www.marqly.com/for-students","tur","12","0","0","1.8333333333333335"
"https://www.marqly.com/for-students","twn","8","0","0","1"
"https://www.marqly.com/for-students","uga","1","0","0","1"
"https://www.marqly.com/for-students","ukr","5","0","0","1"
"https://www.marqly.com/for-students","usa","178","0","0","16.219101123595507"
"https://www.marqly.com/for-students","vnm","10","0","0","1"
"https://www.marqly.com/for-students","zaf","9","0","0","4.111111111111111"
"https://www.marqly.com/for-teachers","are","4","0","0","2.5"
"https://www.marqly.com/for-teachers","gbr","2","0","0","45"
"https://www.marqly.com/for-teachers","gha","1","0","0","1"
"https://www.marqly.com/for-teachers","ind","10","0","0","4.1"
"https://www.marqly.com/for-teachers","irl","1","0","0","1"
"https://www.marqly.com/for-teachers","isr","5","0","0","8.2"
"https://www.marqly.com/for-teachers","ita","2","0","0","8"
"https://www.marqly.com/for-teachers","jpn","3","0","0","17"
"https://www.marqly.com/for-teachers","kor","2","0","0","1"
"https://www.marqly.com/for-teachers","nld","1159","0","0","12.415875754961174"
"https://www.marqly.com/for-teachers","phl","4","0","0","1"
"https://www.marqly.com/for-teachers","rus","1","0","0","1"
"https://www.marqly.com/for-teachers","tur","4","0","0","4.75"
"https://www.marqly.com/for-teachers","ukr","1","0","0","1"
"https://www.marqly.com/for-teachers","usa","1038","0","0","18.922928709055878"
"https://www.marqly.com/for-teachers","vnm","2","0","0","1"
"https://www.marqly.com/for-ux-researchers","are","3","0","0","18.666666666666668"
"https://www.marqly.com/for-ux-researchers","aus","1","0","0","40"
"https://www.marqly.com/for-ux-researchers","bgd","2","0","0","44"
"https://www.marqly.com/for-ux-researchers","blr","1","0","0","48"
"https://www.marqly.com/for-ux-researchers","bra","1","0","0","46"
"https://www.marqly.com/for-ux-researchers","can","1","0","0","79"
"https://www.marqly.com/for-ux-researchers","che","1","0","0","1"
"https://www.marqly.com/for-ux-researchers","deu","15","0","0","32.6"
"https://www.marqly.com/for-ux-researchers","dom","1","0","0","41"
"https://www.marqly.com/for-ux-researchers","ecu","1","0","0","45"
"https://www.marqly.com/for-ux-researchers","esp","2","0","0","26"
"https://www.marqly.com/for-ux-researchers","fra","1","0","0","1"
"https://www.marqly.com/for-ux-researchers","gbr","6","0","0","29"
"https://www.marqly.com/for-ux-researchers","gha","1","0","0","45"
"https://www.marqly.com/for-ux-researchers","hrv","1","0","0","3"
"https://www.marqly.com/for-ux-researchers","ind","3","0","0","1"
"https://www.marqly.com/for-ux-researchers","ita","1","0","0","9"
"https://www.marqly.com/for-ux-researchers","jpn","1","0","0","1"
"https://www.marqly.com/for-ux-researchers","kor","1","0","0","1"
"https://www.marqly.com/for-ux-researchers","lbn","1","0","0","42"
"https://www.marqly.com/for-ux-researchers","mmr","1","0","0","41"
"https://www.marqly.com/for-ux-researchers","nld","1","0","0","45"
"https://www.marqly.com/for-ux-researchers","npl","1","0","0","46"
"https://www.marqly.com/for-ux-researchers","phl","2","0","0","64"
"https://www.marqly.com/for-ux-researchers","rus","4","0","0","45.75"
"https://www.marqly.com/for-ux-researchers","sau","1","0","0","48"
"https://www.marqly.com/for-ux-researchers","tur","2","0","0","3.5"
"https://www.marqly.com/for-ux-researchers","ukr","1","0","0","44"
"https://www.marqly.com/for-ux-researchers","usa","82","0","0","49.548780487804876"
"https://www.marqly.com/for-ux-researchers","ven","1","0","0","47"
"https://www.marqly.com/for-ux-researchers","vnm","1","0","0","45"
"https://www.marqly.com/for-ux-researchers","zaf","1","0","0","44"
"https://www.marqly.com/for-writers","are","4","0","0","1.5"
"https://www.marqly.com/for-writers","aus","4","0","0","26.25"
"https://www.marqly.com/for-writers","bgd","2","0","0","1"
"https://www.marqly.com/for-writers","can","7","0","0","49.857142857142854"
"https://www.marqly.com/for-writers","fra","1","0","0","59"
"https://www.marqly.com/for-writers","ind","3","0","0","1"
"https://www.marqly.com/for-writers","irn","1","0","0","1"
"https://www.marqly.com/for-writers","mex","2","0","0","27"
"https://www.marqly.com/for-writers","mys","1","0","0","1"
"https://www.marqly.com/for-writers","npl","1","0","0","1"
"https://www.marqly.com/for-writers","pak","2","0","0","1"
"https://www.marqly.com/for-writers","phl","1","0","0","54"
"https://www.marqly.com/for-writers","pol","3","0","0","1"
"https://www.marqly.com/for-writers","qat","1","0","0","1"
"https://www.marqly.com/for-writers","rus","1","0","0","57"
"https://www.marqly.com/for-writers","sau","2","0","0","79.5"
"https://www.marqly.com/for-writers","tha","1","0","0","52"
"https://www.marqly.com/for-writers","tur","1","0","0","1"
"https://www.marqly.com/for-writers","usa","64","0","0","55.203125"
"https://www.marqly.com/for-writers","vnm","1","0","0","1"
"https://www.marqly.com/fr","are","1","0","0","8"
"https://www.marqly.com/fr","bel","3","0","0","1"
"https://www.marqly.com/fr","che","2","0","0","1"
"https://www.marqly.com/fr","cmr","2","0","0","1"
"https://www.marqly.com/fr","cod","1","0","0","32"
"https://www.marqly.com/fr","dza","1","0","0","1"
"https://www.marqly.com/fr","mar","1","0","0","1"
"https://www.marqly.com/fr","nld","1","0","0","1"
"https://www.marqly.com/fr/alternatives/evernote","fra","2","0","0","43.5"
"https://www.marqly.com/fr/alternatives/notion","fra","1","0","0","9"
"https://www.marqly.com/fr/alternatives/raindrop","bel","1","0","0","3"
"https://www.marqly.com/fr/alternatives/raindrop","fra","10","0","0","14.6"
"https://www.marqly.com/fr/alternatives/raindrop","reu","1","0","0","6"
"https://www.marqly.com/fr/blog","fra","3","0","0","5.666666666666667"
"https://www.marqly.com/fr/blog/alternative-a-notion-web-clipper-2026","fra","3","0","0","8.333333333333332"
"https://www.marqly.com/fr/blog/alternatives-a-pocket-2026","fra","1","0","0","8"
"https://www.marqly.com/fr/blog/avis-karakeep-2026","bel","1","0","0","8"
"https://www.marqly.com/fr/blog/avis-karakeep-2026","fra","1","0","0","8"
"https://www.marqly.com/fr/blog/avis-raindrop-io-2026","fra","2","0","0","5.5"
"https://www.marqly.com/fr/blog/comment-exporter-a-regarder-plus-tard-youtube-2026","bra","1","0","0","23"
"https://www.marqly.com/fr/blog/comment-exporter-ses-enregistrements-instagram-2026","fra","13","0","0","33.23076923076923"
"https://www.marqly.com/fr/blog/comment-exporter-ses-posts-sauvegardes-reddit-2026","fra","5","0","0","14.4"
"https://www.marqly.com/fr/blog/comment-exporter-ses-posts-sauvegardes-reddit-2026","mex","1","0","0","49"
"https://www.marqly.com/fr/blog/comment-exporter-ses-signets-twitter-x-2026","bel","1","0","0","10"
"https://www.marqly.com/fr/blog/comment-exporter-ses-signets-twitter-x-2026","che","1","0","0","10"
"https://www.marqly.com/fr/blog/comment-exporter-ses-signets-twitter-x-2026","fra","6","0","0","26.166666666666668"
"https://www.marqly.com/fr/blog/comment-exporter-ses-signets-twitter-x-2026","prt","1","0","0","9"
"https://www.marqly.com/fr/blog/comment-surligner-du-texte-sur-un-site-2026","fra","2","0","0","9"
"https://www.marqly.com/fr/blog/comment-surligner-du-texte-sur-un-site-2026","gab","1","0","0","8"
"https://www.marqly.com/fr/blog/discuter-avec-une-video-youtube-2026","bra","2","0","0","23.5"
"https://www.marqly.com/fr/blog/enregistrer-page-web-en-pdf","can","1","0","0","11"
"https://www.marqly.com/fr/blog/enregistrer-page-web-en-pdf","cmr","1","0","0","11"
"https://www.marqly.com/fr/blog/enregistrer-page-web-en-pdf","fra","50","0","0","37.04"
"https://www.marqly.com/fr/blog/enregistrer-videos-youtube-a-regarder-plus-tard-2026","fra","2","0","0","47.5"
"https://www.marqly.com/fr/blog/exporter-favoris-chrome","aut","1","0","0","5"
"https://www.marqly.com/fr/blog/exporter-favoris-chrome","bgd","1","0","0","34"
"https://www.marqly.com/fr/blog/exporter-favoris-chrome","btn","1","0","0","42"
"https://www.marqly.com/fr/blog/exporter-favoris-chrome","can","5","0","0","39.2"
"https://www.marqly.com/fr/blog/exporter-favoris-chrome","col","2","0","0","46"
"https://www.marqly.com/fr/blog/exporter-favoris-chrome","cri","1","0","0","34"
"https://www.marqly.com/fr/blog/exporter-favoris-chrome","dom","1","0","0","40"
"https://www.marqly.com/fr/blog/exporter-favoris-chrome","dza","1","0","0","51"
"https://www.marqly.com/fr/blog/exporter-favoris-chrome","fra","53","0","0","39.679245283018865"
"https://www.marqly.com/fr/blog/exporter-favoris-chrome","gbr","6","0","0","30.166666666666668"
"https://www.marqly.com/fr/blog/exporter-favoris-chrome","idn","4","0","0","38"
"https://www.marqly.com/fr/blog/exporter-favoris-chrome","ind","2","0","0","38"
"https://www.marqly.com/fr/blog/exporter-favoris-chrome","mar","1","0","0","61"
"https://www.marqly.com/fr/blog/exporter-favoris-chrome","phl","1","0","0","38"
"https://www.marqly.com/fr/blog/exporter-favoris-chrome","rus","2","0","0","41.5"
"https://www.marqly.com/fr/blog/exporter-favoris-chrome","tha","1","0","0","44"
"https://www.marqly.com/fr/blog/exporter-favoris-chrome","twn","1","0","0","39"
"https://www.marqly.com/fr/blog/favoris-chrome-ne-se-synchronisent-pas-solution-2026","can","1","0","0","36"
"https://www.marqly.com/fr/blog/favoris-chrome-ne-se-synchronisent-pas-solution-2026","fra","7","0","0","30.571428571428573"
"https://www.marqly.com/fr/blog/lia-peut-elle-organiser-mes-favoris-2026","fra","1","0","0","2"
"https://www.marqly.com/fr/blog/meilleures-applications-lecture-differee-2026","fra","1","0","0","47"
"https://www.marqly.com/fr/blog/meilleurs-gestionnaires-favoris-ia-2026","fra","1","0","0","7"
"https://www.marqly.com/fr/blog/meilleurs-resumes-videos-youtube-ia-2026","aut","1","0","0","1"
"https://www.marqly.com/fr/blog/meilleurs-surligneurs-web-2026","fra","1","0","0","20"
"https://www.marqly.com/fr/blog/methode-para-pour-les-favoris-2026","fra","1","0","0","1"
"https://www.marqly.com/fr/blog/obtenir-transcription-youtube","bel","1","0","0","2"
"https://www.marqly.com/fr/blog/obtenir-transcription-youtube","che","1","0","0","6"
"https://www.marqly.com/fr/blog/obtenir-transcription-youtube","fra","1","0","0","28"
"https://www.marqly.com/fr/blog/organiser-favoris-navigateur","bel","4","0","0","7.25"
"https://www.marqly.com/fr/blog/organiser-favoris-navigateur","bgd","1","0","0","13"
"https://www.marqly.com/fr/blog/organiser-favoris-navigateur","can","3","0","0","7.333333333333333"
"https://www.marqly.com/fr/blog/organiser-favoris-navigateur","col","1","0","0","13"
"https://www.marqly.com/fr/blog/organiser-favoris-navigateur","eth","1","0","0","16"
"https://www.marqly.com/fr/blog/organiser-favoris-navigateur","fra","20","0","0","7"
"https://www.marqly.com/fr/blog/organiser-favoris-navigateur","idn","2","0","0","10.5"
"https://www.marqly.com/fr/blog/organiser-favoris-navigateur","ind","1","0","0","16"
"https://www.marqly.com/fr/blog/organiser-favoris-navigateur","reu","1","0","0","10"
"https://www.marqly.com/fr/blog/qu-est-ce-qu-un-second-cerveau-ia-2026","bel","2","0","0","8.5"
"https://www.marqly.com/fr/blog/qu-est-ce-qu-un-second-cerveau-ia-2026","fra","5","0","0","10.4"
"https://www.marqly.com/fr/blog/qu-est-ce-qu-une-application-second-cerveau-2026","fra","1","0","0","11"
"https://www.marqly.com/fr/blog/que-contient-le-fichier-d-export-pocket-2026","usa","1","0","0","19"
"https://www.marqly.com/fr/blog/quest-ce-que-la-recherche-semantique","bel","3","0","0","6.333333333333333"
"https://www.marqly.com/fr/blog/quest-ce-que-la-recherche-semantique","bra","2","0","0","25"
"https://www.marqly.com/fr/blog/quest-ce-que-la-recherche-semantique","can","2","0","0","9.5"
"https://www.marqly.com/fr/blog/quest-ce-que-la-recherche-semantique","che","1","0","0","1"
"https://www.marqly.com/fr/blog/quest-ce-que-la-recherche-semantique","egy","1","0","0","26"
"https://www.marqly.com/fr/blog/quest-ce-que-la-recherche-semantique","fra","145","0","0","25.275862068965516"
"https://www.marqly.com/fr/blog/quest-ce-que-la-recherche-semantique","gbr","1","0","0","8"
"https://www.marqly.com/fr/blog/quest-ce-que-la-recherche-semantique","gtm","1","0","0","24"
"https://www.marqly.com/fr/blog/quest-ce-que-la-recherche-semantique","idn","1","0","0","27"
"https://www.marqly.com/fr/blog/quest-ce-que-la-recherche-semantique","irq","1","0","0","47"
"https://www.marqly.com/fr/blog/quest-ce-que-la-recherche-semantique","lux","1","0","0","11"
"https://www.marqly.com/fr/blog/quest-ce-que-la-recherche-semantique","rwa","1","0","0","30"
"https://www.marqly.com/fr/blog/quest-ce-que-la-recherche-semantique","tun","1","0","0","8"
"https://www.marqly.com/fr/blog/quest-ce-que-la-recherche-semantique","twn","1","0","0","4"
"https://www.marqly.com/fr/blog/quest-ce-que-la-recherche-semantique","usa","4","0","0","5.5"
"https://www.marqly.com/fr/blog/resumer-videos-youtube-avec-ia-2026","fra","3","0","0","67.66666666666667"
"https://www.marqly.com/fr/curation-de-contenu","fra","7","0","0","5.428571428571429"
"https://www.marqly.com/fr/enregistrer-videos-youtube","dza","1","0","0","4"
"https://www.marqly.com/fr/enregistrer-videos-youtube","fra","6","0","0","5.833333333333333"
"https://www.marqly.com/fr/enregistrer-videos-youtube","pyf","1","0","0","2"
"https://www.marqly.com/fr/etudiants","fra","4","0","0","25.25"
"https://www.marqly.com/fr/gestionnaire-favoris-chrome","can","1","0","0","9"
"https://www.marqly.com/fr/gestionnaire-favoris-chrome","fra","4","0","0","7.5"
"https://www.marqly.com/fr/gestionnaire-favoris-edge","fra","2","0","0","4"
"https://www.marqly.com/fr/organisateur-de-favoris","fra","4","0","0","2"
"https://www.marqly.com/fr/organiser-recettes","ind","1","0","0","38"
"https://www.marqly.com/fr/organiser-recettes","syr","1","0","0","44"
"https://www.marqly.com/fr/outils/resume-youtube","bra","1","0","0","19"
"https://www.marqly.com/fr/outils/resume-youtube","dza","2","0","0","15.5"
"https://www.marqly.com/fr/outils/resume-youtube","fra","4","0","0","56.25"
"https://www.marqly.com/fr/outils/transcription-youtube","aut","1","0","0","10"
"https://www.marqly.com/fr/outils/transcription-youtube","bel","11","0","0","9.363636363636363"
"https://www.marqly.com/fr/outils/transcription-youtube","ben","4","0","0","10"
"https://www.marqly.com/fr/outils/transcription-youtube","bfa","1","0","0","9"
"https://www.marqly.com/fr/outils/transcription-youtube","bra","2","0","0","11"
"https://www.marqly.com/fr/outils/transcription-youtube","chl","1","0","0","9"
"https://www.marqly.com/fr/outils/transcription-youtube","civ","5","0","0","9.2"
"https://www.marqly.com/fr/outils/transcription-youtube","cog","1","0","0","11"
"https://www.marqly.com/fr/outils/transcription-youtube","deu","11","0","0","8.727272727272727"
"https://www.marqly.com/fr/outils/transcription-youtube","dza","11","0","0","9.181818181818182"
"https://www.marqly.com/fr/outils/transcription-youtube","esp","2","0","0","13"
"https://www.marqly.com/fr/outils/transcription-youtube","est","1","0","0","9"
"https://www.marqly.com/fr/outils/transcription-youtube","fin","1","0","0","9"
"https://www.marqly.com/fr/outils/transcription-youtube","fra","88","0","0","24.954545454545453"
"https://www.marqly.com/fr/outils/transcription-youtube","gab","2","0","0","8"
"https://www.marqly.com/fr/outils/transcription-youtube","gbr","4","0","0","21.5"
"https://www.marqly.com/fr/outils/transcription-youtube","gin","1","0","0","10"
"https://www.marqly.com/fr/outils/transcription-youtube","hun","2","0","0","9"
"https://www.marqly.com/fr/outils/transcription-youtube","irl","1","0","0","8"
"https://www.marqly.com/fr/outils/transcription-youtube","irq","1","0","0","8"
"https://www.marqly.com/fr/outils/transcription-youtube","isr","2","0","0","9"
"https://www.marqly.com/fr/outils/transcription-youtube","mar","32","0","0","10.59375"
"https://www.marqly.com/fr/outils/transcription-youtube","mco","1","0","0","40"
"https://www.marqly.com/fr/outils/transcription-youtube","mne","1","0","0","8"
"https://www.marqly.com/fr/outils/transcription-youtube","ner","1","0","0","9"
"https://www.marqly.com/fr/outils/transcription-youtube","nld","3","0","0","7.666666666666667"
"https://www.marqly.com/fr/outils/transcription-youtube","rus","1","0","0","10"
"https://www.marqly.com/fr/outils/transcription-youtube","sau","1","0","0","14"
"https://www.marqly.com/fr/outils/transcription-youtube","sen","4","0","0","9.75"
"https://www.marqly.com/fr/outils/transcription-youtube","tgo","3","0","0","9.333333333333334"
"https://www.marqly.com/fr/outils/transcription-youtube","tha","2","0","0","11.5"
"https://www.marqly.com/fr/outils/transcription-youtube","tun","7","0","0","9.428571428571429"
"https://www.marqly.com/fr/outils/transcription-youtube","usa","1","0","0","47"
"https://www.marqly.com/fr/planifier-voyage","fra","3","0","0","7.333333333333333"
"https://www.marqly.com/fr/pour-chercheurs","fra","2","0","0","26"
"https://www.marqly.com/fr/pour-createurs","fra","1","0","0","3"
"https://www.marqly.com/fr/pour-designers","fra","2","0","0","6"
"https://www.marqly.com/fr/pour-enseignants","fra","3","0","0","4.333333333333334"
"https://www.marqly.com/fr/pour-fondateurs","fra","13","0","0","9.076923076923077"
"https://www.marqly.com/fr/pour-immobilier","fra","3","0","0","1"
"https://www.marqly.com/fr/pour-journalistes","fra","2","0","0","9"
"https://www.marqly.com/fr/pour-recruteurs","fra","1","0","0","4"
"https://www.marqly.com/fr/recherche-emploi","fra","2","0","0","4.5"
"https://www.marqly.com/fr/sauvegarder-onglets","bel","1","0","0","11"
"https://www.marqly.com/fr/sauvegarder-onglets","can","1","0","0","9"
"https://www.marqly.com/fr/sauvegarder-onglets","che","1","0","0","11"
"https://www.marqly.com/fr/sauvegarder-onglets","fra","2","0","0","13.5"
"https://www.marqly.com/fr/sauvegarder-onglets","mar","1","0","0","9"
"https://www.marqly.com/fr/sauvegarder-onglets","mdg","1","0","0","10"
"https://www.marqly.com/fr/sauvegarder-onglets","mli","1","0","0","10"
"https://www.marqly.com/fr/surligner-page-web","fra","7","0","0","16.57142857142857"
"https://www.marqly.com/fr/swipe-file","fra","6","0","0","9.333333333333334"
"https://www.marqly.com/fr/swipe-file","tun","1","0","0","6"
"https://www.marqly.com/it","usa","1","0","0","2"
"https://www.marqly.com/it/alternative/evernote","ita","11","0","0","21.90909090909091"
"https://www.marqly.com/it/alternative/notion","ita","4","0","0","15.5"
"https://www.marqly.com/it/alternative/pocket","ita","10","0","0","16.3"
"https://www.marqly.com/it/alternative/raindrop","ita","1","0","0","6"
"https://www.marqly.com/it/blog/alternative-a-pocket-2026","ita","13","0","0","5.769230769230769"
"https://www.marqly.com/it/blog/chattare-con-video-youtube-2026","ita","1","0","0","8"
"https://www.marqly.com/it/blog/come-esportare-guarda-piu-tardi-di-youtube-2026","ita","1","0","0","9"
"https://www.marqly.com/it/blog/come-esportare-i-post-salvati-di-instagram-2026","ita","10","0","0","11.4"
"https://www.marqly.com/it/blog/come-esportare-i-segnalibri-di-twitter-x-2026","ita","19","0","0","5.7368421052631575"
"https://www.marqly.com/it/blog/cos-e-la-ricerca-semantica","ita","49","0","0","30.183673469387756"
"https://www.marqly.com/it/blog/cos-e-la-ricerca-semantica","usa","1","0","0","10"
"https://www.marqly.com/it/blog/cos-e-la-ricerca-semantica","ven","1","0","0","5"
"https://www.marqly.com/it/blog/cos-e-un-secondo-cervello-con-ia-2026","aus","1","0","0","1"
"https://www.marqly.com/it/blog/cos-e-un-secondo-cervello-con-ia-2026","fra","1","0","0","9"
"https://www.marqly.com/it/blog/cos-e-un-secondo-cervello-con-ia-2026","ita","21","0","0","9.238095238095237"
"https://www.marqly.com/it/blog/cos-e-un-secondo-cervello-con-ia-2026","mlt","1","0","0","11"
"https://www.marqly.com/it/blog/decluttering-digitale-capodanno","ita","2","0","0","43.5"
"https://www.marqly.com/it/blog/esportare-preferiti-chrome","bgd","2","0","0","47"
"https://www.marqly.com/it/blog/esportare-preferiti-chrome","grc","2","0","0","9"
"https://www.marqly.com/it/blog/esportare-preferiti-chrome","hnd","1","0","0","42"
"https://www.marqly.com/it/blog/esportare-preferiti-chrome","idn","2","0","0","27"
"https://www.marqly.com/it/blog/esportare-preferiti-chrome","ind","2","0","0","52.5"
"https://www.marqly.com/it/blog/esportare-preferiti-chrome","ita","129","0","0","28.31782945736434"
"https://www.marqly.com/it/blog/esportare-preferiti-chrome","ken","1","0","0","63"
"https://www.marqly.com/it/blog/esportare-preferiti-chrome","kor","2","0","0","31.5"
"https://www.marqly.com/it/blog/esportare-preferiti-chrome","nld","1","0","0","8"
"https://www.marqly.com/it/blog/esportare-preferiti-chrome","xkk","2","0","0","33.5"
"https://www.marqly.com/it/blog/migliori-app-salva-e-leggi-dopo-2026","ita","2","0","0","3.5"
"https://www.marqly.com/it/blog/migliori-riassunti-video-youtube-ia-2026","ita","1","0","0","5"
"https://www.marqly.com/it/blog/organizzare-preferiti-browser","are","1","0","0","24"
"https://www.marqly.com/it/blog/organizzare-preferiti-browser","arg","1","0","0","21"
"https://www.marqly.com/it/blog/organizzare-preferiti-browser","bgd","1","0","0","24"
"https://www.marqly.com/it/blog/organizzare-preferiti-browser","blr","1","0","0","39"
"https://www.marqly.com/it/blog/organizzare-preferiti-browser","col","1","0","0","39"
"https://www.marqly.com/it/blog/organizzare-preferiti-browser","dza","1","0","0","24"
"https://www.marqly.com/it/blog/organizzare-preferiti-browser","ecu","2","0","0","31"
"https://www.marqly.com/it/blog/organizzare-preferiti-browser","esp","1","0","0","6"
"https://www.marqly.com/it/blog/organizzare-preferiti-browser","fra","2","0","0","12"
"https://www.marqly.com/it/blog/organizzare-preferiti-browser","idn","3","0","0","33.333333333333336"
"https://www.marqly.com/it/blog/organizzare-preferiti-browser","ind","6","0","0","27.166666666666668"
"https://www.marqly.com/it/blog/organizzare-preferiti-browser","ita","151","0","0","18.278145695364238"
"https://www.marqly.com/it/blog/organizzare-preferiti-browser","ken","1","0","0","23"
"https://www.marqly.com/it/blog/organizzare-preferiti-browser","pak","1","0","0","20"
"https://www.marqly.com/it/blog/organizzare-preferiti-browser","per","1","0","0","19"
"https://www.marqly.com/it/blog/organizzare-preferiti-browser","phl","3","0","0","24.666666666666668"
"https://www.marqly.com/it/blog/organizzare-preferiti-browser","twn","2","0","0","24.5"
"https://www.marqly.com/it/blog/recensione-linkwarden-2026","ita","2","0","0","5"
"https://www.marqly.com/it/blog/riassumere-video-youtube-con-ia-2026","ita","1478","0","0","8.574424898511502"
"https://www.marqly.com/it/blog/salvare-pagina-web-in-pdf","deu","1","0","0","41"
"https://www.marqly.com/it/blog/salvare-pagina-web-in-pdf","dom","1","0","0","44"
"https://www.marqly.com/it/blog/salvare-pagina-web-in-pdf","hnd","1","0","0","43"
"https://www.marqly.com/it/blog/salvare-pagina-web-in-pdf","ita","31","0","0","38.87096774193548"
"https://www.marqly.com/it/blog/salvare-video-youtube-da-guardare-piu-tardi-2026","ita","1","0","0","6"
"https://www.marqly.com/it/blog/segnalibri-chrome-non-si-sincronizzano-soluzione-2026","ita","4","0","0","12"
"https://www.marqly.com/it/confronto/marqly-vs-evernote","ita","9","0","0","5.888888888888889"
"https://www.marqly.com/it/cronologia-appunti","gbr","2","0","0","8.5"
"https://www.marqly.com/it/cronologia-appunti","ita","1","0","0","6"
"https://www.marqly.com/it/curatela-contenuti","deu","1","0","0","20"
"https://www.marqly.com/it/curatela-contenuti","ita","1","0","0","6"
"https://www.marqly.com/it/gestore-segnalibri-chrome","bra","1","0","0","9"
"https://www.marqly.com/it/gestore-segnalibri-chrome","esp","1","0","0","8"
"https://www.marqly.com/it/gestore-segnalibri-chrome","ita","90","0","0","8.633333333333333"
"https://www.marqly.com/it/gestore-segnalibri-safari","ita","4","0","0","10"
"https://www.marqly.com/it/gestore-segnalibri-safari","usa","1","0","0","3"
"https://www.marqly.com/it/organizzare-ricette","ita","1","0","0","34"
"https://www.marqly.com/it/per-agenti-immobiliari","ita","20","0","0","20.5"
"https://www.marqly.com/it/per-recruiter","ita","10","0","0","41.9"
"https://www.marqly.com/it/per-ricercatori","ita","1","0","0","47"
"https://www.marqly.com/it/pianificare-viaggi","ita","2","0","0","7.5"
"https://www.marqly.com/it/pianificare-viaggi","per","1","0","0","22"
"https://www.marqly.com/it/riassunto-youtube","bgd","1","0","0","29"
"https://www.marqly.com/it/riassunto-youtube","ita","1","0","0","8"
"https://www.marqly.com/it/salva-pagina-pdf","ita","1","0","0","34"
"https://www.marqly.com/it/salva-schede","gbr","1","0","0","6"
"https://www.marqly.com/it/salva-schede","ita","47","0","0","8.127659574468085"
"https://www.marqly.com/it/salvare-video-youtube","che","1","0","0","10"
"https://www.marqly.com/it/salvare-video-youtube","cpv","1","0","0","11"
"https://www.marqly.com/it/salvare-video-youtube","ita","27","0","0","11.333333333333334"
"https://www.marqly.com/it/sincronizzazione-segnalibri","ita","1","0","0","2"
"https://www.marqly.com/it/strumenti/riassunto-video-youtube","ita","5","0","0","31"
"https://www.marqly.com/it/strumenti/trascrizione-video-youtube","ita","3","0","0","45.666666666666664"
"https://www.marqly.com/it/studenti","ago","1","0","0","19"
"https://www.marqly.com/it/studenti","bra","1","0","0","10"
"https://www.marqly.com/it/studenti","ita","3","0","0","72.66666666666667"
"https://www.marqly.com/it/studenti","tha","1","0","0","30"
"https://www.marqly.com/ja/alternatives/evernote","jpn","14","0","0","16.142857142857142"
"https://www.marqly.com/ja/alternatives/pocket","usa","9","0","0","12.444444444444445"
"https://www.marqly.com/ja/alternatives/raindrop","jpn","5","0","0","20.4"
"https://www.marqly.com/ja/blog","jpn","6","0","0","14.666666666666666"
"https://www.marqly.com/ja/blog/ai-bookmark-managers-semantic-search-compared-2026","jpn","2","0","0","9"
"https://www.marqly.com/ja/blog/best-ai-bookmark-manager-2026","jpn","5","0","0","9.2"
"https://www.marqly.com/ja/blog/best-second-brain-apps-2026","jpn","10","0","0","5.1"
"https://www.marqly.com/ja/blog/best-self-hosted-pocket-alternative-2026","usa","3","0","0","3"
"https://www.marqly.com/ja/blog/best-tab-managers-2026","jpn","3","0","0","8.666666666666668"
"https://www.marqly.com/ja/blog/best-web-highlighter-2026","jpn","1","0","0","9"
"https://www.marqly.com/ja/blog/best-youtube-summarizers-2026","jpn","38","0","0","37.8421052631579"
"https://www.marqly.com/ja/blog/best-youtube-summarizers-2026","swe","1","0","0","53"
"https://www.marqly.com/ja/blog/bookmark-seiri-guide-2026","fin","1","0","0","9"
"https://www.marqly.com/ja/blog/bookmark-seiri-guide-2026","fra","1","0","0","9"
"https://www.marqly.com/ja/blog/can-ai-organize-my-bookmarks-automatically-2026","jpn","1","0","0","27"
"https://www.marqly.com/ja/blog/chat-with-youtube-videos-2026","jpn","2","0","0","9"
"https://www.marqly.com/ja/blog/chrome-bookmark-import-guide-2026","bra","1","0","0","29"
"https://www.marqly.com/ja/blog/chrome-bookmark-import-guide-2026","jpn","13","0","0","34.92307692307692"
"https://www.marqly.com/ja/blog/chrome-bookmarks-not-syncing-fix-2026","arg","1","0","0","23"
"https://www.marqly.com/ja/blog/chrome-bookmarks-not-syncing-fix-2026","ind","1","0","0","24"
"https://www.marqly.com/ja/blog/digital-declutter-new-year","jpn","1","0","0","2"
"https://www.marqly.com/ja/blog/export-instagram-saved-posts-2026","deu","1","0","0","5"
"https://www.marqly.com/ja/blog/export-instagram-saved-posts-2026","jpn","39","0","0","6.564102564102564"
"https://www.marqly.com/ja/blog/export-reddit-saved-posts-2026","jpn","22","0","0","11.272727272727273"
"https://www.marqly.com/ja/blog/export-twitter-x-bookmarks-2026","chn","1","0","0","5"
"https://www.marqly.com/ja/blog/export-youtube-watch-later-2026","mar","3","0","0","8"
"https://www.marqly.com/ja/blog/export-youtube-watch-later-2026","mrt","1","0","0","15"
"https://www.marqly.com/ja/blog/how-to-build-a-second-brain-2026","esp","1","0","0","1"
"https://www.marqly.com/ja/blog/how-to-build-a-second-brain-2026","jpn","1","0","0","10"
"https://www.marqly.com/ja/blog/how-to-build-a-second-brain-2026","phl","1","0","0","8"
"https://www.marqly.com/ja/blog/how-to-build-a-second-brain-2026","sgp","1","0","0","15"
"https://www.marqly.com/ja/blog/how-to-export-migrate-pocket-data-2026","jpn","1","0","0","1"
"https://www.marqly.com/ja/blog/how-to-export-migrate-pocket-data-2026","usa","6","0","0","10.5"
"https://www.marqly.com/ja/blog/how-to-highlight-text-on-any-website-2026","jpn","1","0","0","29"
"https://www.marqly.com/ja/blog/instapaper-review-2026","jpn","1","0","0","11"
"https://www.marqly.com/ja/blog/karakeep-review-2026","jpn","5","0","0","20"
"https://www.marqly.com/ja/blog/linkwarden-review-2026","jpn","2","0","0","28.5"
"https://www.marqly.com/ja/blog/mymind-review-2026","jpn","5","0","0","5.4"
"https://www.marqly.com/ja/blog/para-method-for-bookmarks-2026","jpn","1","0","0","61"
"https://www.marqly.com/ja/blog/pocket-daitai-2026","usa","8","0","0","15.5"
"https://www.marqly.com/ja/blog/raindrop-review-2026","jpn","2","0","0","29.5"
"https://www.marqly.com/ja/blog/readwise-reader-review-2026","jpn","18","0","0","5.833333333333333"
"https://www.marqly.com/ja/blog/save-youtube-videos-watch-later-2026","jpn","47","0","0","8.97872340425532"
"https://www.marqly.com/ja/blog/save-youtube-videos-watch-later-2026","kor","1","0","0","7"
"https://www.marqly.com/ja/blog/webpage-pdf-hozon-guide-2026","aut","1","0","0","44"
"https://www.marqly.com/ja/blog/webpage-pdf-hozon-guide-2026","bel","1","0","0","8"
"https://www.marqly.com/ja/blog/webpage-pdf-hozon-guide-2026","bra","1","0","0","41"
"https://www.marqly.com/ja/blog/webpage-pdf-hozon-guide-2026","fra","1","0","0","7"
"https://www.marqly.com/ja/blog/webpage-pdf-hozon-guide-2026","gbr","1","0","0","40"
"https://www.marqly.com/ja/blog/webpage-pdf-hozon-guide-2026","ita","1","0","0","42"
"https://www.marqly.com/ja/blog/webpage-pdf-hozon-guide-2026","jpn","644","0","0","38.83540372670807"
"https://www.marqly.com/ja/blog/webpage-pdf-hozon-guide-2026","mar","1","0","0","10"
"https://www.marqly.com/ja/blog/webpage-pdf-hozon-guide-2026","pak","1","0","0","12"
"https://www.marqly.com/ja/blog/webpage-pdf-hozon-guide-2026","sgp","2","0","0","9.5"
"https://www.marqly.com/ja/blog/webpage-pdf-hozon-guide-2026","usa","2","0","0","41.5"
"https://www.marqly.com/ja/blog/what-is-an-ai-second-brain-2026","esp","1","0","0","9"
"https://www.marqly.com/ja/blog/what-is-in-your-pocket-export-file-2026","ind","1","0","0","26"
"https://www.marqly.com/ja/blog/youtube-douga-ai-youyaku-2026","jpn","95","0","0","21.231578947368423"
"https://www.marqly.com/ja/blog/youtube-douga-ai-youyaku-2026","nor","1","0","0","13"
"https://www.marqly.com/ja/bookmark-manager-for-chrome","jpn","6","0","0","18.666666666666668"
"https://www.marqly.com/ja/bookmark-manager-for-iphone","jpn","5","0","0","8"
"https://www.marqly.com/ja/bookmark-manager-for-safari","jpn","2","0","0","5.5"
"https://www.marqly.com/ja/bookmark-sync","jpn","7","0","0","16.42857142857143"
"https://www.marqly.com/ja/clipboard-history","jpn","7","0","0","8.142857142857142"
"https://www.marqly.com/ja/compare/marqly-vs-instapaper","jpn","3","0","0","8"
"https://www.marqly.com/ja/compare/marqly-vs-obsidian","jpn","2","0","0","30.5"
"https://www.marqly.com/ja/compare/marqly-vs-readwise","jpn","1","0","0","5"
"https://www.marqly.com/ja/content-curation","jpn","2","0","0","2.5"
"https://www.marqly.com/ja/for-consultants","jpn","3","0","0","82"
"https://www.marqly.com/ja/for-content-creators","jpn","12","0","0","5.083333333333333"
"https://www.marqly.com/ja/for-designers","jpn","3","0","0","1.3333333333333333"
"https://www.marqly.com/ja/for-developers","jpn","4","0","0","23.25"
"https://www.marqly.com/ja/for-journalists","jpn","1","0","0","5"
"https://www.marqly.com/ja/for-lawyers","jpn","1","0","0","41"
"https://www.marqly.com/ja/for-marketers","jpn","21","0","0","26.761904761904763"
"https://www.marqly.com/ja/for-real-estate","jpn","4","0","0","11.75"
"https://www.marqly.com/ja/for-researchers","jpn","6","0","0","29.833333333333332"
"https://www.marqly.com/ja/for-sales","jpn","9","0","0","22"
"https://www.marqly.com/ja/for-students","jpn","6","0","0","5"
"https://www.marqly.com/ja/for-ux-researchers","jpn","3","0","0","15.666666666666666"
"https://www.marqly.com/ja/for-writers","jpn","6","0","0","7.166666666666667"
"https://www.marqly.com/ja/job-search-organizer","jpn","3","0","0","6"
"https://www.marqly.com/ja/new-tab-dashboard","jpn","1","0","0","11"
"https://www.marqly.com/ja/new-tab-dashboard","twn","2","0","0","9.5"
"https://www.marqly.com/ja/new-tab-dashboard","usa","1","0","0","10"
"https://www.marqly.com/ja/recipe-organizer","jpn","5","0","0","59.2"
"https://www.marqly.com/ja/research-organizer","jpn","3","0","0","62.666666666666664"
"https://www.marqly.com/ja/save-page-as-pdf","jpn","1","0","0","2"
"https://www.marqly.com/ja/second-brain","jpn","1","0","0","23"
"https://www.marqly.com/ja/swipe-file","jpn","6","0","0","12.666666666666666"
"https://www.marqly.com/ja/tab-manager","jpn","2","0","0","19"
"https://www.marqly.com/ja/tools/youtube-summarize","gbr","1","0","0","42"
"https://www.marqly.com/ja/tools/youtube-summarize","ita","1","0","0","36"
"https://www.marqly.com/ja/tools/youtube-summarize","jpn","7","0","0","23.857142857142858"
"https://www.marqly.com/ja/tools/youtube-transcript","jpn","2","0","0","11.5"
"https://www.marqly.com/ja/travel-planning","jpn","6","0","0","18.666666666666668"
"https://www.marqly.com/ja/watch-later","jpn","4","0","0","2.5"
"https://www.marqly.com/ja/youtube-summarizer","aut","1","0","0","58"
"https://www.marqly.com/ja/youtube-summarizer","bra","1","0","0","3"
"https://www.marqly.com/ja/youtube-summarizer","can","1","0","0","24"
"https://www.marqly.com/ja/youtube-summarizer","dnk","1","0","0","51"
"https://www.marqly.com/ja/youtube-summarizer","esp","1","0","0","3"
"https://www.marqly.com/ja/youtube-summarizer","ita","1","0","0","89"
"https://www.marqly.com/ja/youtube-summarizer","jpn","36","0","0","59.583333333333336"
"https://www.marqly.com/ja/youtube-summarizer","mlt","1","0","0","3"
"https://www.marqly.com/ja/youtube-summarizer","nor","1","0","0","73"
"https://www.marqly.com/ja/youtube-summarizer","rus","1","0","0","3"
"https://www.marqly.com/ja/youtube-summarizer","ukr","1","0","0","22"
"https://www.marqly.com/ja/youtube-summarizer","usa","1","0","0","22"
"https://www.marqly.com/job-search-organizer","bgr","1","0","0","27"
"https://www.marqly.com/job-search-organizer","dnk","7","0","0","20.571428571428573"
"https://www.marqly.com/job-search-organizer","dom","1","0","0","27"
"https://www.marqly.com/job-search-organizer","fra","2","0","0","27"
"https://www.marqly.com/job-search-organizer","gbr","1","0","0","26"
"https://www.marqly.com/job-search-organizer","hnd","1","0","0","26"
"https://www.marqly.com/job-search-organizer","kwt","1","0","0","25"
"https://www.marqly.com/job-search-organizer","pak","2","0","0","31"
"https://www.marqly.com/job-search-organizer","usa","104","0","0","27.451923076923077"
"https://www.marqly.com/job-search-organizer","zaf","1","0","0","26"
"https://www.marqly.com/ko/alternatives/notion","kor","4","0","0","24"
"https://www.marqly.com/ko/alternatives/pocket","kor","6","0","0","11.666666666666666"
"https://www.marqly.com/ko/alternatives/raindrop","kor","1","0","0","11"
"https://www.marqly.com/ko/blog/best-free-bookmark-manager-2026","kor","1","0","0","1"
"https://www.marqly.com/ko/blog/best-tab-managers-2026","kor","1","0","0","5"
"https://www.marqly.com/ko/blog/best-youtube-summarizers-2026","kor","1","0","0","8"
"https://www.marqly.com/ko/blog/bookmark-jeongri-guide-2026","kor","1","0","0","26"
"https://www.marqly.com/ko/blog/chat-with-youtube-videos-2026","kor","1","0","0","15"
"https://www.marqly.com/ko/blog/chrome-bookmark-gajyeoogi-2026","kor","1","0","0","7"
"https://www.marqly.com/ko/blog/export-instagram-saved-posts-2026","jpn","1","0","0","7"
"https://www.marqly.com/ko/blog/export-instagram-saved-posts-2026","kor","61","0","0","10.098360655737705"
"https://www.marqly.com/ko/blog/export-youtube-watch-later-2026","jpn","1","0","0","8"
"https://www.marqly.com/ko/blog/how-to-build-a-second-brain-2026","kor","3","0","0","13.333333333333334"
"https://www.marqly.com/ko/blog/how-to-highlight-text-on-any-website-2026","kor","1","0","0","38"
"https://www.marqly.com/ko/blog/karakeep-review-2026","hkg","4","0","0","17.5"
"https://www.marqly.com/ko/blog/karakeep-review-2026","usa","1","0","0","27"
"https://www.marqly.com/ko/blog/mymind-review-2026","kor","1","0","0","7"
"https://www.marqly.com/ko/blog/notion-web-clipper-alternative-2026","kor","3","0","0","36"
"https://www.marqly.com/ko/blog/pocket-daeche-2026","kor","2","0","0","6"
"https://www.marqly.com/ko/blog/readwise-reader-review-2026","kor","1","0","0","8"
"https://www.marqly.com/ko/blog/save-youtube-videos-watch-later-2026","jpn","1","0","0","5"
"https://www.marqly.com/ko/blog/save-youtube-videos-watch-later-2026","kor","75","0","0","9.866666666666667"
"https://www.marqly.com/ko/blog/save-youtube-videos-watch-later-2026","pry","1","0","0","10"
"https://www.marqly.com/ko/blog/save-youtube-videos-watch-later-2026","usa","1","0","0","9"
"https://www.marqly.com/ko/blog/webpage-pdf-jeojang-guide-2026","bra","1","0","0","17"
"https://www.marqly.com/ko/blog/webpage-pdf-jeojang-guide-2026","ind","1","0","0","3"
"https://www.marqly.com/ko/blog/webpage-pdf-jeojang-guide-2026","kor","78","0","0","9"
"https://www.marqly.com/ko/blog/youtube-dongyeongsang-ai-yoyak-2026","kor","26","0","0","23.115384615384617"
"https://www.marqly.com/ko/blog/youtube-transcript-chuchul-guide-2026","aus","1","0","0","8"
"https://www.marqly.com/ko/blog/youtube-transcript-chuchul-guide-2026","phl","1","0","0","10"
"https://www.marqly.com/ko/bookmark-manager-for-chrome","kor","3","0","0","38.333333333333336"
"https://www.marqly.com/ko/bookmark-manager-for-iphone","ind","1","0","0","25"
"https://www.marqly.com/ko/bookmark-manager-for-safari","kor","7","0","0","8.714285714285715"
"https://www.marqly.com/ko/bookmark-organizer","kor","4","0","0","1.25"
"https://www.marqly.com/ko/bookmark-sync","kor","4","0","0","11.25"
"https://www.marqly.com/ko/compare/marqly-vs-evernote","rus","1","0","0","25"
"https://www.marqly.com/ko/compare/marqly-vs-obsidian","lbn","1","0","0","14"
"https://www.marqly.com/ko/for-academics","kor","2","0","0","7"
"https://www.marqly.com/ko/for-consultants","kor","3","0","0","1"
"https://www.marqly.com/ko/for-designers","kor","19","0","0","7.052631578947368"
"https://www.marqly.com/ko/for-developers","kor","1","0","0","9"
"https://www.marqly.com/ko/for-marketers","kor","12","0","0","38.333333333333336"
"https://www.marqly.com/ko/for-phd-students","kor","3","0","0","37"
"https://www.marqly.com/ko/for-product-managers","kor","1","0","0","61"
"https://www.marqly.com/ko/for-recruiters","kor","3","0","0","21"
"https://www.marqly.com/ko/for-researchers","jpn","1","0","0","55"
"https://www.marqly.com/ko/for-sales","kor","2","0","0","4"
"https://www.marqly.com/ko/for-sales","usa","1","0","0","59"
"https://www.marqly.com/ko/for-teachers","kor","6","0","0","23"
"https://www.marqly.com/ko/job-search-organizer","kor","8","0","0","17.625"
"https://www.marqly.com/ko/read-it-later","kor","1","0","0","10"
"https://www.marqly.com/ko/reading-list","kor","3","0","0","6.333333333333333"
"https://www.marqly.com/ko/save-page-as-pdf","kor","3","0","0","12"
"https://www.marqly.com/ko/tab-manager","kor","3","0","0","8.333333333333332"
"https://www.marqly.com/ko/tools/youtube-summarize","kor","8","0","0","31.25"
"https://www.marqly.com/ko/watch-later","kor","7","0","0","42.42857142857143"
"https://www.marqly.com/ko/youtube-summarizer","kor","8","0","0","35.375"
"https://www.marqly.com/ko/youtube-summarizer","zaf","1","0","0","29"
"https://www.marqly.com/migrate","deu","1","0","0","7"
"https://www.marqly.com/migrate","gbr","1","0","0","4"
"https://www.marqly.com/migrate","grc","1","0","0","19"
"https://www.marqly.com/migrate","nld","4","0","0","58.75"
"https://www.marqly.com/migrate","usa","1","0","0","2"
"https://www.marqly.com/migrate/browser-bookmarks","can","2","0","0","5.5"
"https://www.marqly.com/migrate/browser-bookmarks","vnm","1","0","0","6"
"https://www.marqly.com/migrate/instapaper","jpn","1","0","0","4"
"https://www.marqly.com/migrate/instapaper","tur","1","0","0","9"
"https://www.marqly.com/migrate/instapaper","usa","6","0","0","27"
"https://www.marqly.com/migrate/mymind","usa","4","0","0","25"
"https://www.marqly.com/migrate/pocket","che","1","0","0","12"
"https://www.marqly.com/migrate/pocket","deu","1","0","0","9"
"https://www.marqly.com/migrate/pocket","gbr","2","0","0","13"
"https://www.marqly.com/migrate/pocket","jpn","1","0","0","20"
"https://www.marqly.com/migrate/pocket","rus","1","0","0","25"
"https://www.marqly.com/migrate/pocket","usa","8","0","0","44.875"
"https://www.marqly.com/new-tab-dashboard","are","3","0","0","6"
"https://www.marqly.com/new-tab-dashboard","aus","3","0","0","10"
"https://www.marqly.com/new-tab-dashboard","chn","1","0","0","9"
"https://www.marqly.com/new-tab-dashboard","deu","1","0","0","11"
"https://www.marqly.com/new-tab-dashboard","esp","1","0","0","4"
"https://www.marqly.com/new-tab-dashboard","fra","1","0","0","8"
"https://www.marqly.com/new-tab-dashboard","gbr","1","0","0","8"
"https://www.marqly.com/new-tab-dashboard","ind","1","0","0","9"
"https://www.marqly.com/new-tab-dashboard","ita","1","0","0","10"
"https://www.marqly.com/new-tab-dashboard","jpn","1","0","0","7"
"https://www.marqly.com/new-tab-dashboard","mex","1","0","0","1"
"https://www.marqly.com/new-tab-dashboard","mmr","2","0","0","9.5"
"https://www.marqly.com/new-tab-dashboard","nor","1","0","0","7"
"https://www.marqly.com/new-tab-dashboard","pak","1","0","0","10"
"https://www.marqly.com/new-tab-dashboard","phl","1","0","0","23"
"https://www.marqly.com/new-tab-dashboard","ukr","2","0","0","5.5"
"https://www.marqly.com/new-tab-dashboard","usa","12","0","0","15.333333333333334"
"https://www.marqly.com/new-tab-dashboard","uzb","3","0","0","7.333333333333333"
"https://www.marqly.com/nl","bel","1","0","0","1"
"https://www.marqly.com/nl","nld","5","0","0","1"
"https://www.marqly.com/nl/alternatieven/evernote","nld","1","0","0","23"
"https://www.marqly.com/nl/alternatieven/instapaper","nld","1","0","0","29"
"https://www.marqly.com/nl/alternatieven/pocket","nld","1","0","0","10"
"https://www.marqly.com/nl/blog/beste-self-hosted-pocket-alternatieven-2026","ind","1","0","0","43"
"https://www.marqly.com/nl/blog/beste-self-hosted-pocket-alternatieven-2026","nld","10","0","0","7.4"
"https://www.marqly.com/nl/blog/chrome-bladwijzers-exporteren-2026","bel","116","0","0","10.28448275862069"
"https://www.marqly.com/nl/blog/chrome-bladwijzers-exporteren-2026","deu","1","0","0","10"
"https://www.marqly.com/nl/blog/chrome-bladwijzers-exporteren-2026","esp","1","0","0","9"
"https://www.marqly.com/nl/blog/chrome-bladwijzers-exporteren-2026","gbr","2","0","0","10.5"
"https://www.marqly.com/nl/blog/chrome-bladwijzers-exporteren-2026","nld","75","0","0","10.84"
"https://www.marqly.com/nl/blog/chrome-bladwijzers-exporteren-2026","sur","1","0","0","11"
"https://www.marqly.com/nl/blog/chrome-bladwijzers-exporteren-2026","tur","1","0","0","11"
"https://www.marqly.com/nl/blog/chrome-bladwijzers-exporteren-2026","usa","1","0","0","13"
"https://www.marqly.com/nl/blog/chrome-bladwijzers-synchroniseren-niet-oplossing-2026","bel","7","0","0","8.142857142857142"
"https://www.marqly.com/nl/blog/chrome-bladwijzers-synchroniseren-niet-oplossing-2026","nld","8","0","0","8.625"
"https://www.marqly.com/nl/blog/chrome-bladwijzers-synchroniseren-niet-oplossing-2026","sur","1","0","0","9"
"https://www.marqly.com/nl/blog/digitaal-opruimen-nieuwjaar","bel","1","0","0","25"
"https://www.marqly.com/nl/blog/digitaal-opruimen-nieuwjaar","deu","1","0","0","28"
"https://www.marqly.com/nl/blog/instapaper-review-2026","bel","1","0","0","3"
"https://www.marqly.com/nl/blog/linkwarden-review-2026","nld","1","0","0","2"
"https://www.marqly.com/nl/blog/mymind-review-2026","bel","1","0","0","1"
"https://www.marqly.com/nl/blog/para-methode-voor-bladwijzers-2026","vnm","2","0","0","14.5"
"https://www.marqly.com/nl/blog/pocket-alternatieven-2026","bel","3","0","0","5.333333333333333"
"https://www.marqly.com/nl/blog/pocket-gegevens-exporteren-migreren-2026","nld","1","0","0","4"
"https://www.marqly.com/nl/blog/pocket-gegevens-exporteren-migreren-2026","rus","1","0","0","73"
"https://www.marqly.com/nl/blog/stop-met-bladwijzers-organiseren-mappen-overbodig-2026","bel","5","0","0","9"
"https://www.marqly.com/nl/blog/tekst-markeren-op-elke-website-2026","nld","1","0","0","11"
"https://www.marqly.com/nl/blog/twitter-x-bladwijzers-exporteren-2026","bel","2","0","0","9"
"https://www.marqly.com/nl/blog/twitter-x-bladwijzers-exporteren-2026","gbr","1","0","0","5"
"https://www.marqly.com/nl/blog/webpagina-opslaan-als-pdf-2026","idn","1","0","0","30"
"https://www.marqly.com/nl/blog/webpagina-opslaan-als-pdf-2026","ind","1","0","0","19"
"https://www.marqly.com/nl/blog/webpagina-opslaan-als-pdf-2026","nld","3","0","0","18.666666666666668"
"https://www.marqly.com/nl/blog/webpagina-opslaan-als-pdf-2026","rus","1","0","0","24"
"https://www.marqly.com/nl/blog/youtube-later-bekijken-exporteren-2026","bel","1","0","0","11"
"https://www.marqly.com/nl/blog/youtube-later-bekijken-exporteren-2026","deu","1","0","0","28"
"https://www.marqly.com/nl/blog/youtube-later-bekijken-exporteren-2026","nld","4","0","0","10.5"
"https://www.marqly.com/nl/blog/youtube-videos-opslaan-voor-later-2026","deu","1","0","0","16"
"https://www.marqly.com/nl/blog/youtube-videos-opslaan-voor-later-2026","gbr","1","0","0","4"
"https://www.marqly.com/nl/blog/youtube-videos-opslaan-voor-later-2026","nld","2","0","0","30.5"
"https://www.marqly.com/nl/content-curatie","nld","2","0","0","83"
"https://www.marqly.com/nl/klembord-geschiedenis","nld","2","0","0","24.5"
"https://www.marqly.com/nl/later-bekijken","nld","2","0","0","5"
"https://www.marqly.com/nl/onderzoek-organiseren","usa","1","0","0","11"
"https://www.marqly.com/nl/pagina-opslaan-als-pdf","idn","1","0","0","20"
"https://www.marqly.com/nl/pagina-opslaan-als-pdf","nld","1","0","0","5"
"https://www.marqly.com/nl/recepten-organiseren","bel","1","0","0","45"
"https://www.marqly.com/nl/recepten-organiseren","gbr","1","0","0","47"
"https://www.marqly.com/nl/recepten-organiseren","nld","4","0","0","43"
"https://www.marqly.com/nl/tabbladen-beheren","bel","2","0","0","8.5"
"https://www.marqly.com/nl/tabbladen-beheren","grc","2","0","0","9"
"https://www.marqly.com/nl/tabbladen-beheren","ind","1","0","0","58"
"https://www.marqly.com/nl/tabbladen-beheren","nld","49","0","0","17.224489795918366"
"https://www.marqly.com/nl/tabbladen-beheren","usa","1","0","0","46"
"https://www.marqly.com/nl/vergelijken/marqly-vs-obsidian","nld","1","0","0","21"
"https://www.marqly.com/nl/vergelijken/marqly-vs-readwise","nld","1","0","0","5"
"https://www.marqly.com/nl/voor-academici","nld","2","0","0","78"
"https://www.marqly.com/nl/voor-journalisten","nld","32","0","0","45.625"
"https://www.marqly.com/nl/voor-makelaars","nld","16","0","0","30"
"https://www.marqly.com/nl/voor-marketeers","bel","11","0","0","52.45454545454545"
"https://www.marqly.com/nl/voor-marketeers","nld","17","0","0","18.58823529411765"
"https://www.marqly.com/nl/voor-oprichters","lux","8","0","0","38.25"
"https://www.marqly.com/nl/voor-oprichters","nld","30","0","0","43.1"
"https://www.marqly.com/nl/voor-recruiters","bel","1","0","0","45"
"https://www.marqly.com/nl/voor-recruiters","nld","3","0","0","40.333333333333336"
"https://www.marqly.com/nl/voor-sales","bel","29","0","0","53.55172413793103"
"https://www.marqly.com/nl/voor-studenten","jpn","1","0","0","7"
"https://www.marqly.com/nl/voor-ux-onderzoekers","nld","1","0","0","3"
"https://www.marqly.com/nl/web-highlighter","nld","22","0","0","25"
"https://www.marqly.com/pl/alternatywy/notion","ind","1","0","0","5"
"https://www.marqly.com/pl/alternatywy/notion","pol","1","0","0","36"
"https://www.marqly.com/pl/blog/jak-pobrac-transkrypcje-z-youtube-2026","pol","303","0","0","12.528052805280527"
"https://www.marqly.com/pl/blog/jak-uporzadkowac-zakladki-2026","pol","19","0","0","15.68421052631579"
"https://www.marqly.com/pl/blog/jak-wyeksportowac-przeniesc-dane-z-pocket-2026","rus","1","0","0","40"
"https://www.marqly.com/pl/blog/jak-wyeksportowac-zakladki-chrome-2026","deu","3","0","0","9.666666666666666"
"https://www.marqly.com/pl/blog/jak-wyeksportowac-zakladki-chrome-2026","dnk","1","0","0","1"
"https://www.marqly.com/pl/blog/jak-wyeksportowac-zakladki-chrome-2026","pol","44","0","0","13.295454545454545"
"https://www.marqly.com/pl/blog/jak-wyeksportowac-zakladki-z-twittera-x-2026","pol","4","0","0","2"
"https://www.marqly.com/pl/blog/jak-zapisac-strone-jako-pdf-2026","pol","32","0","0","10.125"
"https://www.marqly.com/pl/blog/jak-zaznaczac-tekst-na-stronach-www-2026","pol","1","0","0","24"
"https://www.marqly.com/pl/blog/najlepsze-menedzery-kart-2026","deu","1","0","0","6"
"https://www.marqly.com/pl/blog/najlepsze-menedzery-kart-2026","pol","2","0","0","9"
"https://www.marqly.com/pl/blog/najlepsze-narzedzia-do-zaznaczania-stron-2026","pol","1","0","0","20"
"https://www.marqly.com/pl/blog/najlepsze-self-hosted-alternatywy-dla-pocket-2026","pol","1","0","0","9"
"https://www.marqly.com/pl/blog/zakladki-chrome-nie-synchronizuja-sie-rozwiazanie-2026","bra","1","0","0","15"
"https://www.marqly.com/pl/blog/zakladki-chrome-nie-synchronizuja-sie-rozwiazanie-2026","pol","45","0","0","11.133333333333333"
"https://www.marqly.com/pl/dla-dziennikarzy","pol","3","0","0","40.333333333333336"
"https://www.marqly.com/pl/dla-marketerow","pol","1","0","0","8"
"https://www.marqly.com/pl/dla-nieruchomosci","ind","1","0","0","10"
"https://www.marqly.com/pl/dla-nieruchomosci","kor","1","0","0","8"
"https://www.marqly.com/pl/dla-pisarzy","pol","2","0","0","23"
"https://www.marqly.com/pl/dla-tworcow","pol","1","0","0","3"
"https://www.marqly.com/pl/do-przeczytania-pozniej","pol","1","0","0","6"
"https://www.marqly.com/pl/historia-schowka","pol","4","0","0","9.25"
"https://www.marqly.com/pl/menedzer-zakladek-chrome","pol","3","0","0","11"
"https://www.marqly.com/pl/nowa-karta-pulpit","pol","1","0","0","45"
"https://www.marqly.com/pl/organizator-przepisow","bgd","1","0","0","8"
"https://www.marqly.com/pl/organizator-przepisow","kgz","1","0","0","9"
"https://www.marqly.com/pl/organizator-przepisow","pol","1","0","0","18"
"https://www.marqly.com/pl/planowanie-podrozy","pol","17","0","0","3.5294117647058822"
"https://www.marqly.com/pl/swipe-file","pol","1","0","0","48"
"https://www.marqly.com/pl/tools/youtube-podsumowanie","pol","2","0","0","8.5"
"https://www.marqly.com/pl/tools/youtube-transkrypcja","pol","81","0","0","10.049382716049383"
"https://www.marqly.com/pl/zaznaczanie-stron-www","pol","2","0","0","16.5"
"https://www.marqly.com/pricing","and","1","0","0","1"
"https://www.marqly.com/pricing","are","10","0","0","1"
"https://www.marqly.com/pricing","arg","3","0","0","1.6666666666666665"
"https://www.marqly.com/pricing","aus","9","0","0","1"
"https://www.marqly.com/pricing","aut","1","0","0","3"
"https://www.marqly.com/pricing","aze","1","0","0","1"
"https://www.marqly.com/pricing","bel","4","0","0","1"
"https://www.marqly.com/pricing","bgr","2","0","0","1"
"https://www.marqly.com/pricing","bra","11","0","0","1.0909090909090908"
"https://www.marqly.com/pricing","can","7","0","0","1"
"https://www.marqly.com/pricing","che","1","0","0","1"
"https://www.marqly.com/pricing","chn","2","0","0","1"
"https://www.marqly.com/pricing","col","2","0","0","1"
"https://www.marqly.com/pricing","cyp","2","0","0","1"
"https://www.marqly.com/pricing","cze","1","0","0","1"
"https://www.marqly.com/pricing","deu","12","0","0","2.083333333333333"
"https://www.marqly.com/pricing","dnk","1","0","0","1"
"https://www.marqly.com/pricing","egy","2","0","0","1"
"https://www.marqly.com/pricing","esp","2","0","0","1"
"https://www.marqly.com/pricing","fin","1","0","0","1"
"https://www.marqly.com/pricing","fra","11","0","0","1.7272727272727273"
"https://www.marqly.com/pricing","gbr","9","0","0","1"
"https://www.marqly.com/pricing","grc","1","0","0","1"
"https://www.marqly.com/pricing","hkg","1","0","0","1"
"https://www.marqly.com/pricing","hrv","2","0","0","1"
"https://www.marqly.com/pricing","hun","2","0","0","1"
"https://www.marqly.com/pricing","idn","3","0","0","1"
"https://www.marqly.com/pricing","ind","30","0","0","1"
"https://www.marqly.com/pricing","irn","1","0","0","1"
"https://www.marqly.com/pricing","ita","8","0","0","1.125"
"https://www.marqly.com/pricing","jpn","1","0","0","1"
"https://www.marqly.com/pricing","kor","4","0","0","1"
"https://www.marqly.com/pricing","lby","1","0","0","1"
"https://www.marqly.com/pricing","lux","1","0","0","1"
"https://www.marqly.com/pricing","lva","1","0","0","1"
"https://www.marqly.com/pricing","mar","1","0","0","1"
"https://www.marqly.com/pricing","mex","7","0","0","1"
"https://www.marqly.com/pricing","moz","2","0","0","1"
"https://www.marqly.com/pricing","mys","1","0","0","1"
"https://www.marqly.com/pricing","nld","5","0","0","1"
"https://www.marqly.com/pricing","npl","1","0","0","1"
"https://www.marqly.com/pricing","nzl","1","0","0","1"
"https://www.marqly.com/pricing","pak","1","0","0","1"
"https://www.marqly.com/pricing","per","2","0","0","1"
"https://www.marqly.com/pricing","phl","6","0","0","1"
"https://www.marqly.com/pricing","rou","1","0","0","1"
"https://www.marqly.com/pricing","rus","9","0","0","1"
"https://www.marqly.com/pricing","sau","1","0","0","1"
"https://www.marqly.com/pricing","sgp","2","0","0","1"
"https://www.marqly.com/pricing","slv","1","0","0","1"
"https://www.marqly.com/pricing","srb","1","0","0","1"
"https://www.marqly.com/pricing","swe","2","0","0","1"
"https://www.marqly.com/pricing","tha","8","0","0","6.375"
"https://www.marqly.com/pricing","tun","1","0","0","1"
"https://www.marqly.com/pricing","tur","2","0","0","1"
"https://www.marqly.com/pricing","twn","5","0","0","1"
"https://www.marqly.com/pricing","ukr","5","0","0","1"
"https://www.marqly.com/pricing","usa","50","0","0","1"
"https://www.marqly.com/pricing","vnm","5","0","0","1"
"https://www.marqly.com/primary-source-kit","jpn","1","0","0","4"
"https://www.marqly.com/privacypolicy","are","25","0","0","1"
"https://www.marqly.com/privacypolicy","arg","4","0","0","1"
"https://www.marqly.com/privacypolicy","arm","1","0","0","1"
"https://www.marqly.com/privacypolicy","aus","6","0","0","1"
"https://www.marqly.com/privacypolicy","aut","2","0","0","1"
"https://www.marqly.com/privacypolicy","bel","2","0","0","1"
"https://www.marqly.com/privacypolicy","bgd","32","0","0","1"
"https://www.marqly.com/privacypolicy","bgr","2","0","0","1"
"https://www.marqly.com/privacypolicy","bra","15","0","0","1"
"https://www.marqly.com/privacypolicy","brb","1","0","0","1"
"https://www.marqly.com/privacypolicy","can","5","0","0","1"
"https://www.marqly.com/privacypolicy","che","6","0","0","1"
"https://www.marqly.com/privacypolicy","chn","5","0","0","1"
"https://www.marqly.com/privacypolicy","col","1","0","0","1"
"https://www.marqly.com/privacypolicy","cze","2","0","0","1"
"https://www.marqly.com/privacypolicy","deu","29","0","0","1"
"https://www.marqly.com/privacypolicy","dnk","7","0","0","1"
"https://www.marqly.com/privacypolicy","dza","1","0","0","1"
"https://www.marqly.com/privacypolicy","ecu","2","0","0","1"
"https://www.marqly.com/privacypolicy","egy","10","0","0","1"
"https://www.marqly.com/privacypolicy","esp","15","0","0","1"
"https://www.marqly.com/privacypolicy","est","2","0","0","1"
"https://www.marqly.com/privacypolicy","eth","2","0","0","1"
"https://www.marqly.com/privacypolicy","fin","5","0","0","1"
"https://www.marqly.com/privacypolicy","fra","17","0","0","1"
"https://www.marqly.com/privacypolicy","gbr","7","0","0","1"
"https://www.marqly.com/privacypolicy","grc","10","0","0","1"
"https://www.marqly.com/privacypolicy","hkg","4","0","0","1"
"https://www.marqly.com/privacypolicy","hun","6","0","0","1"
"https://www.marqly.com/privacypolicy","idn","8","0","0","1"
"https://www.marqly.com/privacypolicy","ind","78","0","0","1"
"https://www.marqly.com/privacypolicy","irl","1","0","0","27"
"https://www.marqly.com/privacypolicy","irn","3","0","0","1"
"https://www.marqly.com/privacypolicy","isl","10","0","0","1"
"https://www.marqly.com/privacypolicy","isr","5","0","0","1"
"https://www.marqly.com/privacypolicy","ita","12","0","0","1"
"https://www.marqly.com/privacypolicy","jpn","15","0","0","1"
"https://www.marqly.com/privacypolicy","kaz","9","0","0","1"
"https://www.marqly.com/privacypolicy","ken","1","0","0","1"
"https://www.marqly.com/privacypolicy","kor","22","0","0","1"
"https://www.marqly.com/privacypolicy","kwt","2","0","0","1"
"https://www.marqly.com/privacypolicy","lbr","1","0","0","1"
"https://www.marqly.com/privacypolicy","lka","4","0","0","1"
"https://www.marqly.com/privacypolicy","ltu","1","0","0","1"
"https://www.marqly.com/privacypolicy","mar","10","0","0","1"
"https://www.marqly.com/privacypolicy","mex","5","0","0","1"
"https://www.marqly.com/privacypolicy","moz","81","0","0","1.1604938271604939"
"https://www.marqly.com/privacypolicy","mys","1","0","0","1"
"https://www.marqly.com/privacypolicy","nga","1","0","0","1"
"https://www.marqly.com/privacypolicy","nld","7","0","0","1"
"https://www.marqly.com/privacypolicy","npl","2","0","0","1"
"https://www.marqly.com/privacypolicy","nzl","1","0","0","1"
"https://www.marqly.com/privacypolicy","pak","7","0","0","1"
"https://www.marqly.com/privacypolicy","per","3","0","0","1"
"https://www.marqly.com/privacypolicy","phl","7","0","0","1"
"https://www.marqly.com/privacypolicy","pol","13","0","0","1"
"https://www.marqly.com/privacypolicy","prt","8","0","0","1"
"https://www.marqly.com/privacypolicy","qat","1","0","0","1"
"https://www.marqly.com/privacypolicy","rou","4","0","0","1"
"https://www.marqly.com/privacypolicy","rus","7","0","0","1"
"https://www.marqly.com/privacypolicy","sau","5","0","0","1"
"https://www.marqly.com/privacypolicy","sgp","5","0","0","1"
"https://www.marqly.com/privacypolicy","srb","1","0","0","1"
"https://www.marqly.com/privacypolicy","svk","1","0","0","1"
"https://www.marqly.com/privacypolicy","swe","5","0","0","1"
"https://www.marqly.com/privacypolicy","tto","1","0","0","1"
"https://www.marqly.com/privacypolicy","tur","8","0","0","1"
"https://www.marqly.com/privacypolicy","twn","3","0","0","1"
"https://www.marqly.com/privacypolicy","uga","1","0","0","1"
"https://www.marqly.com/privacypolicy","ukr","15","0","0","1"
"https://www.marqly.com/privacypolicy","ury","1","0","0","1"
"https://www.marqly.com/privacypolicy","usa","130","0","0","1.5692307692307692"
"https://www.marqly.com/privacypolicy","vnm","15","0","0","1"
"https://www.marqly.com/prompt-gallery","arg","1","0","0","9"
"https://www.marqly.com/prompt-gallery","aus","1","0","0","64"
"https://www.marqly.com/prompt-gallery","bra","1","0","0","6"
"https://www.marqly.com/prompt-gallery","deu","1","0","0","4"
"https://www.marqly.com/prompt-gallery","gbr","3","0","0","49"
"https://www.marqly.com/prompt-gallery","ind","3","0","0","14.666666666666666"
"https://www.marqly.com/prompt-gallery","mmr","1","0","0","71"
"https://www.marqly.com/prompt-gallery","nga","1","0","0","89"
"https://www.marqly.com/prompt-gallery","nld","1","0","0","97"
"https://www.marqly.com/prompt-gallery","phl","1","0","0","13"
"https://www.marqly.com/prompt-gallery","sau","1","0","0","65"
"https://www.marqly.com/prompt-gallery","tun","2","0","0","5"
"https://www.marqly.com/prompt-gallery","uzb","1","0","0","5"
"https://www.marqly.com/prompt-gallery/30-day-social-media-content-calendar-prompt","can","1","0","0","43"
"https://www.marqly.com/prompt-gallery/30-day-social-media-content-calendar-prompt","gha","1","0","0","16"
"https://www.marqly.com/prompt-gallery/30-day-social-media-content-calendar-prompt","ind","1","0","0","13"
"https://www.marqly.com/prompt-gallery/30-day-social-media-content-calendar-prompt","irn","1","0","0","7"
"https://www.marqly.com/prompt-gallery/30-day-social-media-content-calendar-prompt","jpn","2","0","0","18.5"
"https://www.marqly.com/prompt-gallery/30-day-social-media-content-calendar-prompt","pri","1","0","0","39"
"https://www.marqly.com/prompt-gallery/30-day-social-media-content-calendar-prompt","usa","119","0","0","27.949579831932773"
"https://www.marqly.com/prompt-gallery/ab-test-results-analyzer-prompt","usa","1","0","0","72"
"https://www.marqly.com/prompt-gallery/abstract-gradient-background-prompt","usa","3","0","0","19"
"https://www.marqly.com/prompt-gallery/academic-article-summary-prompt","bra","2","0","0","29.5"
"https://www.marqly.com/prompt-gallery/academic-article-summary-prompt","can","3","0","0","21.333333333333332"
"https://www.marqly.com/prompt-gallery/academic-article-summary-prompt","gbr","1","0","0","17"
"https://www.marqly.com/prompt-gallery/academic-article-summary-prompt","usa","6","0","0","25.5"
"https://www.marqly.com/prompt-gallery/affiliate-product-roundup-prompt","aus","2","0","0","73"
"https://www.marqly.com/prompt-gallery/affiliate-product-roundup-prompt","can","1","0","0","94"
"https://www.marqly.com/prompt-gallery/affiliate-product-roundup-prompt","esp","5","0","0","79.6"
"https://www.marqly.com/prompt-gallery/affiliate-product-roundup-prompt","mex","2","0","0","91"
"https://www.marqly.com/prompt-gallery/affiliate-product-roundup-prompt","ven","6","0","0","57.666666666666664"
"https://www.marqly.com/prompt-gallery/ai-food-photography-prompt","dza","3","0","0","5"
"https://www.marqly.com/prompt-gallery/ai-food-photography-prompt","fra","1","0","0","25"
"https://www.marqly.com/prompt-gallery/ai-food-photography-prompt","idn","4","0","0","12.75"
"https://www.marqly.com/prompt-gallery/ai-food-photography-prompt","ind","6","0","0","15.5"
"https://www.marqly.com/prompt-gallery/ai-food-photography-prompt","irn","2","0","0","7.5"
"https://www.marqly.com/prompt-gallery/ai-food-photography-prompt","khm","1","0","0","2"
"https://www.marqly.com/prompt-gallery/ai-food-photography-prompt","kor","1","0","0","11"
"https://www.marqly.com/prompt-gallery/ai-food-photography-prompt","kwt","1","0","0","8"
"https://www.marqly.com/prompt-gallery/ai-food-photography-prompt","mng","1","0","0","9"
"https://www.marqly.com/prompt-gallery/ai-food-photography-prompt","npl","1","0","0","10"
"https://www.marqly.com/prompt-gallery/ai-food-photography-prompt","pak","2","0","0","9.5"
"https://www.marqly.com/prompt-gallery/ai-food-photography-prompt","tun","1","0","0","3"
"https://www.marqly.com/prompt-gallery/ai-food-photography-prompt","vnm","2","0","0","18"
"https://www.marqly.com/prompt-gallery/api-documentation-from-code-prompt","usa","4","0","0","51"
"https://www.marqly.com/prompt-gallery/api-endpoint-design-prompt","usa","1","0","0","30"
"https://www.marqly.com/prompt-gallery/argumentative-essay-outline-prompt","ind","1","0","0","57"
"https://www.marqly.com/prompt-gallery/argumentative-essay-outline-prompt","usa","1","0","0","55"
"https://www.marqly.com/prompt-gallery/board-game-concept-prompt","jpn","1","0","0","4"
"https://www.marqly.com/prompt-gallery/brand-voice-guidelines-prompt","idn","2","0","0","26.5"
"https://www.marqly.com/prompt-gallery/brand-voice-guidelines-prompt","ind","2","0","0","20"
"https://www.marqly.com/prompt-gallery/brand-voice-guidelines-prompt","usa","24","0","0","31.125"
"https://www.marqly.com/prompt-gallery/buyer-persona-interview-prompt","usa","14","0","0","10.214285714285714"
"https://www.marqly.com/prompt-gallery/buyer-persona-interview-prompt","zaf","1","0","0","15"
"https://www.marqly.com/prompt-gallery/category","are","1","0","0","45"
"https://www.marqly.com/prompt-gallery/category","bgd","1","0","0","10"
"https://www.marqly.com/prompt-gallery/category","gbr","1","0","0","1"
"https://www.marqly.com/prompt-gallery/category","ind","7","0","0","10.285714285714286"
"https://www.marqly.com/prompt-gallery/category","usa","35","0","0","43.857142857142854"
"https://www.marqly.com/prompt-gallery/category/personal-creative","usa","1","0","0","10"
"https://www.marqly.com/prompt-gallery/chain-of-thought-reasoning-prompt","pry","1","0","0","7"
"https://www.marqly.com/prompt-gallery/chatgpt-prompt-for-blog-post-outlines","aus","1","0","0","20"
"https://www.marqly.com/prompt-gallery/chatgpt-prompt-for-character-development","bgd","2","0","0","7"
"https://www.marqly.com/prompt-gallery/chatgpt-prompt-for-character-development","can","2","0","0","8.5"
"https://www.marqly.com/prompt-gallery/chatgpt-prompt-for-character-development","gbr","2","0","0","10.5"
"https://www.marqly.com/prompt-gallery/chatgpt-prompt-for-character-development","ind","8","0","0","8.875"
"https://www.marqly.com/prompt-gallery/chatgpt-prompt-for-character-development","kor","1","0","0","10"
"https://www.marqly.com/prompt-gallery/chatgpt-prompt-for-character-development","mex","1","0","0","7"
"https://www.marqly.com/prompt-gallery/chatgpt-prompt-for-character-development","nld","1","0","0","11"
"https://www.marqly.com/prompt-gallery/chatgpt-prompt-for-character-development","pak","1","0","0","1"
"https://www.marqly.com/prompt-gallery/chatgpt-prompt-for-character-development","svk","1","0","0","1"
"https://www.marqly.com/prompt-gallery/chatgpt-prompt-for-character-development","tur","4","0","0","9.5"
"https://www.marqly.com/prompt-gallery/chatgpt-prompt-for-character-development","usa","5","0","0","19.2"
"https://www.marqly.com/prompt-gallery/chatgpt-prompt-for-compare-and-contrast-essays","usa","3","0","0","68"
"https://www.marqly.com/prompt-gallery/chatgpt-prompt-for-competitor-benchmarking","usa","15","0","0","27.133333333333333"
"https://www.marqly.com/prompt-gallery/chatgpt-prompt-for-constraint-based-outputs","tur","1","0","0","32"
"https://www.marqly.com/prompt-gallery/chatgpt-prompt-for-constraint-based-outputs","usa","1","0","0","27"
"https://www.marqly.com/prompt-gallery/chatgpt-prompt-for-content-gap-analysis","usa","19","0","0","11.473684210526315"
"https://www.marqly.com/prompt-gallery/chatgpt-prompt-for-daily-planning","bel","4","0","0","17.75"
"https://www.marqly.com/prompt-gallery/chatgpt-prompt-for-daily-planning","nld","5","0","0","19.2"
"https://www.marqly.com/prompt-gallery/chatgpt-prompt-for-data-visualization","bgd","1","0","0","10"
"https://www.marqly.com/prompt-gallery/chatgpt-prompt-for-data-visualization","dnk","1","0","0","1"
"https://www.marqly.com/prompt-gallery/chatgpt-prompt-for-data-visualization","ind","17","0","0","9.470588235294118"
"https://www.marqly.com/prompt-gallery/chatgpt-prompt-for-data-visualization","mmr","1","0","0","8"
"https://www.marqly.com/prompt-gallery/chatgpt-prompt-for-data-visualization","nld","1","0","0","9"
"https://www.marqly.com/prompt-gallery/chatgpt-prompt-for-data-visualization","pak","1","0","0","7"
"https://www.marqly.com/prompt-gallery/chatgpt-prompt-for-data-visualization","tha","1","0","0","9"
"https://www.marqly.com/prompt-gallery/chatgpt-prompt-for-data-visualization","usa","1","0","0","16"
"https://www.marqly.com/prompt-gallery/chatgpt-prompt-for-development","can","1","0","0","1"
"https://www.marqly.com/prompt-gallery/chatgpt-prompt-for-email-drafting","bgd","1","0","0","54"
"https://www.marqly.com/prompt-gallery/chatgpt-prompt-for-email-newsletters","gbr","1","0","0","45"
"https://www.marqly.com/prompt-gallery/chatgpt-prompt-for-email-newsletters","jpn","1","0","0","88"
"https://www.marqly.com/prompt-gallery/chatgpt-prompt-for-email-newsletters","usa","1","0","0","47"
"https://www.marqly.com/prompt-gallery/chatgpt-prompt-for-goal-setting","ind","1","0","0","19"
"https://www.marqly.com/prompt-gallery/chatgpt-prompt-for-goal-setting","jpn","1","0","0","6"
"https://www.marqly.com/prompt-gallery/chatgpt-prompt-for-goal-setting","usa","4","0","0","23.25"
"https://www.marqly.com/prompt-gallery/chatgpt-prompt-for-influencer-outreach","usa","34","0","0","12.676470588235293"
"https://www.marqly.com/prompt-gallery/chatgpt-prompt-for-instagram-captions","ind","13","0","0","8.76923076923077"
"https://www.marqly.com/prompt-gallery/chatgpt-prompt-for-instagram-captions","irn","1","0","0","4"
"https://www.marqly.com/prompt-gallery/chatgpt-prompt-for-instagram-captions","phl","1","0","0","1"
"https://www.marqly.com/prompt-gallery/chatgpt-prompt-for-instagram-captions","usa","14","0","0","29.857142857142858"
"https://www.marqly.com/prompt-gallery/chatgpt-prompt-for-instagram-captions","zmb","2","0","0","11.5"
"https://www.marqly.com/prompt-gallery/chatgpt-prompt-for-instagram-reels-scripts","bgd","2","0","0","4.5"
"https://www.marqly.com/prompt-gallery/chatgpt-prompt-for-instagram-reels-scripts","bhr","1","0","0","9"
"https://www.marqly.com/prompt-gallery/chatgpt-prompt-for-instagram-reels-scripts","cze","1","0","0","10"
"https://www.marqly.com/prompt-gallery/chatgpt-prompt-for-instagram-reels-scripts","idn","1","0","0","9"
"https://www.marqly.com/prompt-gallery/chatgpt-prompt-for-instagram-reels-scripts","mar","1","0","0","7"
"https://www.marqly.com/prompt-gallery/chatgpt-prompt-for-instagram-reels-scripts","nld","1","0","0","5"
"https://www.marqly.com/prompt-gallery/chatgpt-prompt-for-instagram-reels-scripts","pak","1","0","0","7"
"https://www.marqly.com/prompt-gallery/chatgpt-prompt-for-instagram-reels-scripts","sau","1","0","0","9"
"https://www.marqly.com/prompt-gallery/chatgpt-prompt-for-instagram-reels-scripts","tur","1","0","0","6"
"https://www.marqly.com/prompt-gallery/chatgpt-prompt-for-instagram-reels-scripts","usa","7","0","0","7.571428571428571"
"https://www.marqly.com/prompt-gallery/chatgpt-prompt-for-instagram-reels-scripts","uzb","1","0","0","8"
"https://www.marqly.com/prompt-gallery/chatgpt-prompt-for-javascript-functions","usa","4","0","0","22.75"
"https://www.marqly.com/prompt-gallery/chatgpt-prompt-for-keyword-research","jor","1","0","0","17"
"https://www.marqly.com/prompt-gallery/chatgpt-prompt-for-landing-page-optimization","usa","78","0","0","15.76923076923077"
"https://www.marqly.com/prompt-gallery/chatgpt-prompt-for-linkedin-posts","can","1","0","0","11"
"https://www.marqly.com/prompt-gallery/chatgpt-prompt-for-linkedin-posts","usa","5","0","0","15.6"
"https://www.marqly.com/prompt-gallery/chatgpt-prompt-for-memoir-writing","are","1","0","0","9"
"https://www.marqly.com/prompt-gallery/chatgpt-prompt-for-memoir-writing","usa","8","0","0","12.375"
"https://www.marqly.com/prompt-gallery/chatgpt-prompt-for-meta-description-generator","aus","1","0","0","10"
"https://www.marqly.com/prompt-gallery/chatgpt-prompt-for-meta-description-generator","khm","1","0","0","9"
"https://www.marqly.com/prompt-gallery/chatgpt-prompt-for-meta-description-generator","usa","1","0","0","21"
"https://www.marqly.com/prompt-gallery/chatgpt-prompt-for-meta-prompting","irn","2","0","0","12"
"https://www.marqly.com/prompt-gallery/chatgpt-prompt-for-meta-prompting","nor","1","0","0","6"
"https://www.marqly.com/prompt-gallery/chatgpt-prompt-for-mobile-app-features","ind","4","0","0","11.25"
"https://www.marqly.com/prompt-gallery/chatgpt-prompt-for-mobile-app-features","pak","1","0","0","8"
"https://www.marqly.com/prompt-gallery/chatgpt-prompt-for-mobile-app-features","sau","1","0","0","10"
"https://www.marqly.com/prompt-gallery/chatgpt-prompt-for-mobile-app-features","sgp","1","0","0","1"
"https://www.marqly.com/prompt-gallery/chatgpt-prompt-for-product-descriptions","gbr","1","0","0","42"
"https://www.marqly.com/prompt-gallery/chatgpt-prompt-for-product-descriptions","usa","2","0","0","27.5"
"https://www.marqly.com/prompt-gallery/chatgpt-prompt-for-scenario-planning","esp","1","0","0","8"
"https://www.marqly.com/prompt-gallery/chatgpt-prompt-for-seo-content-briefs","usa","19","0","0","23.789473684210527"
"https://www.marqly.com/prompt-gallery/chatgpt-prompt-for-seo-title-tags","bgd","1","0","0","11"
"https://www.marqly.com/prompt-gallery/chatgpt-prompt-for-seo-title-tags","pak","1","0","0","8"
"https://www.marqly.com/prompt-gallery/chatgpt-prompt-for-seo-title-tags","phl","1","0","0","11"
"https://www.marqly.com/prompt-gallery/chatgpt-prompt-for-story-ideas","qat","1","0","0","11"
"https://www.marqly.com/prompt-gallery/chatgpt-prompt-for-summarizing-research-papers","usa","2","0","0","21"
"https://www.marqly.com/prompt-gallery/chatgpt-prompt-for-survey-analysis","usa","26","0","0","28.192307692307693"
"https://www.marqly.com/prompt-gallery/chatgpt-prompt-for-twitter-x-threads","ind","1","0","0","9"
"https://www.marqly.com/prompt-gallery/chatgpt-prompt-for-twitter-x-threads","usa","5","0","0","20.6"
"https://www.marqly.com/prompt-gallery/chatgpt-prompt-for-website-copywriting","mex","1","0","0","52"
"https://www.marqly.com/prompt-gallery/chatgpt-prompt-for-website-copywriting","usa","1","0","0","60"
"https://www.marqly.com/prompt-gallery/cinematic-portrait-prompt-with-rim-lighting","and","1","0","0","6"
"https://www.marqly.com/prompt-gallery/cinematic-portrait-prompt-with-rim-lighting","dza","1","0","0","4"
"https://www.marqly.com/prompt-gallery/cinematic-portrait-prompt-with-rim-lighting","egy","1","0","0","7"
"https://www.marqly.com/prompt-gallery/cinematic-portrait-prompt-with-rim-lighting","esp","1","0","0","10"
"https://www.marqly.com/prompt-gallery/cinematic-portrait-prompt-with-rim-lighting","grc","1","0","0","7"
"https://www.marqly.com/prompt-gallery/cinematic-portrait-prompt-with-rim-lighting","ind","29","0","0","8.344827586206897"
"https://www.marqly.com/prompt-gallery/cinematic-portrait-prompt-with-rim-lighting","jpn","1","0","0","10"
"https://www.marqly.com/prompt-gallery/cinematic-portrait-prompt-with-rim-lighting","lka","4","0","0","6.25"
"https://www.marqly.com/prompt-gallery/cinematic-portrait-prompt-with-rim-lighting","nld","1","0","0","7"
"https://www.marqly.com/prompt-gallery/cinematic-portrait-prompt-with-rim-lighting","pak","4","0","0","9.5"
"https://www.marqly.com/prompt-gallery/cinematic-portrait-prompt-with-rim-lighting","tha","1","0","0","22"
"https://www.marqly.com/prompt-gallery/cinematic-portrait-prompt-with-rim-lighting","tun","1","0","0","11"
"https://www.marqly.com/prompt-gallery/cinematic-portrait-prompt-with-rim-lighting","usa","4","0","0","6"
"https://www.marqly.com/prompt-gallery/cinematic-portrait-prompt-with-rim-lighting","vnm","1","0","0","8"
"https://www.marqly.com/prompt-gallery/claude-prompt-for-financial-modeling","fra","1","0","0","27"
"https://www.marqly.com/prompt-gallery/claude-prompt-for-financial-modeling","gbr","1","0","0","10"
"https://www.marqly.com/prompt-gallery/claude-prompt-for-financial-modeling","irl","1","0","0","8"
"https://www.marqly.com/prompt-gallery/claude-prompt-for-financial-modeling","usa","5","0","0","40.4"
"https://www.marqly.com/prompt-gallery/claude-prompt-for-financial-modeling","zaf","2","0","0","2"
"https://www.marqly.com/prompt-gallery/claude-prompt-for-interview-preparation","fra","1","0","0","11"
"https://www.marqly.com/prompt-gallery/claude-prompt-for-interview-preparation","irl","1","0","0","9"
"https://www.marqly.com/prompt-gallery/claude-prompt-for-interview-preparation","pak","1","0","0","10"
"https://www.marqly.com/prompt-gallery/claude-prompt-for-interview-preparation","rus","1","0","0","10"
"https://www.marqly.com/prompt-gallery/claude-prompt-for-interview-preparation","usa","1","0","0","6"
"https://www.marqly.com/prompt-gallery/claude-prompt-for-rewriting-technical-jargon","sgp","1","0","0","9"
"https://www.marqly.com/prompt-gallery/compare-two-concepts-or-theories-prompt","usa","1","0","0","34"
"https://www.marqly.com/prompt-gallery/competitor-benchmark-analysis-prompt","gbr","1","0","0","10"
"https://www.marqly.com/prompt-gallery/competitor-content-gap-analysis-prompt","aus","1","0","0","62"
"https://www.marqly.com/prompt-gallery/competitor-content-gap-analysis-prompt","usa","7","0","0","103.71428571428571"
"https://www.marqly.com/prompt-gallery/competitor-pricing-analysis-prompt","usa","2","0","0","32.5"
"https://www.marqly.com/prompt-gallery/constraint-based-output-prompt","gbr","1","0","0","49"
"https://www.marqly.com/prompt-gallery/copilot-prompt-for-unit-tests","usa","1","0","0","4"
"https://www.marqly.com/prompt-gallery/copy-ai-prompt-for-affiliate-marketing-content","are","2","0","0","14.5"
"https://www.marqly.com/prompt-gallery/copy-ai-prompt-for-affiliate-marketing-content","ind","9","0","0","11.11111111111111"
"https://www.marqly.com/prompt-gallery/copy-ai-prompt-for-affiliate-marketing-content","mmr","1","0","0","11"
"https://www.marqly.com/prompt-gallery/copy-ai-prompt-for-affiliate-marketing-content","phl","2","0","0","10"
"https://www.marqly.com/prompt-gallery/copy-ai-prompt-for-facebook-ad-copy","ind","1","0","0","10"
"https://www.marqly.com/prompt-gallery/copy-ai-prompt-for-google-ads-copy","are","1","0","0","9"
"https://www.marqly.com/prompt-gallery/copy-ai-prompt-for-google-ads-copy","aus","1","0","0","33"
"https://www.marqly.com/prompt-gallery/copy-ai-prompt-for-google-ads-copy","blr","1","0","0","55"
"https://www.marqly.com/prompt-gallery/copy-ai-prompt-for-google-ads-copy","bra","1","0","0","54"
"https://www.marqly.com/prompt-gallery/copy-ai-prompt-for-google-ads-copy","cmr","1","0","0","1"
"https://www.marqly.com/prompt-gallery/copy-ai-prompt-for-google-ads-copy","esp","1","0","0","55"
"https://www.marqly.com/prompt-gallery/copy-ai-prompt-for-google-ads-copy","idn","1","0","0","51"
"https://www.marqly.com/prompt-gallery/copy-ai-prompt-for-google-ads-copy","ita","1","0","0","10"
"https://www.marqly.com/prompt-gallery/copy-ai-prompt-for-google-ads-copy","khm","1","0","0","1"
"https://www.marqly.com/prompt-gallery/copy-ai-prompt-for-google-ads-copy","moz","1","0","0","68"
"https://www.marqly.com/prompt-gallery/copy-ai-prompt-for-google-ads-copy","pol","1","0","0","53"
"https://www.marqly.com/prompt-gallery/copy-ai-prompt-for-google-ads-copy","sau","1","0","0","10"
"https://www.marqly.com/prompt-gallery/copy-ai-prompt-for-google-ads-copy","syr","1","0","0","6"
"https://www.marqly.com/prompt-gallery/copy-ai-prompt-for-google-ads-copy","usa","5","0","0","50.2"
"https://www.marqly.com/prompt-gallery/copy-ai-prompt-for-user-generated-content-campaigns","bra","1","0","0","100"
"https://www.marqly.com/prompt-gallery/copy-ai-prompt-for-user-generated-content-campaigns","chl","1","0","0","10"
"https://www.marqly.com/prompt-gallery/copy-ai-prompt-for-user-generated-content-campaigns","esp","1","0","0","21"
"https://www.marqly.com/prompt-gallery/copy-ai-prompt-for-user-generated-content-campaigns","gab","1","0","0","5"
"https://www.marqly.com/prompt-gallery/copy-ai-prompt-for-user-generated-content-campaigns","mar","1","0","0","51"
"https://www.marqly.com/prompt-gallery/copy-ai-prompt-for-user-generated-content-campaigns","nld","1","0","0","8"
"https://www.marqly.com/prompt-gallery/copy-ai-prompt-for-user-generated-content-campaigns","rou","1","0","0","10"
"https://www.marqly.com/prompt-gallery/copy-ai-prompt-for-user-generated-content-campaigns","sau","1","0","0","10"
"https://www.marqly.com/prompt-gallery/copy-ai-prompt-for-user-generated-content-campaigns","usa","36","0","0","7.611111111111111"
"https://www.marqly.com/prompt-gallery/copy-ai-prompt-for-youtube-video-titles","are","1","0","0","8"
"https://www.marqly.com/prompt-gallery/copy-ai-prompt-for-youtube-video-titles","ind","4","0","0","9.5"
"https://www.marqly.com/prompt-gallery/copy-ai-prompt-for-youtube-video-titles","pak","5","0","0","6.4"
"https://www.marqly.com/prompt-gallery/copy-ai-prompt-for-youtube-video-titles","phl","1","0","0","9"
"https://www.marqly.com/prompt-gallery/creative-date-night-ideas-prompt","irn","1","0","0","9"
"https://www.marqly.com/prompt-gallery/creative-writing-story-starter-prompt","can","1","0","0","8"
"https://www.marqly.com/prompt-gallery/creative-writing-story-starter-prompt","usa","1","0","0","24"
"https://www.marqly.com/prompt-gallery/deepseek-prompt-for-code-refactoring","usa","1","0","0","54"
"https://www.marqly.com/prompt-gallery/deepseek-prompt-for-debugging-code","usa","4","0","0","46.5"
"https://www.marqly.com/prompt-gallery/deepseek-prompt-for-kpi-dashboards","chn","2","0","0","8"
"https://www.marqly.com/prompt-gallery/deepseek-prompt-for-kpi-dashboards","mys","1","0","0","10"
"https://www.marqly.com/prompt-gallery/deepseek-prompt-for-kpi-dashboards","pri","1","0","0","10"
"https://www.marqly.com/prompt-gallery/deepseek-prompt-for-kpi-dashboards","twn","1","0","0","19"
"https://www.marqly.com/prompt-gallery/deepseek-prompt-for-kpi-dashboards","usa","2","0","0","10"
"https://www.marqly.com/prompt-gallery/deepseek-prompt-for-search-intent-analysis","ind","8","0","0","9.25"
"https://www.marqly.com/prompt-gallery/deepseek-prompt-for-search-intent-analysis","usa","82","0","0","12.987804878048781"
"https://www.marqly.com/prompt-gallery/deepseek-prompt-for-seo-friendly-product-copy","usa","3","0","0","18.333333333333332"
"https://www.marqly.com/prompt-gallery/deepseek-prompt-for-system-design","ind","1","0","0","71"
"https://www.marqly.com/prompt-gallery/deepseek-prompt-for-system-design","usa","2","0","0","36.5"
"https://www.marqly.com/prompt-gallery/executive-summary-prompt","usa","36","0","0","24.77777777777778"
"https://www.marqly.com/prompt-gallery/explain-like-im-five-prompt","dnk","1","0","0","5"
"https://www.marqly.com/prompt-gallery/explain-like-im-five-prompt","ind","1","0","0","56"
"https://www.marqly.com/prompt-gallery/explain-like-im-five-prompt","usa","1","0","0","88"
"https://www.marqly.com/prompt-gallery/faq-page-generator-prompt","ind","1","0","0","19"
"https://www.marqly.com/prompt-gallery/featured-snippet-optimization-prompt","usa","1","0","0","50"
"https://www.marqly.com/prompt-gallery/few-shot-examples-prompt","fra","2","0","0","83"
"https://www.marqly.com/prompt-gallery/few-shot-examples-prompt","ind","2","0","0","57"
"https://www.marqly.com/prompt-gallery/few-shot-examples-prompt","phl","1","0","0","59"
"https://www.marqly.com/prompt-gallery/few-shot-examples-prompt","usa","5","0","0","63.4"
"https://www.marqly.com/prompt-gallery/few-shot-examples-prompt","vnm","1","0","0","53"
"https://www.marqly.com/prompt-gallery/frontend-component-prompt","ind","1","0","0","56"
"https://www.marqly.com/prompt-gallery/frontend-component-prompt","mar","1","0","0","16"
"https://www.marqly.com/prompt-gallery/gemini-prompt-for-journaling-prompts","usa","3","0","0","8"
"https://www.marqly.com/prompt-gallery/gemini-prompt-for-personalized-greetings","sau","1","0","0","8"
"https://www.marqly.com/prompt-gallery/gemini-prompt-for-personalized-greetings","usa","3","0","0","19.666666666666668"
"https://www.marqly.com/prompt-gallery/google-ads-keyword-expansion-prompt","usa","1","0","0","13"
"https://www.marqly.com/prompt-gallery/hobby-project-brainstorm-prompt","phl","1","0","0","8"
"https://www.marqly.com/prompt-gallery/hypothesis-testing-prompt","aus","1","0","0","10"
"https://www.marqly.com/prompt-gallery/hypothesis-testing-prompt","usa","3","0","0","8.666666666666668"
"https://www.marqly.com/prompt-gallery/industry-trend-summary-prompt","gbr","1","0","0","10"
"https://www.marqly.com/prompt-gallery/industry-trend-summary-prompt","usa","6","0","0","13.333333333333334"
"https://www.marqly.com/prompt-gallery/influencer-outreach-dm-prompt","ind","1","0","0","7"
"https://www.marqly.com/prompt-gallery/instagram-carousel-caption-prompt","are","1","0","0","11"
"https://www.marqly.com/prompt-gallery/instagram-carousel-caption-prompt","ind","1","0","0","16"
"https://www.marqly.com/prompt-gallery/instagram-carousel-caption-prompt","isr","1","0","0","11"
"https://www.marqly.com/prompt-gallery/instagram-carousel-caption-prompt","nga","1","0","0","8"
"https://www.marqly.com/prompt-gallery/instagram-carousel-caption-prompt","svk","1","0","0","1"
"https://www.marqly.com/prompt-gallery/instagram-carousel-caption-prompt","usa","1","0","0","23"
"https://www.marqly.com/prompt-gallery/instagram-reel-script-prompt","gbr","1","0","0","10"
"https://www.marqly.com/prompt-gallery/instagram-reel-script-prompt","ind","8","0","0","9"
"https://www.marqly.com/prompt-gallery/instagram-reel-script-prompt","usa","1","0","0","1"
"https://www.marqly.com/prompt-gallery/instagram-story-poll-prompt","ind","1","0","0","9"
"https://www.marqly.com/prompt-gallery/interview-question-generator-prompt","usa","1","0","0","94"
"https://www.marqly.com/prompt-gallery/isometric-3d-icon-set-prompt","irn","1","0","0","11"
"https://www.marqly.com/prompt-gallery/iterative-refinement-loop-prompt","usa","2","0","0","35"
"https://www.marqly.com/prompt-gallery/jasper-prompt-for-giveaway-announcements","aus","3","0","0","15.666666666666666"
"https://www.marqly.com/prompt-gallery/jasper-prompt-for-giveaway-announcements","bra","3","0","0","17.333333333333332"
"https://www.marqly.com/prompt-gallery/jasper-prompt-for-giveaway-announcements","can","2","0","0","19.5"
"https://www.marqly.com/prompt-gallery/jasper-prompt-for-giveaway-announcements","deu","5","0","0","22.8"
"https://www.marqly.com/prompt-gallery/jasper-prompt-for-giveaway-announcements","gbr","6","0","0","23.333333333333332"
"https://www.marqly.com/prompt-gallery/jasper-prompt-for-giveaway-announcements","ind","2","0","0","16.5"
"https://www.marqly.com/prompt-gallery/jasper-prompt-for-giveaway-announcements","jpn","6","0","0","12.666666666666666"
"https://www.marqly.com/prompt-gallery/jasper-prompt-for-giveaway-announcements","usa","10","0","0","21"
"https://www.marqly.com/prompt-gallery/jasper-prompt-for-social-media-content-calendars","can","1","0","0","30"
"https://www.marqly.com/prompt-gallery/jasper-prompt-for-social-media-content-calendars","deu","2","0","0","10.5"
"https://www.marqly.com/prompt-gallery/jasper-prompt-for-social-media-content-calendars","usa","3","0","0","22"
"https://www.marqly.com/prompt-gallery/jasper-prompt-for-social-media-hashtag-strategy","aus","3","0","0","32"
"https://www.marqly.com/prompt-gallery/jasper-prompt-for-social-media-hashtag-strategy","can","1","0","0","37"
"https://www.marqly.com/prompt-gallery/jasper-prompt-for-social-media-hashtag-strategy","deu","1","0","0","17"
"https://www.marqly.com/prompt-gallery/jasper-prompt-for-social-media-hashtag-strategy","gbr","2","0","0","25"
"https://www.marqly.com/prompt-gallery/jasper-prompt-for-social-media-hashtag-strategy","ind","1","0","0","35"
"https://www.marqly.com/prompt-gallery/jasper-prompt-for-social-media-hashtag-strategy","isr","1","0","0","6"
"https://www.marqly.com/prompt-gallery/jasper-prompt-for-social-media-hashtag-strategy","jpn","2","0","0","28"
"https://www.marqly.com/prompt-gallery/jasper-prompt-for-social-media-hashtag-strategy","pak","1","0","0","5"
"https://www.marqly.com/prompt-gallery/jasper-prompt-for-social-media-hashtag-strategy","usa","6","0","0","36.833333333333336"
"https://www.marqly.com/prompt-gallery/jasper-prompt-for-youtube-video-descriptions","mar","1","0","0","16"
"https://www.marqly.com/prompt-gallery/keyword-clustering-topic-map-prompt","aus","1","0","0","2"
"https://www.marqly.com/prompt-gallery/keyword-clustering-topic-map-prompt","can","6","0","0","16.666666666666664"
"https://www.marqly.com/prompt-gallery/keyword-clustering-topic-map-prompt","che","1","0","0","2"
"https://www.marqly.com/prompt-gallery/keyword-clustering-topic-map-prompt","gbr","6","0","0","17"
"https://www.marqly.com/prompt-gallery/keyword-clustering-topic-map-prompt","ind","1","0","0","7"
"https://www.marqly.com/prompt-gallery/keyword-clustering-topic-map-prompt","nld","3","0","0","15.333333333333334"
"https://www.marqly.com/prompt-gallery/keyword-clustering-topic-map-prompt","pan","6","0","0","16.833333333333336"
"https://www.marqly.com/prompt-gallery/keyword-clustering-topic-map-prompt","rus","1","0","0","17"
"https://www.marqly.com/prompt-gallery/keyword-clustering-topic-map-prompt","usa","8","0","0","17.125"
"https://www.marqly.com/prompt-gallery/keyword-ranking-tracker-prompt","pan","3","0","0","26.666666666666668"
"https://www.marqly.com/prompt-gallery/kimi-prompt-for-concept-mapping","can","1","0","0","66"
"https://www.marqly.com/prompt-gallery/kimi-prompt-for-concept-mapping","usa","1","0","0","36"
"https://www.marqly.com/prompt-gallery/kimi-prompt-for-research-proposals","bgd","1","0","0","8"
"https://www.marqly.com/prompt-gallery/kimi-prompt-for-research-proposals","fra","2","0","0","8.5"
"https://www.marqly.com/prompt-gallery/kimi-prompt-for-research-proposals","idn","1","0","0","7"
"https://www.marqly.com/prompt-gallery/kimi-prompt-for-research-proposals","ind","4","0","0","8.75"
"https://www.marqly.com/prompt-gallery/kimi-prompt-for-research-proposals","npl","1","0","0","8"
"https://www.marqly.com/prompt-gallery/kimi-prompt-for-research-proposals","prt","1","0","0","6"
"https://www.marqly.com/prompt-gallery/kimi-prompt-for-research-proposals","sau","1","0","0","8"
"https://www.marqly.com/prompt-gallery/kimi-prompt-for-research-proposals","zaf","1","0","0","8"
"https://www.marqly.com/prompt-gallery/kimi-prompt-for-system-prompt-hardening","aut","1","0","0","9"
"https://www.marqly.com/prompt-gallery/kimi-prompt-for-system-prompt-hardening","bgd","1","0","0","13"
"https://www.marqly.com/prompt-gallery/kimi-prompt-for-system-prompt-hardening","kaz","1","0","0","11"
"https://www.marqly.com/prompt-gallery/kimi-prompt-for-system-prompt-hardening","zaf","1","0","0","44"
"https://www.marqly.com/prompt-gallery/kimi-prompt-for-tree-of-thoughts","usa","1","0","0","47"
"https://www.marqly.com/prompt-gallery/kimi-prompt-for-workflow-automation","usa","1","0","0","14"
"https://www.marqly.com/prompt-gallery/kimi-prompt-for-writing-prompts","usa","1","0","0","8"
"https://www.marqly.com/prompt-gallery/landing-page-copy-generator-prompt","rus","1","0","0","81"
"https://www.marqly.com/prompt-gallery/landing-page-copy-generator-prompt","usa","2","0","0","52"
"https://www.marqly.com/prompt-gallery/linkedin-headshot-prompt-for-corporate-executives","mys","1","0","0","8"
"https://www.marqly.com/prompt-gallery/linkedin-headshot-prompt-for-corporate-executives","usa","126","0","0","19.46825396825397"
"https://www.marqly.com/prompt-gallery/meta-prompt-to-improve-prompts","fra","1","0","0","30"
"https://www.marqly.com/prompt-gallery/meta-prompt-to-improve-prompts","irn","2","0","0","5"
"https://www.marqly.com/prompt-gallery/meta-prompt-to-improve-prompts","tur","1","0","0","9"
"https://www.marqly.com/prompt-gallery/meta-prompt-to-improve-prompts","usa","2","0","0","48.5"
"https://www.marqly.com/prompt-gallery/midjourney-prompt-for-book-covers","gbr","3","0","0","29"
"https://www.marqly.com/prompt-gallery/midjourney-prompt-for-book-covers","usa","8","0","0","25.25"
"https://www.marqly.com/prompt-gallery/midjourney-prompt-for-fashion-editorial","esp","2","0","0","10"
"https://www.marqly.com/prompt-gallery/midjourney-prompt-for-fashion-editorial","mex","1","0","0","8"
"https://www.marqly.com/prompt-gallery/midjourney-prompt-for-food-photography","deu","4","0","0","10.75"
"https://www.marqly.com/prompt-gallery/midjourney-prompt-for-food-photography","hkg","13","0","0","8.846153846153847"
"https://www.marqly.com/prompt-gallery/midjourney-prompt-for-food-photography","irn","2","0","0","10"
"https://www.marqly.com/prompt-gallery/midjourney-prompt-for-food-photography","ita","41","0","0","8.121951219512194"
"https://www.marqly.com/prompt-gallery/midjourney-prompt-for-food-photography","nld","19","0","0","8.421052631578949"
"https://www.marqly.com/prompt-gallery/midjourney-prompt-for-food-photography","usa","91","0","0","9.296703296703297"
"https://www.marqly.com/prompt-gallery/midjourney-prompt-for-logo-design","egy","1","0","0","1"
"https://www.marqly.com/prompt-gallery/midjourney-prompt-for-logo-design","fra","1","0","0","17"
"https://www.marqly.com/prompt-gallery/midjourney-prompt-for-logo-design","gbr","1","0","0","39"
"https://www.marqly.com/prompt-gallery/midjourney-prompt-for-logo-design","usa","5","0","0","26.4"
"https://www.marqly.com/prompt-gallery/midjourney-prompt-for-product-photography","bra","14","0","0","1"
"https://www.marqly.com/prompt-gallery/minimalist-tech-startup-logo-prompt","usa","1","0","0","9"
"https://www.marqly.com/prompt-gallery/perplexity-prompt-for-generating-quiz-questions","deu","1","0","0","10"
"https://www.marqly.com/prompt-gallery/perplexity-prompt-for-generating-quiz-questions","pak","2","0","0","10.5"
"https://www.marqly.com/prompt-gallery/perplexity-prompt-for-generating-quiz-questions","usa","2","0","0","26.5"
"https://www.marqly.com/prompt-gallery/personal-manifesto-writer-prompt","can","1","0","0","33"
"https://www.marqly.com/prompt-gallery/personalized-study-plan-generator-prompt","bra","1","0","0","2"
"https://www.marqly.com/prompt-gallery/personalized-study-plan-generator-prompt","ind","1","0","0","57"
"https://www.marqly.com/prompt-gallery/personalized-travel-itinerary-prompt","usa","2","0","0","6"
"https://www.marqly.com/prompt-gallery/persuasive-email-newsletter-prompt","usa","1","0","0","68"
"https://www.marqly.com/prompt-gallery/podcast-ad-script-prompt","aus","9","0","0","15.666666666666666"
"https://www.marqly.com/prompt-gallery/podcast-ad-script-prompt","can","11","0","0","18.636363636363637"
"https://www.marqly.com/prompt-gallery/podcast-ad-script-prompt","gbr","9","0","0","18"
"https://www.marqly.com/prompt-gallery/podcast-ad-script-prompt","swe","6","0","0","11"
"https://www.marqly.com/prompt-gallery/podcast-ad-script-prompt","usa","45","0","0","24.733333333333334"
"https://www.marqly.com/prompt-gallery/poetry-generator-prompt","aus","2","0","0","29.5"
"https://www.marqly.com/prompt-gallery/poetry-generator-prompt","can","5","0","0","29.8"
"https://www.marqly.com/prompt-gallery/poetry-generator-prompt","gbr","6","0","0","28.333333333333332"
"https://www.marqly.com/prompt-gallery/poetry-generator-prompt","ind","1","0","0","48"
"https://www.marqly.com/prompt-gallery/poetry-generator-prompt","usa","17","0","0","35.64705882352941"
"https://www.marqly.com/prompt-gallery/prompt-chaining-workflow-prompt","nld","1","0","0","60"
"https://www.marqly.com/prompt-gallery/prompt-chaining-workflow-prompt","usa","25","0","0","56.84"
"https://www.marqly.com/prompt-gallery/prompt-compression-prompt","usa","1","0","0","43"
"https://www.marqly.com/prompt-gallery/pull-request-code-review-prompt","aus","2","0","0","10"
"https://www.marqly.com/prompt-gallery/pull-request-code-review-prompt","aut","1","0","0","2"
"https://www.marqly.com/prompt-gallery/pull-request-code-review-prompt","bel","2","0","0","9.5"
"https://www.marqly.com/prompt-gallery/pull-request-code-review-prompt","can","1","0","0","4"
"https://www.marqly.com/prompt-gallery/pull-request-code-review-prompt","col","1","0","0","8"
"https://www.marqly.com/prompt-gallery/pull-request-code-review-prompt","deu","6","0","0","9.5"
"https://www.marqly.com/prompt-gallery/pull-request-code-review-prompt","esp","3","0","0","11"
"https://www.marqly.com/prompt-gallery/pull-request-code-review-prompt","fin","1","0","0","8"
"https://www.marqly.com/prompt-gallery/pull-request-code-review-prompt","fra","1","0","0","11"
"https://www.marqly.com/prompt-gallery/pull-request-code-review-prompt","gbr","3","0","0","9.333333333333334"
"https://www.marqly.com/prompt-gallery/pull-request-code-review-prompt","hrv","1","0","0","8"
"https://www.marqly.com/prompt-gallery/pull-request-code-review-prompt","hun","1","0","0","6"
"https://www.marqly.com/prompt-gallery/pull-request-code-review-prompt","ind","9","0","0","7.222222222222222"
"https://www.marqly.com/prompt-gallery/pull-request-code-review-prompt","isr","2","0","0","8.5"
"https://www.marqly.com/prompt-gallery/pull-request-code-review-prompt","kor","1","0","0","4"
"https://www.marqly.com/prompt-gallery/pull-request-code-review-prompt","ltu","1","0","0","10"
"https://www.marqly.com/prompt-gallery/pull-request-code-review-prompt","mda","1","0","0","10"
"https://www.marqly.com/prompt-gallery/pull-request-code-review-prompt","mex","1","0","0","9"
"https://www.marqly.com/prompt-gallery/pull-request-code-review-prompt","nld","1","0","0","11"
"https://www.marqly.com/prompt-gallery/pull-request-code-review-prompt","nor","2","0","0","10.5"
"https://www.marqly.com/prompt-gallery/pull-request-code-review-prompt","pol","6","0","0","8.5"
"https://www.marqly.com/prompt-gallery/pull-request-code-review-prompt","prt","1","0","0","11"
"https://www.marqly.com/prompt-gallery/pull-request-code-review-prompt","pse","1","0","0","9"
"https://www.marqly.com/prompt-gallery/pull-request-code-review-prompt","sau","1","0","0","9"
"https://www.marqly.com/prompt-gallery/pull-request-code-review-prompt","swe","1","0","0","10"
"https://www.marqly.com/prompt-gallery/pull-request-code-review-prompt","tha","2","0","0","9"
"https://www.marqly.com/prompt-gallery/pull-request-code-review-prompt","ukr","1","0","0","10"
"https://www.marqly.com/prompt-gallery/pull-request-code-review-prompt","ury","1","0","0","10"
"https://www.marqly.com/prompt-gallery/pull-request-code-review-prompt","usa","3","0","0","12"
"https://www.marqly.com/prompt-gallery/pull-request-code-review-prompt","zzz","1","0","0","8"
"https://www.marqly.com/prompt-gallery/reflective-journaling-prompt","fra","1","0","0","75"
"https://www.marqly.com/prompt-gallery/research-gap-finder-prompt","dza","1","0","0","26"
"https://www.marqly.com/prompt-gallery/research-paper-critique-prompt","phl","1","0","0","25"
"https://www.marqly.com/prompt-gallery/research-paper-critique-prompt","usa","2","0","0","28.5"
"https://www.marqly.com/prompt-gallery/scandinavian-interior-design-visualization-prompt","deu","1","0","0","1"
"https://www.marqly.com/prompt-gallery/self-consistency-check-prompt","tur","1","0","0","10"
"https://www.marqly.com/prompt-gallery/seo-content-brief-builder-prompt","ind","1","0","0","39"
"https://www.marqly.com/prompt-gallery/seo-content-brief-builder-prompt","usa","1","0","0","58"
"https://www.marqly.com/prompt-gallery/song-lyrics-prompt","gbr","1","0","0","9"
"https://www.marqly.com/prompt-gallery/speech-opening-prompt","fra","1","0","0","7"
"https://www.marqly.com/prompt-gallery/sports-action-hero-poster-prompt","bgd","1","0","0","18"
"https://www.marqly.com/prompt-gallery/system-prompt-hardening-prompt","pak","1","0","0","18"
"https://www.marqly.com/prompt-gallery/system-prompt-hardening-prompt","usa","3","0","0","24"
"https://www.marqly.com/prompt-gallery/tailored-cover-letter-prompt","bhr","1","0","0","8"
"https://www.marqly.com/prompt-gallery/tech-gadget-mockup-prompt","nga","1","0","0","19"
"https://www.marqly.com/prompt-gallery/tiktok-hook-generator-prompt","esp","14","0","0","26.714285714285715"
"https://www.marqly.com/prompt-gallery/tiktok-hook-generator-prompt","phl","1","0","0","42"
"https://www.marqly.com/prompt-gallery/tiktok-hook-generator-prompt","usa","12","0","0","30.666666666666668"
"https://www.marqly.com/prompt-gallery/tiktok-script-outline-prompt","usa","1","0","0","2"
"https://www.marqly.com/prompt-gallery/twitterx-thread-prompt","fra","2","0","0","38.5"
"https://www.marqly.com/prompt-gallery/twitterx-thread-prompt","ind","1","0","0","24"
"https://www.marqly.com/prompt-gallery/unit-test-suite-generator-prompt","usa","1","0","0","7"
"https://www.marqly.com/prompt-gallery/video-script-hook-prompt","tur","1","0","0","6"
"https://www.marqly.com/prompt-gallery/viral-meme-caption-prompt","ind","1","0","0","2"
"https://www.marqly.com/prompt-gallery/viral-meme-caption-prompt","swe","1","0","0","18"
"https://www.marqly.com/prompt-gallery/weighted-decision-matrix-prompt","can","21","0","0","7"
"https://www.marqly.com/prompt-gallery/weighted-decision-matrix-prompt","gbr","8","0","0","8.625"
"https://www.marqly.com/prompt-gallery/weighted-decision-matrix-prompt","svn","1","0","0","9"
"https://www.marqly.com/prompt-gallery/weighted-decision-matrix-prompt","tur","1","0","0","6"
"https://www.marqly.com/prompt-gallery/weighted-decision-matrix-prompt","usa","12","0","0","7.583333333333333"
"https://www.marqly.com/prompt-gallery/white-paper-outline-prompt","bgd","1","0","0","1"
"https://www.marqly.com/prompt-gallery/white-paper-outline-prompt","ind","3","0","0","21.666666666666668"
"https://www.marqly.com/prompt-gallery/white-paper-outline-prompt","npl","1","0","0","1"
"https://www.marqly.com/prompt-gallery/white-paper-outline-prompt","usa","35","0","0","16.42857142857143"
"https://www.marqly.com/prompt-gallery/youtube-shorts-script-prompt","aus","1","0","0","55"
"https://www.marqly.com/prompt-gallery/youtube-shorts-script-prompt","ind","4","0","0","18.5"
"https://www.marqly.com/prompt-gallery/youtube-shorts-script-prompt","sau","1","0","0","2"
"https://www.marqly.com/prompt-gallery/youtube-shorts-script-prompt","usa","1","0","0","38"
"https://www.marqly.com/prompt-gallery/youtube-shorts-script-prompt","vnm","1","0","0","10"
"https://www.marqly.com/pt","moz","11","0","0","1.0909090909090908"
"https://www.marqly.com/pt","zaf","1","0","0","8"
"https://www.marqly.com/pt/alternativas/evernote","bra","7","0","0","24.142857142857142"
"https://www.marqly.com/pt/alternativas/evernote","prt","2","0","0","9"
"https://www.marqly.com/pt/alternativas/notion","bra","8","0","0","7"
"https://www.marqly.com/pt/alternativas/raindrop","bra","1","0","0","20"
"https://www.marqly.com/pt/blog/como-destacar-texto-em-qualquer-site-2026","bra","18","0","0","12.277777777777779"
"https://www.marqly.com/pt/blog/como-destacar-texto-em-qualquer-site-2026","ind","3","0","0","18.333333333333332"
"https://www.marqly.com/pt/blog/como-destacar-texto-em-qualquer-site-2026","prt","1","0","0","4"
"https://www.marqly.com/pt/blog/como-exportar-assistir-mais-tarde-do-youtube-2026","bra","1","0","0","6"
"https://www.marqly.com/pt/blog/como-exportar-itens-salvos-do-twitter-x-2026","bra","8","0","0","5.5"
"https://www.marqly.com/pt/blog/como-exportar-itens-salvos-do-twitter-x-2026","che","1","0","0","9"
"https://www.marqly.com/pt/blog/como-exportar-migrar-dados-pocket-2026","rus","1","0","0","77"
"https://www.marqly.com/pt/blog/como-exportar-posts-salvos-do-instagram-2026","bra","11","0","0","12.363636363636363"
"https://www.marqly.com/pt/blog/conversar-com-videos-do-youtube-2026","bra","480","0","0","8.377083333333333"
"https://www.marqly.com/pt/blog/conversar-com-videos-do-youtube-2026","prt","12","0","0","8.166666666666668"
"https://www.marqly.com/pt/blog/exportar-favoritos-chrome","ago","2","0","0","9.5"
"https://www.marqly.com/pt/blog/exportar-favoritos-chrome","alb","1","0","0","9"
"https://www.marqly.com/pt/blog/exportar-favoritos-chrome","bra","56","0","0","19.410714285714285"
"https://www.marqly.com/pt/blog/exportar-favoritos-chrome","can","4","0","0","8.75"
"https://www.marqly.com/pt/blog/exportar-favoritos-chrome","che","2","0","0","9"
"https://www.marqly.com/pt/blog/exportar-favoritos-chrome","col","2","0","0","38.5"
"https://www.marqly.com/pt/blog/exportar-favoritos-chrome","cpv","2","0","0","9.5"
"https://www.marqly.com/pt/blog/exportar-favoritos-chrome","deu","2","0","0","7"
"https://www.marqly.com/pt/blog/exportar-favoritos-chrome","esp","1","0","0","1"
"https://www.marqly.com/pt/blog/exportar-favoritos-chrome","eth","1","0","0","30"
"https://www.marqly.com/pt/blog/exportar-favoritos-chrome","fra","5","0","0","8.4"
"https://www.marqly.com/pt/blog/exportar-favoritos-chrome","gbr","7","0","0","21.285714285714285"
"https://www.marqly.com/pt/blog/exportar-favoritos-chrome","grc","1","0","0","9"
"https://www.marqly.com/pt/blog/exportar-favoritos-chrome","hkg","1","0","0","1"
"https://www.marqly.com/pt/blog/exportar-favoritos-chrome","hnd","1","0","0","27"
"https://www.marqly.com/pt/blog/exportar-favoritos-chrome","idn","2","0","0","10.5"
"https://www.marqly.com/pt/blog/exportar-favoritos-chrome","ind","1","0","0","36"
"https://www.marqly.com/pt/blog/exportar-favoritos-chrome","irl","1","0","0","10"
"https://www.marqly.com/pt/blog/exportar-favoritos-chrome","irn","1","0","0","10"
"https://www.marqly.com/pt/blog/exportar-favoritos-chrome","nld","2","0","0","25"
"https://www.marqly.com/pt/blog/exportar-favoritos-chrome","prt","201","0","0","10.27363184079602"
"https://www.marqly.com/pt/blog/exportar-favoritos-chrome","tha","1","0","0","10"
"https://www.marqly.com/pt/blog/exportar-favoritos-chrome","usa","24","0","0","16.416666666666664"
"https://www.marqly.com/pt/blog/favoritos-do-chrome-nao-sincronizam-solucao-2026","ago","1","0","0","8"
"https://www.marqly.com/pt/blog/favoritos-do-chrome-nao-sincronizam-solucao-2026","bra","34","0","0","8.764705882352942"
"https://www.marqly.com/pt/blog/favoritos-do-chrome-nao-sincronizam-solucao-2026","prt","4","0","0","8.25"
"https://www.marqly.com/pt/blog/gerenciadores-de-favoritos-com-ia-busca-semantica-comparativo-2026","bra","1","0","0","5"
"https://www.marqly.com/pt/blog/melhores-apps-salvar-para-ler-depois-2026","bra","2","0","0","5.5"
"https://www.marqly.com/pt/blog/melhores-apps-segundo-cerebro-2026","bra","6","0","0","10.333333333333334"
"https://www.marqly.com/pt/blog/melhores-apps-segundo-cerebro-2026","prt","4","0","0","8.5"
"https://www.marqly.com/pt/blog/melhores-resumidores-youtube-ia-2026","bra","6","0","0","4.833333333333334"
"https://www.marqly.com/pt/blog/o-que-e-busca-semantica","bra","7","0","0","11.857142857142858"
"https://www.marqly.com/pt/blog/o-que-e-busca-semantica","nld","1","0","0","5"
"https://www.marqly.com/pt/blog/o-que-e-busca-semantica","prt","1","0","0","7"
"https://www.marqly.com/pt/blog/o-que-e-um-segundo-cerebro-com-ia-2026","che","1","0","0","6"
"https://www.marqly.com/pt/blog/obter-transcricao-youtube","bra","1","0","0","51"
"https://www.marqly.com/pt/blog/organizar-favoritos-navegador","bra","4","0","0","14"
"https://www.marqly.com/pt/blog/organizar-favoritos-navegador","gbr","1","0","0","25"
"https://www.marqly.com/pt/blog/resumir-videos-youtube-com-ia-2026","bra","2","0","0","18"
"https://www.marqly.com/pt/blog/salvar-pagina-web-como-pdf","bra","12","0","0","37.25"
"https://www.marqly.com/pt/blog/salvar-pagina-web-como-pdf","gbr","1","0","0","44"
"https://www.marqly.com/pt/blog/salvar-pagina-web-como-pdf","ita","1","0","0","41"
"https://www.marqly.com/pt/blog/salvar-pagina-web-como-pdf","usa","2","0","0","14"
"https://www.marqly.com/pt/curadoria-de-conteudo","bra","3","0","0","1"
"https://www.marqly.com/pt/curadoria-de-conteudo","prt","7","0","0","47"
"https://www.marqly.com/pt/ferramentas/resumidor-de-videos-do-youtube","bra","20","0","0","55.85"
"https://www.marqly.com/pt/ferramentas/transcricao-de-video-do-youtube","ago","6","0","0","5.666666666666667"
"https://www.marqly.com/pt/ferramentas/transcricao-de-video-do-youtube","bra","191","0","0","7.785340314136126"
"https://www.marqly.com/pt/ferramentas/transcricao-de-video-do-youtube","mys","1","0","0","27"
"https://www.marqly.com/pt/ferramentas/transcricao-de-video-do-youtube","nor","1","0","0","5"
"https://www.marqly.com/pt/ferramentas/transcricao-de-video-do-youtube","prt","43","0","0","7.3023255813953485"
"https://www.marqly.com/pt/gerenciador-favoritos-firefox","bra","2","0","0","5"
"https://www.marqly.com/pt/gerenciador-favoritos-iphone","bra","1","0","0","14"
"https://www.marqly.com/pt/historico-da-area-de-transferencia","bra","8","0","0","9.5"
"https://www.marqly.com/pt/marca-texto-para-sites","bra","24","0","0","14.541666666666666"
"https://www.marqly.com/pt/marca-texto-para-sites","egy","1","0","0","8"
"https://www.marqly.com/pt/nova-aba","bra","14","0","0","9.428571428571429"
"https://www.marqly.com/pt/nova-aba","esp","3","0","0","7.666666666666667"
"https://www.marqly.com/pt/nova-aba","prt","1","0","0","10"
"https://www.marqly.com/pt/organizador-de-favoritos","bra","2","0","0","1"
"https://www.marqly.com/pt/organizador-de-favoritos","mex","1","0","0","16"
"https://www.marqly.com/pt/para-consultores","bra","2","0","0","1"
"https://www.marqly.com/pt/para-criadores-de-conteudo","bra","2","0","0","1.5"
"https://www.marqly.com/pt/para-criadores-de-conteudo","moz","1","0","0","20"
"https://www.marqly.com/pt/para-designers","bra","1","0","0","51"
"https://www.marqly.com/pt/para-estudantes","bra","3","0","0","28"
"https://www.marqly.com/pt/para-fundadores","prt","1","0","0","96"
"https://www.marqly.com/pt/para-marketing","prt","1","0","0","2"
"https://www.marqly.com/pt/para-pesquisadores","prt","1","0","0","98"
"https://www.marqly.com/pt/para-pesquisadores-ux","bra","11","0","0","9.636363636363637"
"https://www.marqly.com/pt/planejar-viagens","prt","2","0","0","47"
"https://www.marqly.com/pt/resumidor-de-youtube","bra","2","0","0","1"
"https://www.marqly.com/pt/salvar-abas","bra","35","0","0","10.628571428571428"
"https://www.marqly.com/pt/salvar-abas","ind","1","0","0","18"
"https://www.marqly.com/pt/salvar-abas","jpn","3","0","0","10.333333333333334"
"https://www.marqly.com/pt/salvar-abas","prt","2","0","0","9"
"https://www.marqly.com/pt/salvar-abas","usa","2","0","0","9"
"https://www.marqly.com/pt/salvar-pagina-como-pdf","bra","5","0","0","8.2"
"https://www.marqly.com/pt/salvar-para-ler-depois","bra","1","0","0","3"
"https://www.marqly.com/pt/salvar-videos-youtube","bra","4","0","0","2"
"https://www.marqly.com/pt/salvar-videos-youtube","gbr","1","0","0","19"
"https://www.marqly.com/pt/salvar-videos-youtube","prt","1","0","0","5"
"https://www.marqly.com/pt/swipe-file","bra","11","0","0","33.63636363636363"
"https://www.marqly.com/read-it-later","and","1","0","0","1"
"https://www.marqly.com/read-it-later","arg","3","0","0","46.333333333333336"
"https://www.marqly.com/read-it-later","aus","6","0","0","20.166666666666668"
"https://www.marqly.com/read-it-later","aze","2","0","0","9"
"https://www.marqly.com/read-it-later","bel","1","0","0","3"
"https://www.marqly.com/read-it-later","bgd","4","0","0","33.25"
"https://www.marqly.com/read-it-later","bhr","2","0","0","5"
"https://www.marqly.com/read-it-later","bra","8","0","0","43.75"
"https://www.marqly.com/read-it-later","can","6","0","0","25.833333333333332"
"https://www.marqly.com/read-it-later","che","2","0","0","34.5"
"https://www.marqly.com/read-it-later","chn","2","0","0","1"
"https://www.marqly.com/read-it-later","cod","1","0","0","2"
"https://www.marqly.com/read-it-later","col","2","0","0","41"
"https://www.marqly.com/read-it-later","cyp","1","0","0","1"
"https://www.marqly.com/read-it-later","cze","2","0","0","23.5"
"https://www.marqly.com/read-it-later","deu","7","0","0","34"
"https://www.marqly.com/read-it-later","dom","1","0","0","45"
"https://www.marqly.com/read-it-later","dza","1","0","0","37"
"https://www.marqly.com/read-it-later","egy","1","0","0","9"
"https://www.marqly.com/read-it-later","eri","1","0","0","10"
"https://www.marqly.com/read-it-later","esp","5","0","0","24.8"
"https://www.marqly.com/read-it-later","fin","2","0","0","1"
"https://www.marqly.com/read-it-later","fra","30","0","0","42.233333333333334"
"https://www.marqly.com/read-it-later","gbr","11","0","0","34"
"https://www.marqly.com/read-it-later","geo","1","0","0","45"
"https://www.marqly.com/read-it-later","grc","1","0","0","1"
"https://www.marqly.com/read-it-later","hrv","1","0","0","1"
"https://www.marqly.com/read-it-later","idn","4","0","0","13.5"
"https://www.marqly.com/read-it-later","ind","17","0","0","8.411764705882353"
"https://www.marqly.com/read-it-later","isr","1","0","0","1"
"https://www.marqly.com/read-it-later","ita","18","0","0","34.94444444444444"
"https://www.marqly.com/read-it-later","jpn","2","0","0","1"
"https://www.marqly.com/read-it-later","kaz","1","0","0","1"
"https://www.marqly.com/read-it-later","kor","3","0","0","1"
"https://www.marqly.com/read-it-later","kwt","1","0","0","47"
"https://www.marqly.com/read-it-later","lux","1","0","0","1"
"https://www.marqly.com/read-it-later","lva","1","0","0","1"
"https://www.marqly.com/read-it-later","mar","1","0","0","9"
"https://www.marqly.com/read-it-later","mex","8","0","0","16"
"https://www.marqly.com/read-it-later","mys","1","0","0","42"
"https://www.marqly.com/read-it-later","nld","6","0","0","37.333333333333336"
"https://www.marqly.com/read-it-later","pak","2","0","0","23.5"
"https://www.marqly.com/read-it-later","per","1","0","0","52"
"https://www.marqly.com/read-it-later","phl","3","0","0","39"
"https://www.marqly.com/read-it-later","pol","5","0","0","25.2"
"https://www.marqly.com/read-it-later","rou","2","0","0","1"
"https://www.marqly.com/read-it-later","rus","7","0","0","1"
"https://www.marqly.com/read-it-later","sau","2","0","0","25.5"
"https://www.marqly.com/read-it-later","sgp","4","0","0","34.5"
"https://www.marqly.com/read-it-later","swe","3","0","0","12.666666666666666"
"https://www.marqly.com/read-it-later","tha","2","0","0","27.5"
"https://www.marqly.com/read-it-later","tun","1","0","0","1"
"https://www.marqly.com/read-it-later","tur","3","0","0","4.333333333333334"
"https://www.marqly.com/read-it-later","twn","3","0","0","1"
"https://www.marqly.com/read-it-later","uga","1","0","0","1"
"https://www.marqly.com/read-it-later","ukr","1","0","0","1"
"https://www.marqly.com/read-it-later","usa","415","0","0","44.4"
"https://www.marqly.com/read-it-later","ven","1","0","0","45"
"https://www.marqly.com/read-it-later","vnm","2","0","0","53.5"
"https://www.marqly.com/reading-list","are","1","0","0","9"
"https://www.marqly.com/reading-list","arg","1","0","0","8"
"https://www.marqly.com/reading-list","aus","6","0","0","2.5"
"https://www.marqly.com/reading-list","aut","2","0","0","8.5"
"https://www.marqly.com/reading-list","aze","1","0","0","1"
"https://www.marqly.com/reading-list","can","1","0","0","1"
"https://www.marqly.com/reading-list","cyp","1","0","0","1"
"https://www.marqly.com/reading-list","est","1","0","0","1"
"https://www.marqly.com/reading-list","fra","2","0","0","2.5"
"https://www.marqly.com/reading-list","gbr","2","0","0","1"
"https://www.marqly.com/reading-list","grc","1","0","0","1"
"https://www.marqly.com/reading-list","hkg","1","0","0","1"
"https://www.marqly.com/reading-list","idn","1","0","0","1"
"https://www.marqly.com/reading-list","ind","2","0","0","8.5"
"https://www.marqly.com/reading-list","isr","3","0","0","1"
"https://www.marqly.com/reading-list","ita","5","0","0","8"
"https://www.marqly.com/reading-list","kor","2","0","0","1"
"https://www.marqly.com/reading-list","mex","2","0","0","5"
"https://www.marqly.com/reading-list","npl","1","0","0","1"
"https://www.marqly.com/reading-list","phl","1","0","0","84"
"https://www.marqly.com/reading-list","rou","1","0","0","1"
"https://www.marqly.com/reading-list","rus","1","0","0","13"
"https://www.marqly.com/reading-list","srb","1","0","0","3"
"https://www.marqly.com/reading-list","tur","2","0","0","11"
"https://www.marqly.com/reading-list","usa","16","0","0","27.375"
"https://www.marqly.com/reading-list","vnm","2","0","0","1"
"https://www.marqly.com/recipe-organizer","lby","1","0","0","70"
"https://www.marqly.com/recipe-organizer","mex","1","0","0","41"
"https://www.marqly.com/recipe-organizer","usa","17","0","0","57"
"https://www.marqly.com/research-organizer","are","2","0","0","8"
"https://www.marqly.com/research-organizer","aus","2","0","0","10.5"
"https://www.marqly.com/research-organizer","bgd","1","0","0","1"
"https://www.marqly.com/research-organizer","blz","1","0","0","9"
"https://www.marqly.com/research-organizer","can","5","0","0","12.6"
"https://www.marqly.com/research-organizer","chl","1","0","0","9"
"https://www.marqly.com/research-organizer","col","1","0","0","1"
"https://www.marqly.com/research-organizer","deu","1","0","0","4"
"https://www.marqly.com/research-organizer","fra","2","0","0","31.5"
"https://www.marqly.com/research-organizer","gbr","2","0","0","72"
"https://www.marqly.com/research-organizer","geo","3","0","0","3"
"https://www.marqly.com/research-organizer","grc","1","0","0","9"
"https://www.marqly.com/research-organizer","ind","4","0","0","30"
"https://www.marqly.com/research-organizer","irl","1","0","0","9"
"https://www.marqly.com/research-organizer","isr","1","0","0","1"
"https://www.marqly.com/research-organizer","jor","1","0","0","19"
"https://www.marqly.com/research-organizer","jpn","2","0","0","1"
"https://www.marqly.com/research-organizer","mex","1","0","0","9"
"https://www.marqly.com/research-organizer","nld","2","0","0","1"
"https://www.marqly.com/research-organizer","phl","2","0","0","70.5"
"https://www.marqly.com/research-organizer","prt","1","0","0","1"
"https://www.marqly.com/research-organizer","twn","1","0","0","1"
"https://www.marqly.com/research-organizer","uga","1","0","0","10"
"https://www.marqly.com/research-organizer","usa","62","0","0","28.693548387096776"
"https://www.marqly.com/research-organizer","zaf","1","0","0","1"
"https://www.marqly.com/save-page-as-pdf","aus","1","0","0","35"
"https://www.marqly.com/save-page-as-pdf","bgd","1","0","0","66"
"https://www.marqly.com/save-page-as-pdf","can","4","0","0","33.25"
"https://www.marqly.com/save-page-as-pdf","dnk","1","0","0","9"
"https://www.marqly.com/save-page-as-pdf","dza","1","0","0","55"
"https://www.marqly.com/save-page-as-pdf","esp","1","0","0","32"
"https://www.marqly.com/save-page-as-pdf","gbr","3","0","0","35"
"https://www.marqly.com/save-page-as-pdf","idn","1","0","0","7"
"https://www.marqly.com/save-page-as-pdf","phl","1","0","0","26"
"https://www.marqly.com/save-page-as-pdf","tur","1","0","0","30"
"https://www.marqly.com/save-page-as-pdf","usa","6","0","0","42.333333333333336"
"https://www.marqly.com/second-brain","and","1","0","0","1"
"https://www.marqly.com/second-brain","arm","1","0","0","1"
"https://www.marqly.com/second-brain","aus","6","0","0","1"
"https://www.marqly.com/second-brain","bel","1","0","0","1"
"https://www.marqly.com/second-brain","bgd","2","0","0","1"
"https://www.marqly.com/second-brain","bgr","1","0","0","1"
"https://www.marqly.com/second-brain","bhr","1","0","0","1"
"https://www.marqly.com/second-brain","can","7","0","0","1"
"https://www.marqly.com/second-brain","che","1","0","0","1"
"https://www.marqly.com/second-brain","chn","2","0","0","1"
"https://www.marqly.com/second-brain","col","2","0","0","44"
"https://www.marqly.com/second-brain","esp","2","0","0","1"
"https://www.marqly.com/second-brain","est","1","0","0","1"
"https://www.marqly.com/second-brain","fra","2","0","0","1"
"https://www.marqly.com/second-brain","gbr","3","0","0","1"
"https://www.marqly.com/second-brain","geo","1","0","0","1"
"https://www.marqly.com/second-brain","hrv","2","0","0","1"
"https://www.marqly.com/second-brain","idn","3","0","0","1"
"https://www.marqly.com/second-brain","ind","10","0","0","1"
"https://www.marqly.com/second-brain","irl","1","0","0","1"
"https://www.marqly.com/second-brain","isl","2","0","0","1"
"https://www.marqly.com/second-brain","isr","1","0","0","1"
"https://www.marqly.com/second-brain","mex","1","0","0","1"
"https://www.marqly.com/second-brain","mkd","1","0","0","1"
"https://www.marqly.com/second-brain","moz","1","0","0","1"
"https://www.marqly.com/second-brain","nld","2","0","0","1"
"https://www.marqly.com/second-brain","npl","1","0","0","1"
"https://www.marqly.com/second-brain","pak","1","0","0","1"
"https://www.marqly.com/second-brain","phl","2","0","0","1"
"https://www.marqly.com/second-brain","prt","3","0","0","3.6666666666666665"
"https://www.marqly.com/second-brain","qat","1","0","0","1"
"https://www.marqly.com/second-brain","sau","1","0","0","1"
"https://www.marqly.com/second-brain","sgp","1","0","0","1"
"https://www.marqly.com/second-brain","swe","2","0","0","1"
"https://www.marqly.com/second-brain","tur","3","0","0","1"
"https://www.marqly.com/second-brain","uga","1","0","0","1"
"https://www.marqly.com/second-brain","vnm","3","0","0","1"
"https://www.marqly.com/second-brain","zaf","1","0","0","5"
"https://www.marqly.com/swipe-file","esp","1","0","0","18"
"https://www.marqly.com/swipe-file","usa","3","0","0","7"
"https://www.marqly.com/tab-manager","aus","4","0","0","12.25"
"https://www.marqly.com/tab-manager","bgd","1","0","0","61"
"https://www.marqly.com/tab-manager","bra","1","0","0","23"
"https://www.marqly.com/tab-manager","can","2","0","0","22"
"https://www.marqly.com/tab-manager","deu","2","0","0","40.5"
"https://www.marqly.com/tab-manager","fra","1","0","0","53"
"https://www.marqly.com/tab-manager","gbr","2","0","0","18"
"https://www.marqly.com/tab-manager","grc","2","0","0","36"
"https://www.marqly.com/tab-manager","ind","2","0","0","44.5"
"https://www.marqly.com/tab-manager","mar","1","0","0","4"
"https://www.marqly.com/tab-manager","nld","1","0","0","11"
"https://www.marqly.com/tab-manager","nor","1","0","0","8"
"https://www.marqly.com/tab-manager","pol","1","0","0","15"
"https://www.marqly.com/tab-manager","rou","1","0","0","7"
"https://www.marqly.com/tab-manager","rus","1","0","0","8"
"https://www.marqly.com/tab-manager","syr","1","0","0","11"
"https://www.marqly.com/tab-manager","ukr","1","0","0","10"
"https://www.marqly.com/tab-manager","usa","56","0","0","34.80357142857143"
"https://www.marqly.com/tab-manager","uzb","1","0","0","9"
"https://www.marqly.com/teams","are","1","0","0","1"
"https://www.marqly.com/teams","can","1","0","0","15"
"https://www.marqly.com/teams","jpn","1","0","0","2"
"https://www.marqly.com/teams","rus","1","0","0","1"
"https://www.marqly.com/teams","usa","2","0","0","4"
"https://www.marqly.com/terms","are","5","0","0","1.2"
"https://www.marqly.com/terms","arm","1","0","0","1"
"https://www.marqly.com/terms","aus","2","0","0","1"
"https://www.marqly.com/terms","bgd","1","0","0","1"
"https://www.marqly.com/terms","deu","3","0","0","3.6666666666666665"
"https://www.marqly.com/terms","eth","1","0","0","1"
"https://www.marqly.com/terms","gbr","2","0","0","1"
"https://www.marqly.com/terms","ind","1","0","0","1"
"https://www.marqly.com/terms","irl","1","0","0","54"
"https://www.marqly.com/terms","isr","3","0","0","1"
"https://www.marqly.com/terms","ita","5","0","0","1"
"https://www.marqly.com/terms","kaz","6","0","0","1"
"https://www.marqly.com/terms","ltu","1","0","0","1"
"https://www.marqly.com/terms","mar","2","0","0","1"
"https://www.marqly.com/terms","moz","15","0","0","1.2666666666666666"
"https://www.marqly.com/terms","nld","1","0","0","1"
"https://www.marqly.com/terms","pak","2","0","0","1"
"https://www.marqly.com/terms","tur","1","0","0","1"
"https://www.marqly.com/terms","ukr","1","0","0","1"
"https://www.marqly.com/terms","usa","15","0","0","2.0666666666666664"
"https://www.marqly.com/terms/","are","1","0","0","1"
"https://www.marqly.com/tools","bgd","1","0","0","68"
"https://www.marqly.com/tools","bra","1","0","0","5"
"https://www.marqly.com/tools","deu","1","0","0","14"
"https://www.marqly.com/tools","dza","3","0","0","53.666666666666664"
"https://www.marqly.com/tools","gbr","1","0","0","32"
"https://www.marqly.com/tools","hun","1","0","0","57"
"https://www.marqly.com/tools","idn","4","0","0","2"
"https://www.marqly.com/tools","ind","8","0","0","50"
"https://www.marqly.com/tools","kor","2","0","0","34"
"https://www.marqly.com/tools","mys","1","0","0","59"
"https://www.marqly.com/tools","usa","6","0","0","54.166666666666664"
"https://www.marqly.com/tools","vnm","1","0","0","26"
"https://www.marqly.com/tools/bookmark-file-viewer","bra","1","0","0","8"
"https://www.marqly.com/tools/bookmark-file-viewer","esp","1","0","0","10"
"https://www.marqly.com/tools/bookmark-file-viewer","gbr","1","0","0","6"
"https://www.marqly.com/tools/bookmark-file-viewer","nld","1","0","0","28"
"https://www.marqly.com/tools/bookmark-file-viewer","per","1","0","0","9"
"https://www.marqly.com/tools/bookmark-file-viewer","usa","6","0","0","17"
"https://www.marqly.com/tools/bookmark-file-viewer","vnm","1","0","0","6"
"https://www.marqly.com/tools/bookmarklet-maker","abw","2","0","0","5.5"
"https://www.marqly.com/tools/bookmarklet-maker","alb","1","0","0","7"
"https://www.marqly.com/tools/bookmarklet-maker","are","12","0","0","7.083333333333333"
"https://www.marqly.com/tools/bookmarklet-maker","arg","7","0","0","8"
"https://www.marqly.com/tools/bookmarklet-maker","arm","1","0","0","9"
"https://www.marqly.com/tools/bookmarklet-maker","aus","50","0","0","10.28"
"https://www.marqly.com/tools/bookmarklet-maker","aut","2","0","0","7.5"
"https://www.marqly.com/tools/bookmarklet-maker","bel","6","0","0","8"
"https://www.marqly.com/tools/bookmarklet-maker","bgr","1","0","0","9"
"https://www.marqly.com/tools/bookmarklet-maker","bhr","1","0","0","10"
"https://www.marqly.com/tools/bookmarklet-maker","blr","1","0","0","10"
"https://www.marqly.com/tools/bookmarklet-maker","bra","37","0","0","8.81081081081081"
"https://www.marqly.com/tools/bookmarklet-maker","can","39","0","0","12.307692307692308"
"https://www.marqly.com/tools/bookmarklet-maker","che","10","0","0","7.2"
"https://www.marqly.com/tools/bookmarklet-maker","chl","5","0","0","7.6"
"https://www.marqly.com/tools/bookmarklet-maker","chn","1","0","0","7"
"https://www.marqly.com/tools/bookmarklet-maker","col","2","0","0","7.5"
"https://www.marqly.com/tools/bookmarklet-maker","deu","14","0","0","7.357142857142857"
"https://www.marqly.com/tools/bookmarklet-maker","dnk","9","0","0","7.888888888888889"
"https://www.marqly.com/tools/bookmarklet-maker","dom","2","0","0","8"
"https://www.marqly.com/tools/bookmarklet-maker","dza","2","0","0","20"
"https://www.marqly.com/tools/bookmarklet-maker","egy","6","0","0","7"
"https://www.marqly.com/tools/bookmarklet-maker","esp","10","0","0","15.5"
"https://www.marqly.com/tools/bookmarklet-maker","fin","6","0","0","9.166666666666666"
"https://www.marqly.com/tools/bookmarklet-maker","fra","8","0","0","12.25"
"https://www.marqly.com/tools/bookmarklet-maker","gbr","30","0","0","13.833333333333334"
"https://www.marqly.com/tools/bookmarklet-maker","grc","10","0","0","6.9"
"https://www.marqly.com/tools/bookmarklet-maker","hkg","4","0","0","8.5"
"https://www.marqly.com/tools/bookmarklet-maker","hrv","2","0","0","9"
"https://www.marqly.com/tools/bookmarklet-maker","hun","6","0","0","7.166666666666667"
"https://www.marqly.com/tools/bookmarklet-maker","idn","12","0","0","10.333333333333334"
"https://www.marqly.com/tools/bookmarklet-maker","ind","19","0","0","13.578947368421053"
"https://www.marqly.com/tools/bookmarklet-maker","irl","45","0","0","7.7555555555555555"
"https://www.marqly.com/tools/bookmarklet-maker","irn","2","0","0","8"
"https://www.marqly.com/tools/bookmarklet-maker","isl","2","0","0","8"
"https://www.marqly.com/tools/bookmarklet-maker","isr","6","0","0","16.5"
"https://www.marqly.com/tools/bookmarklet-maker","ita","8","0","0","7.75"
"https://www.marqly.com/tools/bookmarklet-maker","jpn","71","0","0","7.704225352112676"
"https://www.marqly.com/tools/bookmarklet-maker","ken","3","0","0","8"
"https://www.marqly.com/tools/bookmarklet-maker","khm","2","0","0","9.5"
"https://www.marqly.com/tools/bookmarklet-maker","kor","15","0","0","8.333333333333332"
"https://www.marqly.com/tools/bookmarklet-maker","lby","1","0","0","5"
"https://www.marqly.com/tools/bookmarklet-maker","ltu","3","0","0","8"
"https://www.marqly.com/tools/bookmarklet-maker","mar","2","0","0","7.5"
"https://www.marqly.com/tools/bookmarklet-maker","mda","1","0","0","10"
"https://www.marqly.com/tools/bookmarklet-maker","mex","4","0","0","7.25"
"https://www.marqly.com/tools/bookmarklet-maker","mys","8","0","0","10.25"
"https://www.marqly.com/tools/bookmarklet-maker","nld","15","0","0","7.6"
"https://www.marqly.com/tools/bookmarklet-maker","nor","2","0","0","9"
"https://www.marqly.com/tools/bookmarklet-maker","nzl","19","0","0","7.473684210526316"
"https://www.marqly.com/tools/bookmarklet-maker","omn","1","0","0","9"
"https://www.marqly.com/tools/bookmarklet-maker","pak","7","0","0","7.428571428571429"
"https://www.marqly.com/tools/bookmarklet-maker","phl","9","0","0","17.666666666666668"
"https://www.marqly.com/tools/bookmarklet-maker","pol","5","0","0","7.2"
"https://www.marqly.com/tools/bookmarklet-maker","prt","4","0","0","7"
"https://www.marqly.com/tools/bookmarklet-maker","reu","2","0","0","6.5"
"https://www.marqly.com/tools/bookmarklet-maker","rou","2","0","0","7.5"
"https://www.marqly.com/tools/bookmarklet-maker","rus","15","0","0","6.733333333333333"
"https://www.marqly.com/tools/bookmarklet-maker","sau","3","0","0","18"
"https://www.marqly.com/tools/bookmarklet-maker","sgp","7","0","0","7"
"https://www.marqly.com/tools/bookmarklet-maker","srb","1","0","0","8"
"https://www.marqly.com/tools/bookmarklet-maker","swe","23","0","0","9.043478260869565"
"https://www.marqly.com/tools/bookmarklet-maker","tha","3","0","0","6.333333333333333"
"https://www.marqly.com/tools/bookmarklet-maker","tur","3","0","0","7.666666666666667"
"https://www.marqly.com/tools/bookmarklet-maker","twn","16","0","0","8.875"
"https://www.marqly.com/tools/bookmarklet-maker","ukr","1","0","0","6"
"https://www.marqly.com/tools/bookmarklet-maker","ven","2","0","0","8.5"
"https://www.marqly.com/tools/bookmarklet-maker","vnm","6","0","0","7.666666666666667"
"https://www.marqly.com/tools/bookmarklet-maker","zaf","3","0","0","7.333333333333333"
"https://www.marqly.com/tools/bookmarklet-maker","zzz","1","0","0","6"
"https://www.marqly.com/tools/dead-link-checker","aut","5","0","0","39.6"
"https://www.marqly.com/tools/dead-link-checker","bgd","2","0","0","50"
"https://www.marqly.com/tools/dead-link-checker","can","3","0","0","49"
"https://www.marqly.com/tools/dead-link-checker","che","1","0","0","47"
"https://www.marqly.com/tools/dead-link-checker","dnk","121","0","0","55.00826446280992"
"https://www.marqly.com/tools/dead-link-checker","dza","1","0","0","39"
"https://www.marqly.com/tools/dead-link-checker","fin","1","0","0","7"
"https://www.marqly.com/tools/dead-link-checker","fra","2","0","0","9"
"https://www.marqly.com/tools/dead-link-checker","gbr","32","0","0","8.03125"
"https://www.marqly.com/tools/dead-link-checker","idn","1","0","0","5"
"https://www.marqly.com/tools/dead-link-checker","ind","2","0","0","62"
"https://www.marqly.com/tools/dead-link-checker","ita","1","0","0","44"
"https://www.marqly.com/tools/dead-link-checker","nld","2","0","0","70.5"
"https://www.marqly.com/tools/dead-link-checker","rus","1","0","0","66"
"https://www.marqly.com/tools/dead-link-checker","sgp","1","0","0","3"
"https://www.marqly.com/tools/dead-link-checker","usa","49","0","0","28.448979591836736"
"https://www.marqly.com/tools/dead-link-checker","vnm","1","0","0","58"
"https://www.marqly.com/tools/duplicate-bookmark-finder","alb","1","0","0","6"
"https://www.marqly.com/tools/duplicate-bookmark-finder","aus","2","0","0","23"
"https://www.marqly.com/tools/duplicate-bookmark-finder","aut","1","0","0","9"
"https://www.marqly.com/tools/duplicate-bookmark-finder","bel","1","0","0","7"
"https://www.marqly.com/tools/duplicate-bookmark-finder","bgd","3","0","0","8"
"https://www.marqly.com/tools/duplicate-bookmark-finder","bra","2","0","0","12.5"
"https://www.marqly.com/tools/duplicate-bookmark-finder","can","1","0","0","1"
"https://www.marqly.com/tools/duplicate-bookmark-finder","che","1","0","0","11"
"https://www.marqly.com/tools/duplicate-bookmark-finder","deu","2","0","0","4.5"
"https://www.marqly.com/tools/duplicate-bookmark-finder","egy","5","0","0","6.8"
"https://www.marqly.com/tools/duplicate-bookmark-finder","esp","4","0","0","17.5"
"https://www.marqly.com/tools/duplicate-bookmark-finder","fra","2","0","0","7.5"
"https://www.marqly.com/tools/duplicate-bookmark-finder","gbr","4","0","0","18.75"
"https://www.marqly.com/tools/duplicate-bookmark-finder","grc","1","0","0","11"
"https://www.marqly.com/tools/duplicate-bookmark-finder","hun","6","0","0","8.5"
"https://www.marqly.com/tools/duplicate-bookmark-finder","ind","3","0","0","5.333333333333333"
"https://www.marqly.com/tools/duplicate-bookmark-finder","irl","1","0","0","8"
"https://www.marqly.com/tools/duplicate-bookmark-finder","isr","2","0","0","35.5"
"https://www.marqly.com/tools/duplicate-bookmark-finder","ita","3","0","0","8.333333333333332"
"https://www.marqly.com/tools/duplicate-bookmark-finder","nld","1","0","0","2"
"https://www.marqly.com/tools/duplicate-bookmark-finder","nor","2","0","0","9"
"https://www.marqly.com/tools/duplicate-bookmark-finder","pak","1","0","0","6"
"https://www.marqly.com/tools/duplicate-bookmark-finder","phl","2","0","0","17"
"https://www.marqly.com/tools/duplicate-bookmark-finder","pol","1","0","0","3"
"https://www.marqly.com/tools/duplicate-bookmark-finder","prt","1","0","0","10"
"https://www.marqly.com/tools/duplicate-bookmark-finder","pse","1","0","0","8"
"https://www.marqly.com/tools/duplicate-bookmark-finder","rou","2","0","0","9"
"https://www.marqly.com/tools/duplicate-bookmark-finder","sau","1","0","0","18"
"https://www.marqly.com/tools/duplicate-bookmark-finder","sgp","1","0","0","9"
"https://www.marqly.com/tools/duplicate-bookmark-finder","srb","1","0","0","6"
"https://www.marqly.com/tools/duplicate-bookmark-finder","swe","2","0","0","7.5"
"https://www.marqly.com/tools/duplicate-bookmark-finder","tur","2","0","0","15"
"https://www.marqly.com/tools/duplicate-bookmark-finder","ury","2","0","0","3.5"
"https://www.marqly.com/tools/duplicate-bookmark-finder","usa","28","0","0","27"
"https://www.marqly.com/tools/html-to-markdown","aus","7","0","0","43.42857142857143"
"https://www.marqly.com/tools/html-to-markdown","can","7","0","0","32.85714285714286"
"https://www.marqly.com/tools/html-to-markdown","chn","1","0","0","34"
"https://www.marqly.com/tools/html-to-markdown","cze","1","0","0","8"
"https://www.marqly.com/tools/html-to-markdown","deu","3","0","0","45"
"https://www.marqly.com/tools/html-to-markdown","dza","1","0","0","34"
"https://www.marqly.com/tools/html-to-markdown","esp","5","0","0","29.6"
"https://www.marqly.com/tools/html-to-markdown","gbr","6","0","0","44.833333333333336"
"https://www.marqly.com/tools/html-to-markdown","idn","3","0","0","37.666666666666664"
"https://www.marqly.com/tools/html-to-markdown","ind","9","0","0","37.888888888888886"
"https://www.marqly.com/tools/html-to-markdown","isr","1","0","0","36"
"https://www.marqly.com/tools/html-to-markdown","ita","7","0","0","30.285714285714285"
"https://www.marqly.com/tools/html-to-markdown","mne","1","0","0","35"
"https://www.marqly.com/tools/html-to-markdown","mys","2","0","0","9"
"https://www.marqly.com/tools/html-to-markdown","nga","1","0","0","48"
"https://www.marqly.com/tools/html-to-markdown","nic","1","0","0","30"
"https://www.marqly.com/tools/html-to-markdown","nld","1","0","0","34"
"https://www.marqly.com/tools/html-to-markdown","nor","4","0","0","39"
"https://www.marqly.com/tools/html-to-markdown","nzl","1","0","0","45"
"https://www.marqly.com/tools/html-to-markdown","pak","6","0","0","42.833333333333336"
"https://www.marqly.com/tools/html-to-markdown","phl","1","0","0","10"
"https://www.marqly.com/tools/html-to-markdown","rus","1","0","0","48"
"https://www.marqly.com/tools/html-to-markdown","sau","1","0","0","60"
"https://www.marqly.com/tools/html-to-markdown","sgp","1","0","0","45"
"https://www.marqly.com/tools/html-to-markdown","swe","1","0","0","35"
"https://www.marqly.com/tools/html-to-markdown","tha","1","0","0","35"
"https://www.marqly.com/tools/html-to-markdown","usa","151","0","0","46.33112582781457"
"https://www.marqly.com/tools/html-to-markdown","vnm","4","0","0","32.25"
"https://www.marqly.com/tools/open-graph-checker","arg","1","0","0","37"
"https://www.marqly.com/tools/open-graph-checker","bgd","1","0","0","47"
"https://www.marqly.com/tools/open-graph-checker","bra","2","0","0","46.5"
"https://www.marqly.com/tools/open-graph-checker","can","1","0","0","47"
"https://www.marqly.com/tools/open-graph-checker","cze","1","0","0","42"
"https://www.marqly.com/tools/open-graph-checker","deu","2","0","0","40.5"
"https://www.marqly.com/tools/open-graph-checker","fra","1","0","0","43"
"https://www.marqly.com/tools/open-graph-checker","hnd","1","0","0","12"
"https://www.marqly.com/tools/open-graph-checker","idn","1","0","0","43"
"https://www.marqly.com/tools/open-graph-checker","ind","8","0","0","61.375"
"https://www.marqly.com/tools/open-graph-checker","ita","1","0","0","9"
"https://www.marqly.com/tools/open-graph-checker","ken","1","0","0","44"
"https://www.marqly.com/tools/open-graph-checker","mex","1","0","0","49"
"https://www.marqly.com/tools/open-graph-checker","phl","1","0","0","42"
"https://www.marqly.com/tools/open-graph-checker","rou","1","0","0","40"
"https://www.marqly.com/tools/open-graph-checker","rus","1","0","0","39"
"https://www.marqly.com/tools/open-graph-checker","svk","1","0","0","43"
"https://www.marqly.com/tools/open-graph-checker","tur","1","0","0","55"
"https://www.marqly.com/tools/open-graph-checker","twn","1","0","0","44"
"https://www.marqly.com/tools/open-graph-checker","uga","1","0","0","54"
"https://www.marqly.com/tools/open-graph-checker","ukr","1","0","0","41"
"https://www.marqly.com/tools/open-graph-checker","usa","34","0","0","43.73529411764706"
"https://www.marqly.com/tools/open-graph-checker","vnm","1","0","0","40"
"https://www.marqly.com/tools/open-graph-checker","zzz","1","0","0","69"
"https://www.marqly.com/tools/pocket-export-converter","chn","1","0","0","15"
"https://www.marqly.com/tools/pocket-export-converter","egy","1","0","0","1"
"https://www.marqly.com/tools/pocket-export-converter","gbr","20","0","0","5.4"
"https://www.marqly.com/tools/pocket-export-converter","grc","1","0","0","3"
"https://www.marqly.com/tools/pocket-export-converter","nor","1","0","0","11"
"https://www.marqly.com/tools/pocket-export-converter","rus","2","0","0","23.5"
"https://www.marqly.com/tools/pocket-export-converter","usa","26","0","0","13.23076923076923"
"https://www.marqly.com/tools/raindrop-export-analyzer","bel","2","0","0","60.5"
"https://www.marqly.com/tools/raindrop-export-analyzer","che","1","0","0","8"
"https://www.marqly.com/tools/raindrop-export-analyzer","deu","1","0","0","8"
"https://www.marqly.com/tools/raindrop-export-analyzer","gbr","1","0","0","6"
"https://www.marqly.com/tools/raindrop-export-analyzer","grc","2","0","0","66.5"
"https://www.marqly.com/tools/raindrop-export-analyzer","mlt","1","0","0","54"
"https://www.marqly.com/tools/raindrop-export-analyzer","tha","1","0","0","62"
"https://www.marqly.com/tools/raindrop-export-analyzer","usa","4","0","0","87.5"
"https://www.marqly.com/tools/reading-time","are","12","0","0","31.25"
"https://www.marqly.com/tools/reading-time","arg","5","0","0","40"
"https://www.marqly.com/tools/reading-time","aus","58","0","0","24.862068965517242"
"https://www.marqly.com/tools/reading-time","aut","2","0","0","9"
"https://www.marqly.com/tools/reading-time","bel","2","0","0","6"
"https://www.marqly.com/tools/reading-time","bgd","3","0","0","20.333333333333332"
"https://www.marqly.com/tools/reading-time","bhr","1","0","0","35"
"https://www.marqly.com/tools/reading-time","bra","15","0","0","12.333333333333334"
"https://www.marqly.com/tools/reading-time","can","59","0","0","25.271186440677965"
"https://www.marqly.com/tools/reading-time","chl","1","0","0","7"
"https://www.marqly.com/tools/reading-time","cmr","1","0","0","35"
"https://www.marqly.com/tools/reading-time","col","2","0","0","14.5"
"https://www.marqly.com/tools/reading-time","cze","6","0","0","34.666666666666664"
"https://www.marqly.com/tools/reading-time","deu","30","0","0","24.8"
"https://www.marqly.com/tools/reading-time","dnk","5","0","0","18.8"
"https://www.marqly.com/tools/reading-time","dza","1","0","0","25"
"https://www.marqly.com/tools/reading-time","egy","2","0","0","8"
"https://www.marqly.com/tools/reading-time","esp","16","0","0","30.0625"
"https://www.marqly.com/tools/reading-time","fin","3","0","0","20.666666666666668"
"https://www.marqly.com/tools/reading-time","fra","42","0","0","32.14285714285714"
"https://www.marqly.com/tools/reading-time","gbr","101","0","0","22.217821782178216"
"https://www.marqly.com/tools/reading-time","gha","1","0","0","1"
"https://www.marqly.com/tools/reading-time","grc","2","0","0","30"
"https://www.marqly.com/tools/reading-time","guy","1","0","0","3"
"https://www.marqly.com/tools/reading-time","hkg","4","0","0","24.25"
"https://www.marqly.com/tools/reading-time","hun","12","0","0","25.833333333333332"
"https://www.marqly.com/tools/reading-time","idn","21","0","0","14.095238095238095"
"https://www.marqly.com/tools/reading-time","ind","10","0","0","34.4"
"https://www.marqly.com/tools/reading-time","irl","4","0","0","19.25"
"https://www.marqly.com/tools/reading-time","isr","2","0","0","1"
"https://www.marqly.com/tools/reading-time","ita","9","0","0","32.44444444444444"
"https://www.marqly.com/tools/reading-time","jam","2","0","0","16"
"https://www.marqly.com/tools/reading-time","jor","1","0","0","24"
"https://www.marqly.com/tools/reading-time","jpn","4","0","0","30.75"
"https://www.marqly.com/tools/reading-time","kaz","3","0","0","12.333333333333334"
"https://www.marqly.com/tools/reading-time","ken","1","0","0","30"
"https://www.marqly.com/tools/reading-time","khm","1","0","0","32"
"https://www.marqly.com/tools/reading-time","kor","3","0","0","18"
"https://www.marqly.com/tools/reading-time","ltu","2","0","0","10.5"
"https://www.marqly.com/tools/reading-time","lux","1","0","0","1"
"https://www.marqly.com/tools/reading-time","mar","1","0","0","36"
"https://www.marqly.com/tools/reading-time","mdv","1","0","0","32"
"https://www.marqly.com/tools/reading-time","mex","12","0","0","21.416666666666668"
"https://www.marqly.com/tools/reading-time","mlt","4","0","0","26.75"
"https://www.marqly.com/tools/reading-time","mus","1","0","0","38"
"https://www.marqly.com/tools/reading-time","mys","1","0","0","51"
"https://www.marqly.com/tools/reading-time","nga","2","0","0","45"
"https://www.marqly.com/tools/reading-time","nld","57","0","0","15.403508771929825"
"https://www.marqly.com/tools/reading-time","nor","4","0","0","18.75"
"https://www.marqly.com/tools/reading-time","nzl","5","0","0","20"
"https://www.marqly.com/tools/reading-time","pak","4","0","0","21"
"https://www.marqly.com/tools/reading-time","per","1","0","0","20"
"https://www.marqly.com/tools/reading-time","phl","19","0","0","28.105263157894736"
"https://www.marqly.com/tools/reading-time","pol","21","0","0","27.523809523809526"
"https://www.marqly.com/tools/reading-time","prt","4","0","0","14.75"
"https://www.marqly.com/tools/reading-time","qat","1","0","0","35"
"https://www.marqly.com/tools/reading-time","rou","20","0","0","27.75"
"https://www.marqly.com/tools/reading-time","rus","15","0","0","36"
"https://www.marqly.com/tools/reading-time","sau","4","0","0","33.5"
"https://www.marqly.com/tools/reading-time","sgp","4","0","0","24.75"
"https://www.marqly.com/tools/reading-time","srb","1","0","0","30"
"https://www.marqly.com/tools/reading-time","svn","1","0","0","9"
"https://www.marqly.com/tools/reading-time","swe","7","0","0","13.714285714285714"
"https://www.marqly.com/tools/reading-time","tha","5","0","0","17.4"
"https://www.marqly.com/tools/reading-time","tto","1","0","0","2"
"https://www.marqly.com/tools/reading-time","tur","6","0","0","43.166666666666664"
"https://www.marqly.com/tools/reading-time","twn","5","0","0","26.2"
"https://www.marqly.com/tools/reading-time","ukr","4","0","0","34.5"
"https://www.marqly.com/tools/reading-time","usa","471","0","0","31.201698513800423"
"https://www.marqly.com/tools/reading-time","ven","1","0","0","38"
"https://www.marqly.com/tools/reading-time","vnm","3","0","0","20.333333333333332"
"https://www.marqly.com/tools/reading-time","zaf","3","0","0","18.666666666666668"
"https://www.marqly.com/tools/reading-time","zwe","2","0","0","31.5"
"https://www.marqly.com/tools/reading-time-calculator","can","1","0","0","8"
"https://www.marqly.com/tools/reading-time-codec","aut","1","0","0","1"
"https://www.marqly.com/tools/reading-time-to-read","can","2","0","0","7"
"https://www.marqly.com/tools/redirect-checker","afg","1","0","0","48"
"https://www.marqly.com/tools/redirect-checker","ago","1","0","0","50"
"https://www.marqly.com/tools/redirect-checker","are","3","0","0","47.666666666666664"
"https://www.marqly.com/tools/redirect-checker","arg","10","0","0","45"
"https://www.marqly.com/tools/redirect-checker","arm","1","0","0","40"
"https://www.marqly.com/tools/redirect-checker","aus","67","0","0","41.1044776119403"
"https://www.marqly.com/tools/redirect-checker","aut","175","0","0","29.565714285714286"
"https://www.marqly.com/tools/redirect-checker","bel","1","0","0","41"
"https://www.marqly.com/tools/redirect-checker","bfa","1","0","0","47"
"https://www.marqly.com/tools/redirect-checker","bgd","19","0","0","37.473684210526315"
"https://www.marqly.com/tools/redirect-checker","bgr","4","0","0","36.75"
"https://www.marqly.com/tools/redirect-checker","blr","1","0","0","27"
"https://www.marqly.com/tools/redirect-checker","bra","16","0","0","44.25"
"https://www.marqly.com/tools/redirect-checker","can","965","0","0","44.85284974093264"
"https://www.marqly.com/tools/redirect-checker","che","232","0","0","32.94827586206897"
"https://www.marqly.com/tools/redirect-checker","chl","4","0","0","48"
"https://www.marqly.com/tools/redirect-checker","civ","1","0","0","44"
"https://www.marqly.com/tools/redirect-checker","cmr","1","0","0","43"
"https://www.marqly.com/tools/redirect-checker","cod","1","0","0","48"
"https://www.marqly.com/tools/redirect-checker","col","5","0","0","45.4"
"https://www.marqly.com/tools/redirect-checker","cze","3","0","0","43.666666666666664"
"https://www.marqly.com/tools/redirect-checker","deu","804","0","0","35.47636815920398"
"https://www.marqly.com/tools/redirect-checker","dnk","1","0","0","25"
"https://www.marqly.com/tools/redirect-checker","dom","3","0","0","45"
"https://www.marqly.com/tools/redirect-checker","dza","4","0","0","55.25"
"https://www.marqly.com/tools/redirect-checker","ecu","3","0","0","37"
"https://www.marqly.com/tools/redirect-checker","egy","5","0","0","40.4"
"https://www.marqly.com/tools/redirect-checker","esp","11","0","0","48.18181818181818"
"https://www.marqly.com/tools/redirect-checker","est","1","0","0","12"
"https://www.marqly.com/tools/redirect-checker","fin","2","0","0","31.5"
"https://www.marqly.com/tools/redirect-checker","fra","16","0","0","47.125"
"https://www.marqly.com/tools/redirect-checker","geo","1","0","0","40"
"https://www.marqly.com/tools/redirect-checker","gin","1","0","0","44"
"https://www.marqly.com/tools/redirect-checker","guf","1","0","0","25"
"https://www.marqly.com/tools/redirect-checker","hkg","3","0","0","46"
"https://www.marqly.com/tools/redirect-checker","hrv","1","0","0","13"
"https://www.marqly.com/tools/redirect-checker","hun","2","0","0","32.5"
"https://www.marqly.com/tools/redirect-checker","idn","24","0","0","39.916666666666664"
"https://www.marqly.com/tools/redirect-checker","ind","106","0","0","44.783018867924525"
"https://www.marqly.com/tools/redirect-checker","irl","4","0","0","28"
"https://www.marqly.com/tools/redirect-checker","isr","6","0","0","36"
"https://www.marqly.com/tools/redirect-checker","ita","7","0","0","51.42857142857143"
"https://www.marqly.com/tools/redirect-checker","jam","2","0","0","42.5"
"https://www.marqly.com/tools/redirect-checker","jor","6","0","0","42.5"
"https://www.marqly.com/tools/redirect-checker","jpn","1","0","0","41"
"https://www.marqly.com/tools/redirect-checker","ken","1","0","0","41"
"https://www.marqly.com/tools/redirect-checker","kgz","1","0","0","38"
"https://www.marqly.com/tools/redirect-checker","khm","1","0","0","31"
"https://www.marqly.com/tools/redirect-checker","kor","2","0","0","52"
"https://www.marqly.com/tools/redirect-checker","lka","1","0","0","28"
"https://www.marqly.com/tools/redirect-checker","ltu","1","0","0","48"
"https://www.marqly.com/tools/redirect-checker","mar","5","0","0","49.6"
"https://www.marqly.com/tools/redirect-checker","mco","1","0","0","48"
"https://www.marqly.com/tools/redirect-checker","mdv","1","0","0","32"
"https://www.marqly.com/tools/redirect-checker","mex","6","0","0","50.833333333333336"
"https://www.marqly.com/tools/redirect-checker","mys","7","0","0","51.57142857142857"
"https://www.marqly.com/tools/redirect-checker","nld","90","0","0","34.3"
"https://www.marqly.com/tools/redirect-checker","nzl","1","0","0","38"
"https://www.marqly.com/tools/redirect-checker","pak","17","0","0","42.1764705882353"
"https://www.marqly.com/tools/redirect-checker","per","2","0","0","39"
"https://www.marqly.com/tools/redirect-checker","phl","15","0","0","49.333333333333336"
"https://www.marqly.com/tools/redirect-checker","png","1","0","0","49"
"https://www.marqly.com/tools/redirect-checker","pol","12","0","0","40.5"
"https://www.marqly.com/tools/redirect-checker","prt","1","0","0","41"
"https://www.marqly.com/tools/redirect-checker","qat","1","0","0","35"
"https://www.marqly.com/tools/redirect-checker","rou","6","0","0","40.833333333333336"
"https://www.marqly.com/tools/redirect-checker","rus","30","0","0","42.8"
"https://www.marqly.com/tools/redirect-checker","sau","1","0","0","44"
"https://www.marqly.com/tools/redirect-checker","sgp","11","0","0","38.54545454545455"
"https://www.marqly.com/tools/redirect-checker","slv","1","0","0","42"
"https://www.marqly.com/tools/redirect-checker","srb","2","0","0","24.5"
"https://www.marqly.com/tools/redirect-checker","svk","3","0","0","42"
"https://www.marqly.com/tools/redirect-checker","swe","4","0","0","33.25"
"https://www.marqly.com/tools/redirect-checker","tha","14","0","0","44.42857142857143"
"https://www.marqly.com/tools/redirect-checker","tjk","1","0","0","39"
"https://www.marqly.com/tools/redirect-checker","tur","21","0","0","30.714285714285715"
"https://www.marqly.com/tools/redirect-checker","twn","1","0","0","55"
"https://www.marqly.com/tools/redirect-checker","tza","1","0","0","30"
"https://www.marqly.com/tools/redirect-checker","ukr","7","0","0","35.142857142857146"
"https://www.marqly.com/tools/redirect-checker","ury","2","0","0","42.5"
"https://www.marqly.com/tools/redirect-checker","usa","4486","0","0","42.72692822113241"
"https://www.marqly.com/tools/redirect-checker","uzb","2","0","0","36.5"
"https://www.marqly.com/tools/redirect-checker","ven","3","0","0","46"
"https://www.marqly.com/tools/redirect-checker","vnm","17","0","0","38.11764705882353"
"https://www.marqly.com/tools/redirect-checker","zaf","10","0","0","43.8"
"https://www.marqly.com/tools/redirect-checker","zwe","1","0","0","40"
"https://www.marqly.com/tools/redirect-checker","zzz","3","0","0","22"
"https://www.marqly.com/tools/research-table-builder","rou","1","0","0","96"
"https://www.marqly.com/tools/rss-feed-finder","are","1","0","0","45"
"https://www.marqly.com/tools/rss-feed-finder","arg","2","0","0","46.5"
"https://www.marqly.com/tools/rss-feed-finder","arm","1","0","0","49"
"https://www.marqly.com/tools/rss-feed-finder","aus","63","0","0","49.93650793650794"
"https://www.marqly.com/tools/rss-feed-finder","bgd","2","0","0","53"
"https://www.marqly.com/tools/rss-feed-finder","bgr","1","0","0","49"
"https://www.marqly.com/tools/rss-feed-finder","blr","1","0","0","9"
"https://www.marqly.com/tools/rss-feed-finder","bra","6","0","0","42"
"https://www.marqly.com/tools/rss-feed-finder","can","23","0","0","49.869565217391305"
"https://www.marqly.com/tools/rss-feed-finder","che","2","0","0","29"
"https://www.marqly.com/tools/rss-feed-finder","chn","1","0","0","46"
"https://www.marqly.com/tools/rss-feed-finder","col","1","0","0","56"
"https://www.marqly.com/tools/rss-feed-finder","dnk","2","0","0","24.5"
"https://www.marqly.com/tools/rss-feed-finder","dom","1","0","0","57"
"https://www.marqly.com/tools/rss-feed-finder","dza","1","0","0","48"
"https://www.marqly.com/tools/rss-feed-finder","ecu","1","0","0","72"
"https://www.marqly.com/tools/rss-feed-finder","esp","9","0","0","38.44444444444444"
"https://www.marqly.com/tools/rss-feed-finder","eth","1","0","0","11"
"https://www.marqly.com/tools/rss-feed-finder","fra","12","0","0","37.166666666666664"
"https://www.marqly.com/tools/rss-feed-finder","gbr","37","0","0","49.189189189189186"
"https://www.marqly.com/tools/rss-feed-finder","grc","2","0","0","8"
"https://www.marqly.com/tools/rss-feed-finder","hrv","1","0","0","17"
"https://www.marqly.com/tools/rss-feed-finder","idn","2","0","0","57.5"
"https://www.marqly.com/tools/rss-feed-finder","ind","11","0","0","38.45454545454545"
"https://www.marqly.com/tools/rss-feed-finder","irn","5","0","0","12"
"https://www.marqly.com/tools/rss-feed-finder","isr","1","0","0","8"
"https://www.marqly.com/tools/rss-feed-finder","ita","20","0","0","36.05"
"https://www.marqly.com/tools/rss-feed-finder","jpn","2","0","0","38"
"https://www.marqly.com/tools/rss-feed-finder","mda","1","0","0","9"
"https://www.marqly.com/tools/rss-feed-finder","mys","1","0","0","54"
"https://www.marqly.com/tools/rss-feed-finder","nld","15","0","0","50.93333333333333"
"https://www.marqly.com/tools/rss-feed-finder","nor","2","0","0","42.5"
"https://www.marqly.com/tools/rss-feed-finder","nzl","1","0","0","45"
"https://www.marqly.com/tools/rss-feed-finder","pak","3","0","0","7"
"https://www.marqly.com/tools/rss-feed-finder","per","1","0","0","10"
"https://www.marqly.com/tools/rss-feed-finder","phl","1","0","0","32"
"https://www.marqly.com/tools/rss-feed-finder","pol","2","0","0","47.5"
"https://www.marqly.com/tools/rss-feed-finder","rou","1","0","0","46"
"https://www.marqly.com/tools/rss-feed-finder","rus","7","0","0","42.714285714285715"
"https://www.marqly.com/tools/rss-feed-finder","sgp","1","0","0","11"
"https://www.marqly.com/tools/rss-feed-finder","slv","1","0","0","11"
"https://www.marqly.com/tools/rss-feed-finder","swe","11","0","0","39.54545454545455"
"https://www.marqly.com/tools/rss-feed-finder","tha","3","0","0","43.333333333333336"
"https://www.marqly.com/tools/rss-feed-finder","tun","1","0","0","15"
"https://www.marqly.com/tools/rss-feed-finder","tur","3","0","0","33.666666666666664"
"https://www.marqly.com/tools/rss-feed-finder","uga","1","0","0","10"
"https://www.marqly.com/tools/rss-feed-finder","usa","453","0","0","53.37748344370861"
"https://www.marqly.com/tools/rss-feed-finder","vnm","3","0","0","57.333333333333336"
"https://www.marqly.com/tools/rss-feed-finder","wsm","1","0","0","63"
"https://www.marqly.com/tools/rss-feed-finder","zaf","2","0","0","7.5"
"https://www.marqly.com/tools/url-cleaner","are","2","0","0","16.5"
"https://www.marqly.com/tools/url-cleaner","aus","25","0","0","30.12"
"https://www.marqly.com/tools/url-cleaner","aze","1","0","0","19"
"https://www.marqly.com/tools/url-cleaner","bel","1","0","0","7"
"https://www.marqly.com/tools/url-cleaner","bgd","2","0","0","63"
"https://www.marqly.com/tools/url-cleaner","bhr","1","0","0","33"
"https://www.marqly.com/tools/url-cleaner","bra","3","0","0","23.666666666666668"
"https://www.marqly.com/tools/url-cleaner","can","23","0","0","32.78260869565217"
"https://www.marqly.com/tools/url-cleaner","che","1","0","0","9"
"https://www.marqly.com/tools/url-cleaner","col","1","0","0","20"
"https://www.marqly.com/tools/url-cleaner","cze","1","0","0","10"
"https://www.marqly.com/tools/url-cleaner","deu","17","0","0","29.470588235294116"
"https://www.marqly.com/tools/url-cleaner","dza","2","0","0","50.5"
"https://www.marqly.com/tools/url-cleaner","ecu","1","0","0","35"
"https://www.marqly.com/tools/url-cleaner","egy","1","0","0","52"
"https://www.marqly.com/tools/url-cleaner","fin","2","0","0","10"
"https://www.marqly.com/tools/url-cleaner","fra","8","0","0","40.375"
"https://www.marqly.com/tools/url-cleaner","gbr","41","0","0","38.26829268292683"
"https://www.marqly.com/tools/url-cleaner","grc","1","0","0","10"
"https://www.marqly.com/tools/url-cleaner","hkg","2","0","0","12"
"https://www.marqly.com/tools/url-cleaner","hrv","1","0","0","10"
"https://www.marqly.com/tools/url-cleaner","hun","5","0","0","9.8"
"https://www.marqly.com/tools/url-cleaner","idn","14","0","0","16.57142857142857"
"https://www.marqly.com/tools/url-cleaner","ind","24","0","0","35.208333333333336"
"https://www.marqly.com/tools/url-cleaner","isl","1","0","0","34"
"https://www.marqly.com/tools/url-cleaner","isr","1","0","0","33"
"https://www.marqly.com/tools/url-cleaner","ita","49","0","0","22.346938775510203"
"https://www.marqly.com/tools/url-cleaner","jpn","1","0","0","18"
"https://www.marqly.com/tools/url-cleaner","kaz","2","0","0","15.5"
"https://www.marqly.com/tools/url-cleaner","kor","1","0","0","29"
"https://www.marqly.com/tools/url-cleaner","lka","1","0","0","9"
"https://www.marqly.com/tools/url-cleaner","mar","5","0","0","33.8"
"https://www.marqly.com/tools/url-cleaner","mex","6","0","0","24.166666666666668"
"https://www.marqly.com/tools/url-cleaner","nga","3","0","0","27.333333333333332"
"https://www.marqly.com/tools/url-cleaner","nld","2","0","0","18"
"https://www.marqly.com/tools/url-cleaner","nor","2","0","0","17.5"
"https://www.marqly.com/tools/url-cleaner","pak","7","0","0","29.142857142857142"
"https://www.marqly.com/tools/url-cleaner","pan","1","0","0","28"
"https://www.marqly.com/tools/url-cleaner","per","2","0","0","8.5"
"https://www.marqly.com/tools/url-cleaner","phl","4","0","0","28.75"
"https://www.marqly.com/tools/url-cleaner","pry","1","0","0","1"
"https://www.marqly.com/tools/url-cleaner","qat","2","0","0","4"
"https://www.marqly.com/tools/url-cleaner","rou","1","0","0","9"
"https://www.marqly.com/tools/url-cleaner","rus","4","0","0","34"
"https://www.marqly.com/tools/url-cleaner","sau","2","0","0","20.5"
"https://www.marqly.com/tools/url-cleaner","sgp","1","0","0","22"
"https://www.marqly.com/tools/url-cleaner","som","1","0","0","11"
"https://www.marqly.com/tools/url-cleaner","svk","4","0","0","10"
"https://www.marqly.com/tools/url-cleaner","swe","4","0","0","9.25"
"https://www.marqly.com/tools/url-cleaner","tha","3","0","0","32.66666666666667"
"https://www.marqly.com/tools/url-cleaner","tun","1","0","0","41"
"https://www.marqly.com/tools/url-cleaner","tur","5","0","0","46.4"
"https://www.marqly.com/tools/url-cleaner","ukr","1","0","0","5"
"https://www.marqly.com/tools/url-cleaner","usa","1365","0","0","27.771428571428572"
"https://www.marqly.com/tools/url-cleaner","vnm","4","0","0","30.75"
"https://www.marqly.com/tools/url-cleaner","zaf","2","0","0","11"
"https://www.marqly.com/tools/url-encoder","bra","1","0","0","10"
"https://www.marqly.com/tools/url-encoder","can","1","0","0","10"
"https://www.marqly.com/tools/url-encoder","deu","2","0","0","5.5"
"https://www.marqly.com/tools/url-encoder","hrv","1","0","0","8"
"https://www.marqly.com/tools/url-encoder","ind","1","0","0","9"
"https://www.marqly.com/tools/url-encoder","nor","1","0","0","10"
"https://www.marqly.com/tools/url-encoder","swe","1","0","0","47"
"https://www.marqly.com/tools/url-encoder","usa","30","0","0","11.1"
"https://www.marqly.com/tools/utm-builder","are","2","0","0","48.5"
"https://www.marqly.com/tools/utm-builder","aus","4","0","0","48.75"
"https://www.marqly.com/tools/utm-builder","aut","31","0","0","41.67741935483871"
"https://www.marqly.com/tools/utm-builder","bel","57","0","0","38.666666666666664"
"https://www.marqly.com/tools/utm-builder","bgd","1","0","0","91"
"https://www.marqly.com/tools/utm-builder","bhr","1","0","0","94"
"https://www.marqly.com/tools/utm-builder","blr","1","0","0","98"
"https://www.marqly.com/tools/utm-builder","can","39","0","0","47.23076923076923"
"https://www.marqly.com/tools/utm-builder","che","2","0","0","40"
"https://www.marqly.com/tools/utm-builder","col","3","0","0","34.666666666666664"
"https://www.marqly.com/tools/utm-builder","cze","2","0","0","35.5"
"https://www.marqly.com/tools/utm-builder","deu","15","0","0","55.266666666666666"
"https://www.marqly.com/tools/utm-builder","dnk","3","0","0","39.333333333333336"
"https://www.marqly.com/tools/utm-builder","dza","1","0","0","39"
"https://www.marqly.com/tools/utm-builder","esp","12","0","0","61.083333333333336"
"https://www.marqly.com/tools/utm-builder","fra","40","0","0","49.6"
"https://www.marqly.com/tools/utm-builder","gbr","13","0","0","52.46153846153846"
"https://www.marqly.com/tools/utm-builder","hun","1","0","0","36"
"https://www.marqly.com/tools/utm-builder","idn","1","0","0","50"
"https://www.marqly.com/tools/utm-builder","ind","7","0","0","64.14285714285714"
"https://www.marqly.com/tools/utm-builder","isr","2","0","0","70.5"
"https://www.marqly.com/tools/utm-builder","ita","5","0","0","48.2"
"https://www.marqly.com/tools/utm-builder","jpn","3","0","0","59"
"https://www.marqly.com/tools/utm-builder","ltu","1","0","0","97"
"https://www.marqly.com/tools/utm-builder","mys","1","0","0","31"
"https://www.marqly.com/tools/utm-builder","nld","2","0","0","57"
"https://www.marqly.com/tools/utm-builder","phl","1","0","0","53"
"https://www.marqly.com/tools/utm-builder","pol","7","0","0","53.714285714285715"
"https://www.marqly.com/tools/utm-builder","rus","3","0","0","51.666666666666664"
"https://www.marqly.com/tools/utm-builder","sgp","1","0","0","28"
"https://www.marqly.com/tools/utm-builder","srb","1","0","0","46"
"https://www.marqly.com/tools/utm-builder","tha","1","0","0","53"
"https://www.marqly.com/tools/utm-builder","tur","1","0","0","46"
"https://www.marqly.com/tools/utm-builder","usa","642","0","0","46.93613707165109"
"https://www.marqly.com/tools/utm-builder","vnm","3","0","0","48.666666666666664"
"https://www.marqly.com/tools/utm-builder","zaf","4","0","0","85.25"
"https://www.marqly.com/tools/youtube-chapter-generator","aus","1","0","0","2"
"https://www.marqly.com/tools/youtube-chapter-generator","aze","1","0","0","6"
"https://www.marqly.com/tools/youtube-chapter-generator","can","1","0","0","9"
"https://www.marqly.com/tools/youtube-chapter-generator","dnk","1","0","0","8"
"https://www.marqly.com/tools/youtube-chapter-generator","egy","2","0","0","26.5"
"https://www.marqly.com/tools/youtube-chapter-generator","fra","1","0","0","38"
"https://www.marqly.com/tools/youtube-chapter-generator","gbr","10","0","0","12.5"
"https://www.marqly.com/tools/youtube-chapter-generator","idn","3","0","0","20.333333333333332"
"https://www.marqly.com/tools/youtube-chapter-generator","ind","11","0","0","7.636363636363637"
"https://www.marqly.com/tools/youtube-chapter-generator","ita","1","0","0","9"
"https://www.marqly.com/tools/youtube-chapter-generator","jor","1","0","0","61"
"https://www.marqly.com/tools/youtube-chapter-generator","mkd","1","0","0","16"
"https://www.marqly.com/tools/youtube-chapter-generator","mys","1","0","0","58"
"https://www.marqly.com/tools/youtube-chapter-generator","nga","1","0","0","3"
"https://www.marqly.com/tools/youtube-chapter-generator","nld","1","0","0","2"
"https://www.marqly.com/tools/youtube-chapter-generator","npl","1","0","0","9"
"https://www.marqly.com/tools/youtube-chapter-generator","pak","9","0","0","19.555555555555557"
"https://www.marqly.com/tools/youtube-chapter-generator","phl","1","0","0","52"
"https://www.marqly.com/tools/youtube-chapter-generator","rus","3","0","0","26"
"https://www.marqly.com/tools/youtube-chapter-generator","tha","1","0","0","9"
"https://www.marqly.com/tools/youtube-chapter-generator","usa","28","0","0","40.857142857142854"
"https://www.marqly.com/tools/youtube-summarize","afg","1","0","0","4"
"https://www.marqly.com/tools/youtube-summarize","are","141","0","0","7.148936170212766"
"https://www.marqly.com/tools/youtube-summarize","arm","1","0","0","8"
"https://www.marqly.com/tools/youtube-summarize","aus","2","0","0","3.5"
"https://www.marqly.com/tools/youtube-summarize","aze","2","0","0","7.5"
"https://www.marqly.com/tools/youtube-summarize","bhr","4","0","0","6.5"
"https://www.marqly.com/tools/youtube-summarize","bra","10","0","0","7.3"
"https://www.marqly.com/tools/youtube-summarize","can","35","0","0","8.114285714285714"
"https://www.marqly.com/tools/youtube-summarize","cze","1","0","0","9"
"https://www.marqly.com/tools/youtube-summarize","deu","2","0","0","6.5"
"https://www.marqly.com/tools/youtube-summarize","ecu","1","0","0","7"
"https://www.marqly.com/tools/youtube-summarize","esp","2","0","0","7.5"
"https://www.marqly.com/tools/youtube-summarize","gbr","11","0","0","9.363636363636363"
"https://www.marqly.com/tools/youtube-summarize","geo","3","0","0","8.333333333333332"
"https://www.marqly.com/tools/youtube-summarize","idn","2","0","0","8.5"
"https://www.marqly.com/tools/youtube-summarize","ind","7","0","0","8.571428571428571"
"https://www.marqly.com/tools/youtube-summarize","irl","5","0","0","8.2"
"https://www.marqly.com/tools/youtube-summarize","irn","1","0","0","4"
"https://www.marqly.com/tools/youtube-summarize","irq","2","0","0","7"
"https://www.marqly.com/tools/youtube-summarize","isl","1","0","0","5"
"https://www.marqly.com/tools/youtube-summarize","isr","1","0","0","5"
"https://www.marqly.com/tools/youtube-summarize","ita","1","0","0","5"
"https://www.marqly.com/tools/youtube-summarize","jam","1","0","0","6"
"https://www.marqly.com/tools/youtube-summarize","jpn","1","0","0","9"
"https://www.marqly.com/tools/youtube-summarize","kaz","178","0","0","7.410112359550562"
"https://www.marqly.com/tools/youtube-summarize","kgz","2","0","0","7"
"https://www.marqly.com/tools/youtube-summarize","kwt","7","0","0","5.142857142857143"
"https://www.marqly.com/tools/youtube-summarize","mys","1","0","0","8"
"https://www.marqly.com/tools/youtube-summarize","nga","5","0","0","9.2"
"https://www.marqly.com/tools/youtube-summarize","nic","1","0","0","3"
"https://www.marqly.com/tools/youtube-summarize","nor","1","0","0","8"
"https://www.marqly.com/tools/youtube-summarize","nzl","1","0","0","10"
"https://www.marqly.com/tools/youtube-summarize","omn","5","0","0","6.2"
"https://www.marqly.com/tools/youtube-summarize","pak","1","0","0","7"
"https://www.marqly.com/tools/youtube-summarize","phl","1","0","0","3"
"https://www.marqly.com/tools/youtube-summarize","qat","8","0","0","7.625"
"https://www.marqly.com/tools/youtube-summarize","rou","1","0","0","8"
"https://www.marqly.com/tools/youtube-summarize","rus","26","0","0","7.961538461538462"
"https://www.marqly.com/tools/youtube-summarize","sau","10","0","0","7.5"
"https://www.marqly.com/tools/youtube-summarize","sle","4","0","0","6.75"
"https://www.marqly.com/tools/youtube-summarize","som","1","0","0","9"
"https://www.marqly.com/tools/youtube-summarize","tjk","1","0","0","7"
"https://www.marqly.com/tools/youtube-summarize","tun","1","0","0","4"
"https://www.marqly.com/tools/youtube-summarize","usa","154","0","0","9.344155844155845"
"https://www.marqly.com/tools/youtube-summarize","uzb","101","0","0","7.742574257425742"
"https://www.marqly.com/tools/youtube-summarize","vnm","1","0","0","6"
"https://www.marqly.com/tools/youtube-thumbnail-downloader","afg","7","0","0","8.142857142857142"
"https://www.marqly.com/tools/youtube-thumbnail-downloader","alb","3","0","0","8.666666666666668"
"https://www.marqly.com/tools/youtube-thumbnail-downloader","and","1","0","0","8"
"https://www.marqly.com/tools/youtube-thumbnail-downloader","arg","32","0","0","10.09375"
"https://www.marqly.com/tools/youtube-thumbnail-downloader","arm","2","0","0","19"
"https://www.marqly.com/tools/youtube-thumbnail-downloader","aus","34","0","0","10.411764705882353"
"https://www.marqly.com/tools/youtube-thumbnail-downloader","aze","8","0","0","8.75"
"https://www.marqly.com/tools/youtube-thumbnail-downloader","bel","19","0","0","9.31578947368421"
"https://www.marqly.com/tools/youtube-thumbnail-downloader","ben","5","0","0","8.4"
"https://www.marqly.com/tools/youtube-thumbnail-downloader","bgd","107","0","0","11.327102803738319"
"https://www.marqly.com/tools/youtube-thumbnail-downloader","bgr","11","0","0","9.454545454545455"
"https://www.marqly.com/tools/youtube-thumbnail-downloader","bhr","1","0","0","7"
"https://www.marqly.com/tools/youtube-thumbnail-downloader","bih","9","0","0","8.222222222222221"
"https://www.marqly.com/tools/youtube-thumbnail-downloader","blr","3","0","0","9.666666666666666"
"https://www.marqly.com/tools/youtube-thumbnail-downloader","blz","3","0","0","7.666666666666667"
"https://www.marqly.com/tools/youtube-thumbnail-downloader","bra","177","0","0","9.6045197740113"
"https://www.marqly.com/tools/youtube-thumbnail-downloader","brb","4","0","0","9"
"https://www.marqly.com/tools/youtube-thumbnail-downloader","can","76","0","0","9.868421052631579"
"https://www.marqly.com/tools/youtube-thumbnail-downloader","che","12","0","0","9.833333333333334"
"https://www.marqly.com/tools/youtube-thumbnail-downloader","chn","8","0","0","9.25"
"https://www.marqly.com/tools/youtube-thumbnail-downloader","cmr","3","0","0","9"
"https://www.marqly.com/tools/youtube-thumbnail-downloader","cod","2","0","0","8"
"https://www.marqly.com/tools/youtube-thumbnail-downloader","col","15","0","0","9.266666666666667"
"https://www.marqly.com/tools/youtube-thumbnail-downloader","cri","1","0","0","11"
"https://www.marqly.com/tools/youtube-thumbnail-downloader","cuw","1","0","0","7"
"https://www.marqly.com/tools/youtube-thumbnail-downloader","cyp","1","0","0","9"
"https://www.marqly.com/tools/youtube-thumbnail-downloader","cze","20","0","0","9.3"
"https://www.marqly.com/tools/youtube-thumbnail-downloader","deu","102","0","0","10.117647058823529"
"https://www.marqly.com/tools/youtube-thumbnail-downloader","dma","1","0","0","7"
"https://www.marqly.com/tools/youtube-thumbnail-downloader","dnk","12","0","0","9.333333333333334"
"https://www.marqly.com/tools/youtube-thumbnail-downloader","dom","3","0","0","8.666666666666668"
"https://www.marqly.com/tools/youtube-thumbnail-downloader","dza","18","0","0","10.722222222222221"
"https://www.marqly.com/tools/youtube-thumbnail-downloader","ecu","14","0","0","9.285714285714286"
"https://www.marqly.com/tools/youtube-thumbnail-downloader","egy","37","0","0","9.972972972972974"
"https://www.marqly.com/tools/youtube-thumbnail-downloader","esh","3","0","0","23.666666666666668"
"https://www.marqly.com/tools/youtube-thumbnail-downloader","esp","45","0","0","10.88888888888889"
"https://www.marqly.com/tools/youtube-thumbnail-downloader","est","8","0","0","11.5"
"https://www.marqly.com/tools/youtube-thumbnail-downloader","eth","37","0","0","9.324324324324325"
"https://www.marqly.com/tools/youtube-thumbnail-downloader","fin","17","0","0","10.411764705882353"
"https://www.marqly.com/tools/youtube-thumbnail-downloader","fra","28","0","0","14.714285714285714"
"https://www.marqly.com/tools/youtube-thumbnail-downloader","gbr","172","0","0","9.866279069767442"
"https://www.marqly.com/tools/youtube-thumbnail-downloader","geo","7","0","0","9.857142857142858"
"https://www.marqly.com/tools/youtube-thumbnail-downloader","gha","23","0","0","8.608695652173914"
"https://www.marqly.com/tools/youtube-thumbnail-downloader","gmb","2","0","0","6.5"
"https://www.marqly.com/tools/youtube-thumbnail-downloader","grc","17","0","0","9.764705882352942"
"https://www.marqly.com/tools/youtube-thumbnail-downloader","gtm","2","0","0","9.5"
"https://www.marqly.com/tools/youtube-thumbnail-downloader","hkg","18","0","0","8.833333333333332"
"https://www.marqly.com/tools/youtube-thumbnail-downloader","hnd","3","0","0","10.333333333333334"
"https://www.marqly.com/tools/youtube-thumbnail-downloader","hrv","1","0","0","10"
"https://www.marqly.com/tools/youtube-thumbnail-downloader","hun","13","0","0","9.923076923076923"
"https://www.marqly.com/tools/youtube-thumbnail-downloader","idn","106","0","0","9.79245283018868"
"https://www.marqly.com/tools/youtube-thumbnail-downloader","imn","1","0","0","10"
"https://www.marqly.com/tools/youtube-thumbnail-downloader","irl","8","0","0","10.625"
"https://www.marqly.com/tools/youtube-thumbnail-downloader","irq","14","0","0","9.857142857142858"
"https://www.marqly.com/tools/youtube-thumbnail-downloader","isr","8","0","0","10.875"
"https://www.marqly.com/tools/youtube-thumbnail-downloader","jam","1","0","0","10"
"https://www.marqly.com/tools/youtube-thumbnail-downloader","jor","2","0","0","6"
"https://www.marqly.com/tools/youtube-thumbnail-downloader","jpn","13","0","0","10.846153846153847"
"https://www.marqly.com/tools/youtube-thumbnail-downloader","kaz","9","0","0","10.11111111111111"
"https://www.marqly.com/tools/youtube-thumbnail-downloader","ken","54","0","0","9.11111111111111"
"https://www.marqly.com/tools/youtube-thumbnail-downloader","kgz","9","0","0","7"
"https://www.marqly.com/tools/youtube-thumbnail-downloader","khm","3","0","0","13"
"https://www.marqly.com/tools/youtube-thumbnail-downloader","kor","12","0","0","10.5"
"https://www.marqly.com/tools/youtube-thumbnail-downloader","kwt","3","0","0","10"
"https://www.marqly.com/tools/youtube-thumbnail-downloader","lao","1","0","0","12"
"https://www.marqly.com/tools/youtube-thumbnail-downloader","lbn","2","0","0","8"
"https://www.marqly.com/tools/youtube-thumbnail-downloader","lbr","1","0","0","9"
"https://www.marqly.com/tools/youtube-thumbnail-downloader","lka","26","0","0","10.346153846153847"
"https://www.marqly.com/tools/youtube-thumbnail-downloader","ltu","11","0","0","10.636363636363637"
"https://www.marqly.com/tools/youtube-thumbnail-downloader","lva","2","0","0","8"
"https://www.marqly.com/tools/youtube-thumbnail-downloader","mda","5","0","0","10.2"
"https://www.marqly.com/tools/youtube-thumbnail-downloader","mdv","1","0","0","11"
"https://www.marqly.com/tools/youtube-thumbnail-downloader","mex","23","0","0","10.869565217391305"
"https://www.marqly.com/tools/youtube-thumbnail-downloader","mkd","8","0","0","9.5"
"https://www.marqly.com/tools/youtube-thumbnail-downloader","mli","1","0","0","10"
"https://www.marqly.com/tools/youtube-thumbnail-downloader","mlt","3","0","0","9.666666666666666"
"https://www.marqly.com/tools/youtube-thumbnail-downloader","mmr","6","0","0","10"
"https://www.marqly.com/tools/youtube-thumbnail-downloader","mng","2","0","0","11"
"https://www.marqly.com/tools/youtube-thumbnail-downloader","moz","1","0","0","10"
"https://www.marqly.com/tools/youtube-thumbnail-downloader","mus","1","0","0","8"
"https://www.marqly.com/tools/youtube-thumbnail-downloader","mys","13","0","0","9.384615384615385"
"https://www.marqly.com/tools/youtube-thumbnail-downloader","nam","1","0","0","3"
"https://www.marqly.com/tools/youtube-thumbnail-downloader","ncl","1","0","0","6"
"https://www.marqly.com/tools/youtube-thumbnail-downloader","nga","119","0","0","9.142857142857142"
"https://www.marqly.com/tools/youtube-thumbnail-downloader","nor","8","0","0","11.875"
"https://www.marqly.com/tools/youtube-thumbnail-downloader","npl","39","0","0","9.615384615384615"
"https://www.marqly.com/tools/youtube-thumbnail-downloader","nzl","8","0","0","10.75"
"https://www.marqly.com/tools/youtube-thumbnail-downloader","omn","2","0","0","10"
"https://www.marqly.com/tools/youtube-thumbnail-downloader","pan","3","0","0","9.333333333333334"
"https://www.marqly.com/tools/youtube-thumbnail-downloader","per","14","0","0","9.714285714285714"
"https://www.marqly.com/tools/youtube-thumbnail-downloader","phl","63","0","0","8.920634920634921"
"https://www.marqly.com/tools/youtube-thumbnail-downloader","png","1","0","0","5"
"https://www.marqly.com/tools/youtube-thumbnail-downloader","pol","32","0","0","10.03125"
"https://www.marqly.com/tools/youtube-thumbnail-downloader","pri","1","0","0","8"
"https://www.marqly.com/tools/youtube-thumbnail-downloader","prt","10","0","0","11.6"
"https://www.marqly.com/tools/youtube-thumbnail-downloader","pry","1","0","0","11"
"https://www.marqly.com/tools/youtube-thumbnail-downloader","pse","3","0","0","7.666666666666667"
"https://www.marqly.com/tools/youtube-thumbnail-downloader","qat","11","0","0","7.7272727272727275"
"https://www.marqly.com/tools/youtube-thumbnail-downloader","rwa","10","0","0","9.3"
"https://www.marqly.com/tools/youtube-thumbnail-downloader","sau","32","0","0","10.5625"
"https://www.marqly.com/tools/youtube-thumbnail-downloader","sen","3","0","0","10.333333333333334"
"https://www.marqly.com/tools/youtube-thumbnail-downloader","sgp","9","0","0","10.444444444444445"
"https://www.marqly.com/tools/youtube-thumbnail-downloader","som","9","0","0","9.555555555555555"
"https://www.marqly.com/tools/youtube-thumbnail-downloader","srb","8","0","0","10.875"
"https://www.marqly.com/tools/youtube-thumbnail-downloader","svk","5","0","0","8"
"https://www.marqly.com/tools/youtube-thumbnail-downloader","svn","4","0","0","9"
"https://www.marqly.com/tools/youtube-thumbnail-downloader","swe","30","0","0","9.933333333333334"
"https://www.marqly.com/tools/youtube-thumbnail-downloader","syr","2","0","0","10"
"https://www.marqly.com/tools/youtube-thumbnail-downloader","tha","19","0","0","9.31578947368421"
"https://www.marqly.com/tools/youtube-thumbnail-downloader","tto","1","0","0","15"
"https://www.marqly.com/tools/youtube-thumbnail-downloader","tun","2","0","0","9.5"
"https://www.marqly.com/tools/youtube-thumbnail-downloader","tur","205","0","0","10.86829268292683"
"https://www.marqly.com/tools/youtube-thumbnail-downloader","twn","3","0","0","10"
"https://www.marqly.com/tools/youtube-thumbnail-downloader","tza","2","0","0","10"
"https://www.marqly.com/tools/youtube-thumbnail-downloader","uga","5","0","0","7.8"
"https://www.marqly.com/tools/youtube-thumbnail-downloader","ukr","40","0","0","8.95"
"https://www.marqly.com/tools/youtube-thumbnail-downloader","ury","5","0","0","10"
"https://www.marqly.com/tools/youtube-thumbnail-downloader","uzb","15","0","0","7.333333333333333"
"https://www.marqly.com/tools/youtube-thumbnail-downloader","vct","1","0","0","11"
"https://www.marqly.com/tools/youtube-thumbnail-downloader","ven","3","0","0","8"
"https://www.marqly.com/tools/youtube-thumbnail-downloader","vnm","87","0","0","9.126436781609195"
"https://www.marqly.com/tools/youtube-thumbnail-downloader","xkk","2","0","0","9"
"https://www.marqly.com/tools/youtube-thumbnail-downloader","zaf","19","0","0","9.368421052631579"
"https://www.marqly.com/tools/youtube-thumbnail-downloader","zmb","1","0","0","9"
"https://www.marqly.com/tools/youtube-thumbnail-downloader","zwe","2","0","0","9"
"https://www.marqly.com/tools/youtube-thumbnail-downloader","zzz","1","0","0","10"
"https://www.marqly.com/tools/youtube-timestamp-link","arg","2","0","0","34"
"https://www.marqly.com/tools/youtube-timestamp-link","aus","10","0","0","13.4"
"https://www.marqly.com/tools/youtube-timestamp-link","aut","2","0","0","9"
"https://www.marqly.com/tools/youtube-timestamp-link","aze","1","0","0","2"
"https://www.marqly.com/tools/youtube-timestamp-link","bel","4","0","0","7.75"
"https://www.marqly.com/tools/youtube-timestamp-link","bgd","5","0","0","9.4"
"https://www.marqly.com/tools/youtube-timestamp-link","bgr","2","0","0","8"
"https://www.marqly.com/tools/youtube-timestamp-link","bra","11","0","0","20.181818181818183"
"https://www.marqly.com/tools/youtube-timestamp-link","can","29","0","0","10.448275862068966"
"https://www.marqly.com/tools/youtube-timestamp-link","che","2","0","0","16"
"https://www.marqly.com/tools/youtube-timestamp-link","chl","2","0","0","15.5"
"https://www.marqly.com/tools/youtube-timestamp-link","chn","6","0","0","25"
"https://www.marqly.com/tools/youtube-timestamp-link","col","1","0","0","7"
"https://www.marqly.com/tools/youtube-timestamp-link","deu","19","0","0","8.789473684210527"
"https://www.marqly.com/tools/youtube-timestamp-link","dnk","4","0","0","9.5"
"https://www.marqly.com/tools/youtube-timestamp-link","dza","1","0","0","33"
"https://www.marqly.com/tools/youtube-timestamp-link","ecu","1","0","0","3"
"https://www.marqly.com/tools/youtube-timestamp-link","egy","1","0","0","10"
"https://www.marqly.com/tools/youtube-timestamp-link","esp","4","0","0","6.75"
"https://www.marqly.com/tools/youtube-timestamp-link","est","1","0","0","10"
"https://www.marqly.com/tools/youtube-timestamp-link","eth","1","0","0","8"
"https://www.marqly.com/tools/youtube-timestamp-link","fin","6","0","0","8.833333333333332"
"https://www.marqly.com/tools/youtube-timestamp-link","fra","16","0","0","9.25"
"https://www.marqly.com/tools/youtube-timestamp-link","gbr","89","0","0","21.359550561797754"
"https://www.marqly.com/tools/youtube-timestamp-link","gum","1","0","0","9"
"https://www.marqly.com/tools/youtube-timestamp-link","hkg","8","0","0","10.125"
"https://www.marqly.com/tools/youtube-timestamp-link","hun","8","0","0","10.125"
"https://www.marqly.com/tools/youtube-timestamp-link","irl","4","0","0","8.75"
"https://www.marqly.com/tools/youtube-timestamp-link","irn","1","0","0","5"
"https://www.marqly.com/tools/youtube-timestamp-link","isr","2","0","0","8.5"
"https://www.marqly.com/tools/youtube-timestamp-link","jpn","3","0","0","16"
"https://www.marqly.com/tools/youtube-timestamp-link","ltu","1","0","0","11"
"https://www.marqly.com/tools/youtube-timestamp-link","mar","1","0","0","6"
"https://www.marqly.com/tools/youtube-timestamp-link","mex","2","0","0","21.5"
"https://www.marqly.com/tools/youtube-timestamp-link","mys","2","0","0","18"
"https://www.marqly.com/tools/youtube-timestamp-link","nga","3","0","0","17"
"https://www.marqly.com/tools/youtube-timestamp-link","nld","9","0","0","8.88888888888889"
"https://www.marqly.com/tools/youtube-timestamp-link","nor","2","0","0","7.5"
"https://www.marqly.com/tools/youtube-timestamp-link","npl","2","0","0","9"
"https://www.marqly.com/tools/youtube-timestamp-link","nzl","1","0","0","5"
"https://www.marqly.com/tools/youtube-timestamp-link","pak","5","0","0","10.2"
"https://www.marqly.com/tools/youtube-timestamp-link","per","1","0","0","31"
"https://www.marqly.com/tools/youtube-timestamp-link","phl","5","0","0","16.6"
"https://www.marqly.com/tools/youtube-timestamp-link","pol","7","0","0","12.857142857142858"
"https://www.marqly.com/tools/youtube-timestamp-link","prt","5","0","0","8.4"
"https://www.marqly.com/tools/youtube-timestamp-link","pse","1","0","0","7"
"https://www.marqly.com/tools/youtube-timestamp-link","rou","2","0","0","14.5"
"https://www.marqly.com/tools/youtube-timestamp-link","sau","1","0","0","6"
"https://www.marqly.com/tools/youtube-timestamp-link","srb","1","0","0","11"
"https://www.marqly.com/tools/youtube-timestamp-link","svk","1","0","0","7"
"https://www.marqly.com/tools/youtube-timestamp-link","svn","1","0","0","9"
"https://www.marqly.com/tools/youtube-timestamp-link","swe","9","0","0","11.666666666666666"
"https://www.marqly.com/tools/youtube-timestamp-link","tha","2","0","0","8.5"
"https://www.marqly.com/tools/youtube-timestamp-link","tur","6","0","0","8.166666666666668"
"https://www.marqly.com/tools/youtube-timestamp-link","twn","2","0","0","8"
"https://www.marqly.com/tools/youtube-timestamp-link","ukr","1","0","0","5"
"https://www.marqly.com/tools/youtube-timestamp-link","ven","1","0","0","4"
"https://www.marqly.com/tools/youtube-timestamp-link","vnm","1","0","0","10"
"https://www.marqly.com/tools/youtube-timestamp-link","zaf","2","0","0","26"
"https://www.marqly.com/tools/youtube-timestamp-link-generator","deu","1","0","0","2"
"https://www.marqly.com/tools/youtube-transcript","aus","1","0","0","43"
"https://www.marqly.com/tools/youtube-transcript","bra","2","0","0","6"
"https://www.marqly.com/tools/youtube-transcript","can","3","0","0","31.666666666666668"
"https://www.marqly.com/tools/youtube-transcript","deu","1","0","0","43"
"https://www.marqly.com/tools/youtube-transcript","est","1","0","0","7"
"https://www.marqly.com/tools/youtube-transcript","fra","2","0","0","9.5"
"https://www.marqly.com/tools/youtube-transcript","gbr","1","0","0","10"
"https://www.marqly.com/tools/youtube-transcript","idn","1","0","0","6"
"https://www.marqly.com/tools/youtube-transcript","ind","3","0","0","43.333333333333336"
"https://www.marqly.com/tools/youtube-transcript","ita","4","0","0","18"
"https://www.marqly.com/tools/youtube-transcript","nor","1","0","0","9"
"https://www.marqly.com/tools/youtube-transcript","npl","1","0","0","8"
"https://www.marqly.com/tools/youtube-transcript","phl","1","0","0","10"
"https://www.marqly.com/tools/youtube-transcript","prt","1","0","0","65"
"https://www.marqly.com/tools/youtube-transcript","rou","1","0","0","6"
"https://www.marqly.com/tools/youtube-transcript","sau","1","0","0","7"
"https://www.marqly.com/tools/youtube-transcript","usa","34","0","0","28.352941176470587"
"https://www.marqly.com/tr/alternatifler/evernote","tur","4","0","0","8"
"https://www.marqly.com/tr/blog","nld","1","0","0","57"
"https://www.marqly.com/tr/blog/chrome-yer-imleri-senkronize-olmuyor-cozum-2026","tur","19","0","0","4.315789473684211"
"https://www.marqly.com/tr/blog/chrome-yer-imlerini-disa-aktarma-2026","deu","1","0","0","10"
"https://www.marqly.com/tr/blog/en-iyi-sekme-yoneticileri-2026","tur","3","0","0","13.333333333333334"
"https://www.marqly.com/tr/blog/en-iyi-youtube-ozetleyicileri-2026","tur","2","0","0","3.5"
"https://www.marqly.com/tr/blog/ikinci-beyin-nasil-olusturulur-2026","tur","96","0","0","5.645833333333333"
"https://www.marqly.com/tr/blog/instagram-kaydedilen-gonderileri-disa-aktarma-2026","nld","1","0","0","9"
"https://www.marqly.com/tr/blog/instagram-kaydedilen-gonderileri-disa-aktarma-2026","tur","109","0","0","7.174311926605505"
"https://www.marqly.com/tr/blog/kayitli-makalelerle-sohbet-etme-2026","tur","1","0","0","21"
"https://www.marqly.com/tr/blog/twitter-x-yer-imlerini-disa-aktarma-2026","tur","3","0","0","9.333333333333334"
"https://www.marqly.com/tr/blog/yeni-yil-dijital-detoks-rehberi","tur","8","0","0","13.375"
"https://www.marqly.com/tr/blog/youtube-daha-sonra-izle-disa-aktarma-2026","tur","3","0","0","8.333333333333332"
"https://www.marqly.com/tr/blog/youtube-video-transkripti-alma-2026","tur","55","0","0","9.709090909090909"
"https://www.marqly.com/tr/blog/youtube-videolarini-daha-sonra-izle-kaydetme-2026","ind","1","0","0","26"
"https://www.marqly.com/tr/blog/youtube-videolarini-daha-sonra-izle-kaydetme-2026","srb","1","0","0","25"
"https://www.marqly.com/tr/blog/youtube-videolarini-daha-sonra-izle-kaydetme-2026","tur","20","0","0","10.45"
"https://www.marqly.com/tr/blog/youtube-videolarini-daha-sonra-izle-kaydetme-2026","uzb","1","0","0","8"
"https://www.marqly.com/tr/chrome-yer-imi-yoneticisi","usa","3","0","0","22.666666666666668"
"https://www.marqly.com/tr/daha-sonra-izle","aze","7","0","0","7.857142857142857"
"https://www.marqly.com/tr/daha-sonra-izle","tur","21","0","0","10.857142857142858"
"https://www.marqly.com/tr/edge-yer-imi-yoneticisi","usa","1","0","0","51"
"https://www.marqly.com/tr/emlakcilar-icin","tur","3","0","0","56"
"https://www.marqly.com/tr/gazeteciler-icin","tur","4","0","0","74.25"
"https://www.marqly.com/tr/ikinci-beyin","tur","2","0","0","16"
"https://www.marqly.com/tr/karsilastirma/marqly-vs-obsidian","tur","1","0","0","10"
"https://www.marqly.com/tr/karsilastirma/marqly-vs-raindrop","tur","1","0","0","3"
"https://www.marqly.com/tr/pano-gecmisi","tur","4","0","0","13.25"
"https://www.marqly.com/tr/pano-gecmisi","usa","2","0","0","24.5"
"https://www.marqly.com/tr/sayfayi-pdf-kaydet","tur","2","0","0","31.5"
"https://www.marqly.com/tr/seyahat-planlama","tur","2","0","0","6"
"https://www.marqly.com/tr/tools/youtube-ozetleyici","tur","1","0","0","10"
"https://www.marqly.com/tr/yazarlar-icin","tur","8","0","0","6.25"
"https://www.marqly.com/tr/yeni-sekme-panosu","tur","9","0","0","10.555555555555555"
"https://www.marqly.com/tr/youtube-ozetleyici","tur","2","0","0","17"
"https://www.marqly.com/travel-planning","gbr","1","0","0","92"
"https://www.marqly.com/travel-planning","ind","3","0","0","32"
"https://www.marqly.com/travel-planning","phl","1","0","0","90"
"https://www.marqly.com/travel-planning","tur","1","0","0","1"
"https://www.marqly.com/travel-planning","usa","9","0","0","68.22222222222223"
"https://www.marqly.com/watch-later","che","1","0","0","6"
"https://www.marqly.com/watch-later","cze","2","0","0","15"
"https://www.marqly.com/watch-later","deu","2","0","0","7"
"https://www.marqly.com/watch-later","dnk","1","0","0","5"
"https://www.marqly.com/watch-later","fji","1","0","0","10"
"https://www.marqly.com/watch-later","fra","1","0","0","6"
"https://www.marqly.com/watch-later","gbr","4","0","0","5.5"
"https://www.marqly.com/watch-later","idn","2","0","0","2.5"
"https://www.marqly.com/watch-later","ind","1","0","0","4"
"https://www.marqly.com/watch-later","ita","2","0","0","16"
"https://www.marqly.com/watch-later","jor","1","0","0","14"
"https://www.marqly.com/watch-later","jpn","1","0","0","6"
"https://www.marqly.com/watch-later","mli","1","0","0","15"
"https://www.marqly.com/watch-later","nga","2","0","0","1"
"https://www.marqly.com/watch-later","nor","1","0","0","8"
"https://www.marqly.com/watch-later","nzl","1","0","0","6"
"https://www.marqly.com/watch-later","pan","1","0","0","5"
"https://www.marqly.com/watch-later","per","1","0","0","1"
"https://www.marqly.com/watch-later","phl","2","0","0","5"
"https://www.marqly.com/watch-later","pol","1","0","0","10"
"https://www.marqly.com/watch-later","swe","1","0","0","10"
"https://www.marqly.com/watch-later","tha","2","0","0","5"
"https://www.marqly.com/watch-later","tur","2","0","0","3.5"
"https://www.marqly.com/watch-later","usa","2","0","0","18.5"
"https://www.marqly.com/web-highlighter","are","6","0","0","13.333333333333334"
"https://www.marqly.com/web-highlighter","aus","10","0","0","15.7"
"https://www.marqly.com/web-highlighter","aut","1","0","0","8"
"https://www.marqly.com/web-highlighter","bgd","3","0","0","10.333333333333334"
"https://www.marqly.com/web-highlighter","bra","8","0","0","18.5"
"https://www.marqly.com/web-highlighter","can","9","0","0","19"
"https://www.marqly.com/web-highlighter","deu","5","0","0","16.4"
"https://www.marqly.com/web-highlighter","dnk","18","0","0","24.5"
"https://www.marqly.com/web-highlighter","dza","2","0","0","9.5"
"https://www.marqly.com/web-highlighter","eth","1","0","0","10"
"https://www.marqly.com/web-highlighter","fin","7","0","0","20.857142857142858"
"https://www.marqly.com/web-highlighter","fji","1","0","0","8"
"https://www.marqly.com/web-highlighter","fra","1","0","0","7"
"https://www.marqly.com/web-highlighter","gbr","14","0","0","24.5"
"https://www.marqly.com/web-highlighter","gha","3","0","0","21.333333333333332"
"https://www.marqly.com/web-highlighter","grc","2","0","0","7.5"
"https://www.marqly.com/web-highlighter","hun","1","0","0","8"
"https://www.marqly.com/web-highlighter","idn","1","0","0","15"
"https://www.marqly.com/web-highlighter","ind","13","0","0","28"
"https://www.marqly.com/web-highlighter","irl","3","0","0","17.666666666666668"
"https://www.marqly.com/web-highlighter","ita","1","0","0","14"
"https://www.marqly.com/web-highlighter","lka","3","0","0","7.666666666666667"
"https://www.marqly.com/web-highlighter","nld","1","0","0","6"
"https://www.marqly.com/web-highlighter","nor","22","0","0","27.136363636363637"
"https://www.marqly.com/web-highlighter","nzl","3","0","0","9"
"https://www.marqly.com/web-highlighter","pak","1","0","0","6"
"https://www.marqly.com/web-highlighter","phl","1","0","0","86"
"https://www.marqly.com/web-highlighter","pol","2","0","0","22.5"
"https://www.marqly.com/web-highlighter","rou","1","0","0","10"
"https://www.marqly.com/web-highlighter","sau","1","0","0","8"
"https://www.marqly.com/web-highlighter","swe","2","0","0","28"
"https://www.marqly.com/web-highlighter","tha","2","0","0","22.5"
"https://www.marqly.com/web-highlighter","tto","1","0","0","9"
"https://www.marqly.com/web-highlighter","tur","1","0","0","6"
"https://www.marqly.com/web-highlighter","twn","3","0","0","17.666666666666668"
"https://www.marqly.com/web-highlighter","uga","1","0","0","4"
"https://www.marqly.com/web-highlighter","usa","138","0","0","19.485507246376812"
"https://www.marqly.com/web-highlighter","uzb","6","0","0","19.166666666666668"
"https://www.marqly.com/web-highlighter","ven","1","0","0","30"
"https://www.marqly.com/web-highlighter","vnm","1","0","0","52"
"https://www.marqly.com/youtube-summarizer","are","2","0","0","10"
"https://www.marqly.com/youtube-summarizer","arg","1","0","0","10"
"https://www.marqly.com/youtube-summarizer","can","4","0","0","8.25"
"https://www.marqly.com/youtube-summarizer","idn","1","0","0","1"
"https://www.marqly.com/youtube-summarizer","kor","1","0","0","2"
"https://www.marqly.com/youtube-summarizer","pol","1","0","0","8"
"https://www.marqly.com/youtube-summarizer","sau","1","0","0","9"
"https://www.marqly.com/youtube-summarizer","usa","4","0","0","19.25"
"https://www.marqly.com/zh","twn","4","0","0","1"
"https://www.marqly.com/zh/alternatives/pocket","hkg","1","0","0","8"
"https://www.marqly.com/zh/blog/best-self-hosted-pocket-alternative-2026","usa","2","0","0","7.5"
"https://www.marqly.com/zh/blog/best-tab-managers-2026","hkg","1","0","0","2"
"https://www.marqly.com/zh/blog/chrome-bookmarks-not-syncing-fix-2026","hkg","3","0","0","14.333333333333334"
"https://www.marqly.com/zh/blog/chrome-bookmarks-not-syncing-fix-2026","twn","7","0","0","8"
"https://www.marqly.com/zh/blog/chrome-bookmarks-not-syncing-fix-2026","usa","1","0","0","6"
"https://www.marqly.com/zh/blog/export-instagram-saved-posts-2026","jpn","1","0","0","7"
"https://www.marqly.com/zh/blog/export-instagram-saved-posts-2026","usa","2","0","0","9.5"
"https://www.marqly.com/zh/blog/export-reddit-saved-posts-2026","chn","1","0","0","7"
"https://www.marqly.com/zh/blog/export-reddit-saved-posts-2026","mex","1","0","0","27"
"https://www.marqly.com/zh/blog/export-reddit-saved-posts-2026","sau","1","0","0","19"
"https://www.marqly.com/zh/blog/export-reddit-saved-posts-2026","tur","1","0","0","20"
"https://www.marqly.com/zh/blog/export-twitter-x-bookmarks-2026","chn","9","0","0","7.111111111111111"
"https://www.marqly.com/zh/blog/export-twitter-x-bookmarks-2026","hkg","3","0","0","6.333333333333333"
"https://www.marqly.com/zh/blog/export-twitter-x-bookmarks-2026","irn","1","0","0","8"
"https://www.marqly.com/zh/blog/how-to-export-migrate-pocket-data-2026","usa","2","0","0","4"
"https://www.marqly.com/zh/blog/karakeep-review-2026","twn","1","0","0","17"
"https://www.marqly.com/zh/blog/marqly-review-2026","twn","2","0","0","1"
"https://www.marqly.com/zh/blog/pocket-tidai-2026","hkg","1","0","0","4"
"https://www.marqly.com/zh/blog/shaohou-yuedu-app-2026","twn","1","0","0","5"
"https://www.marqly.com/zh/blog/what-is-an-ai-second-brain-2026","chn","1","0","0","6"
"https://www.marqly.com/zh/bookmark-manager-for-edge","irq","1","0","0","23"
"https://www.marqly.com/zh/bookmark-manager-for-edge","tur","1","0","0","31"
"https://www.marqly.com/zh/bookmark-manager-for-edge","uzb","1","0","0","21"
"https://www.marqly.com/zh/bookmark-manager-for-iphone","jpn","1","0","0","40"
"https://www.marqly.com/zh/bookmark-manager-for-safari","chn","1","0","0","10"
"https://www.marqly.com/zh/bookmark-organizer","chn","1","0","0","2"
"https://www.marqly.com/zh/for-content-creators","guy","1","0","0","24"
"https://www.marqly.com/zh/for-content-creators","idn","1","0","0","34"
"https://www.marqly.com/zh/for-content-creators","kgz","1","0","0","29"
"https://www.marqly.com/zh/for-founders","twn","1","0","0","1"
"https://www.marqly.com/zh/for-lawyers","npl","1","0","0","44"
"https://www.marqly.com/zh/for-marketers","irq","1","0","0","50"
"https://www.marqly.com/zh/for-marketers","phl","1","0","0","31"
"https://www.marqly.com/zh/for-sales","tur","1","0","0","18"
"https://www.marqly.com/zh/new-tab-dashboard","usa","1","0","0","23"
"https://www.marqly.com/zh/recipe-organizer","irq","1","0","0","26"
"https://www.marqly.com/zh/recipe-organizer","usa","1","0","0","25"
"https://www.marqly.com/zh/tools/youtube-summarize","chn","1","0","0","27"
"https://www.marqly.com/zh/watch-later","mac","2","0","0","13"
