url,pageType,cluster,language,indexability,canonical,title,metaDescription,status,internalLinksIn,internalLinksOut,organicClicks,impressions,ctr,avgPosition,signups,imports,checkouts,payments,paidActive30,backlinks,lastUpdate,action
/,home,brand,en,index,https://www.marqly.com/,"Marqly — AI Bookmark Manager | Organize Smarter, Find Faster","Marqly is the AI bookmark manager with a smart New Tab, Clipboard History, saved AI chats, YouTube summaries, and webpage highlights. Start free.",published,1909,182,pending-export,pending-export,pending-export,pending-export,pending-export,pending-export,pending-export,pending-export,pending-export,pending-export,,2026-09-23,keep
/de,home,brand,de,index,https://www.marqly.com/de,"Bookmark-Manager mit KI: Lesezeichen verwalten | Marqly","Marqly ist ein Bookmark-Manager mit KI: Lesezeichen speichern, automatisch verschlagworten und per Beschreibung wiederfinden. Kostenlos starten, ohne Karte.",published,1909,97,pending-export,pending-export,pending-export,pending-export,pending-export,pending-export,pending-export,pending-export,pending-export,pending-export,lang:de,2026-09-23,keep
/es,home,brand,es,index,https://www.marqly.com/es,"Gestor de marcadores con IA | Marqly","Marqly guarda tus enlaces, los etiqueta con IA y te deja encontrarlos describiendo lo que recuerdas. Extensión, app web y app de iPhone. Gratis, sin tarjeta.",published,1909,97,pending-export,pending-export,pending-export,pending-export,pending-export,pending-export,pending-export,pending-export,pending-export,pending-export,lang:es,2026-09-23,keep
/fr,home,brand,fr,index,https://www.marqly.com/fr,"Gestionnaire de favoris avec IA | Marqly","Marqly est un gestionnaire de favoris avec IA : il étiquette et résume vos pages, puis vous les retrouvez en les décrivant. Extension, web et iOS, gratuit.",published,1909,98,pending-export,pending-export,pending-export,pending-export,pending-export,pending-export,pending-export,pending-export,pending-export,pending-export,lang:fr,2026-09-23,keep
/it,home,brand,it,index,https://www.marqly.com/it,"Gestore di segnalibri con AI | Marqly","Marqly salva i tuoi link, li etichetta con l'AI e te li fa ritrovare descrivendo quello che ricordi. Estensione, app web e iOS. Piano gratuito, senza carta.",published,1909,97,pending-export,pending-export,pending-export,pending-export,pending-export,pending-export,pending-export,pending-export,pending-export,pending-export,lang:it,2026-09-23,keep
/ja,home,brand,ja,index,https://www.marqly.com/ja,"Marqly — AIブックマークマネージャー | 賢く整理、瞬時に検索","MarqlyはAI搭載の次世代ブックマークマネージャーです。ワンクリック保存、自動タグ付け、曖昧な記憶から探せるセマンティック検索。無料でお試しいただけます。",published,1909,93,pending-export,pending-export,pending-export,pending-export,pending-export,pending-export,pending-export,pending-export,pending-export,pending-export,lang:ja,2026-09-23,keep
/ko,home,brand,ko,index,https://www.marqly.com/ko,"Marqly — AI 북마크 매니저 | 스마트한 정리, 직관적인 검색","Marqly는 AI 기반 차세대 북마크 매니저입니다. 원클릭 저장, 자동 태깅, 어렴풋한 기억으로도 찾아내는 시맨틱 검색. 신용카드 없이 무료로 시작하세요.",published,1909,93,pending-export,pending-export,pending-export,pending-export,pending-export,pending-export,pending-export,pending-export,pending-export,pending-export,lang:ko,2026-09-23,keep
/nl,home,brand,nl,index,https://www.marqly.com/nl,"Marqly — AI Bladwijzerbeheerder | Slimmer bewaren, sneller vinden","Marqly is een AI-bladwijzerbeheerder: sla artikelen en video's met één klik op, automatische tags en vind alles terug via semantische zoekfunctie. Start gratis.",published,1909,93,pending-export,pending-export,pending-export,pending-export,pending-export,pending-export,pending-export,pending-export,pending-export,pending-export,lang:nl,2026-09-23,keep
/pl,home,brand,pl,index,https://www.marqly.com/pl,"Marqly — Menedżer zakładek AI | Organizuj mądrzej, znajduj szybciej","Marqly to inteligentny menedżer zakładek z AI: zapisuj artykuły i wideo jednym kliknięciem, korzystaj z automatycznych tagów i szukaj po znaczeniu. Wypróbuj za ",published,1909,93,pending-export,pending-export,pending-export,pending-export,pending-export,pending-export,pending-export,pending-export,pending-export,pending-export,lang:pl,2026-09-23,keep
/pt,home,brand,pt,index,https://www.marqly.com/pt,"Gerenciador de favoritos com IA | Marqly","O Marqly é um gerenciador de favoritos com IA: salve com um clique, receba tags e resumos automáticos e ache tudo de novo descrevendo o que você lembra.",published,1909,96,pending-export,pending-export,pending-export,pending-export,pending-export,pending-export,pending-export,pending-export,pending-export,pending-export,lang:pt,2026-09-23,keep
/tr,home,brand,tr,index,https://www.marqly.com/tr,"Marqly — Yapay Zeka Yer İmi Yöneticisi | Akıllıca Kaydet, Anında Bul","Marqly yapay zeka destekli yer imi yöneticisidir: makaleleri ve videoları tek tıkla kaydedin, otomatik etiketleyin ve anlamsal arama ile anında bulun. Ücretsiz ",published,1909,93,pending-export,pending-export,pending-export,pending-export,pending-export,pending-export,pending-export,pending-export,pending-export,pending-export,lang:tr,2026-09-23,keep
/zh,home,brand,zh,index,https://www.marqly.com/zh,"Marqly — AI 书签管理器 | 智能分类，按记忆检索","Marqly 是一款由 AI 驱动的新一代书签管理器。一键保存、自动智能打标、按记忆描述即可找回网页的语义搜索。免费体验，无需信用卡。",published,1909,93,pending-export,pending-export,pending-export,pending-export,pending-export,pending-export,pending-export,pending-export,pending-export,pending-export,lang:zh,2026-09-23,keep
/pricing,core,core,en,index,https://www.marqly.com/pricing,"Marqly Pricing — Free Plan &amp; Pro AI Features","Simple, transparent pricing. Free forever up to 2,000 bookmarks with search across your whole library. Upgrade to Marqly Pro for $72/year ($49 first year) for u",published,1909,182,pending-export,pending-export,pending-export,pending-export,pending-export,pending-export,pending-export,pending-export,pending-export,pending-export,,2026-09-23,keep
/privacypolicy,core,core,en,index,https://www.marqly.com/privacypolicy,"Privacy Policy | Marqly","Privacy Policy for Marqly — the AI bookmark manager. How we collect, use, and protect your data across the marqly.com website, web app, browser extensions, and ",published,1909,180,pending-export,pending-export,pending-export,pending-export,pending-export,pending-export,pending-export,pending-export,pending-export,pending-export,,2026-09-23,keep
/terms,core,core,en,index,https://www.marqly.com/terms,"Terms of Use | Marqly","Terms of Use for Marqly — the AI bookmark manager. Covers the marqly.com website, web app, browser extensions, and the Marqly iOS and Android apps, including su",published,1909,180,pending-export,pending-export,pending-export,pending-export,pending-export,pending-export,pending-export,pending-export,pending-export,pending-export,,2026-09-23,keep
/migrate,migration,migrate:hub,en,index,https://www.marqly.com/migrate,"Migrate Your Bookmarks to Marqly (2026 Guides) — Import From Anywhere","Step-by-step migration guides to export your saves from Pocket, Raindrop, mymind, Instapaper, and all major browsers into Marqly.",published,1909,181,pending-export,pending-export,pending-export,pending-export,pending-export,pending-export,pending-export,pending-export,pending-export,pending-export,,2026-09-23,keep
/migrate/diigo,migration,migrate:diigo,en,index,https://www.marqly.com/migrate/diigo,"How to Migrate from Diigo to Marqly (2026 Guide)","Move your Diigo library to Marqly: export the bookmark HTML that keeps URLs, titles, tags, and descriptions, plus an honest map of what does and does not transf",published,164,181,pending-export,pending-export,pending-export,pending-export,pending-export,pending-export,pending-export,pending-export,pending-export,pending-export,,2026-09-23,keep
/migrate/instapaper,migration,migrate:instapaper,en,index,https://www.marqly.com/migrate/instapaper,"How to Migrate from Instapaper to Marqly (2026 Guide) — Step-by-Step","Export your reading list and highlights from Instapaper and import them into Marqly in under 2 minutes. Upgrade to AI auto-tagging, summaries, and semantic sear",published,763,180,pending-export,pending-export,pending-export,pending-export,pending-export,pending-export,pending-export,pending-export,pending-export,pending-export,,2026-09-23,keep
/migrate/mymind,migration,migrate:mymind,en,index,https://www.marqly.com/migrate/mymind,"How to Migrate from mymind to Marqly (2026 Guide) — Move Your Saves","Export your saves from mymind and import them into Marqly in minutes. Keep AI auto-tagging and semantic search, plus gain bookmark imports and shareable public ",published,1909,180,pending-export,pending-export,pending-export,pending-export,pending-export,pending-export,pending-export,pending-export,pending-export,pending-export,,2026-09-23,keep
/migrate/pocket,migration,migrate:pocket,en,index,https://www.marqly.com/migrate/pocket,"How to Migrate from Pocket to Marqly (2026 Guide) — Rescue Your Saves","Mozilla shut down Pocket. Here is the step-by-step guide to import your Pocket export file or CSV into Marqly in under 2 minutes. Auto-tagging and AI search inc",published,763,180,pending-export,pending-export,pending-export,pending-export,pending-export,pending-export,pending-export,pending-export,pending-export,pending-export,,2026-09-23,keep
/migrate/raindrop,migration,migrate:raindrop,en,index,https://www.marqly.com/migrate/raindrop,"How to Migrate from Raindrop to Marqly (2026 Guide) — 1-Click Import","Step-by-step guide to export Raindrop.io collections as HTML or CSV, inspect the backup, import it into Marqly, and verify tags, folders, and links.",published,763,180,pending-export,pending-export,pending-export,pending-export,pending-export,pending-export,pending-export,pending-export,pending-export,pending-export,,2026-09-23,keep
/alternatives,alternatives,alternatives:hub,en,index,https://www.marqly.com/alternatives,"Alternatives to Every Bookmark Manager &amp; Read-It-Later App (2026)","Honest, ranked alternatives to Pocket, Raindrop, Instapaper, Readwise Reader, and every other bookmarking tool — compared on features, pricing, and imports.",published,1909,180,pending-export,pending-export,pending-export,pending-export,pending-export,pending-export,pending-export,pending-export,pending-export,pending-export,,2026-09-23,keep
/alternatives/anybox,alternatives,alternatives:anybox,en,index,https://www.marqly.com/alternatives/anybox,"Best Anybox Alternatives (2026) — 6 Tools Compared","Looking for a Anybox alternative? The 6 best options in 2026 compared on AI features, highlights, pricing, and imports.",published,763,181,pending-export,pending-export,pending-export,pending-export,pending-export,pending-export,pending-export,pending-export,pending-export,pending-export,,2026-09-23,keep
/alternatives/diigo,alternatives,alternatives:diigo,en,index,https://www.marqly.com/alternatives/diigo,"Best Diigo Alternatives (2026) — 6 Tools Compared","Looking for a Diigo alternative? The 6 best options in 2026 compared on AI features, highlights, pricing, and imports.",published,763,181,pending-export,pending-export,pending-export,pending-export,pending-export,pending-export,pending-export,pending-export,pending-export,pending-export,,2026-09-23,keep
/alternatives/evernote-web-clipper,alternatives,alternatives:evernote-web-clipper,en,index,https://www.marqly.com/alternatives/evernote-web-clipper,"Best Evernote Web Clipper Alternatives (2026) — 6 Tools Compared","Looking for a Evernote Web Clipper alternative? The 6 best options in 2026 compared on AI features, highlights, pricing, and imports.",published,763,181,pending-export,pending-export,pending-export,pending-export,pending-export,pending-export,pending-export,pending-export,pending-export,pending-export,,2026-09-23,keep
/alternatives/glasp,alternatives,alternatives:glasp,en,index,https://www.marqly.com/alternatives/glasp,"Best Glasp Alternatives (2026) — 6 Tools Compared","Looking for a Glasp alternative? The 6 best options in 2026 compared on AI features, highlights, pricing, and imports.",published,763,181,pending-export,pending-export,pending-export,pending-export,pending-export,pending-export,pending-export,pending-export,pending-export,pending-export,,2026-09-23,keep
/alternatives/goodlinks,alternatives,alternatives:goodlinks,en,index,https://www.marqly.com/alternatives/goodlinks,"Best GoodLinks Alternatives (2026) — 6 Tools Compared","Looking for a GoodLinks alternative? The 6 best options in 2026 compared on AI features, highlights, pricing, and imports.",published,763,181,pending-export,pending-export,pending-export,pending-export,pending-export,pending-export,pending-export,pending-export,pending-export,pending-export,,2026-09-23,keep
/alternatives/instapaper,alternatives,alternatives:instapaper,en,index,https://www.marqly.com/alternatives/instapaper,"Best Instapaper Alternatives (2026) — 6 Tools Compared","Looking for a Instapaper alternative? The 6 best options in 2026 compared on AI features, highlights, pricing, and imports.",published,763,181,pending-export,pending-export,pending-export,pending-export,pending-export,pending-export,pending-export,pending-export,pending-export,pending-export,,2026-09-23,keep
/alternatives/karakeep,alternatives,alternatives:karakeep,en,index,https://www.marqly.com/alternatives/karakeep,"Best Karakeep Alternatives (2026) — 6 Tools Compared","Looking for a Karakeep alternative? The 6 best options in 2026 compared on AI features, highlights, pricing, and imports.",published,763,181,pending-export,pending-export,pending-export,pending-export,pending-export,pending-export,pending-export,pending-export,pending-export,pending-export,,2026-09-23,keep
/alternatives/liner,alternatives,alternatives:liner,en,index,https://www.marqly.com/alternatives/liner,"Best LINER Alternatives (2026) — 6 Tools Compared","Looking for a LINER alternative? The 6 best options in 2026 compared on AI features, highlights, pricing, and imports.",published,763,181,pending-export,pending-export,pending-export,pending-export,pending-export,pending-export,pending-export,pending-export,pending-export,pending-export,,2026-09-23,keep
/alternatives/linkwarden,alternatives,alternatives:linkwarden,en,index,https://www.marqly.com/alternatives/linkwarden,"Best Linkwarden Alternatives (2026) — 6 Tools Compared","Looking for a Linkwarden alternative? The 6 best options in 2026 compared on AI features, highlights, pricing, and imports.",published,763,181,pending-export,pending-export,pending-export,pending-export,pending-export,pending-export,pending-export,pending-export,pending-export,pending-export,,2026-09-23,keep
/alternatives/matter,alternatives,alternatives:matter,en,index,https://www.marqly.com/alternatives/matter,"Best Matter Alternatives (2026) — 6 Tools Compared","Looking for a Matter alternative? The 6 best options in 2026 compared on AI features, highlights, pricing, and imports.",published,763,181,pending-export,pending-export,pending-export,pending-export,pending-export,pending-export,pending-export,pending-export,pending-export,pending-export,,2026-09-23,keep
/alternatives/mymind,alternatives,alternatives:mymind,en,index,https://www.marqly.com/alternatives/mymind,"Best mymind Alternatives (2026) — 6 Tools Compared","Looking for a mymind alternative? The 6 best options in 2026 compared on AI features, highlights, pricing, and imports.",published,763,181,pending-export,pending-export,pending-export,pending-export,pending-export,pending-export,pending-export,pending-export,pending-export,pending-export,,2026-09-23,keep
/alternatives/notion-web-clipper,alternatives,alternatives:notion-web-clipper,en,index,https://www.marqly.com/alternatives/notion-web-clipper,"Best Notion Web Clipper Alternatives (2026) — 6 Tools Compared","Looking for a Notion Web Clipper alternative? The 6 best options in 2026 compared on AI features, highlights, pricing, and imports.",published,763,181,pending-export,pending-export,pending-export,pending-export,pending-export,pending-export,pending-export,pending-export,pending-export,pending-export,,2026-09-23,keep
/alternatives/obsidian-web-clipper,alternatives,alternatives:obsidian-web-clipper,en,index,https://www.marqly.com/alternatives/obsidian-web-clipper,"Best Obsidian Web Clipper Alternatives (2026) — 6 Tools Compared","Looking for a Obsidian Web Clipper alternative? The 6 best options in 2026 compared on AI features, highlights, pricing, and imports.",published,763,181,pending-export,pending-export,pending-export,pending-export,pending-export,pending-export,pending-export,pending-export,pending-export,pending-export,,2026-09-23,keep
/alternatives/omnivore,alternatives,alternatives:omnivore,en,index,https://www.marqly.com/alternatives/omnivore,"Best Omnivore Alternatives (2026) — 6 Tools Compared","Omnivore is gone — here are the 6 best Omnivore alternatives in 2026, compared on features, pricing, and import paths.",published,763,181,pending-export,pending-export,pending-export,pending-export,pending-export,pending-export,pending-export,pending-export,pending-export,pending-export,,2026-09-23,keep
/alternatives/onetab,alternatives,alternatives:onetab,en,index,https://www.marqly.com/alternatives/onetab,"Best OneTab Alternatives (2026) — 6 Tools Compared","Looking for a OneTab alternative? The 6 best options in 2026 compared on AI features, highlights, pricing, and imports.",published,763,181,pending-export,pending-export,pending-export,pending-export,pending-export,pending-export,pending-export,pending-export,pending-export,pending-export,,2026-09-23,keep
/alternatives/pinboard,alternatives,alternatives:pinboard,en,index,https://www.marqly.com/alternatives/pinboard,"Best Pinboard Alternatives (2026) — 6 Tools Compared","Looking for a Pinboard alternative? The 6 best options in 2026 compared on AI features, highlights, pricing, and imports.",published,763,181,pending-export,pending-export,pending-export,pending-export,pending-export,pending-export,pending-export,pending-export,pending-export,pending-export,,2026-09-23,keep
/alternatives/pinterest,alternatives,alternatives:pinterest,en,index,https://www.marqly.com/alternatives/pinterest,"Best Pinterest Alternatives (2026) — 6 Tools Compared","Looking for a Pinterest alternative? The 6 best options in 2026 compared on AI features, highlights, pricing, and imports.",published,763,181,pending-export,pending-export,pending-export,pending-export,pending-export,pending-export,pending-export,pending-export,pending-export,pending-export,,2026-09-23,keep
/alternatives/pocket,alternatives,alternatives:pocket,en,index,https://www.marqly.com/alternatives/pocket,"Best Pocket Alternatives (2026) — 6 Tools Compared","Pocket is gone — here are the 6 best Pocket alternatives in 2026, compared on features, pricing, and import paths.",published,763,181,pending-export,pending-export,pending-export,pending-export,pending-export,pending-export,pending-export,pending-export,pending-export,pending-export,,2026-09-23,keep
/alternatives/raindrop,alternatives,alternatives:raindrop,en,index,https://www.marqly.com/alternatives/raindrop,"Best Raindrop.io Alternatives (2026) — 6 Tools Compared","Looking for a Raindrop.io alternative? The 6 best options in 2026 compared on AI features, highlights, pricing, and imports.",published,763,181,pending-export,pending-export,pending-export,pending-export,pending-export,pending-export,pending-export,pending-export,pending-export,pending-export,,2026-09-23,keep
/alternatives/readwise,alternatives,alternatives:readwise,en,index,https://www.marqly.com/alternatives/readwise,"Best Readwise Alternatives (2026) — 6 Tools Compared","Looking for a Readwise alternative? The 6 best options in 2026 compared on AI features, highlights, pricing, and imports.",published,763,181,pending-export,pending-export,pending-export,pending-export,pending-export,pending-export,pending-export,pending-export,pending-export,pending-export,,2026-09-23,keep
/alternatives/readwise-reader,alternatives,alternatives:readwise-reader,en,index,https://www.marqly.com/alternatives/readwise-reader,"Best Readwise Reader Alternatives (2026) — 6 Tools Compared","Looking for a Readwise Reader alternative? The 6 best options in 2026 compared on AI features, highlights, pricing, and imports.",published,763,181,pending-export,pending-export,pending-export,pending-export,pending-export,pending-export,pending-export,pending-export,pending-export,pending-export,,2026-09-23,keep
/alternatives/session-buddy,alternatives,alternatives:session-buddy,en,index,https://www.marqly.com/alternatives/session-buddy,"Best Session Buddy Alternatives (2026) — 6 Tools Compared","Looking for a Session Buddy alternative? The 6 best options in 2026 compared on AI features, highlights, pricing, and imports.",published,763,181,pending-export,pending-export,pending-export,pending-export,pending-export,pending-export,pending-export,pending-export,pending-export,pending-export,,2026-09-23,keep
/alternatives/toby,alternatives,alternatives:toby,en,index,https://www.marqly.com/alternatives/toby,"Best Toby Alternatives (2026) — 6 Tools Compared","Looking for a Toby alternative? The 6 best options in 2026 compared on AI features, highlights, pricing, and imports.",published,763,181,pending-export,pending-export,pending-export,pending-export,pending-export,pending-export,pending-export,pending-export,pending-export,pending-export,,2026-09-23,keep
/alternatives/wallabag,alternatives,alternatives:wallabag,en,index,https://www.marqly.com/alternatives/wallabag,"Best Wallabag Alternatives (2026) — 6 Tools Compared","Looking for a Wallabag alternative? The 6 best options in 2026 compared on AI features, highlights, pricing, and imports.",published,763,181,pending-export,pending-export,pending-export,pending-export,pending-export,pending-export,pending-export,pending-export,pending-export,pending-export,,2026-09-23,keep
/alternatives/weava,alternatives,alternatives:weava,en,index,https://www.marqly.com/alternatives/weava,"Best Weava Alternatives (2026) — 6 Tools Compared","Looking for a Weava alternative? The 6 best options in 2026 compared on AI features, highlights, pricing, and imports.",published,763,181,pending-export,pending-export,pending-export,pending-export,pending-export,pending-export,pending-export,pending-export,pending-export,pending-export,,2026-09-23,keep
/alternatives/workona,alternatives,alternatives:workona,en,index,https://www.marqly.com/alternatives/workona,"Best Workona Alternatives (2026) — 6 Tools Compared","Looking for a Workona alternative? The 6 best options in 2026 compared on AI features, highlights, pricing, and imports.",published,763,181,pending-export,pending-export,pending-export,pending-export,pending-export,pending-export,pending-export,pending-export,pending-export,pending-export,,2026-09-23,keep
/fr/alternatives/evernote,alternatives,alternatives:evernote,fr,index,https://www.marqly.com/fr/alternatives/evernote,"Alternatives à Evernote en 2026 : moins chères et plus simples | Marqly","Evernote coûte entre 99 et 249,99 $ par an. Si vous ne l'utilisez que pour capturer des pages, il existe bien moins cher. Comparatif par cas d'usage.",published,105,95,pending-export,pending-export,pending-export,pending-export,pending-export,pending-export,pending-export,pending-export,pending-export,pending-export,lang:fr,2026-09-23,keep
/fr/alternatives/instapaper,alternatives,alternatives:instapaper,fr,index,https://www.marqly.com/fr/alternatives/instapaper,"Alternatives à Instapaper en 2026 : comparatif honnête | Marqly","Instapaper est le meilleur lecteur pur. On cherche une alternative pour l'organisation, l'IA ou la vidéo. Comparatif selon votre raison.",published,105,95,pending-export,pending-export,pending-export,pending-export,pending-export,pending-export,pending-export,pending-export,pending-export,pending-export,lang:fr,2026-09-23,keep
/fr/alternatives/notion,alternatives,alternatives:notion,fr,index,https://www.marqly.com/fr/alternatives/notion,"Alternatives au Notion Web Clipper en 2026 | Marqly","Enregistrer des liens dans Notion marche jusqu'à ce que ça grossisse. Alternatives pour mieux capturer et cesser d'entretenir des bases à la main.",published,105,95,pending-export,pending-export,pending-export,pending-export,pending-export,pending-export,pending-export,pending-export,pending-export,pending-export,lang:fr,2026-09-23,keep
/fr/alternatives/pocket,alternatives,alternatives:pocket,fr,index,https://www.marqly.com/fr/alternatives/pocket,"Les meilleures alternatives à Pocket en 2026 | Marqly","Pocket a fermé en juillet 2025. Nous comparons les vraies alternatives — Instapaper, Raindrop, Matter, Marqly — selon l'usage que vous en faisiez.",published,105,95,pending-export,pending-export,pending-export,pending-export,pending-export,pending-export,pending-export,pending-export,pending-export,pending-export,lang:fr,2026-09-23,keep
/fr/alternatives/raindrop,alternatives,alternatives:raindrop,fr,index,https://www.marqly.com/fr/alternatives/raindrop,"Alternatives à Raindrop.io en 2026 : les vraies options | Marqly","Raindrop organise les collections comme personne, mais retrouver dépend de vos tags. Nous comparons les alternatives selon votre raison de partir.",published,105,95,pending-export,pending-export,pending-export,pending-export,pending-export,pending-export,pending-export,pending-export,pending-export,pending-export,lang:fr,2026-09-23,keep
/ja/alternatives/evernote,alternatives,alternatives:evernote,ja,index,https://www.marqly.com/ja/alternatives/evernote,"2026年Evernote乗り換え先おすすめ比較 | Marqly","Evernoteの値上げに伴い乗り換えを検討する方へ。Webクリッピングとブックマーク管理ならMarqly、ローカル執筆ならObsidian、業務ノートならNotion。",published,102,93,pending-export,pending-export,pending-export,pending-export,pending-export,pending-export,pending-export,pending-export,pending-export,pending-export,lang:ja,2026-09-23,keep
/ja/alternatives/instapaper,alternatives,alternatives:instapaper,ja,index,https://www.marqly.com/ja/alternatives/instapaper,"2026年Instapaper代替アプリおすすめ比較 | Marqly","Instapaperからの乗り換えを検討する3つの理由：あとで探せない、整理の手間、動画の未対応。Marqly、Readwise Reader、Matterを正直に比較。",published,102,93,pending-export,pending-export,pending-export,pending-export,pending-export,pending-export,pending-export,pending-export,pending-export,pending-export,lang:ja,2026-09-23,keep
/ja/alternatives/notion,alternatives,alternatives:notion,ja,index,https://www.marqly.com/ja/alternatives/notion,"Notion Web Clipperの代替ツール（2026年最新） | Marqly","NotionでWebリンクを保存するとデータベースの管理が重くなり挫折しがち。AI自動分類とセマンティック検索を備えたMarqlyへの切り替えを提案。",published,102,93,pending-export,pending-export,pending-export,pending-export,pending-export,pending-export,pending-export,pending-export,pending-export,pending-export,lang:ja,2026-09-23,keep
/ja/alternatives/pocket,alternatives,alternatives:pocket,ja,index,https://www.marqly.com/ja/alternatives/pocket,"2026年Pocket代替サービスおすすめ比較 | Marqly","Pocket終了後の乗り換え先を徹底比較。Instapaper、Raindrop、Matter、Marqlyの中から、リーダー・アーカイブ・受信トレイなど用途別に最適なツールを解説。",published,102,93,pending-export,pending-export,pending-export,pending-export,pending-export,pending-export,pending-export,pending-export,pending-export,pending-export,lang:ja,2026-09-23,keep
/ja/alternatives/raindrop,alternatives,alternatives:raindrop,ja,index,https://www.marqly.com/ja/alternatives/raindrop,"Raindrop.ioの代替アプリ（2026年最新）おすすめ比較 | Marqly","Raindrop.ioからの乗り換え先を探している方へ。手動整理の限界、セマンティックAI検索、YouTube対応など乗り換える理由別に最適な代替ツールを徹底解説。",published,102,93,pending-export,pending-export,pending-export,pending-export,pending-export,pending-export,pending-export,pending-export,pending-export,pending-export,lang:ja,2026-09-23,keep
/ko/alternatives/evernote,alternatives,alternatives:evernote,ko,index,https://www.marqly.com/ko/alternatives/evernote,"2026 Evernote 대체 프로그램 추천 및 비교 | Marqly","Evernote의 가격 인상에 지쳤다면? 웹 스크랩과 북마크 관리는 Marqly, 로컬 마크다운은 Obsidian, 업무 협업은 Notion을 추천합니다.",published,102,93,pending-export,pending-export,pending-export,pending-export,pending-export,pending-export,pending-export,pending-export,pending-export,pending-export,lang:ko,2026-09-23,keep
/ko/alternatives/instapaper,alternatives,alternatives:instapaper,ko,index,https://www.marqly.com/ko/alternatives/instapaper,"2026 Instapaper 대체 앱 추천 및 심층 비교 | Marqly","저장해 두고 다시 찾지 못하는 답답함에서 벗어나세요: Marqly, Readwise Reader, Matter의 장단점을 솔직하게 분석합니다.",published,102,93,pending-export,pending-export,pending-export,pending-export,pending-export,pending-export,pending-export,pending-export,pending-export,pending-export,lang:ko,2026-09-23,keep
/ko/alternatives/notion,alternatives,alternatives:notion,ko,index,https://www.marqly.com/ko/alternatives/notion,"Notion Web Clipper 대안 도구 추천 (2026 최신) | Marqly","노션에 모든 링크를 저장하면 데이터베이스 관리가 버거워집니다. AI 자동 분류와 시맨틱 검색을 갖춘 Marqly로 가볍게 전환하세요.",published,102,93,pending-export,pending-export,pending-export,pending-export,pending-export,pending-export,pending-export,pending-export,pending-export,pending-export,lang:ko,2026-09-23,keep
/ko/alternatives/pocket,alternatives,alternatives:pocket,ko,index,https://www.marqly.com/ko/alternatives/pocket,"2026년 포켓(Pocket) 대체 앱 비교 및 데이터 이전 | Marqly","포켓 서비스 종료 이후를 위한 최고의 대안 앱 비교: 인스타페이퍼, 레인드롭, 매터, Marqly. 리더기, 자료 보관, AI 자동 정리 중 목적에 맞는 도구를 선택하세요.",published,102,93,pending-export,pending-export,pending-export,pending-export,pending-export,pending-export,pending-export,pending-export,pending-export,pending-export,lang:ko,2026-09-23,keep
/ko/alternatives/raindrop,alternatives,alternatives:raindrop,ko,index,https://www.marqly.com/ko/alternatives/raindrop,"2026년 Raindrop.io 대체 앱 추천 및 비교 | Marqly","Raindrop.io에서 다른 툴로의 이전을 고민하고 계신가요? 수동 폴더 정리의 한계, AI 시맨틱 검색 필요성 등 이유별 최적의 대체 툴을 비교합니다.",published,102,93,pending-export,pending-export,pending-export,pending-export,pending-export,pending-export,pending-export,pending-export,pending-export,pending-export,lang:ko,2026-09-23,keep
/zh/alternatives/evernote,alternatives,alternatives:evernote,zh,index,https://www.marqly.com/zh/alternatives/evernote,"2026 最佳 Evernote 替代工具对比推荐 | Marqly","面对 Evernote 的持续涨价，如何挑选替代品？网页收集与书签管理选 Marqly，本地 Markdown 笔记选 Obsidian，团队协作选 Notion。",published,102,93,pending-export,pending-export,pending-export,pending-export,pending-export,pending-export,pending-export,pending-export,pending-export,pending-export,lang:zh,2026-09-23,keep
/zh/alternatives/instapaper,alternatives,alternatives:instapaper,zh,index,https://www.marqly.com/zh/alternatives/instapaper,"2026 最佳 Instapaper 替代工具推荐与深度对比 | Marqly","告别找不回文章的窘境：Marqly、Readwise Reader 与 Matter 深度对比。根据你的核心需求挑选最理想的稍后读工具。",published,102,93,pending-export,pending-export,pending-export,pending-export,pending-export,pending-export,pending-export,pending-export,pending-export,pending-export,lang:zh,2026-09-23,keep
/zh/alternatives/notion,alternatives,alternatives:notion,zh,index,https://www.marqly.com/zh/alternatives/notion,"Notion 网页剪藏替代工具推荐（2026 最新） | Marqly","把所有链接存进 Notion 容易让数据库变成无人问津的垃圾场。转向具备 AI 自动分类与语义查找的专用工具 Marqly。",published,102,93,pending-export,pending-export,pending-export,pending-export,pending-export,pending-export,pending-export,pending-export,pending-export,pending-export,lang:zh,2026-09-23,keep
/zh/alternatives/pocket,alternatives,alternatives:pocket,zh,index,https://www.marqly.com/zh/alternatives/pocket,"2026年Pocket最佳替代品对比与迁移指南 | Marqly","全面对比Pocket停服后的替代工具：Instapaper、Raindrop、Matter与Marqly。无论你需要纯净阅读、资料归档还是AI智能整理，都能找到最合适之选。",published,102,93,pending-export,pending-export,pending-export,pending-export,pending-export,pending-export,pending-export,pending-export,pending-export,pending-export,lang:zh,2026-09-23,keep
/zh/alternatives/raindrop,alternatives,alternatives:raindrop,zh,index,https://www.marqly.com/zh/alternatives/raindrop,"Raindrop.io 替代方案（2026年最新评测）| Marqly","正在寻找 Raindrop.io 的替代品？针对手动整理崩溃、关键词检索局限以及缺乏 AI 摘要等痛点，全面对比最佳替代书签工具。",published,102,93,pending-export,pending-export,pending-export,pending-export,pending-export,pending-export,pending-export,pending-export,pending-export,pending-export,lang:zh,2026-09-23,keep
/compare,comparison,compare:hub,en,index,https://www.marqly.com/compare,"Compare Bookmark Managers &amp; Read-It-Later Apps (2026)","Side-by-side comparisons of bookmark managers, read-it-later apps, and web highlighters — features, pricing, and honest verdicts for 2026.",published,1909,291,pending-export,pending-export,pending-export,pending-export,pending-export,pending-export,pending-export,pending-export,pending-export,pending-export,,2026-09-23,keep
/compare/evernote-web-clipper-vs-notion-web-clipper,comparison,compare:evernote-web-clipper-vs-notion-web-clipper,en,index,https://www.marqly.com/compare/evernote-web-clipper-vs-notion-web-clipper,"Evernote Web Clipper vs Notion Web Clipper: Which Is Better? (2026)","Evernote Web Clipper vs Notion Web Clipper compared feature by feature — pricing, platforms, search, highlights — plus the AI-first option both sides overlook.",published,23,196,pending-export,pending-export,pending-export,pending-export,pending-export,pending-export,pending-export,pending-export,pending-export,pending-export,,2026-09-23,keep
/compare/evernote-web-clipper-vs-obsidian-web-clipper,comparison,compare:evernote-web-clipper-vs-obsidian-web-clipper,en,index,https://www.marqly.com/compare/evernote-web-clipper-vs-obsidian-web-clipper,"Evernote Web Clipper vs Obsidian Web Clipper: Which Is Better? (2026)","Evernote Web Clipper vs Obsidian Web Clipper compared feature by feature — pricing, platforms, search, highlights — plus the AI-first option both sides overlook",published,24,195,pending-export,pending-export,pending-export,pending-export,pending-export,pending-export,pending-export,pending-export,pending-export,pending-export,,2026-09-23,keep
/compare/evernote-web-clipper-vs-onetab,comparison,compare:evernote-web-clipper-vs-onetab,en,index,https://www.marqly.com/compare/evernote-web-clipper-vs-onetab,"Evernote Web Clipper vs OneTab: Which Is Better? (2026)","Evernote Web Clipper vs OneTab compared feature by feature — pricing, platforms, search, highlights — plus the AI-first option both sides overlook.",published,25,195,pending-export,pending-export,pending-export,pending-export,pending-export,pending-export,pending-export,pending-export,pending-export,pending-export,,2026-09-23,keep
/compare/evernote-web-clipper-vs-toby,comparison,compare:evernote-web-clipper-vs-toby,en,index,https://www.marqly.com/compare/evernote-web-clipper-vs-toby,"Evernote Web Clipper vs Toby: Which Is Better? (2026)","Evernote Web Clipper vs Toby compared feature by feature — pricing, platforms, search, highlights — plus the AI-first option both sides overlook.",published,26,195,pending-export,pending-export,pending-export,pending-export,pending-export,pending-export,pending-export,pending-export,pending-export,pending-export,,2026-09-23,keep
/compare/instapaper-vs-evernote-web-clipper,comparison,compare:instapaper-vs-evernote-web-clipper,en,index,https://www.marqly.com/compare/instapaper-vs-evernote-web-clipper,"Instapaper vs Evernote Web Clipper: Which Is Better? (2026)","Instapaper vs Evernote Web Clipper compared feature by feature — pricing, platforms, search, highlights — plus the AI-first option both sides overlook.",published,14,195,pending-export,pending-export,pending-export,pending-export,pending-export,pending-export,pending-export,pending-export,pending-export,pending-export,,2026-09-23,keep
/compare/instapaper-vs-karakeep,comparison,compare:instapaper-vs-karakeep,en,index,https://www.marqly.com/compare/instapaper-vs-karakeep,"Instapaper vs Karakeep: Which Is Better? (2026)","Instapaper vs Karakeep compared feature by feature — pricing, platforms, search, highlights — plus the AI-first option both sides overlook.",published,12,196,pending-export,pending-export,pending-export,pending-export,pending-export,pending-export,pending-export,pending-export,pending-export,pending-export,,2026-09-23,keep
/compare/instapaper-vs-linkwarden,comparison,compare:instapaper-vs-linkwarden,en,index,https://www.marqly.com/compare/instapaper-vs-linkwarden,"Instapaper vs Linkwarden: Which Is Better? (2026)","Instapaper vs Linkwarden compared feature by feature — pricing, platforms, search, highlights — plus the AI-first option both sides overlook.",published,11,195,pending-export,pending-export,pending-export,pending-export,pending-export,pending-export,pending-export,pending-export,pending-export,pending-export,,2026-09-23,keep
/compare/instapaper-vs-matter,comparison,compare:instapaper-vs-matter,en,index,https://www.marqly.com/compare/instapaper-vs-matter,"Instapaper vs Matter: Which Is Better? (2026)","Instapaper vs Matter compared feature by feature — pricing, platforms, search, highlights — plus the AI-first option both sides overlook.",published,8,195,pending-export,pending-export,pending-export,pending-export,pending-export,pending-export,pending-export,pending-export,pending-export,pending-export,,2026-09-23,keep
/compare/instapaper-vs-mymind,comparison,compare:instapaper-vs-mymind,en,index,https://www.marqly.com/compare/instapaper-vs-mymind,"Instapaper vs mymind: Which Is Better? (2026)","Instapaper vs mymind compared feature by feature — pricing, platforms, search, highlights — plus the AI-first option both sides overlook.",published,13,196,pending-export,pending-export,pending-export,pending-export,pending-export,pending-export,pending-export,pending-export,pending-export,pending-export,,2026-09-23,keep
/compare/instapaper-vs-notion-web-clipper,comparison,compare:instapaper-vs-notion-web-clipper,en,index,https://www.marqly.com/compare/instapaper-vs-notion-web-clipper,"Instapaper vs Notion Web Clipper: Which Is Better? (2026)","Instapaper vs Notion Web Clipper compared feature by feature — pricing, platforms, search, highlights — plus the AI-first option both sides overlook.",published,15,196,pending-export,pending-export,pending-export,pending-export,pending-export,pending-export,pending-export,pending-export,pending-export,pending-export,,2026-09-23,keep
/compare/instapaper-vs-obsidian-web-clipper,comparison,compare:instapaper-vs-obsidian-web-clipper,en,index,https://www.marqly.com/compare/instapaper-vs-obsidian-web-clipper,"Instapaper vs Obsidian Web Clipper: Which Is Better? (2026)","Instapaper vs Obsidian Web Clipper compared feature by feature — pricing, platforms, search, highlights — plus the AI-first option both sides overlook.",published,16,195,pending-export,pending-export,pending-export,pending-export,pending-export,pending-export,pending-export,pending-export,pending-export,pending-export,,2026-09-23,keep
/compare/instapaper-vs-omnivore,comparison,compare:instapaper-vs-omnivore,en,index,https://www.marqly.com/compare/instapaper-vs-omnivore,"Instapaper vs Omnivore: Which Is Better? (2026)","Instapaper vs Omnivore compared feature by feature — pricing, platforms, search, highlights — plus the AI-first option both sides overlook.",published,9,195,pending-export,pending-export,pending-export,pending-export,pending-export,pending-export,pending-export,pending-export,pending-export,pending-export,,2026-09-23,keep
/compare/instapaper-vs-onetab,comparison,compare:instapaper-vs-onetab,en,index,https://www.marqly.com/compare/instapaper-vs-onetab,"Instapaper vs OneTab: Which Is Better? (2026)","Instapaper vs OneTab compared feature by feature — pricing, platforms, search, highlights — plus the AI-first option both sides overlook.",published,17,195,pending-export,pending-export,pending-export,pending-export,pending-export,pending-export,pending-export,pending-export,pending-export,pending-export,,2026-09-23,keep
/compare/instapaper-vs-readwise-reader,comparison,compare:instapaper-vs-readwise-reader,en,index,https://www.marqly.com/compare/instapaper-vs-readwise-reader,"Instapaper vs Readwise Reader: Which Is Better? (2026)","Instapaper vs Readwise Reader compared feature by feature — pricing, platforms, search, highlights — plus the AI-first option both sides overlook.",published,8,197,pending-export,pending-export,pending-export,pending-export,pending-export,pending-export,pending-export,pending-export,pending-export,pending-export,,2026-09-23,keep
/compare/instapaper-vs-toby,comparison,compare:instapaper-vs-toby,en,index,https://www.marqly.com/compare/instapaper-vs-toby,"Instapaper vs Toby: Which Is Better? (2026)","Instapaper vs Toby compared feature by feature — pricing, platforms, search, highlights — plus the AI-first option both sides overlook.",published,18,195,pending-export,pending-export,pending-export,pending-export,pending-export,pending-export,pending-export,pending-export,pending-export,pending-export,,2026-09-23,keep
/compare/instapaper-vs-wallabag,comparison,compare:instapaper-vs-wallabag,en,index,https://www.marqly.com/compare/instapaper-vs-wallabag,"Instapaper vs Wallabag: Which Is Better? (2026)","Instapaper vs Wallabag compared feature by feature — pricing, platforms, search, highlights — plus the AI-first option both sides overlook.",published,10,195,pending-export,pending-export,pending-export,pending-export,pending-export,pending-export,pending-export,pending-export,pending-export,pending-export,,2026-09-23,keep
/compare/karakeep-vs-anybox,comparison,compare:karakeep-vs-anybox,en,index,https://www.marqly.com/compare/karakeep-vs-anybox,"Karakeep vs Anybox: Which Is Better? (2026)","Karakeep vs Anybox compared feature by feature — pricing, platforms, search, highlights — plus the AI-first option both sides overlook.",published,15,186,pending-export,pending-export,pending-export,pending-export,pending-export,pending-export,pending-export,pending-export,pending-export,pending-export,,2026-09-23,keep
/compare/karakeep-vs-evernote-web-clipper,comparison,compare:karakeep-vs-evernote-web-clipper,en,index,https://www.marqly.com/compare/karakeep-vs-evernote-web-clipper,"Karakeep vs Evernote Web Clipper: Which Is Better? (2026)","Karakeep vs Evernote Web Clipper compared feature by feature — pricing, platforms, search, highlights — plus the AI-first option both sides overlook.",published,20,195,pending-export,pending-export,pending-export,pending-export,pending-export,pending-export,pending-export,pending-export,pending-export,pending-export,,2026-09-23,keep
/compare/karakeep-vs-mymind,comparison,compare:karakeep-vs-mymind,en,index,https://www.marqly.com/compare/karakeep-vs-mymind,"Karakeep vs mymind: Which Is Better? (2026)","Karakeep vs mymind compared feature by feature — pricing, platforms, search, highlights — plus the AI-first option both sides overlook.",published,19,196,pending-export,pending-export,pending-export,pending-export,pending-export,pending-export,pending-export,pending-export,pending-export,pending-export,,2026-09-23,keep
/compare/karakeep-vs-notion-web-clipper,comparison,compare:karakeep-vs-notion-web-clipper,en,index,https://www.marqly.com/compare/karakeep-vs-notion-web-clipper,"Karakeep vs Notion Web Clipper: Which Is Better? (2026)","Karakeep vs Notion Web Clipper compared feature by feature — pricing, platforms, search, highlights — plus the AI-first option both sides overlook.",published,21,196,pending-export,pending-export,pending-export,pending-export,pending-export,pending-export,pending-export,pending-export,pending-export,pending-export,,2026-09-23,keep
/compare/karakeep-vs-obsidian-web-clipper,comparison,compare:karakeep-vs-obsidian-web-clipper,en,index,https://www.marqly.com/compare/karakeep-vs-obsidian-web-clipper,"Karakeep vs Obsidian Web Clipper: Which Is Better? (2026)","Karakeep vs Obsidian Web Clipper compared feature by feature — pricing, platforms, search, highlights — plus the AI-first option both sides overlook.",published,22,195,pending-export,pending-export,pending-export,pending-export,pending-export,pending-export,pending-export,pending-export,pending-export,pending-export,,2026-09-23,keep
/compare/karakeep-vs-onetab,comparison,compare:karakeep-vs-onetab,en,index,https://www.marqly.com/compare/karakeep-vs-onetab,"Karakeep vs OneTab: Which Is Better? (2026)","Karakeep vs OneTab compared feature by feature — pricing, platforms, search, highlights — plus the AI-first option both sides overlook.",published,23,195,pending-export,pending-export,pending-export,pending-export,pending-export,pending-export,pending-export,pending-export,pending-export,pending-export,,2026-09-23,keep
/compare/karakeep-vs-toby,comparison,compare:karakeep-vs-toby,en,index,https://www.marqly.com/compare/karakeep-vs-toby,"Karakeep vs Toby: Which Is Better? (2026)","Karakeep vs Toby compared feature by feature — pricing, platforms, search, highlights — plus the AI-first option both sides overlook.",published,24,195,pending-export,pending-export,pending-export,pending-export,pending-export,pending-export,pending-export,pending-export,pending-export,pending-export,,2026-09-23,keep
/compare/linkwarden-vs-evernote-web-clipper,comparison,compare:linkwarden-vs-evernote-web-clipper,en,index,https://www.marqly.com/compare/linkwarden-vs-evernote-web-clipper,"Linkwarden vs Evernote Web Clipper: Which Is Better? (2026)","Linkwarden vs Evernote Web Clipper compared feature by feature — pricing, platforms, search, highlights — plus the AI-first option both sides overlook.",published,19,195,pending-export,pending-export,pending-export,pending-export,pending-export,pending-export,pending-export,pending-export,pending-export,pending-export,,2026-09-23,keep
/compare/linkwarden-vs-karakeep,comparison,compare:linkwarden-vs-karakeep,en,index,https://www.marqly.com/compare/linkwarden-vs-karakeep,"Linkwarden vs Karakeep: Which Is Better? (2026)","Linkwarden vs Karakeep compared feature by feature — pricing, platforms, search, highlights — plus the AI-first option both sides overlook.",published,18,196,pending-export,pending-export,pending-export,pending-export,pending-export,pending-export,pending-export,pending-export,pending-export,pending-export,,2026-09-23,keep
/compare/linkwarden-vs-mymind,comparison,compare:linkwarden-vs-mymind,en,index,https://www.marqly.com/compare/linkwarden-vs-mymind,"Linkwarden vs mymind: Which Is Better? (2026)","Linkwarden vs mymind compared feature by feature — pricing, platforms, search, highlights — plus the AI-first option both sides overlook.",published,18,196,pending-export,pending-export,pending-export,pending-export,pending-export,pending-export,pending-export,pending-export,pending-export,pending-export,,2026-09-23,keep
/compare/linkwarden-vs-notion-web-clipper,comparison,compare:linkwarden-vs-notion-web-clipper,en,index,https://www.marqly.com/compare/linkwarden-vs-notion-web-clipper,"Linkwarden vs Notion Web Clipper: Which Is Better? (2026)","Linkwarden vs Notion Web Clipper compared feature by feature — pricing, platforms, search, highlights — plus the AI-first option both sides overlook.",published,20,196,pending-export,pending-export,pending-export,pending-export,pending-export,pending-export,pending-export,pending-export,pending-export,pending-export,,2026-09-23,keep
/compare/linkwarden-vs-obsidian-web-clipper,comparison,compare:linkwarden-vs-obsidian-web-clipper,en,index,https://www.marqly.com/compare/linkwarden-vs-obsidian-web-clipper,"Linkwarden vs Obsidian Web Clipper: Which Is Better? (2026)","Linkwarden vs Obsidian Web Clipper compared feature by feature — pricing, platforms, search, highlights — plus the AI-first option both sides overlook.",published,21,195,pending-export,pending-export,pending-export,pending-export,pending-export,pending-export,pending-export,pending-export,pending-export,pending-export,,2026-09-23,keep
/compare/linkwarden-vs-onetab,comparison,compare:linkwarden-vs-onetab,en,index,https://www.marqly.com/compare/linkwarden-vs-onetab,"Linkwarden vs OneTab: Which Is Better? (2026)","Linkwarden vs OneTab compared feature by feature — pricing, platforms, search, highlights — plus the AI-first option both sides overlook.",published,22,195,pending-export,pending-export,pending-export,pending-export,pending-export,pending-export,pending-export,pending-export,pending-export,pending-export,,2026-09-23,keep
/compare/linkwarden-vs-toby,comparison,compare:linkwarden-vs-toby,en,index,https://www.marqly.com/compare/linkwarden-vs-toby,"Linkwarden vs Toby: Which Is Better? (2026)","Linkwarden vs Toby compared feature by feature — pricing, platforms, search, highlights — plus the AI-first option both sides overlook.",published,23,195,pending-export,pending-export,pending-export,pending-export,pending-export,pending-export,pending-export,pending-export,pending-export,pending-export,,2026-09-23,keep
/compare/marqly-vs-anybox,comparison,compare:marqly-vs-anybox,en,index,https://www.marqly.com/compare/marqly-vs-anybox,"Marqly vs Anybox: Which Is Better? (2026)","Detailed Marqly vs Anybox comparison: AI tagging, semantic search, highlights, YouTube AI, pricing, and imports — which fits your workflow in 2026.",published,763,186,pending-export,pending-export,pending-export,pending-export,pending-export,pending-export,pending-export,pending-export,pending-export,pending-export,,2026-09-23,keep
/compare/marqly-vs-diigo,comparison,compare:marqly-vs-diigo,en,index,https://www.marqly.com/compare/marqly-vs-diigo,"Marqly vs Diigo: Which Is Better? (2026)","Detailed Marqly vs Diigo comparison: AI tagging, semantic search, highlights, YouTube AI, pricing, and imports — which fits your workflow in 2026.",published,763,181,pending-export,pending-export,pending-export,pending-export,pending-export,pending-export,pending-export,pending-export,pending-export,pending-export,,2026-09-23,keep
/compare/marqly-vs-evernote-web-clipper,comparison,compare:marqly-vs-evernote-web-clipper,en,index,https://www.marqly.com/compare/marqly-vs-evernote-web-clipper,"Marqly vs Evernote Web Clipper: Which Is Better? (2026)","Detailed Marqly vs Evernote Web Clipper comparison: AI tagging, semantic search, highlights, YouTube AI, pricing, and imports — which fits your workflow in 2026",published,763,195,pending-export,pending-export,pending-export,pending-export,pending-export,pending-export,pending-export,pending-export,pending-export,pending-export,,2026-09-23,keep
/compare/marqly-vs-glasp,comparison,compare:marqly-vs-glasp,en,index,https://www.marqly.com/compare/marqly-vs-glasp,"Marqly vs Glasp: Which Is Better? (2026)","Detailed Marqly vs Glasp comparison: AI tagging, semantic search, highlights, YouTube AI, pricing, and imports — which fits your workflow in 2026.",published,763,181,pending-export,pending-export,pending-export,pending-export,pending-export,pending-export,pending-export,pending-export,pending-export,pending-export,,2026-09-23,keep
/compare/marqly-vs-goodlinks,comparison,compare:marqly-vs-goodlinks,en,index,https://www.marqly.com/compare/marqly-vs-goodlinks,"Marqly vs GoodLinks: Which Is Better? (2026)","Detailed Marqly vs GoodLinks comparison: AI tagging, semantic search, highlights, YouTube AI, pricing, and imports — which fits your workflow in 2026.",published,763,181,pending-export,pending-export,pending-export,pending-export,pending-export,pending-export,pending-export,pending-export,pending-export,pending-export,,2026-09-23,keep
/compare/marqly-vs-instapaper,comparison,compare:marqly-vs-instapaper,en,index,https://www.marqly.com/compare/marqly-vs-instapaper,"Marqly vs Instapaper: Which Is Better? (2026)","Detailed Marqly vs Instapaper comparison: AI tagging, semantic search, highlights, YouTube AI, pricing, and imports — which fits your workflow in 2026.",published,763,195,pending-export,pending-export,pending-export,pending-export,pending-export,pending-export,pending-export,pending-export,pending-export,pending-export,,2026-09-23,keep
/compare/marqly-vs-karakeep,comparison,compare:marqly-vs-karakeep,en,index,https://www.marqly.com/compare/marqly-vs-karakeep,"Marqly vs Karakeep: Which Is Better? (2026)","Detailed Marqly vs Karakeep comparison: AI tagging, semantic search, highlights, YouTube AI, pricing, and imports — which fits your workflow in 2026.",published,763,196,pending-export,pending-export,pending-export,pending-export,pending-export,pending-export,pending-export,pending-export,pending-export,pending-export,,2026-09-23,keep
/compare/marqly-vs-liner,comparison,compare:marqly-vs-liner,en,index,https://www.marqly.com/compare/marqly-vs-liner,"Marqly vs LINER: Which Is Better? (2026)","Detailed Marqly vs LINER comparison: AI tagging, semantic search, highlights, YouTube AI, pricing, and imports — which fits your workflow in 2026.",published,763,181,pending-export,pending-export,pending-export,pending-export,pending-export,pending-export,pending-export,pending-export,pending-export,pending-export,,2026-09-23,keep
/compare/marqly-vs-linkwarden,comparison,compare:marqly-vs-linkwarden,en,index,https://www.marqly.com/compare/marqly-vs-linkwarden,"Marqly vs Linkwarden: Which Is Better? (2026)","Detailed Marqly vs Linkwarden comparison: AI tagging, semantic search, highlights, YouTube AI, pricing, and imports — which fits your workflow in 2026.",published,763,195,pending-export,pending-export,pending-export,pending-export,pending-export,pending-export,pending-export,pending-export,pending-export,pending-export,,2026-09-23,keep
/compare/marqly-vs-matter,comparison,compare:marqly-vs-matter,en,index,https://www.marqly.com/compare/marqly-vs-matter,"Marqly vs Matter: Which Is Better? (2026)","Detailed Marqly vs Matter comparison: AI tagging, semantic search, highlights, YouTube AI, pricing, and imports — which fits your workflow in 2026.",published,763,195,pending-export,pending-export,pending-export,pending-export,pending-export,pending-export,pending-export,pending-export,pending-export,pending-export,,2026-09-23,keep
/compare/marqly-vs-mymind,comparison,compare:marqly-vs-mymind,en,index,https://www.marqly.com/compare/marqly-vs-mymind,"Marqly vs mymind: Which Is Better? (2026)","Detailed Marqly vs mymind comparison: AI tagging, semantic search, highlights, YouTube AI, pricing, and imports — which fits your workflow in 2026.",published,1909,196,pending-export,pending-export,pending-export,pending-export,pending-export,pending-export,pending-export,pending-export,pending-export,pending-export,,2026-09-23,keep
/compare/marqly-vs-notion-web-clipper,comparison,compare:marqly-vs-notion-web-clipper,en,index,https://www.marqly.com/compare/marqly-vs-notion-web-clipper,"Marqly vs Notion Web Clipper: Which Is Better? (2026)","Detailed Marqly vs Notion Web Clipper comparison: AI tagging, semantic search, highlights, YouTube AI, pricing, and imports — which fits your workflow in 2026.",published,1909,196,pending-export,pending-export,pending-export,pending-export,pending-export,pending-export,pending-export,pending-export,pending-export,pending-export,,2026-09-23,keep
/compare/marqly-vs-obsidian-web-clipper,comparison,compare:marqly-vs-obsidian-web-clipper,en,index,https://www.marqly.com/compare/marqly-vs-obsidian-web-clipper,"Marqly vs Obsidian Web Clipper: Which Is Better? (2026)","Detailed Marqly vs Obsidian Web Clipper comparison: AI tagging, semantic search, highlights, YouTube AI, pricing, and imports — which fits your workflow in 2026",published,763,195,pending-export,pending-export,pending-export,pending-export,pending-export,pending-export,pending-export,pending-export,pending-export,pending-export,,2026-09-23,keep
/compare/marqly-vs-omnivore,comparison,compare:marqly-vs-omnivore,en,index,https://www.marqly.com/compare/marqly-vs-omnivore,"Marqly vs Omnivore: Which Is Better? (2026)","Detailed Marqly vs Omnivore comparison: AI tagging, semantic search, highlights, YouTube AI, pricing, and imports — which fits your workflow in 2026.",published,763,195,pending-export,pending-export,pending-export,pending-export,pending-export,pending-export,pending-export,pending-export,pending-export,pending-export,,2026-09-23,keep
/compare/marqly-vs-onetab,comparison,compare:marqly-vs-onetab,en,index,https://www.marqly.com/compare/marqly-vs-onetab,"Marqly vs OneTab: Which Is Better? (2026)","Detailed Marqly vs OneTab comparison: AI tagging, semantic search, highlights, YouTube AI, pricing, and imports — which fits your workflow in 2026.",published,763,195,pending-export,pending-export,pending-export,pending-export,pending-export,pending-export,pending-export,pending-export,pending-export,pending-export,,2026-09-23,keep
/compare/marqly-vs-pinboard,comparison,compare:marqly-vs-pinboard,en,index,https://www.marqly.com/compare/marqly-vs-pinboard,"Marqly vs Pinboard: Which Is Better? (2026)","Detailed Marqly vs Pinboard comparison: AI tagging, semantic search, highlights, YouTube AI, pricing, and imports — which fits your workflow in 2026.",published,763,181,pending-export,pending-export,pending-export,pending-export,pending-export,pending-export,pending-export,pending-export,pending-export,pending-export,,2026-09-23,keep
/compare/marqly-vs-pinterest,comparison,compare:marqly-vs-pinterest,en,index,https://www.marqly.com/compare/marqly-vs-pinterest,"Marqly vs Pinterest: Which Is Better? (2026)","Detailed Marqly vs Pinterest comparison: AI tagging, semantic search, highlights, YouTube AI, pricing, and imports — which fits your workflow in 2026.",published,763,181,pending-export,pending-export,pending-export,pending-export,pending-export,pending-export,pending-export,pending-export,pending-export,pending-export,,2026-09-23,keep
/compare/marqly-vs-pocket,comparison,compare:marqly-vs-pocket,en,index,https://www.marqly.com/compare/marqly-vs-pocket,"Marqly vs Pocket: Which Is Better? (2026)","Detailed Marqly vs Pocket comparison: AI tagging, semantic search, highlights, YouTube AI, pricing, and imports — which fits your workflow in 2026.",published,1909,195,pending-export,pending-export,pending-export,pending-export,pending-export,pending-export,pending-export,pending-export,pending-export,pending-export,,2026-09-23,keep
/compare/marqly-vs-raindrop,comparison,compare:marqly-vs-raindrop,en,index,https://www.marqly.com/compare/marqly-vs-raindrop,"Marqly vs Raindrop.io: Which Is Better? (2026)","Detailed Marqly vs Raindrop.io comparison: AI tagging, semantic search, highlights, YouTube AI, pricing, and imports — which fits your workflow in 2026.",published,1909,196,pending-export,pending-export,pending-export,pending-export,pending-export,pending-export,pending-export,pending-export,pending-export,pending-export,,2026-09-23,keep
/compare/marqly-vs-readwise,comparison,compare:marqly-vs-readwise,en,index,https://www.marqly.com/compare/marqly-vs-readwise,"Marqly vs Readwise: Which Is Better? (2026)","Detailed Marqly vs Readwise comparison: AI tagging, semantic search, highlights, YouTube AI, pricing, and imports — which fits your workflow in 2026.",published,763,182,pending-export,pending-export,pending-export,pending-export,pending-export,pending-export,pending-export,pending-export,pending-export,pending-export,,2026-09-23,keep
/compare/marqly-vs-readwise-reader,comparison,compare:marqly-vs-readwise-reader,en,index,https://www.marqly.com/compare/marqly-vs-readwise-reader,"Marqly vs Readwise Reader: Which Is Better? (2026)","Detailed Marqly vs Readwise Reader comparison: AI tagging, semantic search, highlights, YouTube AI, pricing, and imports — which fits your workflow in 2026.",published,1909,197,pending-export,pending-export,pending-export,pending-export,pending-export,pending-export,pending-export,pending-export,pending-export,pending-export,,2026-09-23,keep
/compare/marqly-vs-session-buddy,comparison,compare:marqly-vs-session-buddy,en,index,https://www.marqly.com/compare/marqly-vs-session-buddy,"Marqly vs Session Buddy: Which Is Better? (2026)","Detailed Marqly vs Session Buddy comparison: AI tagging, semantic search, highlights, YouTube AI, pricing, and imports — which fits your workflow in 2026.",published,763,181,pending-export,pending-export,pending-export,pending-export,pending-export,pending-export,pending-export,pending-export,pending-export,pending-export,,2026-09-23,keep
/compare/marqly-vs-toby,comparison,compare:marqly-vs-toby,en,index,https://www.marqly.com/compare/marqly-vs-toby,"Marqly vs Toby: Which Is Better? (2026)","Detailed Marqly vs Toby comparison: AI tagging, semantic search, highlights, YouTube AI, pricing, and imports — which fits your workflow in 2026.",published,763,195,pending-export,pending-export,pending-export,pending-export,pending-export,pending-export,pending-export,pending-export,pending-export,pending-export,,2026-09-23,keep
/compare/marqly-vs-wallabag,comparison,compare:marqly-vs-wallabag,en,index,https://www.marqly.com/compare/marqly-vs-wallabag,"Marqly vs Wallabag: Which Is Better? (2026)","Detailed Marqly vs Wallabag comparison: AI tagging, semantic search, highlights, YouTube AI, pricing, and imports — which fits your workflow in 2026.",published,763,195,pending-export,pending-export,pending-export,pending-export,pending-export,pending-export,pending-export,pending-export,pending-export,pending-export,,2026-09-23,keep
/compare/marqly-vs-weava,comparison,compare:marqly-vs-weava,en,index,https://www.marqly.com/compare/marqly-vs-weava,"Marqly vs Weava: Which Is Better? (2026)","Detailed Marqly vs Weava comparison: AI tagging, semantic search, highlights, YouTube AI, pricing, and imports — which fits your workflow in 2026.",published,763,181,pending-export,pending-export,pending-export,pending-export,pending-export,pending-export,pending-export,pending-export,pending-export,pending-export,,2026-09-23,keep
/compare/marqly-vs-workona,comparison,compare:marqly-vs-workona,en,index,https://www.marqly.com/compare/marqly-vs-workona,"Marqly vs Workona: Which Is Better? (2026)","Detailed Marqly vs Workona comparison: AI tagging, semantic search, highlights, YouTube AI, pricing, and imports — which fits your workflow in 2026.",published,763,181,pending-export,pending-export,pending-export,pending-export,pending-export,pending-export,pending-export,pending-export,pending-export,pending-export,,2026-09-23,keep
/compare/matter-vs-evernote-web-clipper,comparison,compare:matter-vs-evernote-web-clipper,en,index,https://www.marqly.com/compare/matter-vs-evernote-web-clipper,"Matter vs Evernote Web Clipper: Which Is Better? (2026)","Matter vs Evernote Web Clipper compared feature by feature — pricing, platforms, search, highlights — plus the AI-first option both sides overlook.",published,16,195,pending-export,pending-export,pending-export,pending-export,pending-export,pending-export,pending-export,pending-export,pending-export,pending-export,,2026-09-23,keep
/compare/matter-vs-karakeep,comparison,compare:matter-vs-karakeep,en,index,https://www.marqly.com/compare/matter-vs-karakeep,"Matter vs Karakeep: Which Is Better? (2026)","Matter vs Karakeep compared feature by feature — pricing, platforms, search, highlights — plus the AI-first option both sides overlook.",published,14,196,pending-export,pending-export,pending-export,pending-export,pending-export,pending-export,pending-export,pending-export,pending-export,pending-export,,2026-09-23,keep
/compare/matter-vs-linkwarden,comparison,compare:matter-vs-linkwarden,en,index,https://www.marqly.com/compare/matter-vs-linkwarden,"Matter vs Linkwarden: Which Is Better? (2026)","Matter vs Linkwarden compared feature by feature — pricing, platforms, search, highlights — plus the AI-first option both sides overlook.",published,13,195,pending-export,pending-export,pending-export,pending-export,pending-export,pending-export,pending-export,pending-export,pending-export,pending-export,,2026-09-23,keep
/compare/matter-vs-mymind,comparison,compare:matter-vs-mymind,en,index,https://www.marqly.com/compare/matter-vs-mymind,"Matter vs mymind: Which Is Better? (2026)","Matter vs mymind compared feature by feature — pricing, platforms, search, highlights — plus the AI-first option both sides overlook.",published,15,196,pending-export,pending-export,pending-export,pending-export,pending-export,pending-export,pending-export,pending-export,pending-export,pending-export,,2026-09-23,keep
/compare/matter-vs-notion-web-clipper,comparison,compare:matter-vs-notion-web-clipper,en,index,https://www.marqly.com/compare/matter-vs-notion-web-clipper,"Matter vs Notion Web Clipper: Which Is Better? (2026)","Matter vs Notion Web Clipper compared feature by feature — pricing, platforms, search, highlights — plus the AI-first option both sides overlook.",published,17,196,pending-export,pending-export,pending-export,pending-export,pending-export,pending-export,pending-export,pending-export,pending-export,pending-export,,2026-09-23,keep
/compare/matter-vs-obsidian-web-clipper,comparison,compare:matter-vs-obsidian-web-clipper,en,index,https://www.marqly.com/compare/matter-vs-obsidian-web-clipper,"Matter vs Obsidian Web Clipper: Which Is Better? (2026)","Matter vs Obsidian Web Clipper compared feature by feature — pricing, platforms, search, highlights — plus the AI-first option both sides overlook.",published,18,195,pending-export,pending-export,pending-export,pending-export,pending-export,pending-export,pending-export,pending-export,pending-export,pending-export,,2026-09-23,keep
/compare/matter-vs-omnivore,comparison,compare:matter-vs-omnivore,en,index,https://www.marqly.com/compare/matter-vs-omnivore,"Matter vs Omnivore: Which Is Better? (2026)","Matter vs Omnivore compared feature by feature — pricing, platforms, search, highlights — plus the AI-first option both sides overlook.",published,11,195,pending-export,pending-export,pending-export,pending-export,pending-export,pending-export,pending-export,pending-export,pending-export,pending-export,,2026-09-23,keep
/compare/matter-vs-onetab,comparison,compare:matter-vs-onetab,en,index,https://www.marqly.com/compare/matter-vs-onetab,"Matter vs OneTab: Which Is Better? (2026)","Matter vs OneTab compared feature by feature — pricing, platforms, search, highlights — plus the AI-first option both sides overlook.",published,19,195,pending-export,pending-export,pending-export,pending-export,pending-export,pending-export,pending-export,pending-export,pending-export,pending-export,,2026-09-23,keep
/compare/matter-vs-toby,comparison,compare:matter-vs-toby,en,index,https://www.marqly.com/compare/matter-vs-toby,"Matter vs Toby: Which Is Better? (2026)","Matter vs Toby compared feature by feature — pricing, platforms, search, highlights — plus the AI-first option both sides overlook.",published,20,195,pending-export,pending-export,pending-export,pending-export,pending-export,pending-export,pending-export,pending-export,pending-export,pending-export,,2026-09-23,keep
/compare/matter-vs-wallabag,comparison,compare:matter-vs-wallabag,en,index,https://www.marqly.com/compare/matter-vs-wallabag,"Matter vs Wallabag: Which Is Better? (2026)","Matter vs Wallabag compared feature by feature — pricing, platforms, search, highlights — plus the AI-first option both sides overlook.",published,12,195,pending-export,pending-export,pending-export,pending-export,pending-export,pending-export,pending-export,pending-export,pending-export,pending-export,,2026-09-23,keep
/compare/mymind-vs-anybox,comparison,compare:mymind-vs-anybox,en,index,https://www.marqly.com/compare/mymind-vs-anybox,"mymind vs Anybox: Which Is Better? (2026)","mymind vs Anybox compared feature by feature — pricing, platforms, search, highlights — plus the AI-first option both sides overlook.",published,17,186,pending-export,pending-export,pending-export,pending-export,pending-export,pending-export,pending-export,pending-export,pending-export,pending-export,,2026-09-23,keep
/compare/mymind-vs-evernote-web-clipper,comparison,compare:mymind-vs-evernote-web-clipper,en,index,https://www.marqly.com/compare/mymind-vs-evernote-web-clipper,"mymind vs Evernote Web Clipper: Which Is Better? (2026)","mymind vs Evernote Web Clipper compared feature by feature — pricing, platforms, search, highlights — plus the AI-first option both sides overlook.",published,21,195,pending-export,pending-export,pending-export,pending-export,pending-export,pending-export,pending-export,pending-export,pending-export,pending-export,,2026-09-23,keep
/compare/mymind-vs-notion-web-clipper,comparison,compare:mymind-vs-notion-web-clipper,en,index,https://www.marqly.com/compare/mymind-vs-notion-web-clipper,"mymind vs Notion Web Clipper: Which Is Better? (2026)","mymind vs Notion Web Clipper compared feature by feature — pricing, platforms, search, highlights — plus the AI-first option both sides overlook.",published,22,196,pending-export,pending-export,pending-export,pending-export,pending-export,pending-export,pending-export,pending-export,pending-export,pending-export,,2026-09-23,keep
/compare/mymind-vs-obsidian-web-clipper,comparison,compare:mymind-vs-obsidian-web-clipper,en,index,https://www.marqly.com/compare/mymind-vs-obsidian-web-clipper,"mymind vs Obsidian Web Clipper: Which Is Better? (2026)","mymind vs Obsidian Web Clipper compared feature by feature — pricing, platforms, search, highlights — plus the AI-first option both sides overlook.",published,23,195,pending-export,pending-export,pending-export,pending-export,pending-export,pending-export,pending-export,pending-export,pending-export,pending-export,,2026-09-23,keep
/compare/mymind-vs-onetab,comparison,compare:mymind-vs-onetab,en,index,https://www.marqly.com/compare/mymind-vs-onetab,"mymind vs OneTab: Which Is Better? (2026)","mymind vs OneTab compared feature by feature — pricing, platforms, search, highlights — plus the AI-first option both sides overlook.",published,24,195,pending-export,pending-export,pending-export,pending-export,pending-export,pending-export,pending-export,pending-export,pending-export,pending-export,,2026-09-23,keep
/compare/mymind-vs-toby,comparison,compare:mymind-vs-toby,en,index,https://www.marqly.com/compare/mymind-vs-toby,"mymind vs Toby: Which Is Better? (2026)","mymind vs Toby compared feature by feature — pricing, platforms, search, highlights — plus the AI-first option both sides overlook.",published,25,195,pending-export,pending-export,pending-export,pending-export,pending-export,pending-export,pending-export,pending-export,pending-export,pending-export,,2026-09-23,keep
/compare/notion-web-clipper-vs-anybox,comparison,compare:notion-web-clipper-vs-anybox,en,index,https://www.marqly.com/compare/notion-web-clipper-vs-anybox,"Notion Web Clipper vs Anybox: Which Is Better? (2026)","Notion Web Clipper vs Anybox compared feature by feature — pricing, platforms, search, highlights — plus the AI-first option both sides overlook.",published,18,186,pending-export,pending-export,pending-export,pending-export,pending-export,pending-export,pending-export,pending-export,pending-export,pending-export,,2026-09-23,keep
/compare/notion-web-clipper-vs-obsidian-web-clipper,comparison,compare:notion-web-clipper-vs-obsidian-web-clipper,en,index,https://www.marqly.com/compare/notion-web-clipper-vs-obsidian-web-clipper,"Notion Web Clipper vs Obsidian Web Clipper: Which Is Better? (2026)","Notion Web Clipper vs Obsidian Web Clipper compared feature by feature — pricing, platforms, search, highlights — plus the AI-first option both sides overlook.",published,25,195,pending-export,pending-export,pending-export,pending-export,pending-export,pending-export,pending-export,pending-export,pending-export,pending-export,,2026-09-23,keep
/compare/notion-web-clipper-vs-onetab,comparison,compare:notion-web-clipper-vs-onetab,en,index,https://www.marqly.com/compare/notion-web-clipper-vs-onetab,"Notion Web Clipper vs OneTab: Which Is Better? (2026)","Notion Web Clipper vs OneTab compared feature by feature — pricing, platforms, search, highlights — plus the AI-first option both sides overlook.",published,26,195,pending-export,pending-export,pending-export,pending-export,pending-export,pending-export,pending-export,pending-export,pending-export,pending-export,,2026-09-23,keep
/compare/notion-web-clipper-vs-toby,comparison,compare:notion-web-clipper-vs-toby,en,index,https://www.marqly.com/compare/notion-web-clipper-vs-toby,"Notion Web Clipper vs Toby: Which Is Better? (2026)","Notion Web Clipper vs Toby compared feature by feature — pricing, platforms, search, highlights — plus the AI-first option both sides overlook.",published,27,195,pending-export,pending-export,pending-export,pending-export,pending-export,pending-export,pending-export,pending-export,pending-export,pending-export,,2026-09-23,keep
/compare/obsidian-web-clipper-vs-onetab,comparison,compare:obsidian-web-clipper-vs-onetab,en,index,https://www.marqly.com/compare/obsidian-web-clipper-vs-onetab,"Obsidian Web Clipper vs OneTab: Which Is Better? (2026)","Obsidian Web Clipper vs OneTab compared feature by feature — pricing, platforms, search, highlights — plus the AI-first option both sides overlook.",published,27,195,pending-export,pending-export,pending-export,pending-export,pending-export,pending-export,pending-export,pending-export,pending-export,pending-export,,2026-09-23,keep
/compare/obsidian-web-clipper-vs-toby,comparison,compare:obsidian-web-clipper-vs-toby,en,index,https://www.marqly.com/compare/obsidian-web-clipper-vs-toby,"Obsidian Web Clipper vs Toby: Which Is Better? (2026)","Obsidian Web Clipper vs Toby compared feature by feature — pricing, platforms, search, highlights — plus the AI-first option both sides overlook.",published,28,195,pending-export,pending-export,pending-export,pending-export,pending-export,pending-export,pending-export,pending-export,pending-export,pending-export,,2026-09-23,keep
/compare/omnivore-vs-evernote-web-clipper,comparison,compare:omnivore-vs-evernote-web-clipper,en,index,https://www.marqly.com/compare/omnivore-vs-evernote-web-clipper,"Omnivore vs Evernote Web Clipper: Which Is Better? (2026)","Omnivore vs Evernote Web Clipper compared feature by feature — pricing, platforms, search, highlights — plus the AI-first option both sides overlook.",published,17,195,pending-export,pending-export,pending-export,pending-export,pending-export,pending-export,pending-export,pending-export,pending-export,pending-export,,2026-09-23,keep
/compare/omnivore-vs-karakeep,comparison,compare:omnivore-vs-karakeep,en,index,https://www.marqly.com/compare/omnivore-vs-karakeep,"Omnivore vs Karakeep: Which Is Better? (2026)","Omnivore vs Karakeep compared feature by feature — pricing, platforms, search, highlights — plus the AI-first option both sides overlook.",published,15,196,pending-export,pending-export,pending-export,pending-export,pending-export,pending-export,pending-export,pending-export,pending-export,pending-export,,2026-09-23,keep
/compare/omnivore-vs-linkwarden,comparison,compare:omnivore-vs-linkwarden,en,index,https://www.marqly.com/compare/omnivore-vs-linkwarden,"Omnivore vs Linkwarden: Which Is Better? (2026)","Omnivore vs Linkwarden compared feature by feature — pricing, platforms, search, highlights — plus the AI-first option both sides overlook.",published,14,195,pending-export,pending-export,pending-export,pending-export,pending-export,pending-export,pending-export,pending-export,pending-export,pending-export,,2026-09-23,keep
/compare/omnivore-vs-mymind,comparison,compare:omnivore-vs-mymind,en,index,https://www.marqly.com/compare/omnivore-vs-mymind,"Omnivore vs mymind: Which Is Better? (2026)","Omnivore vs mymind compared feature by feature — pricing, platforms, search, highlights — plus the AI-first option both sides overlook.",published,16,196,pending-export,pending-export,pending-export,pending-export,pending-export,pending-export,pending-export,pending-export,pending-export,pending-export,,2026-09-23,keep
/compare/omnivore-vs-notion-web-clipper,comparison,compare:omnivore-vs-notion-web-clipper,en,index,https://www.marqly.com/compare/omnivore-vs-notion-web-clipper,"Omnivore vs Notion Web Clipper: Which Is Better? (2026)","Omnivore vs Notion Web Clipper compared feature by feature — pricing, platforms, search, highlights — plus the AI-first option both sides overlook.",published,18,196,pending-export,pending-export,pending-export,pending-export,pending-export,pending-export,pending-export,pending-export,pending-export,pending-export,,2026-09-23,keep
/compare/omnivore-vs-obsidian-web-clipper,comparison,compare:omnivore-vs-obsidian-web-clipper,en,index,https://www.marqly.com/compare/omnivore-vs-obsidian-web-clipper,"Omnivore vs Obsidian Web Clipper: Which Is Better? (2026)","Omnivore vs Obsidian Web Clipper compared feature by feature — pricing, platforms, search, highlights — plus the AI-first option both sides overlook.",published,19,195,pending-export,pending-export,pending-export,pending-export,pending-export,pending-export,pending-export,pending-export,pending-export,pending-export,,2026-09-23,keep
/compare/omnivore-vs-onetab,comparison,compare:omnivore-vs-onetab,en,index,https://www.marqly.com/compare/omnivore-vs-onetab,"Omnivore vs OneTab: Which Is Better? (2026)","Omnivore vs OneTab compared feature by feature — pricing, platforms, search, highlights — plus the AI-first option both sides overlook.",published,20,195,pending-export,pending-export,pending-export,pending-export,pending-export,pending-export,pending-export,pending-export,pending-export,pending-export,,2026-09-23,keep
/compare/omnivore-vs-toby,comparison,compare:omnivore-vs-toby,en,index,https://www.marqly.com/compare/omnivore-vs-toby,"Omnivore vs Toby: Which Is Better? (2026)","Omnivore vs Toby compared feature by feature — pricing, platforms, search, highlights — plus the AI-first option both sides overlook.",published,21,195,pending-export,pending-export,pending-export,pending-export,pending-export,pending-export,pending-export,pending-export,pending-export,pending-export,,2026-09-23,keep
/compare/omnivore-vs-wallabag,comparison,compare:omnivore-vs-wallabag,en,index,https://www.marqly.com/compare/omnivore-vs-wallabag,"Omnivore vs Wallabag: Which Is Better? (2026)","Omnivore vs Wallabag compared feature by feature — pricing, platforms, search, highlights — plus the AI-first option both sides overlook.",published,13,195,pending-export,pending-export,pending-export,pending-export,pending-export,pending-export,pending-export,pending-export,pending-export,pending-export,,2026-09-23,keep
/compare/onetab-vs-toby,comparison,compare:onetab-vs-toby,en,index,https://www.marqly.com/compare/onetab-vs-toby,"OneTab vs Toby: Which Is Better? (2026)","OneTab vs Toby compared feature by feature — pricing, platforms, search, highlights — plus the AI-first option both sides overlook.",published,29,195,pending-export,pending-export,pending-export,pending-export,pending-export,pending-export,pending-export,pending-export,pending-export,pending-export,,2026-09-23,keep
/compare/pocket-vs-evernote-web-clipper,comparison,compare:pocket-vs-evernote-web-clipper,en,index,https://www.marqly.com/compare/pocket-vs-evernote-web-clipper,"Pocket vs Evernote Web Clipper: Which Is Better? (2026)","Pocket vs Evernote Web Clipper compared feature by feature — pricing, platforms, search, highlights — plus the AI-first option both sides overlook.",published,12,195,pending-export,pending-export,pending-export,pending-export,pending-export,pending-export,pending-export,pending-export,pending-export,pending-export,,2026-09-23,keep
/compare/pocket-vs-instapaper,comparison,compare:pocket-vs-instapaper,en,index,https://www.marqly.com/compare/pocket-vs-instapaper,"Pocket vs Instapaper: Which Is Better? (2026)","Pocket vs Instapaper compared feature by feature — pricing, platforms, search, highlights — plus the AI-first option both sides overlook.",published,4,195,pending-export,pending-export,pending-export,pending-export,pending-export,pending-export,pending-export,pending-export,pending-export,pending-export,,2026-09-23,keep
/compare/pocket-vs-karakeep,comparison,compare:pocket-vs-karakeep,en,index,https://www.marqly.com/compare/pocket-vs-karakeep,"Pocket vs Karakeep: Which Is Better? (2026)","Pocket vs Karakeep compared feature by feature — pricing, platforms, search, highlights — plus the AI-first option both sides overlook.",published,10,196,pending-export,pending-export,pending-export,pending-export,pending-export,pending-export,pending-export,pending-export,pending-export,pending-export,,2026-09-23,keep
/compare/pocket-vs-linkwarden,comparison,compare:pocket-vs-linkwarden,en,index,https://www.marqly.com/compare/pocket-vs-linkwarden,"Pocket vs Linkwarden: Which Is Better? (2026)","Pocket vs Linkwarden compared feature by feature — pricing, platforms, search, highlights — plus the AI-first option both sides overlook.",published,9,195,pending-export,pending-export,pending-export,pending-export,pending-export,pending-export,pending-export,pending-export,pending-export,pending-export,,2026-09-23,keep
/compare/pocket-vs-matter,comparison,compare:pocket-vs-matter,en,index,https://www.marqly.com/compare/pocket-vs-matter,"Pocket vs Matter: Which Is Better? (2026)","Pocket vs Matter compared feature by feature — pricing, platforms, search, highlights — plus the AI-first option both sides overlook.",published,6,195,pending-export,pending-export,pending-export,pending-export,pending-export,pending-export,pending-export,pending-export,pending-export,pending-export,,2026-09-23,keep
/compare/pocket-vs-mymind,comparison,compare:pocket-vs-mymind,en,index,https://www.marqly.com/compare/pocket-vs-mymind,"Pocket vs mymind: Which Is Better? (2026)","Pocket vs mymind compared feature by feature — pricing, platforms, search, highlights — plus the AI-first option both sides overlook.",published,11,196,pending-export,pending-export,pending-export,pending-export,pending-export,pending-export,pending-export,pending-export,pending-export,pending-export,,2026-09-23,keep
/compare/pocket-vs-notion-web-clipper,comparison,compare:pocket-vs-notion-web-clipper,en,index,https://www.marqly.com/compare/pocket-vs-notion-web-clipper,"Pocket vs Notion Web Clipper: Which Is Better? (2026)","Pocket vs Notion Web Clipper compared feature by feature — pricing, platforms, search, highlights — plus the AI-first option both sides overlook.",published,13,196,pending-export,pending-export,pending-export,pending-export,pending-export,pending-export,pending-export,pending-export,pending-export,pending-export,,2026-09-23,keep
/compare/pocket-vs-obsidian-web-clipper,comparison,compare:pocket-vs-obsidian-web-clipper,en,index,https://www.marqly.com/compare/pocket-vs-obsidian-web-clipper,"Pocket vs Obsidian Web Clipper: Which Is Better? (2026)","Pocket vs Obsidian Web Clipper compared feature by feature — pricing, platforms, search, highlights — plus the AI-first option both sides overlook.",published,14,195,pending-export,pending-export,pending-export,pending-export,pending-export,pending-export,pending-export,pending-export,pending-export,pending-export,,2026-09-23,keep
/compare/pocket-vs-omnivore,comparison,compare:pocket-vs-omnivore,en,index,https://www.marqly.com/compare/pocket-vs-omnivore,"Pocket vs Omnivore: Which Is Better? (2026)","Pocket vs Omnivore compared feature by feature — pricing, platforms, search, highlights — plus the AI-first option both sides overlook.",published,7,195,pending-export,pending-export,pending-export,pending-export,pending-export,pending-export,pending-export,pending-export,pending-export,pending-export,,2026-09-23,keep
/compare/pocket-vs-onetab,comparison,compare:pocket-vs-onetab,en,index,https://www.marqly.com/compare/pocket-vs-onetab,"Pocket vs OneTab: Which Is Better? (2026)","Pocket vs OneTab compared feature by feature — pricing, platforms, search, highlights — plus the AI-first option both sides overlook.",published,15,195,pending-export,pending-export,pending-export,pending-export,pending-export,pending-export,pending-export,pending-export,pending-export,pending-export,,2026-09-23,keep
/compare/pocket-vs-raindrop,comparison,compare:pocket-vs-raindrop,en,index,https://www.marqly.com/compare/pocket-vs-raindrop,"Pocket vs Raindrop.io: Which Is Better? (2026)","Pocket vs Raindrop.io compared feature by feature — pricing, platforms, search, highlights — plus the AI-first option both sides overlook.",published,3,196,pending-export,pending-export,pending-export,pending-export,pending-export,pending-export,pending-export,pending-export,pending-export,pending-export,,2026-09-23,keep
/compare/pocket-vs-readwise-reader,comparison,compare:pocket-vs-readwise-reader,en,index,https://www.marqly.com/compare/pocket-vs-readwise-reader,"Pocket vs Readwise Reader: Which Is Better? (2026)","Pocket vs Readwise Reader compared feature by feature — pricing, platforms, search, highlights — plus the AI-first option both sides overlook.",published,6,197,pending-export,pending-export,pending-export,pending-export,pending-export,pending-export,pending-export,pending-export,pending-export,pending-export,,2026-09-23,keep
/compare/pocket-vs-toby,comparison,compare:pocket-vs-toby,en,index,https://www.marqly.com/compare/pocket-vs-toby,"Pocket vs Toby: Which Is Better? (2026)","Pocket vs Toby compared feature by feature — pricing, platforms, search, highlights — plus the AI-first option both sides overlook.",published,16,195,pending-export,pending-export,pending-export,pending-export,pending-export,pending-export,pending-export,pending-export,pending-export,pending-export,,2026-09-23,keep
/compare/pocket-vs-wallabag,comparison,compare:pocket-vs-wallabag,en,index,https://www.marqly.com/compare/pocket-vs-wallabag,"Pocket vs Wallabag: Which Is Better? (2026)","Pocket vs Wallabag compared feature by feature — pricing, platforms, search, highlights — plus the AI-first option both sides overlook.",published,8,195,pending-export,pending-export,pending-export,pending-export,pending-export,pending-export,pending-export,pending-export,pending-export,pending-export,,2026-09-23,keep
/compare/raindrop-vs-anybox,comparison,compare:raindrop-vs-anybox,en,index,https://www.marqly.com/compare/raindrop-vs-anybox,"Raindrop.io vs Anybox: Which Is Better? (2026)","Raindrop.io vs Anybox compared feature by feature — pricing, platforms, search, highlights — plus the AI-first option both sides overlook.",published,8,186,pending-export,pending-export,pending-export,pending-export,pending-export,pending-export,pending-export,pending-export,pending-export,pending-export,,2026-09-23,keep
/compare/raindrop-vs-evernote-web-clipper,comparison,compare:raindrop-vs-evernote-web-clipper,en,index,https://www.marqly.com/compare/raindrop-vs-evernote-web-clipper,"Raindrop.io vs Evernote Web Clipper: Which Is Better? (2026)","Raindrop.io vs Evernote Web Clipper compared feature by feature — pricing, platforms, search, highlights — plus the AI-first option both sides overlook.",published,13,195,pending-export,pending-export,pending-export,pending-export,pending-export,pending-export,pending-export,pending-export,pending-export,pending-export,,2026-09-23,keep
/compare/raindrop-vs-instapaper,comparison,compare:raindrop-vs-instapaper,en,index,https://www.marqly.com/compare/raindrop-vs-instapaper,"Raindrop.io vs Instapaper: Which Is Better? (2026)","Raindrop.io vs Instapaper compared feature by feature — pricing, platforms, search, highlights — plus the AI-first option both sides overlook.",published,5,195,pending-export,pending-export,pending-export,pending-export,pending-export,pending-export,pending-export,pending-export,pending-export,pending-export,,2026-09-23,keep
/compare/raindrop-vs-karakeep,comparison,compare:raindrop-vs-karakeep,en,index,https://www.marqly.com/compare/raindrop-vs-karakeep,"Raindrop.io vs Karakeep: Which Is Better? (2026)","Raindrop.io vs Karakeep compared feature by feature — pricing, platforms, search, highlights — plus the AI-first option both sides overlook.",published,11,196,pending-export,pending-export,pending-export,pending-export,pending-export,pending-export,pending-export,pending-export,pending-export,pending-export,,2026-09-23,keep
/compare/raindrop-vs-linkwarden,comparison,compare:raindrop-vs-linkwarden,en,index,https://www.marqly.com/compare/raindrop-vs-linkwarden,"Raindrop.io vs Linkwarden: Which Is Better? (2026)","Raindrop.io vs Linkwarden compared feature by feature — pricing, platforms, search, highlights — plus the AI-first option both sides overlook.",published,10,195,pending-export,pending-export,pending-export,pending-export,pending-export,pending-export,pending-export,pending-export,pending-export,pending-export,,2026-09-23,keep
/compare/raindrop-vs-matter,comparison,compare:raindrop-vs-matter,en,index,https://www.marqly.com/compare/raindrop-vs-matter,"Raindrop.io vs Matter: Which Is Better? (2026)","Raindrop.io vs Matter compared feature by feature — pricing, platforms, search, highlights — plus the AI-first option both sides overlook.",published,7,195,pending-export,pending-export,pending-export,pending-export,pending-export,pending-export,pending-export,pending-export,pending-export,pending-export,,2026-09-23,keep
/compare/raindrop-vs-mymind,comparison,compare:raindrop-vs-mymind,en,index,https://www.marqly.com/compare/raindrop-vs-mymind,"Raindrop.io vs mymind: Which Is Better? (2026)","Raindrop.io vs mymind compared feature by feature — pricing, platforms, search, highlights — plus the AI-first option both sides overlook.",published,12,196,pending-export,pending-export,pending-export,pending-export,pending-export,pending-export,pending-export,pending-export,pending-export,pending-export,,2026-09-23,keep
/compare/raindrop-vs-notion-web-clipper,comparison,compare:raindrop-vs-notion-web-clipper,en,index,https://www.marqly.com/compare/raindrop-vs-notion-web-clipper,"Raindrop.io vs Notion Web Clipper: Which Is Better? (2026)","Raindrop.io vs Notion Web Clipper compared feature by feature — pricing, platforms, search, highlights — plus the AI-first option both sides overlook.",published,14,196,pending-export,pending-export,pending-export,pending-export,pending-export,pending-export,pending-export,pending-export,pending-export,pending-export,,2026-09-23,keep
/compare/raindrop-vs-obsidian-web-clipper,comparison,compare:raindrop-vs-obsidian-web-clipper,en,index,https://www.marqly.com/compare/raindrop-vs-obsidian-web-clipper,"Raindrop.io vs Obsidian Web Clipper: Which Is Better? (2026)","Raindrop.io vs Obsidian Web Clipper compared feature by feature — pricing, platforms, search, highlights — plus the AI-first option both sides overlook.",published,15,195,pending-export,pending-export,pending-export,pending-export,pending-export,pending-export,pending-export,pending-export,pending-export,pending-export,,2026-09-23,keep
/compare/raindrop-vs-omnivore,comparison,compare:raindrop-vs-omnivore,en,index,https://www.marqly.com/compare/raindrop-vs-omnivore,"Raindrop.io vs Omnivore: Which Is Better? (2026)","Raindrop.io vs Omnivore compared feature by feature — pricing, platforms, search, highlights — plus the AI-first option both sides overlook.",published,8,195,pending-export,pending-export,pending-export,pending-export,pending-export,pending-export,pending-export,pending-export,pending-export,pending-export,,2026-09-23,keep
/compare/raindrop-vs-onetab,comparison,compare:raindrop-vs-onetab,en,index,https://www.marqly.com/compare/raindrop-vs-onetab,"Raindrop.io vs OneTab: Which Is Better? (2026)","Raindrop.io vs OneTab compared feature by feature — pricing, platforms, search, highlights — plus the AI-first option both sides overlook.",published,16,195,pending-export,pending-export,pending-export,pending-export,pending-export,pending-export,pending-export,pending-export,pending-export,pending-export,,2026-09-23,keep
/compare/raindrop-vs-readwise-reader,comparison,compare:raindrop-vs-readwise-reader,en,index,https://www.marqly.com/compare/raindrop-vs-readwise-reader,"Raindrop.io vs Readwise Reader: Which Is Better? (2026)","Raindrop.io vs Readwise Reader compared feature by feature — pricing, platforms, search, highlights — plus the AI-first option both sides overlook.",published,7,197,pending-export,pending-export,pending-export,pending-export,pending-export,pending-export,pending-export,pending-export,pending-export,pending-export,,2026-09-23,keep
/compare/raindrop-vs-toby,comparison,compare:raindrop-vs-toby,en,index,https://www.marqly.com/compare/raindrop-vs-toby,"Raindrop.io vs Toby: Which Is Better? (2026)","Raindrop.io vs Toby compared feature by feature — pricing, platforms, search, highlights — plus the AI-first option both sides overlook.",published,17,195,pending-export,pending-export,pending-export,pending-export,pending-export,pending-export,pending-export,pending-export,pending-export,pending-export,,2026-09-23,keep
/compare/raindrop-vs-wallabag,comparison,compare:raindrop-vs-wallabag,en,index,https://www.marqly.com/compare/raindrop-vs-wallabag,"Raindrop.io vs Wallabag: Which Is Better? (2026)","Raindrop.io vs Wallabag compared feature by feature — pricing, platforms, search, highlights — plus the AI-first option both sides overlook.",published,9,195,pending-export,pending-export,pending-export,pending-export,pending-export,pending-export,pending-export,pending-export,pending-export,pending-export,,2026-09-23,keep
/compare/readwise-reader-vs-anybox,comparison,compare:readwise-reader-vs-anybox,en,index,https://www.marqly.com/compare/readwise-reader-vs-anybox,"Readwise Reader vs Anybox: Which Is Better? (2026)","Readwise Reader vs Anybox compared feature by feature — pricing, platforms, search, highlights — plus the AI-first option both sides overlook.",published,11,186,pending-export,pending-export,pending-export,pending-export,pending-export,pending-export,pending-export,pending-export,pending-export,pending-export,,2026-09-23,keep
/compare/readwise-reader-vs-evernote-web-clipper,comparison,compare:readwise-reader-vs-evernote-web-clipper,en,index,https://www.marqly.com/compare/readwise-reader-vs-evernote-web-clipper,"Readwise Reader vs Evernote Web Clipper: Which Is Better? (2026)","Readwise Reader vs Evernote Web Clipper compared feature by feature — pricing, platforms, search, highlights — plus the AI-first option both sides overlook.",published,16,195,pending-export,pending-export,pending-export,pending-export,pending-export,pending-export,pending-export,pending-export,pending-export,pending-export,,2026-09-23,keep
/compare/readwise-reader-vs-karakeep,comparison,compare:readwise-reader-vs-karakeep,en,index,https://www.marqly.com/compare/readwise-reader-vs-karakeep,"Readwise Reader vs Karakeep: Which Is Better? (2026)","Readwise Reader vs Karakeep compared feature by feature — pricing, platforms, search, highlights — plus the AI-first option both sides overlook.",published,14,196,pending-export,pending-export,pending-export,pending-export,pending-export,pending-export,pending-export,pending-export,pending-export,pending-export,,2026-09-23,keep
/compare/readwise-reader-vs-linkwarden,comparison,compare:readwise-reader-vs-linkwarden,en,index,https://www.marqly.com/compare/readwise-reader-vs-linkwarden,"Readwise Reader vs Linkwarden: Which Is Better? (2026)","Readwise Reader vs Linkwarden compared feature by feature — pricing, platforms, search, highlights — plus the AI-first option both sides overlook.",published,13,195,pending-export,pending-export,pending-export,pending-export,pending-export,pending-export,pending-export,pending-export,pending-export,pending-export,,2026-09-23,keep
/compare/readwise-reader-vs-matter,comparison,compare:readwise-reader-vs-matter,en,index,https://www.marqly.com/compare/readwise-reader-vs-matter,"Readwise Reader vs Matter: Which Is Better? (2026)","Readwise Reader vs Matter compared feature by feature — pricing, platforms, search, highlights — plus the AI-first option both sides overlook.",published,10,195,pending-export,pending-export,pending-export,pending-export,pending-export,pending-export,pending-export,pending-export,pending-export,pending-export,,2026-09-23,keep
/compare/readwise-reader-vs-mymind,comparison,compare:readwise-reader-vs-mymind,en,index,https://www.marqly.com/compare/readwise-reader-vs-mymind,"Readwise Reader vs mymind: Which Is Better? (2026)","Readwise Reader vs mymind compared feature by feature — pricing, platforms, search, highlights — plus the AI-first option both sides overlook.",published,15,196,pending-export,pending-export,pending-export,pending-export,pending-export,pending-export,pending-export,pending-export,pending-export,pending-export,,2026-09-23,keep
/compare/readwise-reader-vs-notion-web-clipper,comparison,compare:readwise-reader-vs-notion-web-clipper,en,index,https://www.marqly.com/compare/readwise-reader-vs-notion-web-clipper,"Readwise Reader vs Notion Web Clipper: Which Is Better? (2026)","Readwise Reader vs Notion Web Clipper compared feature by feature — pricing, platforms, search, highlights — plus the AI-first option both sides overlook.",published,17,196,pending-export,pending-export,pending-export,pending-export,pending-export,pending-export,pending-export,pending-export,pending-export,pending-export,,2026-09-23,keep
/compare/readwise-reader-vs-obsidian-web-clipper,comparison,compare:readwise-reader-vs-obsidian-web-clipper,en,index,https://www.marqly.com/compare/readwise-reader-vs-obsidian-web-clipper,"Readwise Reader vs Obsidian Web Clipper: Which Is Better? (2026)","Readwise Reader vs Obsidian Web Clipper compared feature by feature — pricing, platforms, search, highlights — plus the AI-first option both sides overlook.",published,18,195,pending-export,pending-export,pending-export,pending-export,pending-export,pending-export,pending-export,pending-export,pending-export,pending-export,,2026-09-23,keep
/compare/readwise-reader-vs-omnivore,comparison,compare:readwise-reader-vs-omnivore,en,index,https://www.marqly.com/compare/readwise-reader-vs-omnivore,"Readwise Reader vs Omnivore: Which Is Better? (2026)","Readwise Reader vs Omnivore compared feature by feature — pricing, platforms, search, highlights — plus the AI-first option both sides overlook.",published,11,195,pending-export,pending-export,pending-export,pending-export,pending-export,pending-export,pending-export,pending-export,pending-export,pending-export,,2026-09-23,keep
/compare/readwise-reader-vs-onetab,comparison,compare:readwise-reader-vs-onetab,en,index,https://www.marqly.com/compare/readwise-reader-vs-onetab,"Readwise Reader vs OneTab: Which Is Better? (2026)","Readwise Reader vs OneTab compared feature by feature — pricing, platforms, search, highlights — plus the AI-first option both sides overlook.",published,19,195,pending-export,pending-export,pending-export,pending-export,pending-export,pending-export,pending-export,pending-export,pending-export,pending-export,,2026-09-23,keep
/compare/readwise-reader-vs-toby,comparison,compare:readwise-reader-vs-toby,en,index,https://www.marqly.com/compare/readwise-reader-vs-toby,"Readwise Reader vs Toby: Which Is Better? (2026)","Readwise Reader vs Toby compared feature by feature — pricing, platforms, search, highlights — plus the AI-first option both sides overlook.",published,20,195,pending-export,pending-export,pending-export,pending-export,pending-export,pending-export,pending-export,pending-export,pending-export,pending-export,,2026-09-23,keep
/compare/readwise-reader-vs-wallabag,comparison,compare:readwise-reader-vs-wallabag,en,index,https://www.marqly.com/compare/readwise-reader-vs-wallabag,"Readwise Reader vs Wallabag: Which Is Better? (2026)","Readwise Reader vs Wallabag compared feature by feature — pricing, platforms, search, highlights — plus the AI-first option both sides overlook.",published,12,195,pending-export,pending-export,pending-export,pending-export,pending-export,pending-export,pending-export,pending-export,pending-export,pending-export,,2026-09-23,keep
/compare/readwise-vs-readwise-reader,comparison,compare:readwise-vs-readwise-reader,en,index,https://www.marqly.com/compare/readwise-vs-readwise-reader,"Readwise vs Readwise Reader: Which Is Better? (2026)","Readwise vs Readwise Reader compared feature by feature — pricing, platforms, search, highlights — plus the AI-first option both sides overlook.",published,6,197,pending-export,pending-export,pending-export,pending-export,pending-export,pending-export,pending-export,pending-export,pending-export,pending-export,,2026-09-23,keep
/compare/wallabag-vs-evernote-web-clipper,comparison,compare:wallabag-vs-evernote-web-clipper,en,index,https://www.marqly.com/compare/wallabag-vs-evernote-web-clipper,"Wallabag vs Evernote Web Clipper: Which Is Better? (2026)","Wallabag vs Evernote Web Clipper compared feature by feature — pricing, platforms, search, highlights — plus the AI-first option both sides overlook.",published,18,195,pending-export,pending-export,pending-export,pending-export,pending-export,pending-export,pending-export,pending-export,pending-export,pending-export,,2026-09-23,keep
/compare/wallabag-vs-karakeep,comparison,compare:wallabag-vs-karakeep,en,index,https://www.marqly.com/compare/wallabag-vs-karakeep,"Wallabag vs Karakeep: Which Is Better? (2026)","Wallabag vs Karakeep compared feature by feature — pricing, platforms, search, highlights — plus the AI-first option both sides overlook.",published,16,196,pending-export,pending-export,pending-export,pending-export,pending-export,pending-export,pending-export,pending-export,pending-export,pending-export,,2026-09-23,keep
/compare/wallabag-vs-linkwarden,comparison,compare:wallabag-vs-linkwarden,en,index,https://www.marqly.com/compare/wallabag-vs-linkwarden,"Wallabag vs Linkwarden: Which Is Better? (2026)","Wallabag vs Linkwarden compared feature by feature — pricing, platforms, search, highlights — plus the AI-first option both sides overlook.",published,15,195,pending-export,pending-export,pending-export,pending-export,pending-export,pending-export,pending-export,pending-export,pending-export,pending-export,,2026-09-23,keep
/compare/wallabag-vs-mymind,comparison,compare:wallabag-vs-mymind,en,index,https://www.marqly.com/compare/wallabag-vs-mymind,"Wallabag vs mymind: Which Is Better? (2026)","Wallabag vs mymind compared feature by feature — pricing, platforms, search, highlights — plus the AI-first option both sides overlook.",published,17,196,pending-export,pending-export,pending-export,pending-export,pending-export,pending-export,pending-export,pending-export,pending-export,pending-export,,2026-09-23,keep
/compare/wallabag-vs-notion-web-clipper,comparison,compare:wallabag-vs-notion-web-clipper,en,index,https://www.marqly.com/compare/wallabag-vs-notion-web-clipper,"Wallabag vs Notion Web Clipper: Which Is Better? (2026)","Wallabag vs Notion Web Clipper compared feature by feature — pricing, platforms, search, highlights — plus the AI-first option both sides overlook.",published,19,196,pending-export,pending-export,pending-export,pending-export,pending-export,pending-export,pending-export,pending-export,pending-export,pending-export,,2026-09-23,keep
/compare/wallabag-vs-obsidian-web-clipper,comparison,compare:wallabag-vs-obsidian-web-clipper,en,index,https://www.marqly.com/compare/wallabag-vs-obsidian-web-clipper,"Wallabag vs Obsidian Web Clipper: Which Is Better? (2026)","Wallabag vs Obsidian Web Clipper compared feature by feature — pricing, platforms, search, highlights — plus the AI-first option both sides overlook.",published,20,195,pending-export,pending-export,pending-export,pending-export,pending-export,pending-export,pending-export,pending-export,pending-export,pending-export,,2026-09-23,keep
/compare/wallabag-vs-onetab,comparison,compare:wallabag-vs-onetab,en,index,https://www.marqly.com/compare/wallabag-vs-onetab,"Wallabag vs OneTab: Which Is Better? (2026)","Wallabag vs OneTab compared feature by feature — pricing, platforms, search, highlights — plus the AI-first option both sides overlook.",published,21,195,pending-export,pending-export,pending-export,pending-export,pending-export,pending-export,pending-export,pending-export,pending-export,pending-export,,2026-09-23,keep
/compare/wallabag-vs-toby,comparison,compare:wallabag-vs-toby,en,index,https://www.marqly.com/compare/wallabag-vs-toby,"Wallabag vs Toby: Which Is Better? (2026)","Wallabag vs Toby compared feature by feature — pricing, platforms, search, highlights — plus the AI-first option both sides overlook.",published,22,195,pending-export,pending-export,pending-export,pending-export,pending-export,pending-export,pending-export,pending-export,pending-export,pending-export,,2026-09-23,keep
/ja/compare/marqly-vs-evernote,comparison,compare:marqly-vs-evernote,ja,index,https://www.marqly.com/ja/compare/marqly-vs-evernote,"Marqly vs Evernote：重厚なノートアプリかAIブックマークか | Marqly","Evernoteは高機能ですが高額なノートスイート。Marqlyは年額72ドルのAI特化ブックマークツール。機能、価格、使い分けを徹底比較。",published,102,93,pending-export,pending-export,pending-export,pending-export,pending-export,pending-export,pending-export,pending-export,pending-export,pending-export,lang:ja,2026-09-23,keep
/ja/compare/marqly-vs-instapaper,comparison,compare:marqly-vs-instapaper,ja,index,https://www.marqly.com/ja/compare/marqly-vs-instapaper,"Marqly vs Instapaper：読書専用かAIナレッジ管理か | Marqly","純粋な長文読書とオフライン利用ならInstapaper。AIによる自動タグ付け、要約、セマンティック検索ならMarqly。両者の強みと違いを正直に比較。",published,102,93,pending-export,pending-export,pending-export,pending-export,pending-export,pending-export,pending-export,pending-export,pending-export,pending-export,lang:ja,2026-09-23,keep
/ja/compare/marqly-vs-matter,comparison,compare:marqly-vs-matter,ja,index,https://www.marqly.com/ja/compare/marqly-vs-matter,"Marqly vs Matter：音声読み上げリーダーかAI検索か | Marqly","MatterはiOSで最高のオーディオ読み上げと洗練された読書体験を提供。MarqlyはAIによる自動タグ付けとセマンティック検索を提供。違いを比較。",published,102,93,pending-export,pending-export,pending-export,pending-export,pending-export,pending-export,pending-export,pending-export,pending-export,pending-export,lang:ja,2026-09-23,keep
/ja/compare/marqly-vs-notion,comparison,compare:marqly-vs-notion,ja,index,https://www.marqly.com/ja/compare/marqly-vs-notion,"Marqly vs Notion Web Clipper：どちらでWebを保存すべきか | Marqly","Notion Web Clipperは無料ですが保存時にレイアウト崩れが起きやすく手動整理が必要。MarqlyはAIが自動分類しセマンティック検索で呼び出せます。",published,102,93,pending-export,pending-export,pending-export,pending-export,pending-export,pending-export,pending-export,pending-export,pending-export,pending-export,lang:ja,2026-09-23,keep
/ja/compare/marqly-vs-obsidian,comparison,compare:marqly-vs-obsidian,ja,index,https://www.marqly.com/ja/compare/marqly-vs-obsidian,"Marqly vs Obsidian：ローカルMarkdownかAI自動整理か | Marqly","Obsidianはデータを完全に自分のローカルファイルとして保持。MarqlyはAIによる自動分類とセマンティック検索を提供。哲学と使い勝手を比較。",published,102,93,pending-export,pending-export,pending-export,pending-export,pending-export,pending-export,pending-export,pending-export,pending-export,pending-export,lang:ja,2026-09-23,keep
/ja/compare/marqly-vs-pocket,comparison,compare:marqly-vs-pocket,ja,index,https://www.marqly.com/ja/compare/marqly-vs-pocket,"Marqly vs Pocket：移行と機能の完全比較 | Marqly","Pocket終了後の移行先としてMarqlyを徹底比較。Pocketにあった機能、Marqlyで新しく得られるAI機能、エクスポートデータの移行手順を解説。",published,102,93,pending-export,pending-export,pending-export,pending-export,pending-export,pending-export,pending-export,pending-export,pending-export,pending-export,lang:ja,2026-09-23,keep
/ja/compare/marqly-vs-raindrop,comparison,compare:marqly-vs-raindrop,ja,index,https://www.marqly.com/ja/compare/marqly-vs-raindrop,"Marqly vs Raindrop 徹底比較（2026年最新）| Marqly","MarqlyとRaindrop.ioを料金、セマンティックAI検索、プラットフォーム、無料プランで徹底比較。あなたの使い方に最適なのはどちらか解説。",published,102,93,pending-export,pending-export,pending-export,pending-export,pending-export,pending-export,pending-export,pending-export,pending-export,pending-export,lang:ja,2026-09-23,keep
/ja/compare/marqly-vs-readwise,comparison,compare:marqly-vs-readwise,ja,index,https://www.marqly.com/ja/compare/marqly-vs-readwise,"Marqly vs Readwise Reader：ハイライト連携かAI検索か | Marqly","Readwise Readerは年額約120ドルの最強リーダー。Marqlyは年額72ドルのAI自動分類ブックマーク。用途とコストパフォーマンスを正直に比較。",published,102,93,pending-export,pending-export,pending-export,pending-export,pending-export,pending-export,pending-export,pending-export,pending-export,pending-export,lang:ja,2026-09-23,keep
/ko/compare/marqly-vs-evernote,comparison,compare:marqly-vs-evernote,ko,index,https://www.marqly.com/ko/compare/marqly-vs-evernote,"Marqly vs Evernote: 거대한 종합 노트인가 스마트 AI 북마크인가 | Marqly","Evernote는 방대하지만 비싼 종합 노트 스위트입니다. Marqly는 연 $72의 AI 특화 북마크 툴입니다. 기능, 가격, 알맞은 활용법을 객관적으로 비교합니다.",published,102,93,pending-export,pending-export,pending-export,pending-export,pending-export,pending-export,pending-export,pending-export,pending-export,pending-export,lang:ko,2026-09-23,keep
/ko/compare/marqly-vs-instapaper,comparison,compare:marqly-vs-instapaper,ko,index,https://www.marqly.com/ko/compare/marqly-vs-instapaper,"Marqly vs Instapaper: 순수 리더기인가 AI 지식 라이브러리인가 | Marqly","방해 없는 타이포그래피와 오프라인 독서라면 Instapaper. AI 자동 태깅, 요약, 시맨틱 검색으로 언제든 다시 찾고 싶다면 Marqly를 추천합니다.",published,102,93,pending-export,pending-export,pending-export,pending-export,pending-export,pending-export,pending-export,pending-export,pending-export,pending-export,lang:ko,2026-09-23,keep
/ko/compare/marqly-vs-matter,comparison,compare:marqly-vs-matter,ko,index,https://www.marqly.com/ko/compare/marqly-vs-matter,"Marqly vs Matter: 고품질 오디오 리더인가 AI 지식 검색인가 | Marqly","Matter는 뛰어난 AI 음성 읽어주기와 유려한 iOS 독서 경험을 제공합니다. Marqly는 AI 자동 태깅과 시맨틱 검색을 제공합니다.",published,102,93,pending-export,pending-export,pending-export,pending-export,pending-export,pending-export,pending-export,pending-export,pending-export,pending-export,lang:ko,2026-09-23,keep
/ko/compare/marqly-vs-notion,comparison,compare:marqly-vs-notion,ko,index,https://www.marqly.com/ko/compare/marqly-vs-notion,"Marqly vs Notion Web Clipper: 웹페이지 스크랩에 적합한 툴은? | Marqly","Notion 웹 클리퍼는 무료지만 서식 깨짐이 잦고 수동 정리가 필요합니다. Marqly는 AI 자동 분류와 시맨틱 검색으로 관리 부담을 덜어줍니다.",published,102,93,pending-export,pending-export,pending-export,pending-export,pending-export,pending-export,pending-export,pending-export,pending-export,pending-export,lang:ko,2026-09-23,keep
/ko/compare/marqly-vs-obsidian,comparison,compare:marqly-vs-obsidian,ko,index,https://www.marqly.com/ko/compare/marqly-vs-obsidian,"Marqly vs Obsidian: 로컬 마크다운 파일인가 AI 자동 라이브러리인가 | Marqly","Obsidian 클리퍼는 영구히 소유할 수 있는 로컬 마크다운을 제공합니다. Marqly는 AI를 통한 무관리 분류와 시맨틱 검색을 제공합니다.",published,102,93,pending-export,pending-export,pending-export,pending-export,pending-export,pending-export,pending-export,pending-export,pending-export,pending-export,lang:ko,2026-09-23,keep
/ko/compare/marqly-vs-pocket,comparison,compare:marqly-vs-pocket,ko,index,https://www.marqly.com/ko/compare/marqly-vs-pocket,"Marqly vs 포켓(Pocket): 솔직한 비교 및 백업 파일 가져오기 | Marqly","포켓 종료 후 Marqly로 갈아타야 하는 이유: 기존 포켓 기능과 Marqly AI 기능의 솔직한 비교, 백업 데이터 가져오기 방법 안내.",published,102,93,pending-export,pending-export,pending-export,pending-export,pending-export,pending-export,pending-export,pending-export,pending-export,pending-export,lang:ko,2026-09-23,keep
/ko/compare/marqly-vs-raindrop,comparison,compare:marqly-vs-raindrop,ko,index,https://www.marqly.com/ko/compare/marqly-vs-raindrop,"Marqly vs Raindrop 비교 2026: 어떤 툴이 맞을까? | Marqly","Marqly와 Raindrop.io를 가격, AI 시맨틱 검색, 플랫폼 지원, 무료 기능 관점에서 정직하게 비교합니다.",published,102,93,pending-export,pending-export,pending-export,pending-export,pending-export,pending-export,pending-export,pending-export,pending-export,pending-export,lang:ko,2026-09-23,keep
/ko/compare/marqly-vs-readwise,comparison,compare:marqly-vs-readwise,ko,index,https://www.marqly.com/ko/compare/marqly-vs-readwise,"Marqly vs Readwise Reader: 하이라이트 연구 도구인가 AI 북마크인가 | Marqly","Readwise Reader는 연간 약 120달러의 강력한 리더기입니다. Marqly는 연 72달러의 AI 자동 정리 북마크입니다. 성격과 가성비를 비교합니다.",published,102,93,pending-export,pending-export,pending-export,pending-export,pending-export,pending-export,pending-export,pending-export,pending-export,pending-export,lang:ko,2026-09-23,keep
/zh/compare/marqly-vs-evernote,comparison,compare:marqly-vs-evernote,zh,index,https://www.marqly.com/zh/compare/marqly-vs-evernote,"Marqly vs Evernote：全能笔记套件还是智能网页智库 | Marqly","Evernote 功能庞大且价格昂贵；Marqly 专注于 AI 智能书签与知识检索，年费仅需 $72。根据你的核心需求对比两款工具。",published,102,93,pending-export,pending-export,pending-export,pending-export,pending-export,pending-export,pending-export,pending-export,pending-export,pending-export,lang:zh,2026-09-23,keep
/zh/compare/marqly-vs-instapaper,comparison,compare:marqly-vs-instapaper,zh,index,https://www.marqly.com/zh/compare/marqly-vs-instapaper,"Marqly vs Instapaper：纯粹阅读器还是智能知识库 | Marqly","如果需要无干扰的排版与离线阅读，Instapaper 是最佳之选；如果希望借助 AI 自动整理、摘要与语义秒查，Marqly 更加强大。",published,102,93,pending-export,pending-export,pending-export,pending-export,pending-export,pending-export,pending-export,pending-export,pending-export,pending-export,lang:zh,2026-09-23,keep
/zh/compare/marqly-vs-matter,comparison,compare:marqly-vs-matter,zh,index,https://www.marqly.com/zh/compare/marqly-vs-matter,"Marqly vs Matter：优质语音朗读还是 AI 语义检索 | Marqly","Matter 具备卓越的自然语音朗读与优雅的 iOS 体验；Marqly 提供 AI 自动标签、智能摘要与语义搜索。清晰对比两者定位。",published,102,93,pending-export,pending-export,pending-export,pending-export,pending-export,pending-export,pending-export,pending-export,pending-export,pending-export,lang:zh,2026-09-23,keep
/zh/compare/marqly-vs-notion,comparison,compare:marqly-vs-notion,zh,index,https://www.marqly.com/zh/compare/marqly-vs-notion,"Marqly vs Notion Web Clipper：哪款更适合网页剪藏 | Marqly","Notion 剪藏插件虽免费但排版经常失真且需繁重的手工整理。Marqly 借助 AI 自动完成打标签与摘要，并通过语义搜索秒速定位。",published,102,93,pending-export,pending-export,pending-export,pending-export,pending-export,pending-export,pending-export,pending-export,pending-export,pending-export,lang:zh,2026-09-23,keep
/zh/compare/marqly-vs-obsidian,comparison,compare:marqly-vs-obsidian,zh,index,https://www.marqly.com/zh/compare/marqly-vs-obsidian,"Marqly vs Obsidian：本地纯文本还是 AI 智能托管 | Marqly","Obsidian 剪藏将网页永久保存在本地纯文本 Markdown 中。Marqly 则提供零门槛的 AI 自动分类与语义查找。对比两种知识管理哲学。",published,102,93,pending-export,pending-export,pending-export,pending-export,pending-export,pending-export,pending-export,pending-export,pending-export,pending-export,lang:zh,2026-09-23,keep
/zh/compare/marqly-vs-pocket,comparison,compare:marqly-vs-pocket,zh,index,https://www.marqly.com/zh/compare/marqly-vs-pocket,"Marqly 对比 Pocket：功能评测与数据无缝迁移 | Marqly","深度剖析Pocket停运后迁移至Marqly的优缺点：Pocket原有功能与Marqly现代AI特性的客观对比，附Pocket备份文件导入指引。",published,102,93,pending-export,pending-export,pending-export,pending-export,pending-export,pending-export,pending-export,pending-export,pending-export,pending-export,lang:zh,2026-09-23,keep
/zh/compare/marqly-vs-raindrop,comparison,compare:marqly-vs-raindrop,zh,index,https://www.marqly.com/zh/compare/marqly-vs-raindrop,"Marqly 对比 Raindrop：2026年终极对比 | Marqly","全面对比 Marqly 与 Raindrop.io：价格、语义 AI 搜索、自动化标签、跨平台支持与免费版功能，帮您选择最适合的书签管理器。",published,102,93,pending-export,pending-export,pending-export,pending-export,pending-export,pending-export,pending-export,pending-export,pending-export,pending-export,lang:zh,2026-09-23,keep
/zh/compare/marqly-vs-readwise,comparison,compare:marqly-vs-readwise,zh,index,https://www.marqly.com/zh/compare/marqly-vs-readwise,"Marqly vs Readwise Reader：重度阅读研究还是轻量 AI 知识库 | Marqly","Readwise Reader 是年费近 $120 的重度阅读器；Marqly 是年费 $72 的 AI 智能书签。客观对比两者的定位与性价比。",published,102,93,pending-export,pending-export,pending-export,pending-export,pending-export,pending-export,pending-export,pending-export,pending-export,pending-export,lang:zh,2026-09-23,keep
/de/tools/youtube-transkript,interactive-tool,tools:youtube-transkript,de,index,https://www.marqly.com/de/tools/youtube-transkript,"YouTube-Transkript erstellen – Untertitel als Text kopieren | Marqly","YouTube-Link einfügen und das komplette Transkript als Text bekommen – kostenlos, ohne Anmeldung. Kopieren oder als .txt herunterladen, mit oder ohne Zeitstempe",published,13,97,pending-export,pending-export,pending-export,pending-export,pending-export,pending-export,pending-export,pending-export,pending-export,pending-export,lang:de,2026-09-23,keep
/de/tools/youtube-zusammenfassung,interactive-tool,tools:youtube-zusammenfassung,de,index,https://www.marqly.com/de/tools/youtube-zusammenfassung,"YouTube-Video zusammenfassen mit KI – kostenlos, ohne Anmeldung | Marqly","Link einfügen, KI-Zusammenfassung bekommen: TL;DR und Kernpunkte als Text, kostenlos und ohne Anmeldung. Basiert auf dem echten Transkript des Videos.",published,19,97,pending-export,pending-export,pending-export,pending-export,pending-export,pending-export,pending-export,pending-export,pending-export,pending-export,lang:de,2026-09-23,keep
/ja/tools/youtube-summarize,interactive-tool,tools:youtube-summarize,ja,index,https://www.marqly.com/ja/tools/youtube-summarize,"YouTube動画AI要約ツール — 無料・即時・登録不要 | Marqly","YouTube動画のURLを貼り付けるだけでAIが瞬時に要約。TL;DR、重要ポイント、タイムスタンプ付きで要点を把握。実際の動画文字起こしに基づく高精度AI要約。",published,2,95,pending-export,pending-export,pending-export,pending-export,pending-export,pending-export,pending-export,pending-export,pending-export,pending-export,lang:ja,2026-09-23,keep
/ja/tools/youtube-transcript,interactive-tool,tools:youtube-transcript,ja,index,https://www.marqly.com/ja/tools/youtube-transcript,"YouTube文字起こし抽出ツール — 字幕をテキストで一括コピー | Marqly","YouTube動画のURLを貼り付けるだけで、完全な文字起こしテキストを瞬時に抽出。タイムスタンプの有無を選択してワンクリックでコピーまたは.txt保存。登録不要・無料。",published,2,95,pending-export,pending-export,pending-export,pending-export,pending-export,pending-export,pending-export,pending-export,pending-export,pending-export,lang:ja,2026-09-23,keep
/ko/tools/youtube-summarize,interactive-tool,tools:youtube-summarize,ko,index,https://www.marqly.com/ko/tools/youtube-summarize,"YouTube 동영상 AI 요약 도구 — 무료·즉시·로그인 불필요 | Marqly","YouTube 링크만 붙여넣으면 AI가 핵심 요약과 타임스탬프를 즉시 생성합니다. 회원가입 없이 무료로 실제 영상 자막 기반의 정확한 요약을 확인하세요.",published,2,95,pending-export,pending-export,pending-export,pending-export,pending-export,pending-export,pending-export,pending-export,pending-export,pending-export,lang:ko,2026-09-23,keep
/ko/tools/youtube-transcript,interactive-tool,tools:youtube-transcript,ko,index,https://www.marqly.com/ko/tools/youtube-transcript,"YouTube 자막 추출 도구 — 영상 전체 스크립트 복사 및 다운로드 | Marqly","YouTube 링크를 붙여넣어 전체 자막 스크립트를 즉시 텍스트로 추출하세요. 타임스탬프 유무 선택, 원클릭 클립보드 복사 및 .txt 다운로드 지원. 완전 무료.",published,2,95,pending-export,pending-export,pending-export,pending-export,pending-export,pending-export,pending-export,pending-export,pending-export,pending-export,lang:ko,2026-09-23,keep
/nl/tools/youtube-samenvatten,interactive-tool,tools:youtube-samenvatten,nl,index,https://www.marqly.com/nl/tools/youtube-samenvatten,"YouTube Video Samenvatten met AI – Gratis &amp; Zonder Account | Marqly","Plak een YouTube-link en ontvang direct een beknopte AI-samenvatting met tijdstempels en kernpunten. Gratis, snel en accuraat op basis van het daadwerkelijke tr",published,2,95,pending-export,pending-export,pending-export,pending-export,pending-export,pending-export,pending-export,pending-export,pending-export,pending-export,lang:nl,2026-09-23,keep
/nl/tools/youtube-transcriptie,interactive-tool,tools:youtube-transcriptie,nl,index,https://www.marqly.com/nl/tools/youtube-transcriptie,"YouTube Transcriptie Downloaden – Tekst Kopiëren &amp; Opslaan | Marqly","Haal in één klik het volledige transcript uit elke YouTube-video. Kopieer naar klembord of download als .txt, met of zonder tijdstempels. Gratis en zonder accou",published,2,95,pending-export,pending-export,pending-export,pending-export,pending-export,pending-export,pending-export,pending-export,pending-export,pending-export,lang:nl,2026-09-23,keep
/pl/tools/youtube-podsumowanie,interactive-tool,tools:youtube-podsumowanie,pl,index,https://www.marqly.com/pl/tools/youtube-podsumowanie,"Podsumowanie wideo YouTube AI – Darmowe streszczenie online | Marqly","Wklej link do wideo z YouTube i uzyskaj natychmiastowe streszczenie AI z kluczowymi punktami i osiami czasu. Bez rejestracji, za darmo i na podstawie faktycznyc",published,2,95,pending-export,pending-export,pending-export,pending-export,pending-export,pending-export,pending-export,pending-export,pending-export,pending-export,lang:pl,2026-09-23,keep
/pl/tools/youtube-transkrypcja,interactive-tool,tools:youtube-transkrypcja,pl,index,https://www.marqly.com/pl/tools/youtube-transkrypcja,"Transkrypcja YouTube – Pobierz i skopiuj napisy z filmu | Marqly","Wklej link do YouTube i natychmiast pobierz całą transkrypcję w formie tekstu. Kopiuj jednym kliknięciem lub pobierz jako .txt z sygnaturami czasowymi. Bezpłatn",published,2,95,pending-export,pending-export,pending-export,pending-export,pending-export,pending-export,pending-export,pending-export,pending-export,pending-export,lang:pl,2026-09-23,keep
/tools,interactive-tool,tools:hub,en,index,https://www.marqly.com/tools,"Free Tools for Bookmarks, Links &amp; YouTube — No Signup Needed","Eighteen genuinely free tools for YouTube, URLs, SEO, content, and bookmark files. No signup, no paid API, and no hidden usage limit.",published,1909,180,pending-export,pending-export,pending-export,pending-export,pending-export,pending-export,pending-export,pending-export,pending-export,pending-export,,2026-09-23,keep
/tools/bookmark-file-viewer,interactive-tool,tools:bookmark-file-viewer,en,index,https://www.marqly.com/tools/bookmark-file-viewer,"Bookmark File Viewer — Open &amp; Search Any Bookmarks HTML Export","View any browser bookmarks HTML export in your browser — search titles, URLs, and folders, then export to CSV or JSON. Free, private, nothing uploaded.",published,763,181,pending-export,pending-export,pending-export,pending-export,pending-export,pending-export,pending-export,pending-export,pending-export,pending-export,,2026-09-23,keep
/tools/bookmarklet-maker,interactive-tool,tools:bookmarklet-maker,en,index,https://www.marqly.com/tools/bookmarklet-maker,"Bookmarklet Maker — Convert JavaScript to a Browser Bookmark","Turn a small JavaScript snippet into a draggable bookmarklet. Free, private, and generated entirely in your browser.",published,763,180,pending-export,pending-export,pending-export,pending-export,pending-export,pending-export,pending-export,pending-export,pending-export,pending-export,,2026-09-23,keep
/tools/dead-link-checker,interactive-tool,tools:dead-link-checker,en,index,https://www.marqly.com/tools/dead-link-checker,"Dead Link Checker — Test Up to 25 URLs for Link Rot Free","Paste up to 25 URLs and check which are dead, redirected, or fine — HTTP status for each, free with no signup. Find link rot before your bookmarks decay.",published,763,181,pending-export,pending-export,pending-export,pending-export,pending-export,pending-export,pending-export,pending-export,pending-export,pending-export,,2026-09-23,keep
/tools/duplicate-bookmark-finder,interactive-tool,tools:duplicate-bookmark-finder,en,index,https://www.marqly.com/tools/duplicate-bookmark-finder,"Duplicate Bookmark Finder — Find &amp; Remove Duplicate Bookmarks","Upload your bookmarks HTML export and find duplicate bookmarks instantly — grouped by normalized URL, with a one-click deduplicated file. Free and private.",published,763,180,pending-export,pending-export,pending-export,pending-export,pending-export,pending-export,pending-export,pending-export,pending-export,pending-export,,2026-09-23,keep
/tools/html-to-markdown,interactive-tool,tools:html-to-markdown,en,index,https://www.marqly.com/tools/html-to-markdown,"HTML to Markdown Converter — Free, Private &amp; GFM Ready","Convert pasted HTML or an HTML file into clean GitHub-flavored Markdown with tables, task lists, links, and code blocks. Runs locally.",published,763,180,pending-export,pending-export,pending-export,pending-export,pending-export,pending-export,pending-export,pending-export,pending-export,pending-export,,2026-09-23,keep
/tools/open-graph-checker,interactive-tool,tools:open-graph-checker,en,index,https://www.marqly.com/tools/open-graph-checker,"Open Graph Checker — Preview OG, Twitter &amp; SEO Meta Tags","Inspect a webpage’s title, description, canonical, robots, Open Graph, and Twitter card tags, with a visual social-share preview.",published,763,180,pending-export,pending-export,pending-export,pending-export,pending-export,pending-export,pending-export,pending-export,pending-export,pending-export,,2026-09-23,keep
/tools/pocket-export-converter,interactive-tool,tools:pocket-export-converter,en,index,https://www.marqly.com/tools/pocket-export-converter,"Pocket Export Converter — CSV to Bookmarks HTML or JSON","Convert your saved Pocket export CSV to a bookmarks HTML file or JSON — free, in your browser. Pocket shut down in 2025; your saved file still works here.",published,763,182,pending-export,pending-export,pending-export,pending-export,pending-export,pending-export,pending-export,pending-export,pending-export,pending-export,,2026-09-23,keep
/tools/raindrop-export-analyzer,interactive-tool,tools:raindrop-export-analyzer,en,index,https://www.marqly.com/tools/raindrop-export-analyzer,"Raindrop Export Analyzer — Free HTML &amp; CSV Bookmark Inspector","Analyze your Raindrop.io export file (HTML or CSV) in your browser with 100% client-side privacy. Inspect bookmark volume, collections, tags, top domains, and l",published,765,180,pending-export,pending-export,pending-export,pending-export,pending-export,pending-export,pending-export,pending-export,pending-export,pending-export,,2026-09-23,keep
/tools/reading-time,interactive-tool,tools:reading-time,en,index,https://www.marqly.com/tools/reading-time,"Reading Time Calculator — Word Count &amp; Time to Read","Paste any text to get its word count, character count, reading time at 238 words per minute, and speaking time at 150 wpm. Free, instant, no signup needed.",published,763,180,pending-export,pending-export,pending-export,pending-export,pending-export,pending-export,pending-export,pending-export,pending-export,pending-export,,2026-09-23,keep
/tools/redirect-checker,interactive-tool,tools:redirect-checker,en,index,https://www.marqly.com/tools/redirect-checker,"Redirect Checker — Trace 301, 302 &amp; Complete URL Chains","Follow every redirect in a URL chain and see each HTTP status, location, final URL, loop, or excessive hop. Free with no signup.",published,763,180,pending-export,pending-export,pending-export,pending-export,pending-export,pending-export,pending-export,pending-export,pending-export,pending-export,,2026-09-23,keep
/tools/rss-feed-finder,interactive-tool,tools:rss-feed-finder,en,index,https://www.marqly.com/tools/rss-feed-finder,"Free RSS Feed Finder — Get the Feed URL for Any Site","Paste a site URL and get its RSS or Atom feed, even when the page never links to one. Free, no signup — checks declared feeds, then the usual feed paths.",published,763,181,pending-export,pending-export,pending-export,pending-export,pending-export,pending-export,pending-export,pending-export,pending-export,pending-export,,2026-09-23,keep
/tools/url-cleaner,interactive-tool,tools:url-cleaner,en,index,https://www.marqly.com/tools/url-cleaner,"URL Cleaner — Strip UTM &amp; Tracking Parameters from Links","Paste URLs and strip utm_*, fbclid, gclid, and 20+ other tracking parameters in one click — free, in your browser. Clean links for sharing and saving.",published,763,180,pending-export,pending-export,pending-export,pending-export,pending-export,pending-export,pending-export,pending-export,pending-export,pending-export,,2026-09-23,keep
/tools/url-encoder,interactive-tool,tools:url-encoder,en,index,https://www.marqly.com/tools/url-encoder,"URL Encoder &amp; Decoder — Free Percent-Encoding Tool","Encode text for a URL or decode percent-encoded URL values instantly. Free, private, and processed entirely in your browser.",published,763,180,pending-export,pending-export,pending-export,pending-export,pending-export,pending-export,pending-export,pending-export,pending-export,pending-export,,2026-09-23,keep
/tools/utm-builder,interactive-tool,tools:utm-builder,en,index,https://www.marqly.com/tools/utm-builder,"UTM Builder — Free Campaign URL Generator","Build correctly encoded UTM campaign URLs for Google Analytics, email, social, and paid ads. Free, private, and entirely browser-based.",published,763,180,pending-export,pending-export,pending-export,pending-export,pending-export,pending-export,pending-export,pending-export,pending-export,pending-export,,2026-09-23,keep
/tools/youtube-chapter-generator,interactive-tool,tools:youtube-chapter-generator,en,index,https://www.marqly.com/tools/youtube-chapter-generator,"Free YouTube Chapter Generator — Timestamps From Any Video","Paste a YouTube link and get timestamped chapters you can paste straight into the description. Free, no signup — generated from the video’s own transcript.",published,763,180,pending-export,pending-export,pending-export,pending-export,pending-export,pending-export,pending-export,pending-export,pending-export,pending-export,,2026-09-23,keep
/tools/youtube-summarize,interactive-tool,tools:youtube-summarize,en,index,https://www.marqly.com/tools/youtube-summarize,"Free YouTube Video Summarizer — TL;DR Any Video","Paste a YouTube link and get an AI summary with key points, free. For summaries on the watch page itself — plus transcript and chat — get the Marqly extension.",published,763,181,pending-export,pending-export,pending-export,pending-export,pending-export,pending-export,pending-export,pending-export,pending-export,pending-export,,2026-09-23,keep
/tools/youtube-thumbnail-downloader,interactive-tool,tools:youtube-thumbnail-downloader,en,index,https://www.marqly.com/tools/youtube-thumbnail-downloader,"YouTube Thumbnail Downloader — Free HD Thumbnail Grabber","Download available YouTube video and Shorts thumbnails in HD and standard sizes. Free, no signup, no watermark, and no server upload.",published,763,180,pending-export,pending-export,pending-export,pending-export,pending-export,pending-export,pending-export,pending-export,pending-export,pending-export,,2026-09-23,keep
/tools/youtube-timestamp-link,interactive-tool,tools:youtube-timestamp-link,en,index,https://www.marqly.com/tools/youtube-timestamp-link,"YouTube Timestamp Link Generator — Share an Exact Time","Create a YouTube link that starts at an exact hour, minute, and second. Supports videos, Shorts, live, embed, and youtu.be URLs.",published,763,180,pending-export,pending-export,pending-export,pending-export,pending-export,pending-export,pending-export,pending-export,pending-export,pending-export,,2026-09-23,keep
/tools/youtube-transcript,interactive-tool,tools:youtube-transcript,en,index,https://www.marqly.com/tools/youtube-transcript,"Free YouTube Transcript Viewer — Copy Any Video Transcript","Paste a YouTube link and get the full transcript free — no signup. Copy it, download it, or get transcripts automatically on every video with Marqly.",published,763,182,pending-export,pending-export,pending-export,pending-export,pending-export,pending-export,pending-export,pending-export,pending-export,pending-export,,2026-09-23,keep
/tr/tools/youtube-ozetleyici,interactive-tool,tools:youtube-ozetleyici,tr,index,https://www.marqly.com/tr/tools/youtube-ozetleyici,"YouTube Video Özetleyici Yapay Zeka – Ücretsiz ve Hızlı | Marqly","YouTube video bağlantısını yapıştırın; yapay zeka saniyeler içinde kilit noktaları ve zaman damgalı özetleri çıkarsın. Ücretsiz, kayıtsız ve gerçek altyazılara ",published,2,95,pending-export,pending-export,pending-export,pending-export,pending-export,pending-export,pending-export,pending-export,pending-export,pending-export,lang:tr,2026-09-23,keep
/tr/tools/youtube-transkript,interactive-tool,tools:youtube-transkript,tr,index,https://www.marqly.com/tr/tools/youtube-transkript,"YouTube Transkript Çıkarma – Altyazıları Metin Olarak Kopyala | Marqly","YouTube video linkini yapıştırın, videonun tüm altyazı dökümünü metin olarak tek tıkla alın. Zaman damgalı veya sade metin olarak kopyalayın ya da .txt indirin.",published,2,95,pending-export,pending-export,pending-export,pending-export,pending-export,pending-export,pending-export,pending-export,pending-export,pending-export,lang:tr,2026-09-23,keep
/zh/tools/youtube-summarize,interactive-tool,tools:youtube-summarize,zh,index,https://www.marqly.com/zh/tools/youtube-summarize,"YouTube视频AI总结工具 — 免费、即时、免登录 | Marqly","粘贴YouTube视频链接，AI立即提取核心要点与时间戳摘要。免注册、完全免费，基于真实视频字幕生成高准确度总结。",published,2,95,pending-export,pending-export,pending-export,pending-export,pending-export,pending-export,pending-export,pending-export,pending-export,pending-export,lang:zh,2026-09-23,keep
/zh/tools/youtube-transcript,interactive-tool,tools:youtube-transcript,zh,index,https://www.marqly.com/zh/tools/youtube-transcript,"YouTube字幕转录提取工具 — 完整文字稿一键复制下载 | Marqly","粘贴YouTube视频链接，一键提取完整字幕文字稿。支持包含/去除时间戳，支持一键复制到剪贴板或下载为.txt文件。完全免费，无需注册。",published,2,95,pending-export,pending-export,pending-export,pending-export,pending-export,pending-export,pending-export,pending-export,pending-export,pending-export,lang:zh,2026-09-23,keep
/faq,faq,faq,en,index,https://www.marqly.com/faq,"Marqly FAQ — Every Question, Answered","Everything about Marqly: pricing, the free tier, imports from Pocket and Chrome, semantic search, YouTube summaries, highlights, privacy, and more.",published,1909,221,pending-export,pending-export,pending-export,pending-export,pending-export,pending-export,pending-export,pending-export,pending-export,pending-export,,2026-09-23,keep
/faq/can-i-export-my-data,faq,faq,en,index,https://www.marqly.com/faq/can-i-export-my-data,"Can I export my data from Marqly? | Marqly FAQ","Yes. Marqly supports data portability — email support@marqly.com and you'll get a full export of your saves. Your bookmarks are yours, never locked in.",published,9,186,pending-export,pending-export,pending-export,pending-export,pending-export,pending-export,pending-export,pending-export,pending-export,pending-export,,2026-09-23,keep
/faq/can-i-get-a-refund,faq,faq,en,index,https://www.marqly.com/faq/can-i-get-a-refund,"Can I get a refund on Marqly? | Marqly FAQ","Marqly has a free plan with no card and no time limit, so you can evaluate it before paying. Refund requests go to support@marqly.com and are reviewed case by c",published,11,184,pending-export,pending-export,pending-export,pending-export,pending-export,pending-export,pending-export,pending-export,pending-export,pending-export,,2026-09-23,keep
/faq/can-i-save-chatgpt-claude-gemini-conversations,faq,faq,en,index,https://www.marqly.com/faq/can-i-save-chatgpt-claude-gemini-conversations,"Can I save ChatGPT, Claude, and Gemini conversations with Marqly? | Marqly FAQ","Yes. Marqly can capture ChatGPT, Claude, and Gemini conversations in Chrome, Edge, and Firefox and keep them together in a dedicated AI Chats workspace.",published,763,183,pending-export,pending-export,pending-export,pending-export,pending-export,pending-export,pending-export,pending-export,pending-export,pending-export,,2026-09-23,keep
/faq/can-i-sync-across-devices,faq,faq,en,index,https://www.marqly.com/faq/can-i-sync-across-devices,"Can I sync Marqly across devices? | Marqly FAQ","Yes — Marqly syncs through your account. Save from the browser extension, web app, iOS app, or Android app, and your library stays identical on every signed-in ",published,763,184,pending-export,pending-export,pending-export,pending-export,pending-export,pending-export,pending-export,pending-export,pending-export,pending-export,,2026-09-23,keep
/faq/can-marqly-replace-notion-web-clipper,faq,faq,en,index,https://www.marqly.com/faq/can-marqly-replace-notion-web-clipper,"Can Marqly replace Notion Web Clipper? | Marqly FAQ","Yes for save-and-find workflows: one-click saves, AI auto-tagging, semantic search. Notion's clipper still wins if clips must land in Notion databases.",published,9,185,pending-export,pending-export,pending-export,pending-export,pending-export,pending-export,pending-export,pending-export,pending-export,pending-export,,2026-09-23,keep
/faq/do-highlights-stay-on-the-page,faq,faq,en,index,https://www.marqly.com/faq/do-highlights-stay-on-the-page,"Do highlights stay on the page? | Marqly FAQ","Yes — Marqly highlights persist on the page when you revisit, in the colors you chose, and every highlight also syncs to your library as a second copy.",published,22,185,pending-export,pending-export,pending-export,pending-export,pending-export,pending-export,pending-export,pending-export,pending-export,pending-export,,2026-09-23,keep
/faq/does-marqly-have-an-api,faq,faq,en,index,https://www.marqly.com/faq/does-marqly-have-an-api,"Does Marqly have an API? | Marqly FAQ","No — Marqly has no public API today. If an API would unlock your workflow, email support@marqly.com with the use case; real requests shape what gets built.",published,7,187,pending-export,pending-export,pending-export,pending-export,pending-export,pending-export,pending-export,pending-export,pending-export,pending-export,,2026-09-23,keep
/faq/does-marqly-have-clipboard-history,faq,faq,en,index,https://www.marqly.com/faq/does-marqly-have-clipboard-history,"Does Marqly have Clipboard History? | Marqly FAQ","Yes. On Chrome and Edge, Marqly saves text copied from webpages so you can search, filter, pin, favorite, and tag useful snippets later.",published,763,183,pending-export,pending-export,pending-export,pending-export,pending-export,pending-export,pending-export,pending-export,pending-export,pending-export,,2026-09-23,keep
/faq/does-marqly-sell-my-data,faq,faq,en,index,https://www.marqly.com/faq/does-marqly-sell-my-data,"Does Marqly sell my data? | Marqly FAQ","No. Marqly doesn't sell your data. Revenue comes from Pro subscriptions, not ads or data brokers — your saves aren't the product. See the privacy policy.",published,6,185,pending-export,pending-export,pending-export,pending-export,pending-export,pending-export,pending-export,pending-export,pending-export,pending-export,,2026-09-23,keep
/faq/does-marqly-summarize-articles-automatically,faq,faq,en,index,https://www.marqly.com/faq/does-marqly-summarize-articles-automatically,"Does Marqly summarize articles automatically? | Marqly FAQ","Yes. Marqly generates AI summaries of saved articles so you can triage a backlog fast — and YouTube videos get a TL;DR with key sections and books mentioned.",published,12,186,pending-export,pending-export,pending-export,pending-export,pending-export,pending-export,pending-export,pending-export,pending-export,pending-export,,2026-09-23,keep
/faq/does-marqly-work-offline,faq,faq,en,index,https://www.marqly.com/faq/does-marqly-work-offline,"Does Marqly work offline? | Marqly FAQ","No — Marqly needs an internet connection and has no offline mode. Everything you save is stored in your account and available on any signed-in device.",published,11,184,pending-export,pending-export,pending-export,pending-export,pending-export,pending-export,pending-export,pending-export,pending-export,pending-export,,2026-09-23,keep
/faq/does-marqly-work-on-edge,faq,faq,en,index,https://www.marqly.com/faq/does-marqly-work-on-edge,"Does Marqly work on Microsoft Edge? | Marqly FAQ","Yes — Marqly has a dedicated add-on in the Microsoft Edge Add-ons store, and the Chrome Web Store version also installs directly in Edge. Same features.",published,763,184,pending-export,pending-export,pending-export,pending-export,pending-export,pending-export,pending-export,pending-export,pending-export,pending-export,,2026-09-23,keep
/faq/does-marqly-work-on-firefox,faq,faq,en,index,https://www.marqly.com/faq/does-marqly-work-on-firefox,"Does Marqly work on Firefox? | Marqly FAQ","Yes. Firefox supports Marqly's core saving, New Tab, highlights, AI chat capture, YouTube AI, tab sessions, imports, and print-to-PDF tools.",published,13,185,pending-export,pending-export,pending-export,pending-export,pending-export,pending-export,pending-export,pending-export,pending-export,pending-export,,2026-09-23,keep
/faq/does-marqly-work-on-safari,faq,faq,en,index,https://www.marqly.com/faq/does-marqly-work-on-safari,"Does Marqly work on Safari? | Marqly FAQ","Yes. Safari supports Marqly's core saving, organizing, highlights, YouTube tools, tab saving, and print-to-PDF workflow, with account sync.",published,10,184,pending-export,pending-export,pending-export,pending-export,pending-export,pending-export,pending-export,pending-export,pending-export,pending-export,,2026-09-23,keep
/faq/how-accurate-are-ai-summaries,faq,faq,en,index,https://www.marqly.com/faq/how-accurate-are-ai-summaries,"How accurate are AI summaries? | Marqly FAQ","Marqly summaries are grounded in the actual page or transcript, which keeps them faithful — but AI can make mistakes, so verify critical facts at the source.",published,11,183,pending-export,pending-export,pending-export,pending-export,pending-export,pending-export,pending-export,pending-export,pending-export,pending-export,,2026-09-23,keep
/faq/how-do-i-add-notes-to-highlights,faq,faq,en,index,https://www.marqly.com/faq/how-do-i-add-notes-to-highlights,"How do I add notes to highlights? | Marqly FAQ","Highlight text on any website with Marqly, then attach a note — your own words stay anchored to the passage on the page and in your synced Marqly library.",published,5,185,pending-export,pending-export,pending-export,pending-export,pending-export,pending-export,pending-export,pending-export,pending-export,pending-export,,2026-09-23,keep
/faq/how-do-i-cancel-my-subscription,faq,faq,en,index,https://www.marqly.com/faq/how-do-i-cancel-my-subscription,"How do I cancel my Marqly subscription? | Marqly FAQ","Cancel Marqly Pro anytime from your account settings at app.marqly.com. You keep Pro access until the end of the billing period; email support if you're stuck.",published,763,184,pending-export,pending-export,pending-export,pending-export,pending-export,pending-export,pending-export,pending-export,pending-export,pending-export,,2026-09-23,keep
/faq/how-do-i-chat-with-a-youtube-video,faq,faq,en,index,https://www.marqly.com/faq/how-do-i-chat-with-a-youtube-video,"How do I chat with a YouTube video? | Marqly FAQ","Open the Chat tab on Marqly's card on any YouTube watch page and ask questions — answers come straight from the video's transcript. A Marqly Pro feature.",published,5,184,pending-export,pending-export,pending-export,pending-export,pending-export,pending-export,pending-export,pending-export,pending-export,pending-export,,2026-09-23,keep
/faq/how-do-i-chat-with-my-saved-articles,faq,faq,en,index,https://www.marqly.com/faq/how-do-i-chat-with-my-saved-articles,"How do I chat with my saved articles? | Marqly FAQ","Ask Marqly a question in plain language and get an answer grounded in your saved articles, highlights, and transcripts — one question at a time, no conversation",published,5,187,pending-export,pending-export,pending-export,pending-export,pending-export,pending-export,pending-export,pending-export,pending-export,pending-export,,2026-09-23,keep
/faq/how-do-i-contact-support,faq,faq,en,index,https://www.marqly.com/faq/how-do-i-contact-support,"How do I contact Marqly support? | Marqly FAQ","Email support@marqly.com for account, billing, and bug help — or browse the help center at help.marqly.com for setup guides and self-serve how-to answers.",published,7,186,pending-export,pending-export,pending-export,pending-export,pending-export,pending-export,pending-export,pending-export,pending-export,pending-export,,2026-09-23,keep
/faq/how-do-i-delete-my-account,faq,faq,en,index,https://www.marqly.com/faq/how-do-i-delete-my-account,"How do I delete my Marqly account? | Marqly FAQ","Delete your Marqly account from account settings at app.marqly.com, or email support@marqly.com. Deletion removes your saves — export your data first.",published,7,185,pending-export,pending-export,pending-export,pending-export,pending-export,pending-export,pending-export,pending-export,pending-export,pending-export,,2026-09-23,keep
/faq/how-do-i-find-a-bookmark-i-forgot-the-title-of,faq,faq,en,index,https://www.marqly.com/faq/how-do-i-find-a-bookmark-i-forgot-the-title-of,"How do I find a bookmark I forgot the title of? | Marqly FAQ","Describe what you remember — 'that video about sourdough starters' — and Marqly's semantic search matches meaning across titles, content, and transcripts.",published,12,186,pending-export,pending-export,pending-export,pending-export,pending-export,pending-export,pending-export,pending-export,pending-export,pending-export,,2026-09-23,keep
/faq/how-do-i-get-a-youtube-transcript,faq,faq,en,index,https://www.marqly.com/faq/how-do-i-get-a-youtube-transcript,"How do I get a YouTube transcript? | Marqly FAQ","Open the video with the Marqly extension and select the Transcript tab on the watch page: the full transcript, synced to playback, with one-click copy.",published,763,184,pending-export,pending-export,pending-export,pending-export,pending-export,pending-export,pending-export,pending-export,pending-export,pending-export,,2026-09-23,keep
/faq/how-do-i-highlight-text-on-a-website,faq,faq,en,index,https://www.marqly.com/faq/how-do-i-highlight-text-on-a-website,"How do I highlight text on a website? | Marqly FAQ","Select text on any website and highlight it with Marqly in one of six colors, with optional notes. Highlights persist on the page and sync to your library.",published,763,185,pending-export,pending-export,pending-export,pending-export,pending-export,pending-export,pending-export,pending-export,pending-export,pending-export,,2026-09-23,keep
/faq/how-do-i-import-chrome-bookmarks,faq,faq,en,index,https://www.marqly.com/faq/how-do-i-import-chrome-bookmarks,"How do I import my Chrome bookmarks into Marqly? | Marqly FAQ","Export your bookmarks from Chrome as an HTML file, then import that file into Marqly. AI auto-tags every bookmark, so old folders become a searchable library.",published,763,183,pending-export,pending-export,pending-export,pending-export,pending-export,pending-export,pending-export,pending-export,pending-export,pending-export,,2026-09-23,keep
/faq/how-do-i-import-from-instapaper,faq,faq,en,index,https://www.marqly.com/faq/how-do-i-import-from-instapaper,"How do I import my Instapaper articles into Marqly? | Marqly FAQ","Instapaper exports your saves as standard HTML and CSV files. Import the HTML export into Marqly and AI auto-tagging organizes every article automatically.",published,6,184,pending-export,pending-export,pending-export,pending-export,pending-export,pending-export,pending-export,pending-export,pending-export,pending-export,,2026-09-23,keep
/faq/how-do-i-import-from-pocket,faq,faq,en,index,https://www.marqly.com/faq/how-do-i-import-from-pocket,"How do I import my Pocket saves into Marqly? | Marqly FAQ","Pocket shut down in July 2025, but your export file still works: Marqly imports Pocket exports and auto-tags every saved article so nothing stays lost.",published,763,184,pending-export,pending-export,pending-export,pending-export,pending-export,pending-export,pending-export,pending-export,pending-export,pending-export,,2026-09-23,keep
/faq/how-do-i-import-from-raindrop,faq,faq,en,index,https://www.marqly.com/faq/how-do-i-import-from-raindrop,"How do I import my Raindrop.io collections into Marqly? | Marqly FAQ","Marqly imports Raindrop.io collections directly. Bring your links over and Marqly's AI auto-tags each one, making the whole library searchable by meaning.",published,3,182,pending-export,pending-export,pending-export,pending-export,pending-export,pending-export,pending-export,pending-export,pending-export,pending-export,,2026-09-23,keep
/faq/how-do-i-install-the-chrome-extension,faq,faq,en,index,https://www.marqly.com/faq/how-do-i-install-the-chrome-extension,"How do I install the Marqly Chrome extension? | Marqly FAQ","Install Marqly from the Chrome Web Store in one click, pin it to your toolbar, and save any page instantly. Free to start — no credit card required to sign up.",published,7,185,pending-export,pending-export,pending-export,pending-export,pending-export,pending-export,pending-export,pending-export,pending-export,pending-export,,2026-09-23,keep
/faq/how-do-i-report-a-bug,faq,faq,en,index,https://www.marqly.com/faq/how-do-i-report-a-bug,"How do I report a bug in Marqly? | Marqly FAQ","Email support@marqly.com with steps to reproduce, what you expected, and what happened. For extension bugs, include your browser and the extension version.",published,7,187,pending-export,pending-export,pending-export,pending-export,pending-export,pending-export,pending-export,pending-export,pending-export,pending-export,,2026-09-23,keep
/faq/how-do-i-save-a-page-as-pdf,faq,faq,en,index,https://www.marqly.com/faq/how-do-i-save-a-page-as-pdf,"How do I save a page as PDF? | Marqly FAQ","Marqly captures any web page as a clean PDF matching the on-screen layout, lazy-loaded images included — processed locally in your browser, not on a server.",published,763,181,pending-export,pending-export,pending-export,pending-export,pending-export,pending-export,pending-export,pending-export,pending-export,pending-export,,2026-09-23,keep
/faq/how-do-i-save-a-youtube-video-with-its-transcript,faq,faq,en,index,https://www.marqly.com/faq/how-do-i-save-a-youtube-video-with-its-transcript,"How do I save a YouTube video with its transcript? | Marqly FAQ","Click Marqly's bookmark button in YouTube's action row — one click saves the video to your library with the full transcript attached and searchable later.",published,4,185,pending-export,pending-export,pending-export,pending-export,pending-export,pending-export,pending-export,pending-export,pending-export,pending-export,,2026-09-23,keep
/faq/how-do-i-save-all-my-open-tabs,faq,faq,en,index,https://www.marqly.com/faq/how-do-i-save-all-my-open-tabs,"How do I save all my open tabs? | Marqly FAQ","Marqly's tab saver captures all your open tabs at once — every page lands in your library, auto-tagged by AI, so you can finally close the window guilt-free.",published,763,183,pending-export,pending-export,pending-export,pending-export,pending-export,pending-export,pending-export,pending-export,pending-export,pending-export,,2026-09-23,keep
/faq/how-do-i-search-my-bookmarks-by-meaning,faq,faq,en,index,https://www.marqly.com/faq/how-do-i-search-my-bookmarks-by-meaning,"How do I search my bookmarks by meaning? | Marqly FAQ","Type what you remember — a topic, a phrase, a vague idea — and Marqly's semantic search finds the right bookmark even when the title never used your words.",published,11,185,pending-export,pending-export,pending-export,pending-export,pending-export,pending-export,pending-export,pending-export,pending-export,pending-export,,2026-09-23,keep
/faq/how-do-i-share-a-board-publicly,faq,faq,en,index,https://www.marqly.com/faq/how-do-i-share-a-board-publicly,"How do I share a board publicly? | Marqly FAQ","Share any Marqly board as a public page and send the link — anyone can view the collection in their browser with no Marqly account or signup required.",published,763,182,pending-export,pending-export,pending-export,pending-export,pending-export,pending-export,pending-export,pending-export,pending-export,pending-export,,2026-09-23,keep
/faq/how-do-i-summarize-a-youtube-video,faq,faq,en,index,https://www.marqly.com/faq/how-do-i-summarize-a-youtube-video,"How do I summarize a YouTube video? | Marqly FAQ","Open the video with the Marqly extension installed and use the AI Summary tab on the watch page — a streaming TL;DR, key sections, and books mentioned.",published,763,183,pending-export,pending-export,pending-export,pending-export,pending-export,pending-export,pending-export,pending-export,pending-export,pending-export,,2026-09-23,keep
/faq/how-do-i-use-the-side-panel,faq,faq,en,index,https://www.marqly.com/faq/how-do-i-use-the-side-panel,"How do I use the side panel? | Marqly FAQ","On Chrome and Edge, Marqly's side panel opens bookmarks, Clipboard, Highlights, and AI Chats beside the current page without switching tabs.",published,1,184,pending-export,pending-export,pending-export,pending-export,pending-export,pending-export,pending-export,pending-export,pending-export,pending-export,,2026-09-23,keep
/faq/how-does-ai-auto-tagging-work,faq,faq,en,index,https://www.marqly.com/faq/how-does-ai-auto-tagging-work,"How does Marqly&#39;s AI auto-tagging work? | Marqly FAQ","Marqly's AI tags every save automatically the moment you bookmark it — no folders, no manual filing. Tags are searchable, so everything stays findable.",published,763,182,pending-export,pending-export,pending-export,pending-export,pending-export,pending-export,pending-export,pending-export,pending-export,pending-export,,2026-09-23,keep
/faq/how-is-marqly-different-from-browser-bookmarks,faq,faq,en,index,https://www.marqly.com/faq/how-is-marqly-different-from-browser-bookmarks,"How is Marqly different from browser bookmarks? | Marqly FAQ","Browser bookmarks store titles in folders you file by hand, locked to one browser. Marqly auto-tags saves, summarizes articles, and searches by meaning.",published,7,186,pending-export,pending-export,pending-export,pending-export,pending-export,pending-export,pending-export,pending-export,pending-export,pending-export,,2026-09-23,keep
/faq/how-much-does-marqly-cost,faq,faq,en,index,https://www.marqly.com/faq/how-much-does-marqly-cost,"How much does Marqly cost? | Marqly FAQ","Marqly Pro costs $72/year (about $6/month billed annually) or $9/month billed monthly. A free tier is available too, with no card required.",published,763,185,pending-export,pending-export,pending-export,pending-export,pending-export,pending-export,pending-export,pending-export,pending-export,pending-export,,2026-09-23,keep
/faq/is-marqly-a-pocket-replacement,faq,faq,en,index,https://www.marqly.com/faq/is-marqly-a-pocket-replacement,"Is Marqly a Pocket replacement? | Marqly FAQ","Yes for the core Pocket workflow — one-click saves, a searchable library, direct Pocket import — plus AI tagging and summaries. Caveat: no offline reading.",published,763,185,pending-export,pending-export,pending-export,pending-export,pending-export,pending-export,pending-export,pending-export,pending-export,pending-export,,2026-09-23,keep
/faq/is-marqly-free,faq,faq,en,index,https://www.marqly.com/faq/is-marqly-free,"Is Marqly free? | Marqly FAQ","Yes. Marqly has a free tier with no card required — save, file, highlight and search up to 2,000 bookmarks at no cost. Every AI feature is Pro, at $72/yr or $9/",published,763,184,pending-export,pending-export,pending-export,pending-export,pending-export,pending-export,pending-export,pending-export,pending-export,pending-export,,2026-09-23,keep
/faq/is-marqly-safe,faq,faq,en,index,https://www.marqly.com/faq/is-marqly-safe,"Is Marqly safe to use? | Marqly FAQ","Yes. Marqly stores your saves in your private account, doesn't sell your data, and is funded by Pro subscriptions — not ads. See the privacy policy for details.",published,763,186,pending-export,pending-export,pending-export,pending-export,pending-export,pending-export,pending-export,pending-export,pending-export,pending-export,,2026-09-23,keep
/faq/is-there-a-lifetime-deal,faq,faq,en,index,https://www.marqly.com/faq/is-there-a-lifetime-deal,"Is there a Marqly lifetime deal? | Marqly FAQ","Not any more. Marqly sold lifetime deals through AppSumo in 2022–24 and still honours them, but none are sold today. Annual at $72/yr is the best current price.",published,8,184,pending-export,pending-export,pending-export,pending-export,pending-export,pending-export,pending-export,pending-export,pending-export,pending-export,,2026-09-23,keep
/faq/is-there-a-student-discount,faq,faq,en,index,https://www.marqly.com/faq/is-there-a-student-discount,"Does Marqly have a student discount? | Marqly FAQ","Yes — verified students get Marqly Pro for $48 for their first year instead of $72. Verify a university email address in checkout to get a one-time code.",published,4,184,pending-export,pending-export,pending-export,pending-export,pending-export,pending-export,pending-export,pending-export,pending-export,pending-export,,2026-09-23,keep
/faq/is-there-an-affiliate-program,faq,faq,en,index,https://www.marqly.com/faq/is-there-an-affiliate-program,"Is there a Marqly affiliate program? | Marqly FAQ","No public affiliate program today — no signup page or published commissions. Email support@marqly.com about your audience to discuss a partnership directly.",published,6,185,pending-export,pending-export,pending-export,pending-export,pending-export,pending-export,pending-export,pending-export,pending-export,pending-export,,2026-09-23,keep
/faq/is-there-an-android-app,faq,faq,en,index,https://www.marqly.com/faq/is-there-an-android-app,"Is there a Marqly Android app? | Marqly FAQ","Yes — the Marqly Android app is on Google Play. Save links on the go and search your whole library; everything syncs with your account.",published,11,184,pending-export,pending-export,pending-export,pending-export,pending-export,pending-export,pending-export,pending-export,pending-export,pending-export,,2026-09-23,keep
/faq/is-there-an-ios-app,faq,faq,en,index,https://www.marqly.com/faq/is-there-an-ios-app,"Is there a Marqly iOS app? | Marqly FAQ","Yes — the Marqly iOS app is on the App Store for iPhone and iPad. Save links on the go and search your whole library; everything syncs with your account.",published,763,183,pending-export,pending-export,pending-export,pending-export,pending-export,pending-export,pending-export,pending-export,pending-export,pending-export,,2026-09-23,keep
/faq/marqly-coupons-and-discounts,faq,faq,en,index,https://www.marqly.com/faq/marqly-coupons-and-discounts,"Are there Marqly coupons or discount codes? | Marqly FAQ","Marqly has no public coupon codes. The real discount is annual billing: $72/yr versus $9/mo — about 33% off. Ignore third-party coupon sites; codes are fake.",published,4,184,pending-export,pending-export,pending-export,pending-export,pending-export,pending-export,pending-export,pending-export,pending-export,pending-export,,2026-09-23,keep
/faq/what-ai-model-does-marqly-use,faq,faq,en,index,https://www.marqly.com/faq/what-ai-model-does-marqly-use,"What AI model does Marqly use? | Marqly FAQ","Marqly runs on state-of-the-art large language models, chosen per task rather than pinned to one vendor — so models get swapped as better ones become available.",published,5,185,pending-export,pending-export,pending-export,pending-export,pending-export,pending-export,pending-export,pending-export,pending-export,pending-export,,2026-09-23,keep
/faq/what-are-boards,faq,faq,en,index,https://www.marqly.com/faq/what-are-boards,"What are boards? | Marqly FAQ","Boards are Marqly's collections: group related links and highlights around a topic or project, and share any board as a public page anyone can view free.",published,11,182,pending-export,pending-export,pending-export,pending-export,pending-export,pending-export,pending-export,pending-export,pending-export,pending-export,,2026-09-23,keep
/faq/what-happens-to-my-bookmarks-if-i-cancel,faq,faq,en,index,https://www.marqly.com/faq/what-happens-to-my-bookmarks-if-i-cancel,"What happens to my bookmarks if I cancel Marqly? | Marqly FAQ","Your bookmarks stay — canceling never deletes data. Canceling Marqly Pro moves you to the free tier, where every bookmark you saved stays readable and searchabl",published,4,185,pending-export,pending-export,pending-export,pending-export,pending-export,pending-export,pending-export,pending-export,pending-export,pending-export,,2026-09-23,keep
/faq/what-happens-when-my-trial-ends,faq,faq,en,index,https://www.marqly.com/faq/what-happens-when-my-trial-ends,"What happens when I cancel Marqly Pro? | Marqly FAQ","Cancel Marqly Pro and you move to the free plan when your billing period ends. Nothing is deleted — every bookmark stays readable and searchable; only the AI st",published,5,184,pending-export,pending-export,pending-export,pending-export,pending-export,pending-export,pending-export,pending-export,pending-export,pending-export,,2026-09-23,keep
/faq/what-is-a-bookmark-manager,faq,faq,en,index,https://www.marqly.com/faq/what-is-a-bookmark-manager,"What is a bookmark manager? | Marqly FAQ","A bookmark manager is an app that saves and organizes links in one searchable library — beyond browser bookmarks, with tags, search, and cross-device access.",published,4,187,pending-export,pending-export,pending-export,pending-export,pending-export,pending-export,pending-export,pending-export,pending-export,pending-export,,2026-09-23,keep
/faq/what-is-a-read-it-later-app,faq,faq,en,index,https://www.marqly.com/faq/what-is-a-read-it-later-app,"What is a read-it-later app? | Marqly FAQ","A read-it-later app saves articles and videos to a queue for when you have time. Pocket defined the category; its July 2025 shutdown reshaped what comes next.",published,4,185,pending-export,pending-export,pending-export,pending-export,pending-export,pending-export,pending-export,pending-export,pending-export,pending-export,,2026-09-23,keep
/faq/what-is-a-second-brain-app,faq,faq,en,index,https://www.marqly.com/faq/what-is-a-second-brain-app,"What is a second brain app? | Marqly FAQ","A second brain app captures articles, highlights, and ideas into one trusted external system — instant capture plus reliable retrieval, so nothing gets lost.",published,1,188,pending-export,pending-export,pending-export,pending-export,pending-export,pending-export,pending-export,pending-export,pending-export,pending-export,,2026-09-23,keep
/faq/what-is-an-ai-bookmark-manager,faq,faq,en,index,https://www.marqly.com/faq/what-is-an-ai-bookmark-manager,"What is an AI bookmark manager? | Marqly FAQ","An AI bookmark manager organizes saves for you in three layers: automatic tagging, AI summaries, and semantic search that finds links by meaning, not keywords.",published,763,185,pending-export,pending-export,pending-export,pending-export,pending-export,pending-export,pending-export,pending-export,pending-export,pending-export,,2026-09-23,keep
/faq/what-is-marqly-home-new-tab,faq,faq,en,index,https://www.marqly.com/faq/what-is-marqly-home-new-tab,"What is Marqly Home on the New Tab page? | Marqly FAQ","Marqly Home is a customizable New Tab workspace with library search, quick links, folders, notes, to-dos, weather, backgrounds, and saved sessions.",published,763,183,pending-export,pending-export,pending-export,pending-export,pending-export,pending-export,pending-export,pending-export,pending-export,pending-export,,2026-09-23,keep
/faq/what-is-semantic-search,faq,faq,en,index,https://www.marqly.com/faq/what-is-semantic-search,"What is semantic search in Marqly? | Marqly FAQ","Semantic search finds saves by meaning, not keywords — type 'that video about sourdough starters' and Marqly checks titles, content, highlights, transcripts.",published,763,183,pending-export,pending-export,pending-export,pending-export,pending-export,pending-export,pending-export,pending-export,pending-export,pending-export,,2026-09-23,keep
/faq/whats-in-marqly-free-vs-pro,faq,faq,en,index,https://www.marqly.com/faq/whats-in-marqly-free-vs-pro,"What&#39;s the difference between Marqly Free and Pro? | Marqly FAQ","Marqly Free covers saving, boards, highlights and keyword search across your whole library, up to 2,000 bookmarks. Every AI feature is Pro — tagging, summaries,",published,8,184,pending-export,pending-export,pending-export,pending-export,pending-export,pending-export,pending-export,pending-export,pending-export,pending-export,,2026-09-23,keep
/faq/whats-on-the-roadmap,faq,faq,en,index,https://www.marqly.com/faq/whats-on-the-roadmap,"What&#39;s on Marqly&#39;s roadmap? | Marqly FAQ","Marqly is actively developed, but we don't pre-announce features or dates. Follow @getmarqly on X for updates as they ship, or email requests to support.",published,3,187,pending-export,pending-export,pending-export,pending-export,pending-export,pending-export,pending-export,pending-export,pending-export,pending-export,,2026-09-23,keep
/faq/where-is-my-data-stored,faq,faq,en,index,https://www.marqly.com/faq/where-is-my-data-stored,"Where is my Marqly data stored? | Marqly FAQ","Marqly stores your saves in secure cloud infrastructure tied to your private account, synced across your devices. The privacy policy covers the details.",published,4,185,pending-export,pending-export,pending-export,pending-export,pending-export,pending-export,pending-export,pending-export,pending-export,pending-export,,2026-09-23,keep
/faq/who-made-marqly,faq,faq,en,index,https://www.marqly.com/faq/who-made-marqly,"Who made Marqly? | Marqly FAQ","Marqly is built by Marqly Labs, a small independent team focused on one product: an AI bookmark manager for your browser, the web, and your iOS devices.",published,1,185,pending-export,pending-export,pending-export,pending-export,pending-export,pending-export,pending-export,pending-export,pending-export,pending-export,,2026-09-23,keep
/best-bookmark-manager,use-case-lander,usecases,en,index,https://www.marqly.com/best-bookmark-manager,"Best Bookmark Managers 2026 — 7 Tools Compared","A transparent comparison of 7 bookmark managers in 2026, covering retrieval, filing effort, multimedia capture, portability, platform support, and price.",published,763,180,pending-export,pending-export,pending-export,pending-export,pending-export,pending-export,pending-export,pending-export,pending-export,pending-export,,2026-09-23,keep
/bookmark-manager-for-chrome,use-case-lander,usecases,en,index,https://www.marqly.com/bookmark-manager-for-chrome,"Bookmark Manager for Chrome With AI Search | Marqly","Chrome bookmarks stop at folders and title search. Marqly adds AI tagging, summaries, and semantic search in a side panel — install from the Chrome Web Store.",published,763,182,pending-export,pending-export,pending-export,pending-export,pending-export,pending-export,pending-export,pending-export,pending-export,pending-export,,2026-09-23,keep
/bookmark-manager-for-edge,use-case-lander,usecases,en,index,https://www.marqly.com/bookmark-manager-for-edge,"Bookmark Manager for Edge — AI-Powered Add-on | Marqly","Edge favorites only go so far. The Marqly add-on for Microsoft Edge brings AI tagging, summaries, and semantic search to every page you save — free to start.",published,763,181,pending-export,pending-export,pending-export,pending-export,pending-export,pending-export,pending-export,pending-export,pending-export,pending-export,,2026-09-23,keep
/bookmark-manager-for-firefox,use-case-lander,usecases,en,index,https://www.marqly.com/bookmark-manager-for-firefox,"Bookmark Manager for Firefox — AI Add-on | Marqly","Marqly's Firefox add-on saves any page with one click, tags it with AI, and finds it later by meaning. Install from Firefox Add-ons and search by memory.",published,763,182,pending-export,pending-export,pending-export,pending-export,pending-export,pending-export,pending-export,pending-export,pending-export,pending-export,,2026-09-23,keep
/bookmark-manager-for-iphone,use-case-lander,usecases,en,index,https://www.marqly.com/bookmark-manager-for-iphone,"Bookmark Manager for iPhone With AI Search | Marqly","Marqly's iOS app puts your whole bookmark library on your iPhone — AI tags, summaries, and semantic search included. Free on the App Store, syncs everywhere.",published,763,181,pending-export,pending-export,pending-export,pending-export,pending-export,pending-export,pending-export,pending-export,pending-export,pending-export,,2026-09-23,keep
/bookmark-manager-for-safari,use-case-lander,usecases,en,index,https://www.marqly.com/bookmark-manager-for-safari,"Bookmark Manager for Safari + iOS | Marqly","Safari bookmarks stay locked to Apple devices. Marqly pairs a Safari extension with an iOS app and account sync, so your saves open in any browser you use.",published,763,181,pending-export,pending-export,pending-export,pending-export,pending-export,pending-export,pending-export,pending-export,pending-export,pending-export,,2026-09-23,keep
/bookmark-organizer,use-case-lander,usecases,en,index,https://www.marqly.com/bookmark-organizer,"Bookmark Organizer with AI Tags &amp; Real Search | Marqly","Marqly tags every bookmark automatically and finds any save by meaning, not keywords. Import your browser's messy folders and stop filing links by hand.",published,763,182,pending-export,pending-export,pending-export,pending-export,pending-export,pending-export,pending-export,pending-export,pending-export,pending-export,,2026-09-23,keep
/bookmark-sync,use-case-lander,usecases,en,index,https://www.marqly.com/bookmark-sync,"Sync Bookmarks Across Devices &amp; Browsers | Marqly","Native bookmark sync locks you into one browser. Marqly syncs saves across Chrome, Edge, Firefox, Safari, the web app, and iOS with a single free account.",published,763,182,pending-export,pending-export,pending-export,pending-export,pending-export,pending-export,pending-export,pending-export,pending-export,pending-export,,2026-09-23,keep
/clipboard-history,use-case-lander,usecases,en,index,https://www.marqly.com/clipboard-history,"Clipboard History Chrome Extension, Searchable | Marqly","Marqly's Clipboard History keeps every snippet you copy from a webpage — searchable, taggable, pinnable. Available in the Chrome and Edge extensions.",published,763,185,pending-export,pending-export,pending-export,pending-export,pending-export,pending-export,pending-export,pending-export,pending-export,pending-export,,2026-09-23,keep
/content-curation,use-case-lander,usecases,en,index,https://www.marqly.com/content-curation,"Content Curation Tool — Shareable Boards | Marqly","Curate links and highlights into boards, then share any board as a public page — no signup needed to view. Marqly is content curation without the friction.",published,763,182,pending-export,pending-export,pending-export,pending-export,pending-export,pending-export,pending-export,pending-export,pending-export,pending-export,,2026-09-23,keep
/de/alternativen/evernote,use-case-lander,usecases,de,index,https://www.marqly.com/de/alternativen/evernote,"Evernote-Alternativen 2026: günstiger und einfacher | Marqly","Evernote kostet zwischen 99 und 249,99 $ im Jahr. Wenn du es nur zum Clippen nutzt, gibt es deutlich günstigere Optionen. Vergleich nach Anwendungsfall.",published,105,95,pending-export,pending-export,pending-export,pending-export,pending-export,pending-export,pending-export,pending-export,pending-export,pending-export,lang:de,2026-09-23,keep
/de/alternativen/instapaper,use-case-lander,usecases,de,index,https://www.marqly.com/de/alternativen/instapaper,"Instapaper-Alternativen 2026: ehrlicher Vergleich | Marqly","Instapaper ist der beste reine Reader. Wer wechselt, will Ordnung, KI oder Video. Wir vergleichen die echten Optionen nach deinem Grund.",published,105,95,pending-export,pending-export,pending-export,pending-export,pending-export,pending-export,pending-export,pending-export,pending-export,pending-export,lang:de,2026-09-23,keep
/de/alternativen/notion,use-case-lander,usecases,de,index,https://www.marqly.com/de/alternativen/notion,"Notion Web Clipper Alternativen 2026 | Marqly","Links in Notion zu speichern funktioniert, bis es wächst. Alternativen für alle, die besser erfassen und keine Datenbanken mehr pflegen wollen.",published,105,95,pending-export,pending-export,pending-export,pending-export,pending-export,pending-export,pending-export,pending-export,pending-export,pending-export,lang:de,2026-09-23,keep
/de/alternativen/pocket,use-case-lander,usecases,de,index,https://www.marqly.com/de/alternativen/pocket,"Die besten Pocket-Alternativen 2026 | Marqly","Pocket wurde im Juli 2025 abgeschaltet. Wir vergleichen die echten Alternativen — Instapaper, Raindrop, Matter, Marqly — danach, wofür du Pocket genutzt hast.",published,105,95,pending-export,pending-export,pending-export,pending-export,pending-export,pending-export,pending-export,pending-export,pending-export,pending-export,lang:de,2026-09-23,keep
/de/alternativen/raindrop,use-case-lander,usecases,de,index,https://www.marqly.com/de/alternativen/raindrop,"Raindrop.io-Alternativen 2026: echte Optionen | Marqly","Raindrop ordnet Sammlungen wie kein anderes, aber Wiederfinden hängt an deinen Tags. Wir vergleichen Alternativen nach deinem Wechselgrund.",published,105,95,pending-export,pending-export,pending-export,pending-export,pending-export,pending-export,pending-export,pending-export,pending-export,pending-export,lang:de,2026-09-23,keep
/de/content-curation,use-case-lander,usecases,de,index,https://www.marqly.com/de/content-curation,"Content Curation Tool — Teilbare Themen-Boards | Marqly","Links und Text-Highlights in Boards bündeln und als öffentliche Webseiten ohne Login teilen. Professionelle Kuration ohne Registrierungshürde.",published,105,95,pending-export,pending-export,pending-export,pending-export,pending-export,pending-export,pending-export,pending-export,pending-export,pending-export,lang:de,2026-09-23,keep
/de/datenschutz-fragen,use-case-lander,usecases,de,index,https://www.marqly.com/de/datenschutz-fragen,"Bookmark-Manager und Datenschutz: die Fakten | Marqly","Welche Daten entstehen, wenn du Lesezeichen speicherst? Was du exportieren kannst, was beim Löschen des Kontos passiert und was wir bewusst nicht behaupten.",published,105,97,pending-export,pending-export,pending-export,pending-export,pending-export,pending-export,pending-export,pending-export,pending-export,pending-export,lang:de,2026-09-23,keep
/de/fuer-anwaelte,use-case-lander,usecases,de,index,https://www.marqly.com/de/fuer-anwaelte,"Juristische Recherche &amp; Fachartikel für Anwälte organisieren | Marqly","Urteile, Verordnungen und Fachaufsätze mit Marqly strukturieren. Relevante Passagen in 6 Farben markieren, Seiten als PDF sichern und Quellen semantisch finden.",published,105,95,pending-export,pending-export,pending-export,pending-export,pending-export,pending-export,pending-export,pending-export,pending-export,pending-export,lang:de,2026-09-23,keep
/de/fuer-autoren,use-case-lander,usecases,de,index,https://www.marqly.com/de/fuer-autoren,"Recherche und Referenzen fürs Schreiben speichern | Marqly","Speichere die Recherche zu dem, was du schreibst, markier das Zitierfähige und hol die richtige Quelle über eine Beschreibung zurück.",published,105,96,pending-export,pending-export,pending-export,pending-export,pending-export,pending-export,pending-export,pending-export,pending-export,pending-export,lang:de,2026-09-23,keep
/de/fuer-berater,use-case-lander,usecases,de,index,https://www.marqly.com/de/fuer-berater,"Mandanten-Recherche für Berater organisieren | Marqly","Ein Board pro Mandant, KI-Zusammenfassungen für Branchenberichte und teilbare Boards, die Kunden ohne Registrierung direkt im Browser öffnen.",published,105,95,pending-export,pending-export,pending-export,pending-export,pending-export,pending-export,pending-export,pending-export,pending-export,pending-export,lang:de,2026-09-23,keep
/de/fuer-content-creator,use-case-lander,usecases,de,index,https://www.marqly.com/de/fuer-content-creator,"Referenzen und Ideen mit KI organisieren | Marqly","Referenzen, Threads, Videos und Anzeigen speichern, die dich inspirieren. Die KI taggt und fasst zusammen, und du findest die Idee beim Produzieren wieder.",published,105,96,pending-export,pending-export,pending-export,pending-export,pending-export,pending-export,pending-export,pending-export,pending-export,pending-export,lang:de,2026-09-23,keep
/de/fuer-designer,use-case-lander,usecases,de,index,https://www.marqly.com/de/fuer-designer,"Design-Inspiration organisieren — Speichern, Boards, Wiederfinden | Marqly","Design-Referenzen auf Boards sammeln, Webseiten pixelgenau als PDF sichern und Inspiration teilen. Die KI taggt automatisch jedes Fundstück.",published,105,95,pending-export,pending-export,pending-export,pending-export,pending-export,pending-export,pending-export,pending-export,pending-export,pending-export,lang:de,2026-09-23,keep
/de/fuer-doktoranden,use-case-lander,usecases,de,index,https://www.marqly.com/de/fuer-doktoranden,"Literaturüberblick für Doktoranden &amp; Dissertationen | Marqly","Den State of the Art der Doktorarbeit im Griff: Papers speichern, mit Quellen chatten, Kernaussagen in 6 Farben markieren und Thesen semantisch abfragen.",published,105,95,pending-export,pending-export,pending-export,pending-export,pending-export,pending-export,pending-export,pending-export,pending-export,pending-export,lang:de,2026-09-23,keep
/de/fuer-entwickler,use-case-lander,usecases,de,index,https://www.marqly.com/de/fuer-entwickler,"Doku, Issues und Snippets mit KI speichern | Marqly","Doku, GitHub-Issues, Stack-Overflow-Antworten und Techtalks speichern. Die KI taggt und fasst zusammen, und du findest die Lösung über das Problem.",published,105,97,pending-export,pending-export,pending-export,pending-export,pending-export,pending-export,pending-export,pending-export,pending-export,pending-export,lang:de,2026-09-23,keep
/de/fuer-forschende,use-case-lander,usecases,de,index,https://www.marqly.com/de/fuer-forschende,"Quellenverwaltung mit KI für Forschende | Marqly","Studien, Berichte und Videos speichern, von der KI taggen und zusammenfassen lassen und die richtige Quelle wiederfinden, indem du sie beschreibst.",published,105,97,pending-export,pending-export,pending-export,pending-export,pending-export,pending-export,pending-export,pending-export,pending-export,pending-export,lang:de,2026-09-23,keep
/de/fuer-gruender,use-case-lander,usecases,de,index,https://www.marqly.com/de/fuer-gruender,"Wettbewerbsanalyse-Tool für Gründer &amp; Startups | Marqly","Gründer nutzen Marqly, um Mitbewerber zu beobachten, Pricing-Seiten als PDF zu sichern und monatelange Marktforschung per KI zu durchsuchen.",published,105,95,pending-export,pending-export,pending-export,pending-export,pending-export,pending-export,pending-export,pending-export,pending-export,pending-export,lang:de,2026-09-23,keep
/de/fuer-immobilienmakler,use-case-lander,usecases,de,index,https://www.marqly.com/de/fuer-immobilienmakler,"Objekt-Recherche &amp; Vergleichswerte für Makler organisieren | Marqly","Exposés, Marktberichte und Stadtteilanalysen pro Kunde bündeln. Als PDF sichern, um Verkaufsdaten auch nach Deaktivierung des Inserats dauerhaft zu behalten.",published,105,95,pending-export,pending-export,pending-export,pending-export,pending-export,pending-export,pending-export,pending-export,pending-export,pending-export,lang:de,2026-09-23,keep
/de/fuer-journalisten,use-case-lander,usecases,de,index,https://www.marqly.com/de/fuer-journalisten,"Quellen und Recherche archivieren mit KI | Marqly","Quellen sichern und archivieren, bevor sie sich ändern, Aussagen markieren, nach Bedeutung suchen und die Recherche je Thema bündeln.",published,105,97,pending-export,pending-export,pending-export,pending-export,pending-export,pending-export,pending-export,pending-export,pending-export,pending-export,lang:de,2026-09-23,keep
/de/fuer-lehrkraefte,use-case-lander,usecases,de,index,https://www.marqly.com/de/fuer-lehrkraefte,"Unterrichtsmaterial mit KI organisieren | Marqly für Lehrkräfte","Materialien, Videos und Texte für den Unterricht speichern, von der KI taggen lassen und als öffentliche Seite mit der Klasse teilen — ohne Anmeldung.",published,105,96,pending-export,pending-export,pending-export,pending-export,pending-export,pending-export,pending-export,pending-export,pending-export,pending-export,lang:de,2026-09-23,keep
/de/fuer-marketing,use-case-lander,usecases,de,index,https://www.marqly.com/de/fuer-marketing,"Referenzen, Wettbewerb und Kampagnen mit KI organisieren | Marqly","Landingpages, Anzeigen und Wettbewerb mit automatischen Tags speichern, als PDF archivieren, bevor sie sich ändern, und Boards mit Team oder Kundschaft teilen.",published,105,96,pending-export,pending-export,pending-export,pending-export,pending-export,pending-export,pending-export,pending-export,pending-export,pending-export,lang:de,2026-09-23,keep
/de/fuer-produktmanager,use-case-lander,usecases,de,index,https://www.marqly.com/de/fuer-produktmanager,"Recherche-Tool für Produktmanager | Marqly","Wie Produktmanager Marqly nutzen, um Mitbewerber-Teardowns, User-Research-Links und PRD-Quellen automatisch getaggt und zitierbereit zu halten.",published,105,95,pending-export,pending-export,pending-export,pending-export,pending-export,pending-export,pending-export,pending-export,pending-export,pending-export,lang:de,2026-09-23,keep
/de/fuer-recruiter,use-case-lander,usecases,de,index,https://www.marqly.com/de/fuer-recruiter,"Kandidaten-Sourcing für Recruiter organisieren | Marqly","Kandidatenprofile, Gehaltsbenchmarks und Marktanalysen mit 1 Klick speichern. KI-Tagging ordnet alles automatisch, semantische Suche findet Profile nach Kompete",published,105,95,pending-export,pending-export,pending-export,pending-export,pending-export,pending-export,pending-export,pending-export,pending-export,pending-export,lang:de,2026-09-23,keep
/de/fuer-ux-researcher,use-case-lander,usecases,de,index,https://www.marqly.com/de/fuer-ux-researcher,"Schlankes UX-Research-Repository | Marqly","Ein leichtgewichtiges UX-Research-Repository: Studien speichern, Kern-Erkenntnisse in 6 Farben markieren und Read-Only-Boards ohne Login teilen.",published,105,95,pending-export,pending-export,pending-export,pending-export,pending-export,pending-export,pending-export,pending-export,pending-export,pending-export,lang:de,2026-09-23,keep
/de/fuer-vertrieb,use-case-lander,usecases,de,index,https://www.marqly.com/de/fuer-vertrieb,"Vertriebs-Recherche für Account-Intel | Marqly","Behalte Prospect-Recherche, Funding-News und Account-Intel in einer durchsuchbaren Bibliothek. KI-Tags und Boards pro Zielkunde.",published,105,95,pending-export,pending-export,pending-export,pending-export,pending-export,pending-export,pending-export,pending-export,pending-export,pending-export,lang:de,2026-09-23,keep
/de/fuer-wissenschaftler,use-case-lander,usecases,de,index,https://www.marqly.com/de/fuer-wissenschaftler,"Wissenschaftliche Literatur &amp; Papers organisieren | Marqly","Papers, Lehrmaterialien und Forschungsquellen in einer Bibliothek bündeln. In 6 Farben markieren, Fachartikel mit KI zusammenfassen und Quellen semantisch abruf",published,105,95,pending-export,pending-export,pending-export,pending-export,pending-export,pending-export,pending-export,pending-export,pending-export,pending-export,lang:de,2026-09-23,keep
/de/jobsuche-organisieren,use-case-lander,usecases,de,index,https://www.marqly.com/de/jobsuche-organisieren,"Jobsuche &amp; Bewerbungsunterlagen organisieren | Marqly","Stellenausschreibungen sichern, bevor sie gelöscht werden. Firmen-Recherchen und Vorbereitungsnotizen direkt markieren und am Vorabend des Interviews sofort fin",published,105,95,pending-export,pending-export,pending-export,pending-export,pending-export,pending-export,pending-export,pending-export,pending-export,pending-export,lang:de,2026-09-23,keep
/de/leseliste,use-case-lander,usecases,de,index,https://www.marqly.com/de/leseliste,"Eine Leseliste, die nicht zur Halde wird | Marqly","Jede Leseliste wächst schneller, als gelesen wird. Mit automatischen Zusammenfassungen und Suche nach Bedeutung hört der Stapel auf, ein Problem zu sein.",published,105,96,pending-export,pending-export,pending-export,pending-export,pending-export,pending-export,pending-export,pending-export,pending-export,pending-export,lang:de,2026-09-23,keep
/de/lesezeichen-manager-chrome,use-case-lander,usecases,de,index,https://www.marqly.com/de/lesezeichen-manager-chrome,"Lesezeichen-Manager für Chrome mit KI-Suche | Marqly","Chromes Lesezeichen können nur Ordner und Titelsuche. Marqly ergänzt KI-Tagging, Zusammenfassungen und semantische Suche in der Seitenleiste. Kostenlos im Chrom",published,105,95,pending-export,pending-export,pending-export,pending-export,pending-export,pending-export,pending-export,pending-export,pending-export,pending-export,lang:de,2026-09-23,keep
/de/lesezeichen-manager-edge,use-case-lander,usecases,de,index,https://www.marqly.com/de/lesezeichen-manager-edge,"Lesezeichen-Manager für Edge mit KI-Suche | Marqly","Edge-Favoriten bieten zu wenig. Das Marqly-Add-on für Microsoft Edge bringt KI-Tags, Zusammenfassungen und semantische Suche in die Seitenleiste. Kostenlos star",published,105,95,pending-export,pending-export,pending-export,pending-export,pending-export,pending-export,pending-export,pending-export,pending-export,pending-export,lang:de,2026-09-23,keep
/de/lesezeichen-manager-firefox,use-case-lander,usecases,de,index,https://www.marqly.com/de/lesezeichen-manager-firefox,"Lesezeichen-Manager für Firefox mit KI-Suche | Marqly","Marqlys Firefox-Add-on speichert Webseiten mit einem Klick, taggt sie per KI und findet sie nach Bedeutung wieder. Jetzt auf Firefox Add-ons (AMO) installieren.",published,105,95,pending-export,pending-export,pending-export,pending-export,pending-export,pending-export,pending-export,pending-export,pending-export,pending-export,lang:de,2026-09-23,keep
/de/lesezeichen-manager-iphone,use-case-lander,usecases,de,index,https://www.marqly.com/de/lesezeichen-manager-iphone,"Lesezeichen-Manager für iPhone mit KI-Suche | Marqly","Marqlys iOS-App bringt deine gesamte Lesezeichen-Bibliothek aufs iPhone: KI-Tags, Zusammenfassungen und semantische Suche für die Hosentasche. Gratis im App Sto",published,105,95,pending-export,pending-export,pending-export,pending-export,pending-export,pending-export,pending-export,pending-export,pending-export,pending-export,lang:de,2026-09-23,keep
/de/lesezeichen-manager-safari,use-case-lander,usecases,de,index,https://www.marqly.com/de/lesezeichen-manager-safari,"Lesezeichen-Manager für Safari &amp; iOS mit KI | Marqly","Safari-Lesezeichen bleiben in der Apple-Welt gefangen. Marqly kombiniert Safari-Erweiterung, iOS-App und Cloud-Sync mit Chrome, Edge, Firefox und Web.",published,105,95,pending-export,pending-export,pending-export,pending-export,pending-export,pending-export,pending-export,pending-export,pending-export,pending-export,lang:de,2026-09-23,keep
/de/lesezeichen-organizer,use-case-lander,usecases,de,index,https://www.marqly.com/de/lesezeichen-organizer,"Lesezeichen-Organizer mit KI-Tags &amp; echter semantischer Suche | Marqly","Marqly taggt jedes Lesezeichen automatisch per KI und findet Inhalte nach Bedeutung statt exakten Wörtern. Importiere alte Ordner und spare dir manuelle Ablage.",published,105,95,pending-export,pending-export,pending-export,pending-export,pending-export,pending-export,pending-export,pending-export,pending-export,pending-export,lang:de,2026-09-23,keep
/de/lesezeichen-synchronisieren,use-case-lander,usecases,de,index,https://www.marqly.com/de/lesezeichen-synchronisieren,"Lesezeichen browserübergreifend auf allen Geräten synchronisieren | Marqly","Native Browser-Syncs sperren dich in ein Ökosystem ein. Marqly synchronisiert Lesezeichen über Chrome, Edge, Firefox, Safari, Web und iOS mit einem kostenlosen ",published,105,95,pending-export,pending-export,pending-export,pending-export,pending-export,pending-export,pending-export,pending-export,pending-export,pending-export,lang:de,2026-09-23,keep
/de/migration/raindrop,use-case-lander,usecases,de,index,https://www.marqly.com/de/migration/raindrop,"Raindrop zu Marqly migrieren: Anleitung 2026","Raindrop-Lesezeichen als HTML oder CSV exportieren, Sammlungen und Tags prüfen und sicher in Marqly importieren — Schritt für Schritt.",published,105,96,pending-export,pending-export,pending-export,pending-export,pending-export,pending-export,pending-export,pending-export,pending-export,pending-export,lang:de,2026-09-23,keep
/de/neuer-tab-dashboard,use-case-lander,usecases,de,index,https://www.marqly.com/de/neuer-tab-dashboard,"Neuer Tab Chrome-Erweiterung: Eigenes Dashboard | Marqly","Ersetze den leeren Tab durch Marqly Home: Durchsuche deine Bibliothek, organisiere Schnellzugriffe, Notizen, To-Dos und Wetter direkt im Browser. Für Chrome, Ed",published,105,95,pending-export,pending-export,pending-export,pending-export,pending-export,pending-export,pending-export,pending-export,pending-export,pending-export,lang:de,2026-09-23,keep
/de/recherche-organisieren,use-case-lander,usecases,de,index,https://www.marqly.com/de/recherche-organisieren,"Recherche für ein Projekt organisieren, ohne Quellen zu verlieren | Marqly","Quellen mit einem Klick sichern, von der KI taggen und zusammenfassen lassen, jedes Projekt in einem Board bündeln und jedes Dokument beschreibend zurückholen.",published,105,96,pending-export,pending-export,pending-export,pending-export,pending-export,pending-export,pending-export,pending-export,pending-export,pending-export,lang:de,2026-09-23,keep
/de/reise-planen,use-case-lander,usecases,de,index,https://www.marqly.com/de/reise-planen,"Reiseplanung organisieren, ohne Links zu verlieren | Marqly","Flüge, Unterkünfte, Empfehlungen und Videos verteilt auf zwanzig Tabs. Alles in einem Board, mit automatischen Tags und per Link teilbar.",published,105,96,pending-export,pending-export,pending-export,pending-export,pending-export,pending-export,pending-export,pending-export,pending-export,pending-export,lang:de,2026-09-23,keep
/de/rezepte-organisieren,use-case-lander,usecases,de,index,https://www.marqly.com/de/rezepte-organisieren,"Rezepte aus dem Internet organisieren | Marqly","Rezepte verteilt zwischen Instagram, Screenshots und Lesezeichen. Alles an einem Ort, mit automatischen Tags und Suche nach Zutat oder Erinnerung.",published,105,96,pending-export,pending-export,pending-export,pending-export,pending-export,pending-export,pending-export,pending-export,pending-export,pending-export,lang:de,2026-09-23,keep
/de/spaeter-lesen,use-case-lander,usecases,de,index,https://www.marqly.com/de/spaeter-lesen,"Später lesen: Artikel speichern und finden | Marqly","Artikel mit einem Klick speichern, per KI-Zusammenfassung aussortieren und später wirklich lesen — statt eine Leseliste anzulegen, die nur immer weiter wächst.",published,105,98,pending-export,pending-export,pending-export,pending-export,pending-export,pending-export,pending-export,pending-export,pending-export,pending-export,lang:de,2026-09-23,keep
/de/studium,use-case-lander,usecases,de,index,https://www.marqly.com/de/studium,"Apps fürs Studium: Recherche organisieren | Marqly","So sammelst, markierst und findest du Quellen fürs Studium wieder — mit KI-Tagging, Zusammenfassungen und Studierenden-Rabatt im ersten Jahr: 48 $ (rund 44 €).",published,105,98,pending-export,pending-export,pending-export,pending-export,pending-export,pending-export,pending-export,pending-export,pending-export,pending-export,lang:de,2026-09-23,keep
/de/swipe-file,use-case-lander,usecases,de,index,https://www.marqly.com/de/swipe-file,"Swipe File App — Anzeigen, Copy &amp; Landing Pages speichern | Marqly","Gute Ads, Landingpages und Headlines sofort sichern, Kernaussagen hervorheben und Beispiele später per Bedeutungs-Beschreibung wiederfinden.",published,105,95,pending-export,pending-export,pending-export,pending-export,pending-export,pending-export,pending-export,pending-export,pending-export,pending-export,lang:de,2026-09-23,keep
/de/tabs-speichern,use-case-lander,usecases,de,index,https://www.marqly.com/de/tabs-speichern,"Tabs speichern: alle offenen Tabs auf einmal | Marqly","Zu viele Tabs offen? Speichere alle offenen Tabs mit einem Klick als Sitzung, schließ das Fenster und hol dir später genau diesen Arbeitsstand zurück.",published,105,98,pending-export,pending-export,pending-export,pending-export,pending-export,pending-export,pending-export,pending-export,pending-export,pending-export,lang:de,2026-09-23,keep
/de/vergleich/marqly-vs-evernote,use-case-lander,usecases,de,index,https://www.marqly.com/de/vergleich/marqly-vs-evernote,"Marqly vs Evernote: Preis, KI und wofür sich was eignet | Marqly","Evernote ist eine vollständige und teure Notiz-Suite. Marqly ist ein Lesezeichenmanager mit KI für 72 $ im Jahr. Funktionen, Preise und Anwendungsfälle.",published,105,95,pending-export,pending-export,pending-export,pending-export,pending-export,pending-export,pending-export,pending-export,pending-export,pending-export,lang:de,2026-09-23,keep
/de/vergleich/marqly-vs-instapaper,use-case-lander,usecases,de,index,https://www.marqly.com/de/vergleich/marqly-vs-instapaper,"Marqly vs Instapaper: reiner Reader oder KI-Bibliothek | Marqly","Instapaper ist der beste ablenkungsfreie Reader und funktioniert offline. Marqly ordnet und findet wieder mit KI. Ein Vergleich ohne Übertreibung.",published,105,95,pending-export,pending-export,pending-export,pending-export,pending-export,pending-export,pending-export,pending-export,pending-export,pending-export,lang:de,2026-09-23,keep
/de/vergleich/marqly-vs-matter,use-case-lander,usecases,de,index,https://www.marqly.com/de/vergleich/marqly-vs-matter,"Marqly vs Matter: Audio und Lesen auf iOS oder KI-Suche | Marqly","Matter ist der eleganteste Reader auf iOS und am besten zum Hören von Artikeln. Marqly ordnet mit KI und sucht nach Bedeutung. Ein ehrlicher Vergleich.",published,105,95,pending-export,pending-export,pending-export,pending-export,pending-export,pending-export,pending-export,pending-export,pending-export,pending-export,lang:de,2026-09-23,keep
/de/vergleich/marqly-vs-notion,use-case-lander,usecases,de,index,https://www.marqly.com/de/vergleich/marqly-vs-notion,"Marqly vs Notion Web Clipper: womit Links speichern | Marqly","Der Notion Web Clipper ist kostenlos, erfasst aber schlecht, und das Ordnen bleibt an dir. Marqly taggt mit KI und sucht nach Bedeutung. Ehrlicher Vergleich.",published,105,95,pending-export,pending-export,pending-export,pending-export,pending-export,pending-export,pending-export,pending-export,pending-export,pending-export,lang:de,2026-09-23,keep
/de/vergleich/marqly-vs-obsidian,use-case-lander,usecases,de,index,https://www.marqly.com/de/vergleich/marqly-vs-obsidian,"Marqly vs Obsidian Web Clipper: lokale Dateien oder KI | Marqly","Obsidian speichert das Web als Markdown, das dir für immer gehört — kostenlos. Marqly taggt und sucht nach Bedeutung. Kontrolle gegen Automatisierung.",published,105,95,pending-export,pending-export,pending-export,pending-export,pending-export,pending-export,pending-export,pending-export,pending-export,pending-export,lang:de,2026-09-23,keep
/de/vergleich/marqly-vs-pocket,use-case-lander,usecases,de,index,https://www.marqly.com/de/vergleich/marqly-vs-pocket,"Marqly vs Pocket: was jetzt, wo Pocket abgeschaltet ist | Marqly","Pocket wurde am 8. Juli 2025 abgeschaltet, die Daten im Oktober gelöscht. Was Pocket konnte, was Marqly kann und wie du deinen Export importierst.",published,105,95,pending-export,pending-export,pending-export,pending-export,pending-export,pending-export,pending-export,pending-export,pending-export,pending-export,lang:de,2026-09-23,keep
/de/vergleich/marqly-vs-raindrop,use-case-lander,usecases,de,index,https://www.marqly.com/de/vergleich/marqly-vs-raindrop,"Marqly vs. Raindrop: Funktionen im Vergleich | Marqly","Marqly oder Raindrop? Raindrop punktet mit Reife und großzügiger Gratis-Stufe, Marqly mit semantischer Suche, KI-Tagging und starken YouTube-Werkzeugen.",published,105,98,pending-export,pending-export,pending-export,pending-export,pending-export,pending-export,pending-export,pending-export,pending-export,pending-export,lang:de,2026-09-23,keep
/de/vergleich/marqly-vs-readwise,use-case-lander,usecases,de,index,https://www.marqly.com/de/vergleich/marqly-vs-readwise,"Marqly vs Readwise Reader: Preis und Zielgruppe | Marqly","Readwise Reader ist das mächtigste Lesewerkzeug am Markt, ohne Gratis-Stufe und für 119,88 $ im Jahr. Marqly kostet 72 $ und löst ein anderes Problem.",published,105,95,pending-export,pending-export,pending-export,pending-export,pending-export,pending-export,pending-export,pending-export,pending-export,pending-export,lang:de,2026-09-23,keep
/de/webseite-als-pdf-speichern,use-case-lander,usecases,de,index,https://www.marqly.com/de/webseite-als-pdf-speichern,"Webseite als PDF speichern — Exakte lokale Erfassung | Marqly","Die Marqly-Browser-Erweiterung speichert Webseiten als layoutgetreue PDFs inklusive Lazy-Load-Bildern – 100% lokal im Browser verarbeitet.",published,105,95,pending-export,pending-export,pending-export,pending-export,pending-export,pending-export,pending-export,pending-export,pending-export,pending-export,lang:de,2026-09-23,keep
/de/webseiten-markieren,use-case-lander,usecases,de,index,https://www.marqly.com/de/webseiten-markieren,"Webseiten markieren: Textmarker für Chrome | Marqly","Markiere Text auf jeder Webseite in sechs Farben, schreib Notizen dazu und finde alles wieder — deine Markierungen sind beim nächsten Besuch noch genau da.",published,105,97,pending-export,pending-export,pending-export,pending-export,pending-export,pending-export,pending-export,pending-export,pending-export,pending-export,lang:de,2026-09-23,keep
/de/youtube-videos-speichern,use-case-lander,usecases,de,index,https://www.marqly.com/de/youtube-videos-speichern,"YouTube-Videos speichern und wiederfinden | Marqly","„Später ansehen“ ist der Ort, an dem Videos sterben. Speichern mit Zusammenfassung und angehängtem Transkript — und über Gesagtes wiederfinden.",published,105,97,pending-export,pending-export,pending-export,pending-export,pending-export,pending-export,pending-export,pending-export,pending-export,pending-export,lang:de,2026-09-23,keep
/de/youtube-zusammenfasser,use-case-lander,usecases,de,index,https://www.marqly.com/de/youtube-zusammenfasser,"YouTube Zusammenfasser mit KI: Video-TL;DR &amp; Transkript | Marqly","Marqly platziert eine KI-Karte direkt auf jeder YouTube-Videoseite: Streaming-TL;DR, Kernabschnitte, erwähnte Bücher, synchronisiertes Transkript und Video-Chat",published,105,95,pending-export,pending-export,pending-export,pending-export,pending-export,pending-export,pending-export,pending-export,pending-export,pending-export,lang:de,2026-09-23,keep
/de/zweites-gehirn,use-case-lander,usecases,de,index,https://www.marqly.com/de/zweites-gehirn,"Ein zweites Gehirn, das keine Pflege braucht | Marqly","Die meisten zweiten Gehirne sterben an der Pflege. Marqly taggt und fasst mit KI zusammen und sucht nach Bedeutung — das System hängt nicht an deiner Disziplin.",published,105,95,pending-export,pending-export,pending-export,pending-export,pending-export,pending-export,pending-export,pending-export,pending-export,pending-export,lang:de,2026-09-23,keep
/de/zwischenablage-verlauf,use-case-lander,usecases,de,index,https://www.marqly.com/de/zwischenablage-verlauf,"Zwischenablage-Verlauf für Chrome &amp; Edge mit Suchfunktion | Marqly","Der Marqly Zwischenablage-Verlauf speichert jeden kopierten Text-Schnipsel im Web: durchsuchbar, tagbar, anpinnbar. Für Chrome und Edge Erweiterungen.",published,105,95,pending-export,pending-export,pending-export,pending-export,pending-export,pending-export,pending-export,pending-export,pending-export,pending-export,lang:de,2026-09-23,keep
/embed,use-case-lander,usecases,en,index,https://www.marqly.com/embed,"Embed Curated Bookmarks &amp; Public Boards | Marqly","Embed your curated Marqly bookmark boards into Notion, WordPress, Ghost, Substack, or any website. Live interactive embed generator with responsive cards and cl",published,1909,180,pending-export,pending-export,pending-export,pending-export,pending-export,pending-export,pending-export,pending-export,pending-export,pending-export,,2026-09-23,keep
/es/alternativas/evernote,use-case-lander,usecases,es,index,https://www.marqly.com/es/alternativas/evernote,"Alternativas a Evernote en 2026: más baratas y más simples | Marqly","Evernote cuesta entre 99 y 249,99 USD al año. Si solo lo usas para recortar páginas, hay opciones mucho más baratas. Comparación por caso de uso.",published,104,94,pending-export,pending-export,pending-export,pending-export,pending-export,pending-export,pending-export,pending-export,pending-export,pending-export,lang:es,2026-09-23,keep
/es/alternativas/instapaper,use-case-lander,usecases,es,index,https://www.marqly.com/es/alternativas/instapaper,"Alternativas a Instapaper en 2026: comparación honesta | Marqly","Instapaper es el mejor lector puro. Si buscas alternativa suele ser por organización, IA o video. Comparamos las opciones reales según tu motivo.",published,104,94,pending-export,pending-export,pending-export,pending-export,pending-export,pending-export,pending-export,pending-export,pending-export,pending-export,lang:es,2026-09-23,keep
/es/alternativas/notion,use-case-lander,usecases,es,index,https://www.marqly.com/es/alternativas/notion,"Alternativas a Notion Web Clipper en 2026 | Marqly","Guardar enlaces en Notion funciona hasta que crece. Comparamos alternativas para quien quiere capturar mejor y dejar de mantener bases de datos a mano.",published,104,94,pending-export,pending-export,pending-export,pending-export,pending-export,pending-export,pending-export,pending-export,pending-export,pending-export,lang:es,2026-09-23,keep
/es/alternativas/pocket,use-case-lander,usecases,es,index,https://www.marqly.com/es/alternativas/pocket,"Las mejores alternativas a Pocket en 2026 | Marqly","Pocket cerró en julio de 2025. Comparamos las alternativas reales — Instapaper, Raindrop, Matter, Marqly — según para qué usabas Pocket y qué importa tu export.",published,104,94,pending-export,pending-export,pending-export,pending-export,pending-export,pending-export,pending-export,pending-export,pending-export,pending-export,lang:es,2026-09-23,keep
/es/alternativas/raindrop,use-case-lander,usecases,es,index,https://www.marqly.com/es/alternativas/raindrop,"Alternativas a Raindrop.io en 2026: opciones reales | Marqly","Raindrop organiza colecciones como nadie, pero encontrar sigue dependiendo de tus etiquetas. Comparamos alternativas según si tu problema es ordenar o reencontr",published,104,94,pending-export,pending-export,pending-export,pending-export,pending-export,pending-export,pending-export,pending-export,pending-export,pending-export,lang:es,2026-09-23,keep
/es/comparar/marqly-vs-evernote,use-case-lander,usecases,es,index,https://www.marqly.com/es/comparar/marqly-vs-evernote,"Marqly vs Evernote: precio, IA y para qué sirve cada uno | Marqly","Evernote es una suite de notas completa y cara. Marqly es un gestor de marcadores con IA a 72 USD al año. Comparamos funciones, precio y en qué caso conviene ca",published,104,94,pending-export,pending-export,pending-export,pending-export,pending-export,pending-export,pending-export,pending-export,pending-export,pending-export,lang:es,2026-09-23,keep
/es/comparar/marqly-vs-instapaper,use-case-lander,usecases,es,index,https://www.marqly.com/es/comparar/marqly-vs-instapaper,"Marqly vs Instapaper: lector puro o biblioteca con IA | Marqly","Instapaper es el mejor lector sin distracciones y funciona sin conexión. Marqly organiza y reencuentra con IA. Comparamos ambos sin exagerar ninguno.",published,104,94,pending-export,pending-export,pending-export,pending-export,pending-export,pending-export,pending-export,pending-export,pending-export,pending-export,lang:es,2026-09-23,keep
/es/comparar/marqly-vs-matter,use-case-lander,usecases,es,index,https://www.marqly.com/es/comparar/marqly-vs-matter,"Marqly vs Matter: audio y lectura en iOS frente a búsqueda con IA | Marqly","Matter es el lector más pulido de iOS y el mejor para escuchar artículos. Marqly organiza con IA y busca por significado. Comparación honesta de ambos.",published,104,94,pending-export,pending-export,pending-export,pending-export,pending-export,pending-export,pending-export,pending-export,pending-export,pending-export,lang:es,2026-09-23,keep
/es/comparar/marqly-vs-notion,use-case-lander,usecases,es,index,https://www.marqly.com/es/comparar/marqly-vs-notion,"Marqly vs Notion Web Clipper: cuál usar para guardar enlaces | Marqly","El Web Clipper de Notion es gratis pero flojo al capturar y te deja organizar a mano. Marqly etiqueta con IA y busca por significado. Comparación honesta.",published,104,94,pending-export,pending-export,pending-export,pending-export,pending-export,pending-export,pending-export,pending-export,pending-export,pending-export,lang:es,2026-09-23,keep
/es/comparar/marqly-vs-obsidian,use-case-lander,usecases,es,index,https://www.marqly.com/es/comparar/marqly-vs-obsidian,"Marqly vs Obsidian Web Clipper: archivos locales o biblioteca con IA | Marqly","Obsidian guarda la web como Markdown que es tuyo para siempre, gratis. Marqly etiqueta y busca por significado. Comparamos control local frente a automatización",published,104,94,pending-export,pending-export,pending-export,pending-export,pending-export,pending-export,pending-export,pending-export,pending-export,pending-export,lang:es,2026-09-23,keep
/es/comparar/marqly-vs-pocket,use-case-lander,usecases,es,index,https://www.marqly.com/es/comparar/marqly-vs-pocket,"Marqly vs Pocket: qué usar ahora que Pocket cerró | Marqly","Pocket cerró el 8 de julio de 2025 y sus datos se borraron en octubre. Comparamos qué hacía Pocket, qué hace Marqly y cómo importar tu export de Pocket.",published,104,94,pending-export,pending-export,pending-export,pending-export,pending-export,pending-export,pending-export,pending-export,pending-export,pending-export,lang:es,2026-09-23,keep
/es/comparar/marqly-vs-raindrop,use-case-lander,usecases,es,index,https://www.marqly.com/es/comparar/marqly-vs-raindrop,"Marqly vs Raindrop: comparación 2026 | Marqly","Comparación honesta entre Marqly y Raindrop.io: precios, búsqueda, IA, plataformas y plan gratis. Cuál te conviene según cómo guardas y cómo buscas después.",published,104,97,pending-export,pending-export,pending-export,pending-export,pending-export,pending-export,pending-export,pending-export,pending-export,pending-export,lang:es,2026-09-23,keep
/es/comparar/marqly-vs-readwise,use-case-lander,usecases,es,index,https://www.marqly.com/es/comparar/marqly-vs-readwise,"Marqly vs Readwise Reader: precio y para quién es cada uno | Marqly","Readwise Reader es la herramienta de lectura más potente del mercado, sin plan gratis y por 119,88 USD al año. Marqly cuesta 72 USD y ataca otro problema.",published,104,94,pending-export,pending-export,pending-export,pending-export,pending-export,pending-export,pending-export,pending-export,pending-export,pending-export,lang:es,2026-09-23,keep
/es/extension,use-case-lander,usecases,es,index,https://www.marqly.com/es/extension,"Extensión para resaltar texto en la web | Marqly","Resalta texto en cualquier página web en 6 colores, agrega tus notas y encuéntralo todo después. Extensión de Marqly para Chrome, Edge, Firefox y Safari.",published,104,97,pending-export,pending-export,pending-export,pending-export,pending-export,pending-export,pending-export,pending-export,pending-export,pending-export,lang:es,2026-09-23,keep
/es/herramientas/resumen-youtube,use-case-lander,usecases,es,index,https://www.marqly.com/es/herramientas/resumen-youtube,"Resumidor de Videos de YouTube con IA — Gratis y al Instante | Marqly","Pega el link de un video de YouTube y recibe un resumen con IA: TL;DR y puntos clave, a texto, gratis y sin registro. Basado en la transcripción real del video.",published,18,96,pending-export,pending-export,pending-export,pending-export,pending-export,pending-export,pending-export,pending-export,pending-export,pending-export,lang:es,2026-09-23,keep
/es/herramientas/transcripcion-youtube,use-case-lander,usecases,es,index,https://www.marqly.com/es/herramientas/transcripcion-youtube,"Transcripción de Videos de YouTube a Texto — Gratis y Online | Marqly","Pega el link de un video de YouTube y obtén la transcripción completa a texto, gratis y sin registro. Cópiala o descárgala con o sin marcas de tiempo.",published,14,96,pending-export,pending-export,pending-export,pending-export,pending-export,pending-export,pending-export,pending-export,pending-export,pending-export,lang:es,2026-09-23,keep
/es/usos/abogados,use-case-lander,usecases,es,index,https://www.marqly.com/es/usos/abogados,"Organizador de Investigación Jurídica para Abogados | Marqly","Organiza normativa, jurisprudencia y artículos jurídicos con Marqly. Resalta pasajes clave, guarda páginas como PDF y busca fuentes por su significado.",published,104,94,pending-export,pending-export,pending-export,pending-export,pending-export,pending-export,pending-export,pending-export,pending-export,pending-export,lang:es,2026-09-23,keep
/es/usos/academicos,use-case-lander,usecases,es,index,https://www.marqly.com/es/usos/academicos,"Organizador de Lectura Académica y Papers Científicos | Marqly","Centraliza artículos científicos, material docente e investigaciones en una sola biblioteca. Resalta en 6 colores, criba lecturas con resúmenes IA y busca por s",published,104,94,pending-export,pending-export,pending-export,pending-export,pending-export,pending-export,pending-export,pending-export,pending-export,pending-export,lang:es,2026-09-23,keep
/es/usos/buscar-trabajo,use-case-lander,usecases,es,index,https://www.marqly.com/es/usos/buscar-trabajo,"Organizador de Búsqueda de Empleo — Ofertas y Notas | Marqly","Guarda ofertas de empleo antes de que caduquen, recopila notas de preparación sobre empresas como resaltados y encuentra todo describiéndolo.",published,104,94,pending-export,pending-export,pending-export,pending-export,pending-export,pending-export,pending-export,pending-export,pending-export,pending-export,lang:es,2026-09-23,keep
/es/usos/consultores,use-case-lander,usecases,es,index,https://www.marqly.com/es/usos/consultores,"Organizador de Investigación de Clientes para Consultores | Marqly","Marqly ofrece a los consultores un tablero por cliente, resúmenes con IA para cribar lecturas del sector y enlaces compartibles sin necesidad de registro.",published,104,94,pending-export,pending-export,pending-export,pending-export,pending-export,pending-export,pending-export,pending-export,pending-export,pending-export,lang:es,2026-09-23,keep
/es/usos/creadores-de-contenido,use-case-lander,usecases,es,index,https://www.marqly.com/es/usos/creadores-de-contenido,"Organizar referencias e ideas de contenido con IA | Marqly","Guarda referencias, hilos, videos y anuncios que te inspiran. La IA los etiqueta y resume, y encuentras la idea exacta cuando toca crear. Plan gratis.",published,104,95,pending-export,pending-export,pending-export,pending-export,pending-export,pending-export,pending-export,pending-export,pending-export,pending-export,lang:es,2026-09-23,keep
/es/usos/curacion-de-contenido,use-case-lander,usecases,es,index,https://www.marqly.com/es/usos/curacion-de-contenido,"Herramienta de Curación de Contenidos — Tableros Públicos | Marqly","Reúne enlaces y textos destacados en tableros temáticos y compártelos como páginas públicas sin registro. Curación editorial sin fricciones.",published,104,94,pending-export,pending-export,pending-export,pending-export,pending-export,pending-export,pending-export,pending-export,pending-export,pending-export,lang:es,2026-09-23,keep
/es/usos/desarrolladores,use-case-lander,usecases,es,index,https://www.marqly.com/es/usos/desarrolladores,"Guardar documentación, issues y snippets con IA | Marqly","Guarda docs, issues de GitHub, respuestas de Stack Overflow y charlas técnicas. La IA etiqueta y resume, y encuentras la solución describiéndola con tus palabra",published,104,96,pending-export,pending-export,pending-export,pending-export,pending-export,pending-export,pending-export,pending-export,pending-export,pending-export,lang:es,2026-09-23,keep
/es/usos/disenadores,use-case-lander,usecases,es,index,https://www.marqly.com/es/usos/disenadores,"El Organizador de Inspiración Visual para Diseñadores | Marqly","Colecciona referencias de diseño en tableros, guarda páginas completas como PDF y comparte inspiración públicamente con etiquetado automático por IA.",published,104,94,pending-export,pending-export,pending-export,pending-export,pending-export,pending-export,pending-export,pending-export,pending-export,pending-export,lang:es,2026-09-23,keep
/es/usos/doctorandos,use-case-lander,usecases,es,index,https://www.marqly.com/es/usos/doctorandos,"Herramienta de Revisión Bibliográfica para Doctorandos | Marqly","Gestiona la revisión bibliográfica de tu tesis en una sola biblioteca: guarda papers, chatea con tus fuentes, resalta en 6 colores y busca por hipótesis.",published,104,94,pending-export,pending-export,pending-export,pending-export,pending-export,pending-export,pending-export,pending-export,pending-export,pending-export,lang:es,2026-09-23,keep
/es/usos/escritores,use-case-lander,usecases,es,index,https://www.marqly.com/es/usos/escritores,"Guardar referencias e investigación para escribir | Marqly","Guarda la documentación de lo que escribes, resalta lo citable y recupera la fuente exacta describiéndola. Etiquetado y resúmenes automáticos con IA.",published,104,95,pending-export,pending-export,pending-export,pending-export,pending-export,pending-export,pending-export,pending-export,pending-export,pending-export,lang:es,2026-09-23,keep
/es/usos/estudiantes,use-case-lander,usecases,es,index,https://www.marqly.com/es/usos/estudiantes,"Herramientas de IA para estudiantes | Marqly","Resume videoclases, guarda y reencuentra tus fuentes y resalta lecturas con IA. Descuento de estudiante: 48 USD el primer año. Empieza gratis, sin tarjeta.",published,104,96,pending-export,pending-export,pending-export,pending-export,pending-export,pending-export,pending-export,pending-export,pending-export,pending-export,lang:es,2026-09-23,keep
/es/usos/fundadores,use-case-lander,usecases,es,index,https://www.marqly.com/es/usos/fundadores,"Herramienta de Inteligencia Competitiva para Fundadores | Marqly","Los fundadores usan Marqly para monitorizar competidores, archivar páginas de precios en PDF y consultar meses de investigación de mercado con IA.",published,104,94,pending-export,pending-export,pending-export,pending-export,pending-export,pending-export,pending-export,pending-export,pending-export,pending-export,lang:es,2026-09-23,keep
/es/usos/gestor-marcadores-chrome,use-case-lander,usecases,es,index,https://www.marqly.com/es/usos/gestor-marcadores-chrome,"Gestor de Marcadores para Chrome con Búsqueda por IA | Marqly","Los marcadores de Chrome se limitan a carpetas y búsqueda por título. Marqly añade etiquetado con IA, resúmenes automáticos y búsqueda semántica en el panel lat",published,104,94,pending-export,pending-export,pending-export,pending-export,pending-export,pending-export,pending-export,pending-export,pending-export,pending-export,lang:es,2026-09-23,keep
/es/usos/gestor-marcadores-edge,use-case-lander,usecases,es,index,https://www.marqly.com/es/usos/gestor-marcadores-edge,"Gestor de Marcadores para Edge con Búsqueda IA | Marqly","Los favoritos de Edge se quedan cortos. El complemento de Marqly para Microsoft Edge añade autoetiquetado con IA, resúmenes y búsqueda semántica en la barra lat",published,104,94,pending-export,pending-export,pending-export,pending-export,pending-export,pending-export,pending-export,pending-export,pending-export,pending-export,lang:es,2026-09-23,keep
/es/usos/gestor-marcadores-firefox,use-case-lander,usecases,es,index,https://www.marqly.com/es/usos/gestor-marcadores-firefox,"Gestor de Marcadores para Firefox con Búsqueda IA | Marqly","El complemento de Firefox de Marqly guarda cualquier página en un clic, la etiqueta con IA y la encuentra por su significado. Instala desde Firefox Add-ons.",published,104,94,pending-export,pending-export,pending-export,pending-export,pending-export,pending-export,pending-export,pending-export,pending-export,pending-export,lang:es,2026-09-23,keep
/es/usos/gestor-marcadores-iphone,use-case-lander,usecases,es,index,https://www.marqly.com/es/usos/gestor-marcadores-iphone,"Gestor de Marcadores para iPhone con Búsqueda IA | Marqly","La app de iOS de Marqly lleva toda tu biblioteca de marcadores a tu iPhone: etiquetas de IA, resúmenes y búsqueda semántica en tu bolsillo. Gratis en App Store.",published,104,94,pending-export,pending-export,pending-export,pending-export,pending-export,pending-export,pending-export,pending-export,pending-export,pending-export,lang:es,2026-09-23,keep
/es/usos/gestor-marcadores-safari,use-case-lander,usecases,es,index,https://www.marqly.com/es/usos/gestor-marcadores-safari,"Gestor de Marcadores para Safari e iOS | Marqly","Los marcadores de Safari se quedan atrapados en el ecosistema Apple. Marqly combina extensión para Safari, app para iOS y sincronización con Chrome, Edge y Fire",published,104,94,pending-export,pending-export,pending-export,pending-export,pending-export,pending-export,pending-export,pending-export,pending-export,pending-export,lang:es,2026-09-23,keep
/es/usos/guardar-articulos-leer-despues,use-case-lander,usecases,es,index,https://www.marqly.com/es/usos/guardar-articulos-leer-despues,"Guardar artículos para leer después | Marqly","Guarda artículos de un clic y usa resúmenes con IA para decidir qué leer de verdad. Marqly funciona en Chrome, Edge, Firefox, Safari y iPhone. Gratis.",published,104,97,pending-export,pending-export,pending-export,pending-export,pending-export,pending-export,pending-export,pending-export,pending-export,pending-export,lang:es,2026-09-23,keep
/es/usos/guardar-links-redes,use-case-lander,usecases,es,index,https://www.marqly.com/es/usos/guardar-links-redes,"Guardar links de TikTok, Instagram y WhatsApp | Marqly","Junta en un solo lugar buscable los links que te mandan por WhatsApp y lo que guardas en TikTok, Instagram o X. Con IA que los etiqueta y los encuentra.",published,104,96,pending-export,pending-export,pending-export,pending-export,pending-export,pending-export,pending-export,pending-export,pending-export,pending-export,lang:es,2026-09-23,keep
/es/usos/guardar-pagina-pdf,use-case-lander,usecases,es,index,https://www.marqly.com/es/usos/guardar-pagina-pdf,"Extensión para Guardar Página Web como PDF Fiel y Local | Marqly","La extensión de Marqly guarda cualquier página web como un PDF limpio idéntico a tu pantalla, incluyendo imágenes lazy-load, procesado localmente en tu navegado",published,104,94,pending-export,pending-export,pending-export,pending-export,pending-export,pending-export,pending-export,pending-export,pending-export,pending-export,lang:es,2026-09-23,keep
/es/usos/guardar-pestanas,use-case-lander,usecases,es,index,https://www.marqly.com/es/usos/guardar-pestanas,"Guardar pestañas abiertas en Chrome | Marqly","Guarda todas las pestañas abiertas de un clic, ciérralas sin miedo y recupéralas después con sesiones. Marqly funciona en Chrome, Edge, Firefox y Safari.",published,104,95,pending-export,pending-export,pending-export,pending-export,pending-export,pending-export,pending-export,pending-export,pending-export,pending-export,lang:es,2026-09-23,keep
/es/usos/guardar-videos-youtube,use-case-lander,usecases,es,index,https://www.marqly.com/es/usos/guardar-videos-youtube,"Guardar videos de YouTube y encontrarlos después | Marqly","«Ver más tarde» es donde los videos van a morir. Guarda con resumen y transcripción adjunta, y encuentra el video por algo que se dijo dentro.",published,104,96,pending-export,pending-export,pending-export,pending-export,pending-export,pending-export,pending-export,pending-export,pending-export,pending-export,lang:es,2026-09-23,keep
/es/usos/historial-portapapeles,use-case-lander,usecases,es,index,https://www.marqly.com/es/usos/historial-portapapeles,"Historial del Portapapeles para Chrome y Edge, con Búsqueda | Marqly","El historial de portapapeles de Marqly conserva cada fragmento copiado en la web: con búsqueda, etiquetas y pines. En las extensiones de Chrome y Edge.",published,104,94,pending-export,pending-export,pending-export,pending-export,pending-export,pending-export,pending-export,pending-export,pending-export,pending-export,lang:es,2026-09-23,keep
/es/usos/inmobiliaria,use-case-lander,usecases,es,index,https://www.marqly.com/es/usos/inmobiliaria,"Organizador de Inmuebles y Comparables para Inmobiliarias | Marqly","Centraliza anuncios de portales, comparables de mercado y artículos de barrios por cliente. Guarda páginas como PDF para conservar anuncios que caducan.",published,104,94,pending-export,pending-export,pending-export,pending-export,pending-export,pending-export,pending-export,pending-export,pending-export,pending-export,lang:es,2026-09-23,keep
/es/usos/investigadores,use-case-lander,usecases,es,index,https://www.marqly.com/es/usos/investigadores,"Gestor de fuentes con IA para investigadores | Marqly","Guarda papers, informes y videos, deja que la IA los etiquete y resuma, y encuentra la fuente exacta describiéndola con tus palabras. Plan gratis, sin tarjeta.",published,104,96,pending-export,pending-export,pending-export,pending-export,pending-export,pending-export,pending-export,pending-export,pending-export,pending-export,lang:es,2026-09-23,keep
/es/usos/investigadores-ux,use-case-lander,usecases,es,index,https://www.marqly.com/es/usos/investigadores-ux,"Repositorio Ligero de Investigación UX | Marqly","Un repositorio de user research ágil: guarda estudios, resalta hallazgos clave en 6 colores y comparte tableros de solo lectura sin obligar a registrarse.",published,104,94,pending-export,pending-export,pending-export,pending-export,pending-export,pending-export,pending-export,pending-export,pending-export,pending-export,lang:es,2026-09-23,keep
/es/usos/lista-de-lectura,use-case-lander,usecases,es,index,https://www.marqly.com/es/usos/lista-de-lectura,"Cómo tener una lista de lectura que no se convierta en un vertedero | Marqly","Toda lista de lectura crece más rápido de lo que se lee. Con resúmenes automáticos y búsqueda por significado, la pila deja de ser un problema.",published,104,95,pending-export,pending-export,pending-export,pending-export,pending-export,pending-export,pending-export,pending-export,pending-export,pending-export,lang:es,2026-09-23,keep
/es/usos/marketing,use-case-lander,usecases,es,index,https://www.marqly.com/es/usos/marketing,"Organizar referencias, competencia y campañas con IA | Marqly","Guarda landings, anuncios y competencia con etiquetado automático, archívalos como PDF antes de que cambien y comparte tableros con tu equipo o cliente.",published,104,95,pending-export,pending-export,pending-export,pending-export,pending-export,pending-export,pending-export,pending-export,pending-export,pending-export,lang:es,2026-09-23,keep
/es/usos/nueva-pestana,use-case-lander,usecases,es,index,https://www.marqly.com/es/usos/nueva-pestana,"Extensión de Nueva Pestaña para Chrome: Panel Personalizado | Marqly","Transforma la pestaña en blanco con Marqly Home: busca en tu biblioteca, organiza accesos directos, notas adhesivas, tareas y clima. Para Chrome, Edge y Firefox",published,104,94,pending-export,pending-export,pending-export,pending-export,pending-export,pending-export,pending-export,pending-export,pending-export,pending-export,lang:es,2026-09-23,keep
/es/usos/organizador-de-marcadores,use-case-lander,usecases,es,index,https://www.marqly.com/es/usos/organizador-de-marcadores,"Organizador de Marcadores con Etiquetas de IA y Búsqueda Real | Marqly","Marqly etiqueta cada marcador automáticamente con IA y encuentra cualquier guardado por su significado. Olvídate de organizar carpetas a mano.",published,104,94,pending-export,pending-export,pending-export,pending-export,pending-export,pending-export,pending-export,pending-export,pending-export,pending-export,lang:es,2026-09-23,keep
/es/usos/organizar-investigacion,use-case-lander,usecases,es,index,https://www.marqly.com/es/usos/organizar-investigacion,"Cómo organizar la investigación de un proyecto sin perder fuentes | Marqly","Guarda fuentes de un clic, deja que la IA las etiquete y resuma, agrupa cada proyecto en un tablero y recupera cualquier documento describiéndolo.",published,104,95,pending-export,pending-export,pending-export,pending-export,pending-export,pending-export,pending-export,pending-export,pending-export,pending-export,lang:es,2026-09-23,keep
/es/usos/organizar-recetas,use-case-lander,usecases,es,index,https://www.marqly.com/es/usos/organizar-recetas,"Cómo organizar las recetas que guardas de internet | Marqly","Recetas repartidas entre Instagram, capturas y marcadores. Guárdalas en un sitio, con etiquetas automáticas y búsqueda por ingrediente o por lo que recuerdas.",published,104,95,pending-export,pending-export,pending-export,pending-export,pending-export,pending-export,pending-export,pending-export,pending-export,pending-export,lang:es,2026-09-23,keep
/es/usos/periodistas,use-case-lander,usecases,es,index,https://www.marqly.com/es/usos/periodistas,"Archivar fuentes y documentación para reportajes con IA | Marqly","Guarda y archiva fuentes antes de que cambien, resalta declaraciones, busca por significado y agrupa la documentación de cada reportaje. Plan gratis.",published,104,96,pending-export,pending-export,pending-export,pending-export,pending-export,pending-export,pending-export,pending-export,pending-export,pending-export,lang:es,2026-09-23,keep
/es/usos/planificar-viajes,use-case-lander,usecases,es,index,https://www.marqly.com/es/usos/planificar-viajes,"Organizar la planificación de un viaje sin perder enlaces | Marqly","Vuelos, alojamientos, recomendaciones y videos repartidos en veinte pestañas. Guárdalo todo en un tablero, con etiquetas automáticas y compartible por enlace.",published,104,95,pending-export,pending-export,pending-export,pending-export,pending-export,pending-export,pending-export,pending-export,pending-export,pending-export,lang:es,2026-09-23,keep
/es/usos/product-managers,use-case-lander,usecases,es,index,https://www.marqly.com/es/usos/product-managers,"Herramienta de Investigación para Product Managers | Marqly","Cómo los product managers usan Marqly para tener desgloses de competidores, enlaces de user research y fuentes de PRD etiquetados y listos para citar.",published,104,94,pending-export,pending-export,pending-export,pending-export,pending-export,pending-export,pending-export,pending-export,pending-export,pending-export,lang:es,2026-09-23,keep
/es/usos/profesores,use-case-lander,usecases,es,index,https://www.marqly.com/es/usos/profesores,"Organizar materiales de clase con IA | Marqly para profesores","Guarda recursos, videos y lecturas para tus clases, deja que la IA los etiquete y comparte un tablero público con tus alumnos sin que se registren.",published,104,95,pending-export,pending-export,pending-export,pending-export,pending-export,pending-export,pending-export,pending-export,pending-export,pending-export,lang:es,2026-09-23,keep
/es/usos/reclutadores,use-case-lander,usecases,es,index,https://www.marqly.com/es/usos/reclutadores,"Organizador de Sourcing de Candidatos para Reclutadores | Marqly","Organiza el sourcing de candidatos con Marqly: guarda perfiles y estudios salariales con un clic, deja que la IA clasifique todo y recupera candidatos por sus l",published,104,94,pending-export,pending-export,pending-export,pending-export,pending-export,pending-export,pending-export,pending-export,pending-export,pending-export,lang:es,2026-09-23,keep
/es/usos/resumidor-youtube,use-case-lander,usecases,es,index,https://www.marqly.com/es/usos/resumidor-youtube,"Resumidor de YouTube: Resumen IA y Transcripción en el Video | Marqly","Marqly integra una tarjeta de IA en cada video de YouTube: resumen en tiempo real, secciones clave, libros citados, transcripción sincronizada y chat.",published,104,94,pending-export,pending-export,pending-export,pending-export,pending-export,pending-export,pending-export,pending-export,pending-export,pending-export,lang:es,2026-09-23,keep
/es/usos/segundo-cerebro,use-case-lander,usecases,es,index,https://www.marqly.com/es/usos/segundo-cerebro,"Cómo montar un segundo cerebro que no exige mantenimiento | Marqly","La mayoría de los segundos cerebros mueren por mantenimiento. Marqly etiqueta y resume con IA y busca por significado, para que el sistema no dependa de tu disc",published,104,94,pending-export,pending-export,pending-export,pending-export,pending-export,pending-export,pending-export,pending-export,pending-export,pending-export,lang:es,2026-09-23,keep
/es/usos/sincronizar-marcadores,use-case-lander,usecases,es,index,https://www.marqly.com/es/usos/sincronizar-marcadores,"Sincronizar Marcadores entre Dispositivos y Navegadores | Marqly","La sincronización nativa te ata a un solo navegador. Marqly sincroniza entre Chrome, Edge, Firefox, Safari, web e iOS con una sola cuenta gratuita.",published,104,94,pending-export,pending-export,pending-export,pending-export,pending-export,pending-export,pending-export,pending-export,pending-export,pending-export,lang:es,2026-09-23,keep
/es/usos/swipe-file,use-case-lander,usecases,es,index,https://www.marqly.com/es/usos/swipe-file,"App de Swipe File — Guarda Anuncios, Copys y Diseños | Marqly","Guarda anuncios, landing pages y copys en cuanto los veas, resalta la frase brillante y encuentra cualquier ejemplo describiéndolo. Creado con Marqly.",published,104,94,pending-export,pending-export,pending-export,pending-export,pending-export,pending-export,pending-export,pending-export,pending-export,pending-export,lang:es,2026-09-23,keep
/es/usos/ventas,use-case-lander,usecases,es,index,https://www.marqly.com/es/usos/ventas,"Organizador de Investigación de Ventas y Cuentas Clave | Marqly","Mantén la investigación de prospectos, rondas de inversión e inteligencia de cuentas en una sola biblioteca con etiquetas de IA y tableros por cliente potencial",published,104,94,pending-export,pending-export,pending-export,pending-export,pending-export,pending-export,pending-export,pending-export,pending-export,pending-export,lang:es,2026-09-23,keep
/extension,use-case-lander,usecases,en,index,https://www.marqly.com/extension,"Marqly Browser Extension — Every Feature","Explore every Marqly extension feature: New Tab, Clipboard History, saved AI chats, highlights, tab sessions, YouTube AI, PDF export, and more.",published,1909,181,pending-export,pending-export,pending-export,pending-export,pending-export,pending-export,pending-export,pending-export,pending-export,pending-export,,2026-09-23,keep
/for-academics,use-case-lander,usecases,en,index,https://www.marqly.com/for-academics,"Academic Reading Organizer for Papers &amp; Talks | Marqly","Keep papers, teaching materials, and grant research reading in one library. Highlight in six colors, triage with AI summaries, find any source by meaning.",published,763,183,pending-export,pending-export,pending-export,pending-export,pending-export,pending-export,pending-export,pending-export,pending-export,pending-export,,2026-09-23,keep
/for-consultants,use-case-lander,usecases,en,index,https://www.marqly.com/for-consultants,"Client research organizer for consultants | Marqly","Marqly gives consultants a board per client, AI summaries to triage industry reading, and shareable link pages clients can open without creating any account.",published,763,182,pending-export,pending-export,pending-export,pending-export,pending-export,pending-export,pending-export,pending-export,pending-export,pending-export,,2026-09-23,keep
/for-content-creators,use-case-lander,usecases,en,index,https://www.marqly.com/for-content-creators,"Content research tool for creators | Marqly","A content research tool for creators: build a self-tagging swipe file, save video references with transcripts attached, and search trend research by meaning.",published,763,182,pending-export,pending-export,pending-export,pending-export,pending-export,pending-export,pending-export,pending-export,pending-export,pending-export,,2026-09-23,keep
/for-designers,use-case-lander,usecases,en,index,https://www.marqly.com/for-designers,"The Design Inspiration Organizer — Save, Board, Rediscover | Marqly","Collect design references on boards, capture full pages as pixel-true PDFs, and share inspiration publicly. AI tags every save so nothing gets buried.",published,763,181,pending-export,pending-export,pending-export,pending-export,pending-export,pending-export,pending-export,pending-export,pending-export,pending-export,,2026-09-23,keep
/for-developers,use-case-lander,usecases,en,index,https://www.marqly.com/for-developers,"The AI Bookmark Manager for Developers — Docs, Answers, Found | Marqly","Save docs, Stack Overflow answers, and tutorials, then find that solution by describing what it did. AI tags every save so you never maintain folders.",published,763,182,pending-export,pending-export,pending-export,pending-export,pending-export,pending-export,pending-export,pending-export,pending-export,pending-export,,2026-09-23,keep
/for-founders,use-case-lander,usecases,en,index,https://www.marqly.com/for-founders,"Competitive research tool for founders | Marqly","Founders use Marqly to track competitors, snapshot pricing pages as PDFs, and search months of market research by meaning — without a research ops system.",published,763,182,pending-export,pending-export,pending-export,pending-export,pending-export,pending-export,pending-export,pending-export,pending-export,pending-export,,2026-09-23,keep
/for-journalists,use-case-lander,usecases,en,index,https://www.marqly.com/for-journalists,"The Source Organizer for Journalists — Capture, Verify, Find | Marqly","Capture exact quotes with highlight notes, triage background reading with AI summaries, and find any source you saved weeks ago by describing what it said.",published,763,181,pending-export,pending-export,pending-export,pending-export,pending-export,pending-export,pending-export,pending-export,pending-export,pending-export,,2026-09-23,keep
/for-lawyers,use-case-lander,usecases,en,index,https://www.marqly.com/for-lawyers,"Legal research organizer for lawyers | Marqly","Keep regulations, commentary, and legal articles organized with Marqly. Highlight operative language, capture pages as PDFs, and retrieve sources by meaning.",published,763,183,pending-export,pending-export,pending-export,pending-export,pending-export,pending-export,pending-export,pending-export,pending-export,pending-export,,2026-09-23,keep
/for-marketers,use-case-lander,usecases,en,index,https://www.marqly.com/for-marketers,"The Content Curation Tool for Marketers — Swipe, Tag, Share | Marqly","Save competitor content and swipe-file material, let AI tag all of it, and share curated boards as public pages anyone on the team can view instantly.",published,763,181,pending-export,pending-export,pending-export,pending-export,pending-export,pending-export,pending-export,pending-export,pending-export,pending-export,,2026-09-23,keep
/for-phd-students,use-case-lander,usecases,en,index,https://www.marqly.com/for-phd-students,"The Literature Review Tool for PhD Students — Save, Chat, Find | Marqly","Run your literature review from one library: save papers and articles, chat with them, highlight key passages, and find any finding again by describing it.",published,763,180,pending-export,pending-export,pending-export,pending-export,pending-export,pending-export,pending-export,pending-export,pending-export,pending-export,,2026-09-23,keep
/for-product-managers,use-case-lander,usecases,en,index,https://www.marqly.com/for-product-managers,"Research tool for product managers | Marqly","How product managers use Marqly to keep competitor teardowns, user research links, and PRD source material tagged, searchable, and ready to cite in specs.",published,763,182,pending-export,pending-export,pending-export,pending-export,pending-export,pending-export,pending-export,pending-export,pending-export,pending-export,,2026-09-23,keep
/for-real-estate,use-case-lander,usecases,en,index,https://www.marqly.com/for-real-estate,"Listing Research Organizer for Real Estate | Marqly","Save listings, market reports, and neighborhood articles in one searchable place. AI tags every save, boards organize each client, PDFs keep dead links.",published,763,182,pending-export,pending-export,pending-export,pending-export,pending-export,pending-export,pending-export,pending-export,pending-export,pending-export,,2026-09-23,keep
/for-recruiters,use-case-lander,usecases,en,index,https://www.marqly.com/for-recruiters,"Candidate sourcing organizer for recruiters | Marqly","Organize candidate sourcing with Marqly: save profiles and role benchmarks in one click, let AI tag every save, and retrieve any candidate by what you remember.",published,763,181,pending-export,pending-export,pending-export,pending-export,pending-export,pending-export,pending-export,pending-export,pending-export,pending-export,,2026-09-23,keep
/for-researchers,use-case-lander,usecases,en,index,https://www.marqly.com/for-researchers,"The Research Bookmark Manager — Organize Literature with AI | Marqly","Organize scattered literature in one searchable library. Highlight passages, attach your notes, and retrieve any source by describing what you remember.",published,763,181,pending-export,pending-export,pending-export,pending-export,pending-export,pending-export,pending-export,pending-export,pending-export,pending-export,,2026-09-23,keep
/for-sales,use-case-lander,usecases,en,index,https://www.marqly.com/for-sales,"Sales Research Organizer for Prospect Intel | Marqly","Keep prospect research, funding news, and account intel in one searchable library. AI tags every save; boards keep each target account's links together.",published,763,183,pending-export,pending-export,pending-export,pending-export,pending-export,pending-export,pending-export,pending-export,pending-export,pending-export,,2026-09-23,keep
/for-students,use-case-lander,usecases,en,index,https://www.marqly.com/for-students,"The AI Bookmark Manager for Students — Save, Highlight, Find | Marqly","Save lecture videos with transcripts, highlight readings in six colors, and find every source at essay time with semantic search. Free to start, no card; semant",published,763,182,pending-export,pending-export,pending-export,pending-export,pending-export,pending-export,pending-export,pending-export,pending-export,pending-export,,2026-09-23,keep
/for-teachers,use-case-lander,usecases,en,index,https://www.marqly.com/for-teachers,"Lesson planning bookmark tool for teachers | Marqly","Marqly helps teachers collect lesson resources, save YouTube videos with transcripts, and share resource boards students can open without creating an account.",published,763,181,pending-export,pending-export,pending-export,pending-export,pending-export,pending-export,pending-export,pending-export,pending-export,pending-export,,2026-09-23,keep
/for-ux-researchers,use-case-lander,usecases,en,index,https://www.marqly.com/for-ux-researchers,"UX research repository tool | Marqly","A lightweight UX research repository: save studies and articles, highlight key findings in six colors, and share read-only boards your team can open instantly.",published,763,181,pending-export,pending-export,pending-export,pending-export,pending-export,pending-export,pending-export,pending-export,pending-export,pending-export,,2026-09-23,keep
/for-writers,use-case-lander,usecases,en,index,https://www.marqly.com/for-writers,"The Research Tool for Writers — Clip, Quote, Retrieve | Marqly","Clip research as you read, capture quotes with the six-color highlighter, and build a swipe file that tags itself. Find any half-remembered line fast.",published,763,181,pending-export,pending-export,pending-export,pending-export,pending-export,pending-export,pending-export,pending-export,pending-export,pending-export,,2026-09-23,keep
/fr/comparer/marqly-vs-evernote,use-case-lander,usecases,fr,index,https://www.marqly.com/fr/comparer/marqly-vs-evernote,"Marqly vs Evernote : prix, IA et usages | Marqly","Evernote est une suite de notes complète et chère. Marqly est un gestionnaire de favoris avec IA à 72 $ par an. Fonctions, prix et cas d'usage comparés.",published,105,95,pending-export,pending-export,pending-export,pending-export,pending-export,pending-export,pending-export,pending-export,pending-export,pending-export,lang:fr,2026-09-23,keep
/fr/comparer/marqly-vs-instapaper,use-case-lander,usecases,fr,index,https://www.marqly.com/fr/comparer/marqly-vs-instapaper,"Marqly vs Instapaper : lecteur pur ou bibliothèque IA | Marqly","Instapaper est le meilleur lecteur sans distraction et fonctionne hors ligne. Marqly organise et retrouve avec l'IA. Comparatif sans exagération.",published,105,95,pending-export,pending-export,pending-export,pending-export,pending-export,pending-export,pending-export,pending-export,pending-export,pending-export,lang:fr,2026-09-23,keep
/fr/comparer/marqly-vs-matter,use-case-lander,usecases,fr,index,https://www.marqly.com/fr/comparer/marqly-vs-matter,"Marqly vs Matter : audio et lecture iOS ou recherche IA | Marqly","Matter est le lecteur le plus soigné sur iOS et le meilleur pour écouter des articles. Marqly organise par IA et cherche par sens. Comparatif honnête.",published,105,95,pending-export,pending-export,pending-export,pending-export,pending-export,pending-export,pending-export,pending-export,pending-export,pending-export,lang:fr,2026-09-23,keep
/fr/comparer/marqly-vs-notion,use-case-lander,usecases,fr,index,https://www.marqly.com/fr/comparer/marqly-vs-notion,"Marqly vs Notion Web Clipper : quoi utiliser pour vos liens | Marqly","Le Web Clipper de Notion est gratuit mais capture mal, et l'organisation reste à votre charge. Marqly étiquette par IA et cherche par sens.",published,105,95,pending-export,pending-export,pending-export,pending-export,pending-export,pending-export,pending-export,pending-export,pending-export,pending-export,lang:fr,2026-09-23,keep
/fr/comparer/marqly-vs-obsidian,use-case-lander,usecases,fr,index,https://www.marqly.com/fr/comparer/marqly-vs-obsidian,"Marqly vs Obsidian Web Clipper : fichiers locaux ou IA | Marqly","Obsidian enregistre le web en Markdown qui vous appartient, gratuitement. Marqly étiquette et cherche par sens. Contrôle local face à l'automatisation.",published,105,95,pending-export,pending-export,pending-export,pending-export,pending-export,pending-export,pending-export,pending-export,pending-export,pending-export,lang:fr,2026-09-23,keep
/fr/comparer/marqly-vs-pocket,use-case-lander,usecases,fr,index,https://www.marqly.com/fr/comparer/marqly-vs-pocket,"Marqly vs Pocket : quoi utiliser maintenant que Pocket a fermé | Marqly","Pocket a fermé le 8 juillet 2025 et les données ont été supprimées en octobre. Ce que faisait Pocket, ce que fait Marqly et comment importer votre export.",published,105,95,pending-export,pending-export,pending-export,pending-export,pending-export,pending-export,pending-export,pending-export,pending-export,pending-export,lang:fr,2026-09-23,keep
/fr/comparer/marqly-vs-raindrop,use-case-lander,usecases,fr,index,https://www.marqly.com/fr/comparer/marqly-vs-raindrop,"Marqly vs Raindrop : le comparatif 2026 | Marqly","Comparatif honnête, fonction par fonction : Raindrop gagne sur l'offre gratuite et la maturité, Marqly sur la recherche sémantique, les résumés et YouTube.",published,105,96,pending-export,pending-export,pending-export,pending-export,pending-export,pending-export,pending-export,pending-export,pending-export,pending-export,lang:fr,2026-09-23,keep
/fr/comparer/marqly-vs-readwise,use-case-lander,usecases,fr,index,https://www.marqly.com/fr/comparer/marqly-vs-readwise,"Marqly vs Readwise Reader : prix et public visé | Marqly","Readwise Reader est l'outil de lecture le plus puissant du marché, sans offre gratuite et à 119,88 $ par an. Marqly coûte 72 $ et résout autre chose.",published,105,95,pending-export,pending-export,pending-export,pending-export,pending-export,pending-export,pending-export,pending-export,pending-export,pending-export,lang:fr,2026-09-23,keep
/fr/curation-de-contenu,use-case-lander,usecases,fr,index,https://www.marqly.com/fr/curation-de-contenu,"Outil de Curation de Contenu — Tableaux Publics Partageables | Marqly","Rassemblez liens et citations surlignées dans des tableaux thématiques et publiez-les en pages web accessibles sans inscription.",published,105,95,pending-export,pending-export,pending-export,pending-export,pending-export,pending-export,pending-export,pending-export,pending-export,pending-export,lang:fr,2026-09-23,keep
/fr/enregistrer-page-pdf,use-case-lander,usecases,fr,index,https://www.marqly.com/fr/enregistrer-page-pdf,"Extension pour Enregistrer une Page en PDF Propre et Local | Marqly","L'extension Marqly enregistre n'importe quelle page web en PDF propre fidèle à votre écran, images lazy-load incluses, traité localement dans votre navigateur.",published,105,95,pending-export,pending-export,pending-export,pending-export,pending-export,pending-export,pending-export,pending-export,pending-export,pending-export,lang:fr,2026-09-23,keep
/fr/enregistrer-videos-youtube,use-case-lander,usecases,fr,index,https://www.marqly.com/fr/enregistrer-videos-youtube,"Enregistrer des vidéos YouTube et les retrouver | Marqly","« À regarder plus tard » est l'endroit où les vidéos meurent. Enregistrez avec résumé et transcription jointe, et retrouvez par ce qui a été dit dedans.",published,105,97,pending-export,pending-export,pending-export,pending-export,pending-export,pending-export,pending-export,pending-export,pending-export,pending-export,lang:fr,2026-09-23,keep
/fr/etudiants,use-case-lander,usecases,fr,index,https://www.marqly.com/fr/etudiants,"Organiser ses recherches : outil étudiant | Marqly","Rassemblez vos sources, surlignez, résumez les cours filmés et retrouvez tout le jour du devoir. Tarif étudiant : 48 $ la première année, soit environ 46 €.",published,105,98,pending-export,pending-export,pending-export,pending-export,pending-export,pending-export,pending-export,pending-export,pending-export,pending-export,lang:fr,2026-09-23,keep
/fr/gestionnaire-favoris-chrome,use-case-lander,usecases,fr,index,https://www.marqly.com/fr/gestionnaire-favoris-chrome,"Gestionnaire de Favoris Chrome avec Recherche IA | Marqly","Les favoris de Chrome se limitent aux dossiers et titres. Marqly ajoute le balisage IA, les résumés et la recherche sémantique dans le volet latéral. Gratuit su",published,105,95,pending-export,pending-export,pending-export,pending-export,pending-export,pending-export,pending-export,pending-export,pending-export,pending-export,lang:fr,2026-09-23,keep
/fr/gestionnaire-favoris-edge,use-case-lander,usecases,fr,index,https://www.marqly.com/fr/gestionnaire-favoris-edge,"Gestionnaire de Favoris pour Edge avec IA | Marqly","Les favoris d'Edge sont limités. L'extension Marqly pour Microsoft Edge apporte le balisage IA, les résumés et la recherche sémantique dans le volet latéral.",published,105,95,pending-export,pending-export,pending-export,pending-export,pending-export,pending-export,pending-export,pending-export,pending-export,pending-export,lang:fr,2026-09-23,keep
/fr/gestionnaire-favoris-firefox,use-case-lander,usecases,fr,index,https://www.marqly.com/fr/gestionnaire-favoris-firefox,"Gestionnaire de Favoris pour Firefox avec Recherche IA | Marqly","L'extension Firefox de Marqly enregistre chaque page en un clic, applique des tags par IA et la retrouve par le sens. Disponible sur Firefox Add-ons (AMO).",published,105,95,pending-export,pending-export,pending-export,pending-export,pending-export,pending-export,pending-export,pending-export,pending-export,pending-export,lang:fr,2026-09-23,keep
/fr/gestionnaire-favoris-iphone,use-case-lander,usecases,fr,index,https://www.marqly.com/fr/gestionnaire-favoris-iphone,"Gestionnaire de Favoris pour iPhone avec Recherche IA | Marqly","L'application iOS de Marqly met toute votre bibliothèque sur votre iPhone : balises IA, résumés et recherche sémantique dans votre poche. Gratuite sur l'App Sto",published,105,95,pending-export,pending-export,pending-export,pending-export,pending-export,pending-export,pending-export,pending-export,pending-export,pending-export,lang:fr,2026-09-23,keep
/fr/gestionnaire-favoris-safari,use-case-lander,usecases,fr,index,https://www.marqly.com/fr/gestionnaire-favoris-safari,"Gestionnaire de Favoris pour Safari et iOS | Marqly","Les favoris Safari restent confinés à Apple. Marqly propose une extension Safari, une application iOS et une synchronisation vers Chrome, Edge, Firefox et le We",published,105,95,pending-export,pending-export,pending-export,pending-export,pending-export,pending-export,pending-export,pending-export,pending-export,pending-export,lang:fr,2026-09-23,keep
/fr/historique-presse-papiers,use-case-lander,usecases,fr,index,https://www.marqly.com/fr/historique-presse-papiers,"Historique Presse-papiers pour Chrome et Edge avec Recherche | Marqly","L'historique presse-papiers de Marqly conserve chaque extrait copié sur le web : recherchable, étiquetable et épinglable. Dans Chrome et Edge.",published,105,95,pending-export,pending-export,pending-export,pending-export,pending-export,pending-export,pending-export,pending-export,pending-export,pending-export,lang:fr,2026-09-23,keep
/fr/lire-plus-tard,use-case-lander,usecases,fr,index,https://www.marqly.com/fr/lire-plus-tard,"Application pour lire plus tard | Marqly","Sauvegardez un article en un clic et lisez-le quand vous voulez. Les résumés par IA trient à votre place et la recherche vous rend l'article des mois après.",published,105,98,pending-export,pending-export,pending-export,pending-export,pending-export,pending-export,pending-export,pending-export,pending-export,pending-export,lang:fr,2026-09-23,keep
/fr/liste-de-lecture,use-case-lander,usecases,fr,index,https://www.marqly.com/fr/liste-de-lecture,"Une liste de lecture qui ne devient pas un dépotoir | Marqly","Toute liste de lecture grossit plus vite qu'on ne lit. Avec résumés automatiques et recherche par le sens, la pile cesse d'être un problème.",published,105,96,pending-export,pending-export,pending-export,pending-export,pending-export,pending-export,pending-export,pending-export,pending-export,pending-export,lang:fr,2026-09-23,keep
/fr/migration/raindrop,use-case-lander,usecases,fr,index,https://www.marqly.com/fr/migration/raindrop,"Migrer de Raindrop vers Marqly : guide 2026","Exportez vos favoris Raindrop en HTML ou CSV, vérifiez collections et tags, puis importez-les dans Marqly sans perdre votre sauvegarde.",published,105,96,pending-export,pending-export,pending-export,pending-export,pending-export,pending-export,pending-export,pending-export,pending-export,pending-export,lang:fr,2026-09-23,keep
/fr/nouvel-onglet,use-case-lander,usecases,fr,index,https://www.marqly.com/fr/nouvel-onglet,"Extension Nouvel Onglet Chrome : Tableau de Bord Personnalisé | Marqly","Remplacez la page blanche par Marqly Home : cherchez dans toute votre bibliothèque, organisez raccourcis, dossiers, post-its, tâches et météo sur Chrome, Edge e",published,105,95,pending-export,pending-export,pending-export,pending-export,pending-export,pending-export,pending-export,pending-export,pending-export,pending-export,lang:fr,2026-09-23,keep
/fr/organisateur-de-favoris,use-case-lander,usecases,fr,index,https://www.marqly.com/fr/organisateur-de-favoris,"Organisateur de Favoris avec Tags IA et Recherche par le Sens | Marqly","Marqly catégorise chaque favori automatiquement par IA et retrouve vos sauvegardes par le sens. Importez vos dossiers encombrés et oubliez le tri manuel.",published,105,95,pending-export,pending-export,pending-export,pending-export,pending-export,pending-export,pending-export,pending-export,pending-export,pending-export,lang:fr,2026-09-23,keep
/fr/organiser-recettes,use-case-lander,usecases,fr,index,https://www.marqly.com/fr/organiser-recettes,"Organiser les recettes trouvées sur Internet | Marqly","Des recettes éparpillées entre Instagram, captures et favoris. Tout au même endroit, avec tags automatiques et recherche par ingrédient ou souvenir.",published,105,96,pending-export,pending-export,pending-export,pending-export,pending-export,pending-export,pending-export,pending-export,pending-export,pending-export,lang:fr,2026-09-23,keep
/fr/organiser-recherche,use-case-lander,usecases,fr,index,https://www.marqly.com/fr/organiser-recherche,"Organiser la recherche d&#39;un projet sans perdre ses sources | Marqly","Enregistrez vos sources en un clic, laissez l'IA étiqueter et résumer, regroupez chaque projet dans un tableau et récupérez tout document en le décrivant.",published,105,96,pending-export,pending-export,pending-export,pending-export,pending-export,pending-export,pending-export,pending-export,pending-export,pending-export,lang:fr,2026-09-23,keep
/fr/outils/resume-youtube,use-case-lander,usecases,fr,index,https://www.marqly.com/fr/outils/resume-youtube,"Résumé de Vidéo YouTube par IA — Gratuit et Sans Inscription | Marqly","Collez le lien d’une vidéo YouTube et obtenez un résumé par IA en texte : l’essentiel et les points clés, gratuitement et sans inscription. Basé sur la vraie tr",published,16,97,pending-export,pending-export,pending-export,pending-export,pending-export,pending-export,pending-export,pending-export,pending-export,pending-export,lang:fr,2026-09-23,keep
/fr/outils/transcription-youtube,use-case-lander,usecases,fr,index,https://www.marqly.com/fr/outils/transcription-youtube,"Transcription Vidéo YouTube en Texte — Gratuit, Sans Inscription | Marqly","Collez le lien d’une vidéo YouTube et obtenez la transcription complète en texte, gratuitement et sans inscription. Copiez-la ou téléchargez-la, avec ou sans ho",published,13,97,pending-export,pending-export,pending-export,pending-export,pending-export,pending-export,pending-export,pending-export,pending-export,pending-export,lang:fr,2026-09-23,keep
/fr/planifier-voyage,use-case-lander,usecases,fr,index,https://www.marqly.com/fr/planifier-voyage,"Organiser la préparation d&#39;un voyage sans perdre de liens | Marqly","Vols, hébergements, recommandations et vidéos éparpillés sur vingt onglets. Tout dans un tableau, avec tags automatiques et partageable par lien.",published,105,96,pending-export,pending-export,pending-export,pending-export,pending-export,pending-export,pending-export,pending-export,pending-export,pending-export,lang:fr,2026-09-23,keep
/fr/pour-auteurs,use-case-lander,usecases,fr,index,https://www.marqly.com/fr/pour-auteurs,"Enregistrer références et recherche pour écrire | Marqly","Enregistrez la documentation de ce que vous écrivez, surlignez ce qui est citable et récupérez la bonne source en la décrivant. Tags et résumés par IA.",published,105,96,pending-export,pending-export,pending-export,pending-export,pending-export,pending-export,pending-export,pending-export,pending-export,pending-export,lang:fr,2026-09-23,keep
/fr/pour-avocats,use-case-lander,usecases,fr,index,https://www.marqly.com/fr/pour-avocats,"Organisateur de Veille et Recherche Juridique pour Avocats | Marqly","Organisez textes réglementaires, doctrine et jurisprudence web avec Marqly. Surlignez en 6 couleurs, archivez en PDF propre et retrouvez vos sources par le sens",published,105,95,pending-export,pending-export,pending-export,pending-export,pending-export,pending-export,pending-export,pending-export,pending-export,pending-export,lang:fr,2026-09-23,keep
/fr/pour-chercheurs,use-case-lander,usecases,fr,index,https://www.marqly.com/fr/pour-chercheurs,"Gestion de sources avec IA pour la recherche | Marqly","Enregistrez articles, rapports et vidéos, laissez l'IA étiqueter et résumer, et retrouvez la bonne source en la décrivant avec vos mots.",published,105,97,pending-export,pending-export,pending-export,pending-export,pending-export,pending-export,pending-export,pending-export,pending-export,pending-export,lang:fr,2026-09-23,keep
/fr/pour-chercheurs-ux,use-case-lander,usecases,fr,index,https://www.marqly.com/fr/pour-chercheurs-ux,"Outil de Dépôt de Recherche UX Léger | Marqly","Un référentiel léger de recherche UX : enregistrez études, surlignez en 6 couleurs et partagez des tableaux consultables sans compte.",published,105,95,pending-export,pending-export,pending-export,pending-export,pending-export,pending-export,pending-export,pending-export,pending-export,pending-export,lang:fr,2026-09-23,keep
/fr/pour-commerciaux,use-case-lander,usecases,fr,index,https://www.marqly.com/fr/pour-commerciaux,"Organisateur de Prospection et Veille Comptes Clés | Marqly","Conservez levées de fonds, articles stratégiques et benchmarks clients dans une bibliothèque indexée par IA avec un tableau par compte cible.",published,105,95,pending-export,pending-export,pending-export,pending-export,pending-export,pending-export,pending-export,pending-export,pending-export,pending-export,lang:fr,2026-09-23,keep
/fr/pour-consultants,use-case-lander,usecases,fr,index,https://www.marqly.com/fr/pour-consultants,"Organisateur de Veille Client pour Consultants | Marqly","Un tableau par client, des résumés IA pour trier la presse sectorielle et des tableaux publics que vos clients ouvrent sans créer de compte.",published,105,95,pending-export,pending-export,pending-export,pending-export,pending-export,pending-export,pending-export,pending-export,pending-export,pending-export,lang:fr,2026-09-23,keep
/fr/pour-createurs,use-case-lander,usecases,fr,index,https://www.marqly.com/fr/pour-createurs,"Organiser références et idées de contenu avec l&#39;IA | Marqly","Enregistrez références, fils, vidéos et publicités qui vous inspirent. L'IA étiquette et résume, et vous retrouvez l'idée au moment de produire.",published,105,96,pending-export,pending-export,pending-export,pending-export,pending-export,pending-export,pending-export,pending-export,pending-export,pending-export,lang:fr,2026-09-23,keep
/fr/pour-designers,use-case-lander,usecases,fr,index,https://www.marqly.com/fr/pour-designers,"Organisateur d&#39;Inspiration Design — Enregistrer, Tableaux, Retrouver | Marqly","Rassemblez vos références design sur des tableaux, capturez des pages complètes en PDF et partagez votre veille. L'IA étiquette chaque trouvaille.",published,105,95,pending-export,pending-export,pending-export,pending-export,pending-export,pending-export,pending-export,pending-export,pending-export,pending-export,lang:fr,2026-09-23,keep
/fr/pour-developpeurs,use-case-lander,usecases,fr,index,https://www.marqly.com/fr/pour-developpeurs,"Enregistrer doc, issues et snippets avec l&#39;IA | Marqly","Enregistrez doc, issues GitHub, réponses Stack Overflow et conférences techniques. L'IA étiquette et résume, et vous retrouvez par le problème.",published,105,97,pending-export,pending-export,pending-export,pending-export,pending-export,pending-export,pending-export,pending-export,pending-export,pending-export,lang:fr,2026-09-23,keep
/fr/pour-doctorants,use-case-lander,usecases,fr,index,https://www.marqly.com/fr/pour-doctorants,"Outil d&#39;État de l&#39;Art et Revue de Littérature pour Thèse | Marqly","Gérez la revue bibliographique de votre thèse : sauvegardez publications et prépublications, interrogez vos sources par IA et retrouvez toute conclusion par le ",published,105,95,pending-export,pending-export,pending-export,pending-export,pending-export,pending-export,pending-export,pending-export,pending-export,pending-export,lang:fr,2026-09-23,keep
/fr/pour-enseignants,use-case-lander,usecases,fr,index,https://www.marqly.com/fr/pour-enseignants,"Organiser ses supports de cours avec l&#39;IA | Marqly","Enregistrez ressources, vidéos et lectures pour vos cours, laissez l'IA étiqueter et partagez un tableau public avec vos élèves, sans inscription.",published,105,96,pending-export,pending-export,pending-export,pending-export,pending-export,pending-export,pending-export,pending-export,pending-export,pending-export,lang:fr,2026-09-23,keep
/fr/pour-fondateurs,use-case-lander,usecases,fr,index,https://www.marqly.com/fr/pour-fondateurs,"Outil de Veille Concurrentielle pour Fondateurs | Marqly","Les fondateurs utilisent Marqly pour surveiller leurs concurrents, archiver leurs grilles tarifaires en PDF et interroger leur veille de marché par IA.",published,105,95,pending-export,pending-export,pending-export,pending-export,pending-export,pending-export,pending-export,pending-export,pending-export,pending-export,lang:fr,2026-09-23,keep
/fr/pour-immobilier,use-case-lander,usecases,fr,index,https://www.marqly.com/fr/pour-immobilier,"Organisateur d&#39;Annonces et Veille Immobilière | Marqly","Rassemblez annonces de portails, études de prix et guides de quartier par acquéreur. Archivez en PDF pour garder les annonces vendues même après suppression.",published,105,95,pending-export,pending-export,pending-export,pending-export,pending-export,pending-export,pending-export,pending-export,pending-export,pending-export,lang:fr,2026-09-23,keep
/fr/pour-journalistes,use-case-lander,usecases,fr,index,https://www.marqly.com/fr/pour-journalistes,"Archiver sources et documentation d&#39;enquête avec l&#39;IA | Marqly","Enregistrez et archivez vos sources avant qu'elles changent, surlignez les déclarations, cherchez par le sens et regroupez la documentation par sujet.",published,105,97,pending-export,pending-export,pending-export,pending-export,pending-export,pending-export,pending-export,pending-export,pending-export,pending-export,lang:fr,2026-09-23,keep
/fr/pour-marketing,use-case-lander,usecases,fr,index,https://www.marqly.com/fr/pour-marketing,"Organiser références, concurrence et campagnes avec l&#39;IA | Marqly","Enregistrez landings, publicités et concurrents avec tags automatiques, archivez en PDF avant qu'ils changent, et partagez des tableaux avec l'équipe.",published,105,96,pending-export,pending-export,pending-export,pending-export,pending-export,pending-export,pending-export,pending-export,pending-export,pending-export,lang:fr,2026-09-23,keep
/fr/pour-product-managers,use-case-lander,usecases,fr,index,https://www.marqly.com/fr/pour-product-managers,"Outil de Veille et Recherche pour Product Managers | Marqly","Comment les PM utilisent Marqly pour garder benchmarks concurrents, retours d'utilisateurs et sources de PRD étiquetés et prêts à citer.",published,105,95,pending-export,pending-export,pending-export,pending-export,pending-export,pending-export,pending-export,pending-export,pending-export,pending-export,lang:fr,2026-09-23,keep
/fr/pour-recruteurs,use-case-lander,usecases,fr,index,https://www.marqly.com/fr/pour-recruteurs,"Organisateur de Sourcing Candidats pour Recruteurs | Marqly","Organisez votre vivier de sourcing : profils, grilles salariales et benchmarks en 1 clic. Classement automatique par IA et recherche par compétences mémorisées.",published,105,95,pending-export,pending-export,pending-export,pending-export,pending-export,pending-export,pending-export,pending-export,pending-export,pending-export,lang:fr,2026-09-23,keep
/fr/pour-universitaires,use-case-lander,usecases,fr,index,https://www.marqly.com/fr/pour-universitaires,"Organisateur de Lecture Académique pour Articles et Cours | Marqly","Rassemblez articles scientifiques, supports de cours et veille de recherche dans une bibliothèque unique. Surlignez en 6 couleurs, triez par IA et cherchez par ",published,105,95,pending-export,pending-export,pending-export,pending-export,pending-export,pending-export,pending-export,pending-export,pending-export,pending-export,lang:fr,2026-09-23,keep
/fr/recherche-emploi,use-case-lander,usecases,fr,index,https://www.marqly.com/fr/recherche-emploi,"Organisateur de Recherche d&#39;Emploi — Offres et Préparation | Marqly","Sauvegardez les offres d'emploi avant leur disparition, conservez vos notes d'entretien directement sur les sites des entreprises et retrouvez tout la veille du",published,105,95,pending-export,pending-export,pending-export,pending-export,pending-export,pending-export,pending-export,pending-export,pending-export,pending-export,lang:fr,2026-09-23,keep
/fr/resumer-youtube,use-case-lander,usecases,fr,index,https://www.marqly.com/fr/resumer-youtube,"Résumeur YouTube IA : Résumé et Transcription sur la Vidéo | Marqly","Marqly intègre un encart IA sur chaque vidéo YouTube : résumé en streaming, chapitres clés, livres mentionnés, transcription synchronisée et chat interactif.",published,105,95,pending-export,pending-export,pending-export,pending-export,pending-export,pending-export,pending-export,pending-export,pending-export,pending-export,lang:fr,2026-09-23,keep
/fr/sauvegarder-onglets,use-case-lander,usecases,fr,index,https://www.marqly.com/fr/sauvegarder-onglets,"Sauvegarder ses onglets Chrome en un clic | Marqly","Trop d'onglets ouverts ? Sauvegardez toute la fenêtre en un clic, fermez sans rien perdre et restaurez la session complète quand vous en avez de nouveau besoin.",published,105,95,pending-export,pending-export,pending-export,pending-export,pending-export,pending-export,pending-export,pending-export,pending-export,pending-export,lang:fr,2026-09-23,keep
/fr/second-cerveau,use-case-lander,usecases,fr,index,https://www.marqly.com/fr/second-cerveau,"Un second cerveau qui ne demande aucun entretien | Marqly","La plupart des seconds cerveaux meurent de leur entretien. Marqly étiquette et résume par IA et cherche par sens : le système ne dépend plus de votre discipline",published,105,95,pending-export,pending-export,pending-export,pending-export,pending-export,pending-export,pending-export,pending-export,pending-export,pending-export,lang:fr,2026-09-23,keep
/fr/surligner-page-web,use-case-lander,usecases,fr,index,https://www.marqly.com/fr/surligner-page-web,"Surligner du texte sur une page web | Marqly","Surlignez n'importe quelle page web en six couleurs, ajoutez vos notes, et retrouvez-les intactes à la prochaine visite. Extension gratuite, sans carte.",published,105,96,pending-export,pending-export,pending-export,pending-export,pending-export,pending-export,pending-export,pending-export,pending-export,pending-export,lang:fr,2026-09-23,keep
/fr/swipe-file,use-case-lander,usecases,fr,index,https://www.marqly.com/fr/swipe-file,"App de Swipe File — Sauvegardez Publicités, Copy et Pages | Marqly","Capturez publicités, landing pages et accroches dès que vous les croisez, surlignez la formule percutante et retrouvez tout par simple description.",published,105,95,pending-export,pending-export,pending-export,pending-export,pending-export,pending-export,pending-export,pending-export,pending-export,pending-export,lang:fr,2026-09-23,keep
/fr/synchroniser-favoris,use-case-lander,usecases,fr,index,https://www.marqly.com/fr/synchroniser-favoris,"Synchroniser ses Favoris entre Navigateurs et Appareils | Marqly","La synchronisation native vous enferme chez un éditeur. Marqly synchronise vos favoris entre Chrome, Edge, Firefox, Safari, le web et iOS avec un compte gratuit",published,105,95,pending-export,pending-export,pending-export,pending-export,pending-export,pending-export,pending-export,pending-export,pending-export,pending-export,lang:fr,2026-09-23,keep
/fr/veille-informationnelle,use-case-lander,usecases,fr,index,https://www.marqly.com/fr/veille-informationnelle,"Outil de veille informationnelle avec IA | Marqly","Capitalisez votre veille sans y passer vos soirées : étiquetage et résumés automatiques, recherche par le sens, partage d'une sélection en page publique.",published,105,98,pending-export,pending-export,pending-export,pending-export,pending-export,pending-export,pending-export,pending-export,pending-export,pending-export,lang:fr,2026-09-23,keep
/it/alternative/evernote,use-case-lander,usecases,it,index,https://www.marqly.com/it/alternative/evernote,"Alternative a Evernote nel 2026: più economiche e semplici | Marqly","Evernote costa tra 99 e 249,99 $ l'anno. Se lo usi solo per ritagliare pagine, esistono opzioni molto più economiche. Confronto per caso d'uso.",published,104,94,pending-export,pending-export,pending-export,pending-export,pending-export,pending-export,pending-export,pending-export,pending-export,pending-export,lang:it,2026-09-23,keep
/it/alternative/instapaper,use-case-lander,usecases,it,index,https://www.marqly.com/it/alternative/instapaper,"Alternative a Instapaper nel 2026: confronto onesto | Marqly","Instapaper è il miglior lettore puro. Si cerca un'alternativa per organizzazione, IA o video. Confrontiamo le opzioni in base al tuo motivo.",published,104,94,pending-export,pending-export,pending-export,pending-export,pending-export,pending-export,pending-export,pending-export,pending-export,pending-export,lang:it,2026-09-23,keep
/it/alternative/notion,use-case-lander,usecases,it,index,https://www.marqly.com/it/alternative/notion,"Alternative al Notion Web Clipper nel 2026 | Marqly","Salvare link in Notion funziona finché non cresce. Alternative per chi vuole catturare meglio e smettere di mantenere database a mano.",published,104,94,pending-export,pending-export,pending-export,pending-export,pending-export,pending-export,pending-export,pending-export,pending-export,pending-export,lang:it,2026-09-23,keep
/it/alternative/pocket,use-case-lander,usecases,it,index,https://www.marqly.com/it/alternative/pocket,"Le migliori alternative a Pocket nel 2026 | Marqly","Pocket ha chiuso a luglio 2025. Confrontiamo le alternative reali — Instapaper, Raindrop, Matter, Marqly — in base all'uso che ne facevi.",published,104,94,pending-export,pending-export,pending-export,pending-export,pending-export,pending-export,pending-export,pending-export,pending-export,pending-export,lang:it,2026-09-23,keep
/it/alternative/raindrop,use-case-lander,usecases,it,index,https://www.marqly.com/it/alternative/raindrop,"Alternative a Raindrop.io nel 2026: opzioni reali | Marqly","Raindrop organizza le raccolte come nessuno, ma ritrovare dipende dai tuoi tag. Confrontiamo le alternative in base al motivo per cui stai uscendo.",published,104,94,pending-export,pending-export,pending-export,pending-export,pending-export,pending-export,pending-export,pending-export,pending-export,pending-export,lang:it,2026-09-23,keep
/it/confronto/marqly-vs-evernote,use-case-lander,usecases,it,index,https://www.marqly.com/it/confronto/marqly-vs-evernote,"Marqly vs Evernote: prezzo, IA e casi d&#39;uso | Marqly","Evernote è una suite di note completa e cara. Marqly è un gestore di preferiti con IA a 72 $/anno. Confrontiamo funzioni, prezzi e casi d'uso.",published,104,94,pending-export,pending-export,pending-export,pending-export,pending-export,pending-export,pending-export,pending-export,pending-export,pending-export,lang:it,2026-09-23,keep
/it/confronto/marqly-vs-instapaper,use-case-lander,usecases,it,index,https://www.marqly.com/it/confronto/marqly-vs-instapaper,"Marqly vs Instapaper: lettore puro o libreria con IA | Marqly","Instapaper è il miglior lettore senza distrazioni e funziona offline. Marqly organizza e ritrova con l'IA. Confronto senza esagerare nessuno dei due.",published,104,94,pending-export,pending-export,pending-export,pending-export,pending-export,pending-export,pending-export,pending-export,pending-export,pending-export,lang:it,2026-09-23,keep
/it/confronto/marqly-vs-matter,use-case-lander,usecases,it,index,https://www.marqly.com/it/confronto/marqly-vs-matter,"Marqly vs Matter: audio e lettura su iOS o ricerca IA | Marqly","Matter è il lettore più curato su iOS e il migliore per ascoltare articoli. Marqly organizza con IA e cerca per significato. Confronto onesto.",published,104,94,pending-export,pending-export,pending-export,pending-export,pending-export,pending-export,pending-export,pending-export,pending-export,pending-export,lang:it,2026-09-23,keep
/it/confronto/marqly-vs-notion,use-case-lander,usecases,it,index,https://www.marqly.com/it/confronto/marqly-vs-notion,"Marqly vs Notion Web Clipper: cosa usare per i link | Marqly","Il Web Clipper di Notion è gratuito ma cattura male, e l'organizzazione resta a te. Marqly etichetta con IA e cerca per significato. Confronto onesto.",published,104,94,pending-export,pending-export,pending-export,pending-export,pending-export,pending-export,pending-export,pending-export,pending-export,pending-export,lang:it,2026-09-23,keep
/it/confronto/marqly-vs-obsidian,use-case-lander,usecases,it,index,https://www.marqly.com/it/confronto/marqly-vs-obsidian,"Marqly vs Obsidian Web Clipper: file locali o IA | Marqly","Obsidian salva il web come Markdown che è tuo per sempre, gratis. Marqly etichetta e cerca per significato. Controllo locale contro automazione.",published,104,94,pending-export,pending-export,pending-export,pending-export,pending-export,pending-export,pending-export,pending-export,pending-export,pending-export,lang:it,2026-09-23,keep
/it/confronto/marqly-vs-pocket,use-case-lander,usecases,it,index,https://www.marqly.com/it/confronto/marqly-vs-pocket,"Marqly vs Pocket: cosa usare ora che Pocket ha chiuso | Marqly","Pocket ha chiuso l'8 luglio 2025 e i dati sono stati cancellati a ottobre. Cosa faceva Pocket, cosa fa Marqly e come importare il tuo export.",published,104,94,pending-export,pending-export,pending-export,pending-export,pending-export,pending-export,pending-export,pending-export,pending-export,pending-export,lang:it,2026-09-23,keep
/it/confronto/marqly-vs-raindrop,use-case-lander,usecases,it,index,https://www.marqly.com/it/confronto/marqly-vs-raindrop,"Marqly vs Raindrop: confronto 2026 | Marqly","Marqly o Raindrop? Confronto onesto funzione per funzione: piano gratuito, ricerca, AI, YouTube e prezzi. Dove vince l'uno e dove vince davvero l'altro.",published,104,96,pending-export,pending-export,pending-export,pending-export,pending-export,pending-export,pending-export,pending-export,pending-export,pending-export,lang:it,2026-09-23,keep
/it/confronto/marqly-vs-readwise,use-case-lander,usecases,it,index,https://www.marqly.com/it/confronto/marqly-vs-readwise,"Marqly vs Readwise Reader: prezzo e a chi serve | Marqly","Readwise Reader è lo strumento di lettura più potente sul mercato, senza piano gratuito e a 119,88 $/anno. Marqly costa 72 $ e risolve altro.",published,104,94,pending-export,pending-export,pending-export,pending-export,pending-export,pending-export,pending-export,pending-export,pending-export,pending-export,lang:it,2026-09-23,keep
/it/cronologia-appunti,use-case-lander,usecases,it,index,https://www.marqly.com/it/cronologia-appunti,"Cronologia Appunti per Chrome ed Edge con Ricerca | Marqly","La cronologia appunti di Marqly conserva ogni testo copiato sul web: ricercabile, etichettabile e fissabile in alto. Nelle estensioni Chrome ed Edge.",published,104,94,pending-export,pending-export,pending-export,pending-export,pending-export,pending-export,pending-export,pending-export,pending-export,pending-export,lang:it,2026-09-23,keep
/it/curatela-contenuti,use-case-lander,usecases,it,index,https://www.marqly.com/it/curatela-contenuti,"Strumento di Curation Contenuti — Bacheche Pubbliche | Marqly","Raccogli link ed evidenziazioni in bacheche tematiche e condividile come pagine web pubbliche senza registrazione. Curatela editoriale fluida.",published,104,94,pending-export,pending-export,pending-export,pending-export,pending-export,pending-export,pending-export,pending-export,pending-export,pending-export,lang:it,2026-09-23,keep
/it/evidenziatore-web,use-case-lander,usecases,it,index,https://www.marqly.com/it/evidenziatore-web,"Evidenziare testo su pagine web | Marqly","Evidenzia il testo delle pagine web in 6 colori, aggiungi note e ritrovale quando torni. L'evidenziatore di Marqly funziona su Chrome, Edge, Firefox e Safari.",published,104,95,pending-export,pending-export,pending-export,pending-export,pending-export,pending-export,pending-export,pending-export,pending-export,pending-export,lang:it,2026-09-23,keep
/it/gestore-segnalibri-chrome,use-case-lander,usecases,it,index,https://www.marqly.com/it/gestore-segnalibri-chrome,"Gestore Segnalibri per Chrome con Ricerca IA | Marqly","I preferiti di Chrome si fermano a cartelle e titoli. Marqly introduce tag IA automatici, riassunti e ricerca semantica nel pannello laterale. Disponibile su Ch",published,104,94,pending-export,pending-export,pending-export,pending-export,pending-export,pending-export,pending-export,pending-export,pending-export,pending-export,lang:it,2026-09-23,keep
/it/gestore-segnalibri-edge,use-case-lander,usecases,it,index,https://www.marqly.com/it/gestore-segnalibri-edge,"Gestore Segnalibri per Edge con Ricerca IA | Marqly","I preferiti di Edge hanno forti limiti. L'estensione Marqly per Microsoft Edge introduce tag IA, riassunti e ricerca semantica nella barra laterale.",published,104,94,pending-export,pending-export,pending-export,pending-export,pending-export,pending-export,pending-export,pending-export,pending-export,pending-export,lang:it,2026-09-23,keep
/it/gestore-segnalibri-firefox,use-case-lander,usecases,it,index,https://www.marqly.com/it/gestore-segnalibri-firefox,"Gestore Segnalibri per Firefox con Ricerca IA | Marqly","L'estensione Firefox di Marqly salva pagine con un clic, applica tag intelligenti e le ritrova per significato. Disponibile su Firefox Add-ons (AMO).",published,104,94,pending-export,pending-export,pending-export,pending-export,pending-export,pending-export,pending-export,pending-export,pending-export,pending-export,lang:it,2026-09-23,keep
/it/gestore-segnalibri-iphone,use-case-lander,usecases,it,index,https://www.marqly.com/it/gestore-segnalibri-iphone,"Gestore Segnalibri per iPhone con Ricerca IA | Marqly","L'app iOS di Marqly porta l'intera libreria di preferiti su iPhone: tag IA, riassunti e ricerca semantica sempre in tasca. Gratis su App Store.",published,104,94,pending-export,pending-export,pending-export,pending-export,pending-export,pending-export,pending-export,pending-export,pending-export,pending-export,lang:it,2026-09-23,keep
/it/gestore-segnalibri-safari,use-case-lander,usecases,it,index,https://www.marqly.com/it/gestore-segnalibri-safari,"Gestore Segnalibri per Safari e iOS con IA | Marqly","I segnalibri di Safari restano bloccati sui dispositivi Apple. Marqly unisce estensione Safari, app iOS e sincronizzazione con Chrome, Edge, Firefox e web.",published,104,94,pending-export,pending-export,pending-export,pending-export,pending-export,pending-export,pending-export,pending-export,pending-export,pending-export,lang:it,2026-09-23,keep
/it/importa-preferiti,use-case-lander,usecases,it,index,https://www.marqly.com/it/importa-preferiti,"Importare i preferiti da Pocket e Raindrop | Marqly","Come importare in Marqly i preferiti di Chrome, l'export di Pocket e le collezioni di Raindrop, passo per passo — e cosa succede ai link dopo l'importazione.",published,104,95,pending-export,pending-export,pending-export,pending-export,pending-export,pending-export,pending-export,pending-export,pending-export,pending-export,lang:it,2026-09-23,keep
/it/lista-di-lettura,use-case-lander,usecases,it,index,https://www.marqly.com/it/lista-di-lettura,"Una lista di lettura che non diventa una discarica | Marqly","Ogni lista di lettura cresce più in fretta di quanto si legga. Con riassunti automatici e ricerca per significato, la pila smette di essere un problema.",published,104,95,pending-export,pending-export,pending-export,pending-export,pending-export,pending-export,pending-export,pending-export,pending-export,pending-export,lang:it,2026-09-23,keep
/it/nuova-scheda,use-case-lander,usecases,it,index,https://www.marqly.com/it/nuova-scheda,"Estensione Nuova Scheda per Chrome: Dashboard Personalizzata | Marqly","Sostituisci la scheda vuota con Marqly Home: cerca nell'intera libreria, organizza link rapidi, cartelle, note adesive, to-do e meteo su Chrome, Edge e Firefox.",published,104,94,pending-export,pending-export,pending-export,pending-export,pending-export,pending-export,pending-export,pending-export,pending-export,pending-export,lang:it,2026-09-23,keep
/it/organizzare-ricerca,use-case-lander,usecases,it,index,https://www.marqly.com/it/organizzare-ricerca,"Organizzare la ricerca di un progetto senza perdere fonti | Marqly","Salva le fonti con un clic, lascia che l'IA etichetti e riassuma, raggruppa ogni progetto in una bacheca e recupera qualsiasi documento descrivendolo.",published,104,95,pending-export,pending-export,pending-export,pending-export,pending-export,pending-export,pending-export,pending-export,pending-export,pending-export,lang:it,2026-09-23,keep
/it/organizzare-ricette,use-case-lander,usecases,it,index,https://www.marqly.com/it/organizzare-ricette,"Come organizzare le ricette trovate su internet | Marqly","Ricette sparse tra Instagram, screenshot e preferiti. Tutto in un posto, con tag automatici e ricerca per ingrediente o per ciò che ricordi.",published,104,95,pending-export,pending-export,pending-export,pending-export,pending-export,pending-export,pending-export,pending-export,pending-export,pending-export,lang:it,2026-09-23,keep
/it/organizzatore-segnalibri,use-case-lander,usecases,it,index,https://www.marqly.com/it/organizzatore-segnalibri,"Organizzatore di Segnalibri con Tag IA e Ricerca per Significato | Marqly","Marqly etichetta ogni segnalibro automaticamente con l'IA e ritrova i salvataggi per significato, non per parole esatte. Dì addio alle cartelle manuali.",published,104,94,pending-export,pending-export,pending-export,pending-export,pending-export,pending-export,pending-export,pending-export,pending-export,pending-export,lang:it,2026-09-23,keep
/it/per-accademici,use-case-lander,usecases,it,index,https://www.marqly.com/it/per-accademici,"Organizzatore di Letture Accademiche per Paper e Lezioni | Marqly","Raccogli articoli scientifici, materiali didattici e letture per bandi in un'unica libreria. Evidenzia in 6 colori, seleziona con riassunti IA e cerca per signi",published,104,94,pending-export,pending-export,pending-export,pending-export,pending-export,pending-export,pending-export,pending-export,pending-export,pending-export,lang:it,2026-09-23,keep
/it/per-agenti-immobiliari,use-case-lander,usecases,it,index,https://www.marqly.com/it/per-agenti-immobiliari,"Organizzatore di Immobili e Ricerche di Mercato per Agenti | Marqly","Salva annunci dai portali, stime di mercato e guide di quartiere per ogni cliente. Archivia le pagine in PDF per conservare annunci rimossi dopo il rogito.",published,104,94,pending-export,pending-export,pending-export,pending-export,pending-export,pending-export,pending-export,pending-export,pending-export,pending-export,lang:it,2026-09-23,keep
/it/per-avvocati,use-case-lander,usecases,it,index,https://www.marqly.com/it/per-avvocati,"Organizzatore di Ricerca Giuridica per Avvocati | Marqly","Organizza normative, circolari e dottrina con Marqly. Evidenzia passaggi chiave in 6 colori, salva pagine in PDF locale e ritrova fonti con la ricerca semantica",published,104,94,pending-export,pending-export,pending-export,pending-export,pending-export,pending-export,pending-export,pending-export,pending-export,pending-export,lang:it,2026-09-23,keep
/it/per-consulenti,use-case-lander,usecases,it,index,https://www.marqly.com/it/per-consulenti,"Organizzatore di Ricerche per Consulenti | Marqly","Una bacheca per cliente, riassunti IA per smaltire i report di settore e bacheche condivisibili che i clienti aprono senza registrarsi.",published,104,94,pending-export,pending-export,pending-export,pending-export,pending-export,pending-export,pending-export,pending-export,pending-export,pending-export,lang:it,2026-09-23,keep
/it/per-creator,use-case-lander,usecases,it,index,https://www.marqly.com/it/per-creator,"Organizzare riferimenti e idee di contenuto con l&#39;IA | Marqly","Salva riferimenti, thread, video e annunci che ti ispirano. L'IA etichetta e riassume, e ritrovi l'idea quando è il momento di produrre.",published,104,95,pending-export,pending-export,pending-export,pending-export,pending-export,pending-export,pending-export,pending-export,pending-export,pending-export,lang:it,2026-09-23,keep
/it/per-designer,use-case-lander,usecases,it,index,https://www.marqly.com/it/per-designer,"Organizzatore di Ispirazione Visiva per Designer | Marqly","Raccogli riferimenti grafici su bacheche, salva pagine complete in PDF e condividi moodboard. L'IA assegna tag automatici a ogni salvataggio.",published,104,94,pending-export,pending-export,pending-export,pending-export,pending-export,pending-export,pending-export,pending-export,pending-export,pending-export,lang:it,2026-09-23,keep
/it/per-dottorandi,use-case-lander,usecases,it,index,https://www.marqly.com/it/per-dottorandi,"Strumento di Revisione della Letteratura per Dottorandi | Marqly","Gestisci la rassegna della letteratura per la tua tesi: salva paper e articoli, interrogane il contenuto con l'IA, evidenzia citazioni e cerca per concetto.",published,104,94,pending-export,pending-export,pending-export,pending-export,pending-export,pending-export,pending-export,pending-export,pending-export,pending-export,lang:it,2026-09-23,keep
/it/per-founder,use-case-lander,usecases,it,index,https://www.marqly.com/it/per-founder,"Strumento di Intelligence Competitiva per Founder e Startup | Marqly","I founder usano Marqly per monitorare i concorrenti, salvare pagine di pricing in PDF e interrogare mesi di ricerche di mercato con l'IA.",published,104,94,pending-export,pending-export,pending-export,pending-export,pending-export,pending-export,pending-export,pending-export,pending-export,pending-export,lang:it,2026-09-23,keep
/it/per-giornalisti,use-case-lander,usecases,it,index,https://www.marqly.com/it/per-giornalisti,"Archiviare fonti e documentazione con l&#39;IA | Marqly","Salva e archivia le fonti prima che cambino, evidenzia le dichiarazioni, cerca per significato e raggruppa la documentazione per servizio.",published,104,96,pending-export,pending-export,pending-export,pending-export,pending-export,pending-export,pending-export,pending-export,pending-export,pending-export,lang:it,2026-09-23,keep
/it/per-insegnanti,use-case-lander,usecases,it,index,https://www.marqly.com/it/per-insegnanti,"Organizzare i materiali didattici con l&#39;IA | Marqly","Salva risorse, video e letture per le lezioni, lascia che l'IA etichetti e condividi una bacheca pubblica con la classe, senza registrazione.",published,104,95,pending-export,pending-export,pending-export,pending-export,pending-export,pending-export,pending-export,pending-export,pending-export,pending-export,lang:it,2026-09-23,keep
/it/per-marketing,use-case-lander,usecases,it,index,https://www.marqly.com/it/per-marketing,"Organizzare riferimenti, concorrenza e campagne con l&#39;IA | Marqly","Salva landing, annunci e concorrenti con tag automatici, archiviali in PDF prima che cambino e condividi bacheche con team o cliente.",published,104,95,pending-export,pending-export,pending-export,pending-export,pending-export,pending-export,pending-export,pending-export,pending-export,pending-export,lang:it,2026-09-23,keep
/it/per-product-manager,use-case-lander,usecases,it,index,https://www.marqly.com/it/per-product-manager,"Strumento di Ricerca per Product Manager | Marqly","Come i product manager usano Marqly per organizzare teardown di competitor, link di user research e fonti per PRD con tag IA e ricerca semantica.",published,104,94,pending-export,pending-export,pending-export,pending-export,pending-export,pending-export,pending-export,pending-export,pending-export,pending-export,lang:it,2026-09-23,keep
/it/per-recruiter,use-case-lander,usecases,it,index,https://www.marqly.com/it/per-recruiter,"Organizzatore di Ricerca Candidati per Recruiter | Marqly","Organizza il sourcing dei candidati: salva profili, indagini retributive e benchmark di ruolo con un clic. Tag automatici con IA e ricerca per dettagli ricordat",published,104,94,pending-export,pending-export,pending-export,pending-export,pending-export,pending-export,pending-export,pending-export,pending-export,pending-export,lang:it,2026-09-23,keep
/it/per-ricercatori,use-case-lander,usecases,it,index,https://www.marqly.com/it/per-ricercatori,"Gestione delle fonti con IA per la ricerca | Marqly","Salva articoli, report e video, lascia che l'IA etichetti e riassuma, e ritrova la fonte giusta descrivendola con parole tue. Piano gratuito.",published,104,96,pending-export,pending-export,pending-export,pending-export,pending-export,pending-export,pending-export,pending-export,pending-export,pending-export,lang:it,2026-09-23,keep
/it/per-scrittori,use-case-lander,usecases,it,index,https://www.marqly.com/it/per-scrittori,"Salvare riferimenti e ricerca per scrivere | Marqly","Salva la documentazione di ciò che scrivi, evidenzia ciò che è citabile e recupera la fonte giusta descrivendola. Tag e riassunti automatici con IA.",published,104,95,pending-export,pending-export,pending-export,pending-export,pending-export,pending-export,pending-export,pending-export,pending-export,pending-export,lang:it,2026-09-23,keep
/it/per-sviluppatori,use-case-lander,usecases,it,index,https://www.marqly.com/it/per-sviluppatori,"Salvare documentazione, issue e snippet con l&#39;IA | Marqly","Salva doc, issue GitHub, risposte Stack Overflow e talk tecnici. L'IA etichetta e riassume, e ritrovi la soluzione descrivendo il problema.",published,104,96,pending-export,pending-export,pending-export,pending-export,pending-export,pending-export,pending-export,pending-export,pending-export,pending-export,lang:it,2026-09-23,keep
/it/per-ux-researcher,use-case-lander,usecases,it,index,https://www.marqly.com/it/per-ux-researcher,"Repository Leggero di Ricerca UX | Marqly","Un repository agile per UX research: salva studi, evidenzia insight in 6 colori e condividi bacheche di sola lettura accessibili senza registrazione.",published,104,94,pending-export,pending-export,pending-export,pending-export,pending-export,pending-export,pending-export,pending-export,pending-export,pending-export,lang:it,2026-09-23,keep
/it/per-vendite,use-case-lander,usecases,it,index,https://www.marqly.com/it/per-vendite,"Organizzatore di Ricerche Commerciali e Account Intel | Marqly","Tieni le ricerche sui prospect, i round di investimento e i report in un'unica libreria con tag IA e una bacheca per ogni account.",published,104,94,pending-export,pending-export,pending-export,pending-export,pending-export,pending-export,pending-export,pending-export,pending-export,pending-export,lang:it,2026-09-23,keep
/it/pianificare-viaggi,use-case-lander,usecases,it,index,https://www.marqly.com/it/pianificare-viaggi,"Organizzare la pianificazione di un viaggio senza perdere link | Marqly","Voli, alloggi, consigli e video sparsi su venti schede. Tutto in una bacheca, con tag automatici e condivisibile con un link.",published,104,95,pending-export,pending-export,pending-export,pending-export,pending-export,pending-export,pending-export,pending-export,pending-export,pending-export,lang:it,2026-09-23,keep
/it/riassunto-youtube,use-case-lander,usecases,it,index,https://www.marqly.com/it/riassunto-youtube,"Riassunto YouTube con IA: TL;DR e Trascrizione nel Video | Marqly","Marqly inserisce una scheda IA in ogni video YouTube: sintesi in tempo reale, sezioni chiave, libri citati, trascrizione sincronizzata e chat con il video.",published,104,94,pending-export,pending-export,pending-export,pending-export,pending-export,pending-export,pending-export,pending-export,pending-export,pending-export,lang:it,2026-09-23,keep
/it/ricerca-lavoro,use-case-lander,usecases,it,index,https://www.marqly.com/it/ricerca-lavoro,"Organizzatore di Ricerca Lavoro — Annunci e Note | Marqly","Salva gli annunci di lavoro prima che vengano rimossi, evidenzia note sui siti aziendali e ritrova tutte le informazioni la sera prima del colloquio.",published,104,94,pending-export,pending-export,pending-export,pending-export,pending-export,pending-export,pending-export,pending-export,pending-export,pending-export,lang:it,2026-09-23,keep
/it/salva-e-leggi-dopo,use-case-lander,usecases,it,index,https://www.marqly.com/it/salva-e-leggi-dopo,"Salvare articoli da leggere dopo | Marqly","Salva adesso gli articoli che non hai tempo di leggere, poi usa i riassunti AI per decidere quali meritano davvero. Estensione, app web e iPhone, gratis.",published,104,96,pending-export,pending-export,pending-export,pending-export,pending-export,pending-export,pending-export,pending-export,pending-export,pending-export,lang:it,2026-09-23,keep
/it/salva-pagina-pdf,use-case-lander,usecases,it,index,https://www.marqly.com/it/salva-pagina-pdf,"Estensione per Salvare Pagine Web in PDF Locale e Fedele | Marqly","L'estensione Marqly salva qualunque pagina web come PDF pulito identico a come appare a schermo, immagini lazy-load incluse, elaborato in locale.",published,104,94,pending-export,pending-export,pending-export,pending-export,pending-export,pending-export,pending-export,pending-export,pending-export,pending-export,lang:it,2026-09-23,keep
/it/salva-schede,use-case-lander,usecases,it,index,https://www.marqly.com/it/salva-schede,"Salvare tutte le schede aperte di Chrome | Marqly","Troppe schede aperte? Salvale tutte con un clic, chiudi il browser senza perdere niente e riapri la sessione quando ti serve. Chrome, Edge, Firefox, Safari.",published,104,95,pending-export,pending-export,pending-export,pending-export,pending-export,pending-export,pending-export,pending-export,pending-export,pending-export,lang:it,2026-09-23,keep
/it/salvare-video-youtube,use-case-lander,usecases,it,index,https://www.marqly.com/it/salvare-video-youtube,"Salvare video di YouTube e ritrovarli | Marqly","«Guarda più tardi» è il posto dove i video muoiono. Salva con riassunto e trascrizione allegata, e ritrova per qualcosa detto dentro il video.",published,104,96,pending-export,pending-export,pending-export,pending-export,pending-export,pending-export,pending-export,pending-export,pending-export,pending-export,lang:it,2026-09-23,keep
/it/secondo-cervello,use-case-lander,usecases,it,index,https://www.marqly.com/it/secondo-cervello,"Un secondo cervello che non richiede manutenzione | Marqly","Quasi tutti i secondi cervelli muoiono di manutenzione. Marqly etichetta e riassume con IA e cerca per significato: il sistema non dipende dalla tua disciplina.",published,104,94,pending-export,pending-export,pending-export,pending-export,pending-export,pending-export,pending-export,pending-export,pending-export,pending-export,lang:it,2026-09-23,keep
/it/sincronizzazione-segnalibri,use-case-lander,usecases,it,index,https://www.marqly.com/it/sincronizzazione-segnalibri,"Sincronizzare Segnalibri tra Dispositivi e Browser | Marqly","La sincronizzazione nativa ti blocca in un solo browser. Marqly sincronizza tra Chrome, Edge, Firefox, Safari, web e iOS con un unico account gratuito.",published,104,94,pending-export,pending-export,pending-export,pending-export,pending-export,pending-export,pending-export,pending-export,pending-export,pending-export,lang:it,2026-09-23,keep
/it/strumenti/riassunto-video-youtube,use-case-lander,usecases,it,index,https://www.marqly.com/it/strumenti/riassunto-video-youtube,"Riassunto Video YouTube con AI — Gratis e Senza Registrazione | Marqly","Incolla il link di un video di YouTube e ricevi un riassunto con AI in testo: sintesi e punti chiave, gratis e senza registrazione. Basato sulla vera trascrizio",published,18,96,pending-export,pending-export,pending-export,pending-export,pending-export,pending-export,pending-export,pending-export,pending-export,pending-export,lang:it,2026-09-23,keep
/it/strumenti/trascrizione-video-youtube,use-case-lander,usecases,it,index,https://www.marqly.com/it/strumenti/trascrizione-video-youtube,"Trascrizione Video YouTube Gratis — Il Testo di Qualsiasi Video | Marqly","Incolla il link di un video di YouTube e ottieni la trascrizione completa in testo, gratis e senza registrazione. Copiala o scaricala, con o senza i tempi.",published,10,96,pending-export,pending-export,pending-export,pending-export,pending-export,pending-export,pending-export,pending-export,pending-export,pending-export,lang:it,2026-09-23,keep
/it/studenti,use-case-lander,usecases,it,index,https://www.marqly.com/it/studenti,"Studiare con l&#39;AI: riassunti e appunti | Marqly","Riassumi le videolezioni, evidenzia le letture e ritrova il materiale per l'esame. Marqly per studenti: sconto studenti a 48 $ il primo anno (circa 46 €).",published,104,96,pending-export,pending-export,pending-export,pending-export,pending-export,pending-export,pending-export,pending-export,pending-export,pending-export,lang:it,2026-09-23,keep
/it/swipe-file,use-case-lander,usecases,it,index,https://www.marqly.com/it/swipe-file,"App per Swipe File — Salva Pubblicità, Copy e Pagine Web | Marqly","Salva landing page, pubblicità e copy appena li incontri, evidenzia il gancio perfetto e ritrova qualsiasi esempio descrivendone il concetto su Marqly.",published,104,94,pending-export,pending-export,pending-export,pending-export,pending-export,pending-export,pending-export,pending-export,pending-export,pending-export,lang:it,2026-09-23,keep
/ja/bookmark-manager-for-chrome,use-case-lander,usecases,ja,index,https://www.marqly.com/ja/bookmark-manager-for-chrome,"Chrome用AIブックマークマネージャー・意味検索 | Marqly","Chromeの標準ブックマークはフォルダ分けとタイトル検索のみ。MarqlyはサイドパネルでのAI自動タグ付け、要約、意味検索を追加します。Chromeウェブストアで無料配布中。",published,102,93,pending-export,pending-export,pending-export,pending-export,pending-export,pending-export,pending-export,pending-export,pending-export,pending-export,lang:ja,2026-09-23,keep
/ja/bookmark-manager-for-edge,use-case-lander,usecases,ja,index,https://www.marqly.com/ja/bookmark-manager-for-edge,"Edge用AIブックマークマネージャー・サイドバー検索 | Marqly","Edgeのお気に入りは整理に限界があります。MarqlyのMicrosoft Edge用アドオンは、サイドバーでのAI自動タグ付け、要約、意味検索を提供します。",published,102,93,pending-export,pending-export,pending-export,pending-export,pending-export,pending-export,pending-export,pending-export,pending-export,pending-export,lang:ja,2026-09-23,keep
/ja/bookmark-manager-for-firefox,use-case-lander,usecases,ja,index,https://www.marqly.com/ja/bookmark-manager-for-firefox,"Firefox用AIブックマークマネージャー・タグ付け | Marqly","MarqlyのFirefoxアドオンは1クリックでページを保存し、AIが自動でタグと要約を付与。Firefox Add-ons（AMO）から導入して意味検索を体験してください。",published,102,93,pending-export,pending-export,pending-export,pending-export,pending-export,pending-export,pending-export,pending-export,pending-export,pending-export,lang:ja,2026-09-23,keep
/ja/bookmark-manager-for-iphone,use-case-lander,usecases,ja,index,https://www.marqly.com/ja/bookmark-manager-for-iphone,"iPhone用AIブックマークマネージャー・iOSアプリ | Marqly","MarqlyのiOSアプリはブックマークライブラリ全体をiPhoneへ持ち歩けます。AIタグ、要約、意味検索を手のひらに。App Storeで無料ダウンロード。",published,102,93,pending-export,pending-export,pending-export,pending-export,pending-export,pending-export,pending-export,pending-export,pending-export,pending-export,lang:ja,2026-09-23,keep
/ja/bookmark-manager-for-safari,use-case-lander,usecases,ja,index,https://www.marqly.com/ja/bookmark-manager-for-safari,"Safari・iOS用AIブックマークマネージャー | Marqly","SafariのブックマークはApple製品内に閉じがちです。MarqlyはSafari拡張機能、iOSアプリ、そしてWindows/Chrome/Edge/Firefoxとの完全同期を提供します。",published,102,93,pending-export,pending-export,pending-export,pending-export,pending-export,pending-export,pending-export,pending-export,pending-export,pending-export,lang:ja,2026-09-23,keep
/ja/bookmark-organizer,use-case-lander,usecases,ja,index,https://www.marqly.com/ja/bookmark-organizer,"ブックマーク整理ツール — AI自動タグ付け＆意味検索 | Marqly","Marqlyは保存したWebページをAIが自動タグ付け。タイトルを忘れても内容の意味から検索可能。ブラウザの散らかったフォルダをインポートして手動整理から解放。",published,102,93,pending-export,pending-export,pending-export,pending-export,pending-export,pending-export,pending-export,pending-export,pending-export,pending-export,lang:ja,2026-09-23,keep
/ja/bookmark-sync,use-case-lander,usecases,ja,index,https://www.marqly.com/ja/bookmark-sync,"ブラウザ横断ブックマーク同期 — Chrome, Edge, Safari, Firefox, iOS | Marqly","標準同期機能は1つのブラウザに縛られます。MarqlyはChrome、Edge、Firefox、Safari、Webアプリ、iOS間で無料アカウント1つで完全同期。",published,102,93,pending-export,pending-export,pending-export,pending-export,pending-export,pending-export,pending-export,pending-export,pending-export,pending-export,lang:ja,2026-09-23,keep
/ja/clipboard-history,use-case-lander,usecases,ja,index,https://www.marqly.com/ja/clipboard-history,"Chrome・Edge対応 クリップボード履歴拡張機能・検索＆ピン留め | Marqly","Marqlyのクリップボード履歴は、Web上でコピーしたテキストスニペットをすべて保持。検索、タグ付け、ピン留め可能。ChromeおよびEdge拡張機能に対応。",published,102,93,pending-export,pending-export,pending-export,pending-export,pending-export,pending-export,pending-export,pending-export,pending-export,pending-export,lang:ja,2026-09-23,keep
/ja/content-curation,use-case-lander,usecases,ja,index,https://www.marqly.com/ja/content-curation,"コンテンツキュレーションツール — 登録不要で共有できるWebボード | Marqly","良質なWeb記事や引用ハイライトをテーマ別ボードに整理し、読者やクライアントへ登録不要の公開Webページとしてシェア。摩擦ゼロのキュレーションを実現。",published,102,93,pending-export,pending-export,pending-export,pending-export,pending-export,pending-export,pending-export,pending-export,pending-export,pending-export,lang:ja,2026-09-23,keep
/ja/for-academics,use-case-lander,usecases,ja,index,https://www.marqly.com/ja/for-academics,"研究者・大学教員向け 論文講読・研究文献整理ツール | Marqly","学術論文、講義資料、科研費・助成金リサーチを一元管理。6色のWebハイライト、AI要約による論文トリアージ、動画講義の文字起こし検索に対応。",published,102,93,pending-export,pending-export,pending-export,pending-export,pending-export,pending-export,pending-export,pending-export,pending-export,pending-export,lang:ja,2026-09-23,keep
/ja/for-consultants,use-case-lander,usecases,ja,index,https://www.marqly.com/ja/for-consultants,"コンサルタント向けクライアント案件リサーチ管理 | Marqly","案件ごとのボード管理、業界レポートのAI要約、登録不要でクライアントに共有できるWebボードを完備。ミーティング中の即座な情報抽出を実現。",published,102,93,pending-export,pending-export,pending-export,pending-export,pending-export,pending-export,pending-export,pending-export,pending-export,pending-export,lang:ja,2026-09-23,keep
/ja/for-content-creators,use-case-lander,usecases,ja,index,https://www.marqly.com/ja/for-content-creators,"クリエイター向けAIブックマーク・スワイプファイル管理 | Marqly","SNSの投稿、YouTube動画、LPのデザイン、記事の着想をワンクリック保存。AIによる自動要約とタグ付けで、制作時に必要なインスピレーションを即座に再発見。",published,102,93,pending-export,pending-export,pending-export,pending-export,pending-export,pending-export,pending-export,pending-export,pending-export,pending-export,lang:ja,2026-09-23,keep
/ja/for-designers,use-case-lander,usecases,ja,index,https://www.marqly.com/ja/for-designers,"デザイナー向けAIブックマーク＆ムードボード整理 | Marqly","Webデザインの参考サイトや記事をボードに整理し、PDFで見た目通り完全保存。AI自動タグと感覚的な自然言語検索でアイデアを再発見。",published,102,93,pending-export,pending-export,pending-export,pending-export,pending-export,pending-export,pending-export,pending-export,pending-export,pending-export,lang:ja,2026-09-23,keep
/ja/for-developers,use-case-lander,usecases,ja,index,https://www.marqly.com/ja/for-developers,"エンジニア・開発者向けAIブックマーク管理 | Marqly","GitHub Issues、Stack Overflowの回答、技術ドキュメント、カンファレンス動画をワンクリック保存。フォルダ分類不要で、記憶した問題の文脈からAI検索。",published,102,93,pending-export,pending-export,pending-export,pending-export,pending-export,pending-export,pending-export,pending-export,pending-export,pending-export,lang:ja,2026-09-23,keep
/ja/for-founders,use-case-lander,usecases,ja,index,https://www.marqly.com/ja/for-founders,"創業者のための競合インテリジェンス＆リサーチ管理ツール | Marqly","競合の料金改定をPDFスナップショットで記録し、市場調査や創業者インタビューをAIで要約・検索。スプレッドシート不要の市場調査基盤。",published,102,93,pending-export,pending-export,pending-export,pending-export,pending-export,pending-export,pending-export,pending-export,pending-export,pending-export,lang:ja,2026-09-23,keep
/ja/for-journalists,use-case-lander,usecases,ja,index,https://www.marqly.com/ja/for-journalists,"記者・ジャーナリスト向けAI調査資料・ソース管理 | Marqly","公式発表、統計データ、記者会見動画、取材ソースを改ざん・削除される前に完全アーカイブ。AIハイライトとセマンティック検索で、執筆時に確実な裏付けを再発見。",published,102,93,pending-export,pending-export,pending-export,pending-export,pending-export,pending-export,pending-export,pending-export,pending-export,pending-export,lang:ja,2026-09-23,keep
/ja/for-lawyers,use-case-lander,usecases,ja,index,https://www.marqly.com/ja/for-lawyers,"弁護士・法務向け 法令・判例・解説記事リサーチ管理 | Marqly","ガイドライン、法改正情報、法律ブログの論点整理に。重要条文を6色ハイライト、WebページをローカルPDF保存、意味で探せるセマンティック検索を搭載。",published,102,93,pending-export,pending-export,pending-export,pending-export,pending-export,pending-export,pending-export,pending-export,pending-export,pending-export,lang:ja,2026-09-23,keep
/ja/for-marketers,use-case-lander,usecases,ja,index,https://www.marqly.com/ja/for-marketers,"マーケター向けAI競合調査・LPリサーチ管理 | Marqly","競合のLP、価格変更、広告クリエイティブ、海外事例をワンクリック保存。AI自動タグ付けと完全PDFアーカイブで、サイトが改修されても失われない確かな証拠を蓄積。",published,102,93,pending-export,pending-export,pending-export,pending-export,pending-export,pending-export,pending-export,pending-export,pending-export,pending-export,lang:ja,2026-09-23,keep
/ja/for-phd-students,use-case-lander,usecases,ja,index,https://www.marqly.com/ja/for-phd-students,"博士課程・大学院生向け 文献レビュー＆論文執筆支援ツール | Marqly","博士論文の先行研究レビューを1つのライブラリに集約。論文保存、保存論文とのAIチャット、6色ハイライト、うろ覚えの仮説・知見からの意味検索に対応。",published,102,93,pending-export,pending-export,pending-export,pending-export,pending-export,pending-export,pending-export,pending-export,pending-export,pending-export,lang:ja,2026-09-23,keep
/ja/for-product-managers,use-case-lander,usecases,ja,index,https://www.marqly.com/ja/for-product-managers,"プロダクトマネージャー向け競合調査・仕様書リサーチ管理 | Marqly","競合サービスの機能分析、ユーザーリサーチ、PRDの論拠となるWeb記事をAIで自動タグ付け。意味で検索し、仕様書作成を迅速化。",published,102,93,pending-export,pending-export,pending-export,pending-export,pending-export,pending-export,pending-export,pending-export,pending-export,pending-export,lang:ja,2026-09-23,keep
/ja/for-real-estate,use-case-lander,usecases,ja,index,https://www.marqly.com/ja/for-real-estate,"不動産営業向け 物件情報・相場レポート・顧客別提案管理 | Marqly","ポータルサイトの物件、成約相場レポート、学区・街情報を顧客ごとに整理。成約後に消える物件ページもローカルPDF保存で永久アーカイブ。",published,102,93,pending-export,pending-export,pending-export,pending-export,pending-export,pending-export,pending-export,pending-export,pending-export,pending-export,lang:ja,2026-09-23,keep
/ja/for-recruiters,use-case-lander,usecases,ja,index,https://www.marqly.com/ja/for-recruiters,"採用担当者向け 候補者ソーシング・人材リサーチ整理 | Marqly","候補者プロフィール、給与相場調査、職種ベンチマークを1クリック保存。AI自動タグ付けと意味検索で、記憶した特徴から候補者を即座に再発掘。",published,102,93,pending-export,pending-export,pending-export,pending-export,pending-export,pending-export,pending-export,pending-export,pending-export,pending-export,lang:ja,2026-09-23,keep
/ja/for-researchers,use-case-lander,usecases,ja,index,https://www.marqly.com/ja/for-researchers,"研究者向けリサーチ・文献情報管理ツール | Marqly","学術論文、技術レポート、プレプリント、解説動画を一括収集。AIが自動要約とタグ付けを行い、うろ覚えの仮説や概念から原典を瞬時に特定。",published,102,93,pending-export,pending-export,pending-export,pending-export,pending-export,pending-export,pending-export,pending-export,pending-export,pending-export,lang:ja,2026-09-23,keep
/ja/for-sales,use-case-lander,usecases,ja,index,https://www.marqly.com/ja/for-sales,"営業・セールス向けアカウントインテリジェンス整理ツール | Marqly","見込み顧客の資金調達ニュース、役員インタビュー、競合料金比較をワンクリック保存。アカウント別ボードとAI自動タグで商談準備を効率化。",published,102,93,pending-export,pending-export,pending-export,pending-export,pending-export,pending-export,pending-export,pending-export,pending-export,pending-export,lang:ja,2026-09-23,keep
/ja/for-students,use-case-lander,usecases,ja,index,https://www.marqly.com/ja/for-students,"学生向けリサーチ整理＆ブックマークツール | Marqly","レポートや論文の先行研究、Web文献、講義動画をワンクリックで収集・要約・ハイライト。学割初年度48ドル。手動整理なしで引用元を瞬時に検索。",published,102,93,pending-export,pending-export,pending-export,pending-export,pending-export,pending-export,pending-export,pending-export,pending-export,pending-export,lang:ja,2026-09-23,keep
/ja/for-teachers,use-case-lander,usecases,ja,index,https://www.marqly.com/ja/for-teachers,"教員・講師向けAI授業準備・教材リサーチ管理 | Marqly","指導案、解説記事、YouTube教育動画、ニュース資料をワンクリック保存。AIが自動分類し、生徒や受講生にアカウント不要の公開リンクで教材リストを配布可能。",published,102,93,pending-export,pending-export,pending-export,pending-export,pending-export,pending-export,pending-export,pending-export,pending-export,pending-export,lang:ja,2026-09-23,keep
/ja/for-ux-researchers,use-case-lander,usecases,ja,index,https://www.marqly.com/ja/for-ux-researchers,"UXリサーチャー向け調査知見ストック＆ハイライト共有ツール | Marqly","デスクリサーチや学術論文をスマートに蓄積。Webページ上に残る6色蛍光ペン、アカウント登録不要の共有ボード、AIセマンティック検索を完備。",published,102,93,pending-export,pending-export,pending-export,pending-export,pending-export,pending-export,pending-export,pending-export,pending-export,pending-export,lang:ja,2026-09-23,keep
/ja/for-writers,use-case-lander,usecases,ja,index,https://www.marqly.com/ja/for-writers,"ライター・執筆者向けAIリサーチ・引用文献管理 | Marqly","記事、書籍、エッセイの執筆に必要な文献・Web資料をワンクリック保存。AI自動要約とハイライトで、タイトルの思い出せない引用も頭の中のイメージから秒速で呼び出す。",published,102,93,pending-export,pending-export,pending-export,pending-export,pending-export,pending-export,pending-export,pending-export,pending-export,pending-export,lang:ja,2026-09-23,keep
/ja/job-search-organizer,use-case-lander,usecases,ja,index,https://www.marqly.com/ja/job-search-organizer,"転職・求人情報オーガナイザー — 求人票保存と面接準備メモ | Marqly","掲載終了で消える求人票をPDF保存。企業リサーチや面接対策をWebハイライトで蓄積し、面接前夜に記憶した特徴から即座に引き出せるツール。",published,102,93,pending-export,pending-export,pending-export,pending-export,pending-export,pending-export,pending-export,pending-export,pending-export,pending-export,lang:ja,2026-09-23,keep
/ja/new-tab-dashboard,use-case-lander,usecases,ja,index,https://www.marqly.com/ja/new-tab-dashboard,"Chrome新規タブ拡張機能：カスタムダッシュボード | Marqly","空白の新規タブをMarqly Homeに変えましょう。ライブラリのAI検索、クイックリンクの整理、付箋メモ、ToDo、天気を一画面に集約。Chrome、Edge、Firefox対応。",published,102,93,pending-export,pending-export,pending-export,pending-export,pending-export,pending-export,pending-export,pending-export,pending-export,pending-export,lang:ja,2026-09-23,keep
/ja/read-it-later,use-case-lander,usecases,ja,index,https://www.marqly.com/ja/read-it-later,"AI要約付き「あとで読む」アプリ | Marqly","記事をワンクリックで保存し、AI要約で10秒選別。積読リストがプレッシャーになるのを防ぎ、覚えている内容で目的の記事を瞬時に再検索。",published,102,93,pending-export,pending-export,pending-export,pending-export,pending-export,pending-export,pending-export,pending-export,pending-export,pending-export,lang:ja,2026-09-23,keep
/ja/reading-list,use-case-lander,usecases,ja,index,https://www.marqly.com/ja/reading-list,"溜まり続ける『あとで読む』を解消するAIリーディングリスト | Marqly","読まないまま溜まる記事を『消化すべきタスク』から『いつでも検索できる自分だけの書斎』へ。AI要約とセマンティック検索で未読の山を知識資産に変える。",published,102,93,pending-export,pending-export,pending-export,pending-export,pending-export,pending-export,pending-export,pending-export,pending-export,pending-export,lang:ja,2026-09-23,keep
/ja/recipe-organizer,use-case-lander,usecases,ja,index,https://www.marqly.com/ja/recipe-organizer,"レシピ保存・整理のためのAIブックマーク管理 | Marqly","料理ブログ、Instagramの保存、YouTubeの料理動画、スクショを1箇所に集約。材料やうろ覚えの料理名からAI検索でサッと作れるデジタルレシピ帳。",published,102,93,pending-export,pending-export,pending-export,pending-export,pending-export,pending-export,pending-export,pending-export,pending-export,pending-export,lang:ja,2026-09-23,keep
/ja/research-organizer,use-case-lander,usecases,ja,index,https://www.marqly.com/ja/research-organizer,"リサーチ・文献調査のためのAIナレッジ整理 | Marqly","学術論文、業界レポート、競合分析、専門動画をワンクリック保存。プロジェクト別ボードとAIセマンティック検索で、必要な根拠文献を瞬時に再発見。",published,102,93,pending-export,pending-export,pending-export,pending-export,pending-export,pending-export,pending-export,pending-export,pending-export,pending-export,lang:ja,2026-09-23,keep
/ja/save-page-as-pdf,use-case-lander,usecases,ja,index,https://www.marqly.com/ja/save-page-as-pdf,"WebページPDF保存拡張機能 — レイアウトそのまま・ローカル生成 | Marqly","Marqly拡張機能は、Webページを画面表示そのままのレイアウトで美しいPDFとして保存。遅延読み込み画像も漏れなく取り込み、ブラウザ内でローカル処理。",published,102,93,pending-export,pending-export,pending-export,pending-export,pending-export,pending-export,pending-export,pending-export,pending-export,pending-export,lang:ja,2026-09-23,keep
/ja/second-brain,use-case-lander,usecases,ja,index,https://www.marqly.com/ja/second-brain,"メンテナンス不要のAIセカンドブレイン | Marqly","多くのセカンドブレインが挫折する原因は毎日の整理です。MarqlyはAIが自動タグ付け・要約を行い、意味で検索できるため、整理の手間なく機能します。",published,102,93,pending-export,pending-export,pending-export,pending-export,pending-export,pending-export,pending-export,pending-export,pending-export,pending-export,lang:ja,2026-09-23,keep
/ja/swipe-file,use-case-lander,usecases,ja,index,https://www.marqly.com/ja/swipe-file,"スワイプファイルアプリ — LP・広告・コピーの保存＆意味検索 | Marqly","見かけたLPや広告コピーを即座にストック。心に刺さったフレーズを6色ハイライトし、記憶した訴求軸や表現の意図からセマンティック検索で一発抽出。",published,102,93,pending-export,pending-export,pending-export,pending-export,pending-export,pending-export,pending-export,pending-export,pending-export,pending-export,lang:ja,2026-09-23,keep
/ja/tab-manager,use-case-lander,usecases,ja,index,https://www.marqly.com/ja/tab-manager,"Chromeタブ一括保存＆セッション管理拡張機能 | Marqly","ブラウザのタブが多すぎて重い？開いているすべてのタブをワンクリックでセッション保存し、ウィンドウを閉じてメモリを解放。後からいつでも復元できます。",published,102,93,pending-export,pending-export,pending-export,pending-export,pending-export,pending-export,pending-export,pending-export,pending-export,pending-export,lang:ja,2026-09-23,keep
/ja/travel-planning,use-case-lander,usecases,ja,index,https://www.marqly.com/ja/travel-planning,"旅行計画・旅のしおり作りのためのAIブックマーク管理 | Marqly","航空券の比較、ホテルの候補、旅行Vlog、モデルコースの記事を1クリック保存。旅の仲間とリンクひとつで共有できるスマートな旅行計画ボード。",published,102,93,pending-export,pending-export,pending-export,pending-export,pending-export,pending-export,pending-export,pending-export,pending-export,pending-export,lang:ja,2026-09-23,keep
/ja/watch-later,use-case-lander,usecases,ja,index,https://www.marqly.com/ja/watch-later,"YouTube動画を要約付きで保存・再検索 | Marqly","「後で見る」は動画の墓場になりがちです。MarqlyはAI要約と全文文字起こしを自動保存し、動画内で話された言葉から瞬時に再検索できます。",published,102,93,pending-export,pending-export,pending-export,pending-export,pending-export,pending-export,pending-export,pending-export,pending-export,pending-export,lang:ja,2026-09-23,keep
/ja/web-highlighter,use-case-lander,usecases,ja,index,https://www.marqly.com/ja/web-highlighter,"Webページにマーカーを引く拡張機能 | Marqly","Webページ上の重要なテキストに6色でハイライトを引き、メモを追加。再訪問時にもマーカーがそのまま残り、ライブラリから全文検索できます。",published,102,93,pending-export,pending-export,pending-export,pending-export,pending-export,pending-export,pending-export,pending-export,pending-export,pending-export,lang:ja,2026-09-23,keep
/ja/youtube-summarizer,use-case-lander,usecases,ja,index,https://www.marqly.com/ja/youtube-summarizer,"YouTube動画要約AI：視聴ページで要約と文字起こし | Marqly","MarqlyはYouTubeの動画ページにAIカードを直接表示。ストリーミング要約、重要チャプター、言及された書籍、同期テキスト、動画とのチャットを提供します。",published,102,93,pending-export,pending-export,pending-export,pending-export,pending-export,pending-export,pending-export,pending-export,pending-export,pending-export,lang:ja,2026-09-23,keep
/job-search-organizer,use-case-lander,usecases,en,index,https://www.marqly.com/job-search-organizer,"Job Search Organizer — Save Postings &amp; Notes | Marqly","Save job postings before they vanish, keep company research and prep notes as highlights, and find it all by describing it. One searchable place in Marqly.",published,763,181,pending-export,pending-export,pending-export,pending-export,pending-export,pending-export,pending-export,pending-export,pending-export,pending-export,,2026-09-23,keep
/ko/bookmark-manager-for-chrome,use-case-lander,usecases,ko,index,https://www.marqly.com/ko/bookmark-manager-for-chrome,"Chrome용 AI 북마크 관리자: 사이드패널 &amp; 시맨틱 검색 | Marqly","Chrome 기본 북마크는 폴더와 제목 검색에 그칩니다. Marqly는 사이드 패널에서 AI 자동 태깅, 요약, 시맨틱 검색을 제공합니다. Chrome 웹 스토어에서 무료 설치.",published,102,93,pending-export,pending-export,pending-export,pending-export,pending-export,pending-export,pending-export,pending-export,pending-export,pending-export,lang:ko,2026-09-23,keep
/ko/bookmark-manager-for-edge,use-case-lander,usecases,ko,index,https://www.marqly.com/ko/bookmark-manager-for-edge,"Edge용 AI 북마크 관리자: 사이드바 &amp; 시맨틱 검색 | Marqly","Edge 즐겨찾기의 한계를 넘어섭니다. Microsoft Edge Add-ons의 Marqly 확장 기능은 AI 자동 태깅, 요약, 사이드패널 시맨틱 검색을 제공합니다.",published,102,93,pending-export,pending-export,pending-export,pending-export,pending-export,pending-export,pending-export,pending-export,pending-export,pending-export,lang:ko,2026-09-23,keep
/ko/bookmark-manager-for-firefox,use-case-lander,usecases,ko,index,https://www.marqly.com/ko/bookmark-manager-for-firefox,"Firefox용 AI 북마크 관리자: 자동 태그 &amp; 시맨틱 검색 | Marqly","Marqly의 Firefox 부가기능은 1클릭 저장, AI 자동 태깅, 요약 및 의미 기반 검색을 지원합니다. Firefox Add-ons(AMO)에서 무료로 설치하세요.",published,102,93,pending-export,pending-export,pending-export,pending-export,pending-export,pending-export,pending-export,pending-export,pending-export,pending-export,lang:ko,2026-09-23,keep
/ko/bookmark-manager-for-iphone,use-case-lander,usecases,ko,index,https://www.marqly.com/ko/bookmark-manager-for-iphone,"iPhone용 AI 북마크 관리자 앱: 시맨틱 검색 | Marqly","Marqly iOS 앱으로 모든 북마크 라이브러리를 iPhone에 담으세요. AI 자동 태그, 요약, 시맨틱 검색을 언제 어디서나 확인하세요. App Store 무료 다운로드.",published,102,93,pending-export,pending-export,pending-export,pending-export,pending-export,pending-export,pending-export,pending-export,pending-export,pending-export,lang:ko,2026-09-23,keep
/ko/bookmark-manager-for-safari,use-case-lander,usecases,ko,index,https://www.marqly.com/ko/bookmark-manager-for-safari,"Safari &amp; iOS용 AI 북마크 관리자 | Marqly","Safari 북마크는 Apple 생태계에 갇히기 쉽습니다. Marqly는 Safari 확장 프로그램, iOS 앱, Chrome, Edge, Firefox와의 완벽한 클라우드 동기화를 제공합니다.",published,102,93,pending-export,pending-export,pending-export,pending-export,pending-export,pending-export,pending-export,pending-export,pending-export,pending-export,lang:ko,2026-09-23,keep
/ko/bookmark-organizer,use-case-lander,usecases,ko,index,https://www.marqly.com/ko/bookmark-organizer,"AI 북마크 오거나이저 — 자동 태깅 및 의미 기반 검색 | Marqly","Marqly는 저장된 모든 북마크에 AI가 자동으로 태그를 부여하고 기억나는 의미로 링크를 찾아줍니다. 복잡한 브라우저 북마크를 가져와 손쉬운 정리를 경험하세요.",published,102,93,pending-export,pending-export,pending-export,pending-export,pending-export,pending-export,pending-export,pending-export,pending-export,pending-export,lang:ko,2026-09-23,keep
/ko/bookmark-sync,use-case-lander,usecases,ko,index,https://www.marqly.com/ko/bookmark-sync,"브라우저 간 북마크 동기화 — Chrome, Edge, Safari, Firefox, iOS | Marqly","브라우저 기본 동기화는 특정 생태계에 갇힙니다. Marqly는 단 하나의 무료 계정으로 Chrome, Edge, Firefox, Safari, 웹, iOS 간 북마크를 완벽 동기화합니다.",published,102,93,pending-export,pending-export,pending-export,pending-export,pending-export,pending-export,pending-export,pending-export,pending-export,pending-export,lang:ko,2026-09-23,keep
/ko/clipboard-history,use-case-lander,usecases,ko,index,https://www.marqly.com/ko/clipboard-history,"Chrome·Edge 클립보드 히스토리 확장 프로그램 — 검색 및 고정 | Marqly","Marqly 클립보드 히스토리는 웹에서 복사한 모든 텍스트 조각을 보관합니다: 텍스트 검색, 태그 분류, 상단 핀 고정 지원. Chrome 및 Edge 전용.",published,102,93,pending-export,pending-export,pending-export,pending-export,pending-export,pending-export,pending-export,pending-export,pending-export,pending-export,lang:ko,2026-09-23,keep
/ko/content-curation,use-case-lander,usecases,ko,index,https://www.marqly.com/ko/content-curation,"콘텐츠 큐레이션 도구 — 가입 없이 공유하는 공개 보드 | Marqly","양질의 링크와 하이라이트 문장을 주제별 보드에 모아 회원가입 필요 없는 공개 웹페이지로 발행하세요. 마찰 없는 디지털 큐레이션.",published,102,93,pending-export,pending-export,pending-export,pending-export,pending-export,pending-export,pending-export,pending-export,pending-export,pending-export,lang:ko,2026-09-23,keep
/ko/for-academics,use-case-lander,usecases,ko,index,https://www.marqly.com/ko/for-academics,"교수·연구자 학술 논문 읽기 및 연구 문헌 관리 | Marqly","연구 논문, 강의 자료, 연구 과제 문헌을 한 라이브러리에 보관하세요. 6가지 색상 웹 형광펜, AI 논문 요약 트리아지, 유튜브 강연 자막 검색까지 지원.",published,102,93,pending-export,pending-export,pending-export,pending-export,pending-export,pending-export,pending-export,pending-export,pending-export,pending-export,lang:ko,2026-09-23,keep
/ko/for-consultants,use-case-lander,usecases,ko,index,https://www.marqly.com/ko/for-consultants,"컨설턴트를 위한 프로젝트 리서치 &amp; 고객사 인텔리전스 | Marqly","고객사별 전용 보드, 업계 리포트를 빠르게 훑는 AI 요약, 고객이 가입 없이 브라우저에서 바로 열 수 있는 공개 공유 링크를 제공합니다.",published,102,93,pending-export,pending-export,pending-export,pending-export,pending-export,pending-export,pending-export,pending-export,pending-export,pending-export,lang:ko,2026-09-23,keep
/ko/for-content-creators,use-case-lander,usecases,ko,index,https://www.marqly.com/ko/for-content-creators,"크리에이터 전용 AI 북마크 및 아이디어 보관함 | Marqly","소셜 미디어 바이럴 게시물, 영상 소재, 랜딩페이지 카피, 디자인 레퍼런스를 원클릭 저장. AI 자동 요약과 스마트 태그로 제작 시점에 완벽하게 재발견.",published,102,93,pending-export,pending-export,pending-export,pending-export,pending-export,pending-export,pending-export,pending-export,pending-export,pending-export,lang:ko,2026-09-23,keep
/ko/for-designers,use-case-lander,usecases,ko,index,https://www.marqly.com/ko/for-designers,"디자이너를 위한 AI 북마크 &amp; 무드보드 정리 솔루션 | Marqly","디자인 레퍼런스를 보드별로 수집하고, 웹페이지를 고해상도 PDF로 완벽 보존하며, 공개 공유하세요. AI가 자동으로 태그를 분류합니다.",published,102,93,pending-export,pending-export,pending-export,pending-export,pending-export,pending-export,pending-export,pending-export,pending-export,pending-export,lang:ko,2026-09-23,keep
/ko/for-developers,use-case-lander,usecases,ko,index,https://www.marqly.com/ko/for-developers,"개발자 및 엔지니어를 위한 AI 북마크 관리 | Marqly","GitHub Issue, Stack Overflow 답변, 공식 기술 문서 및 컨퍼런스 영상을 원클릭 저장. 폴더 정리 없이 기억하고 있는 문제의 맥락만으로 AI 시맨틱 검색.",published,102,93,pending-export,pending-export,pending-export,pending-export,pending-export,pending-export,pending-export,pending-export,pending-export,pending-export,lang:ko,2026-09-23,keep
/ko/for-founders,use-case-lander,usecases,ko,index,https://www.marqly.com/ko/for-founders,"창업자를 위한 경쟁사 분석 &amp; 시장 리서치 관리 솔루션 | Marqly","창업자들은 Marqly를 통해 경쟁사 요금 페이지를 PDF로 스냅샷 저장하고, 몇 달 치의 시장 조사 자료를 AI 시맨틱 검색으로 즉시 활용합니다.",published,102,93,pending-export,pending-export,pending-export,pending-export,pending-export,pending-export,pending-export,pending-export,pending-export,pending-export,lang:ko,2026-09-23,keep
/ko/for-journalists,use-case-lander,usecases,ko,index,https://www.marqly.com/ko/for-journalists,"기자·에디터 전용 AI 취재원 증거 보존 및 기사 리서치 | Marqly","공식 발표, 통계 자료, 인터뷰 영상, 웹 기사가 소리 없이 수정되거나 삭제되기 전에 완벽 아카이빙. AI 웹 하이라이트와 시맨틱 검색으로 보도 자료의 팩트를 1초 만에 확인.",published,102,93,pending-export,pending-export,pending-export,pending-export,pending-export,pending-export,pending-export,pending-export,pending-export,pending-export,lang:ko,2026-09-23,keep
/ko/for-lawyers,use-case-lander,usecases,ko,index,https://www.marqly.com/ko/for-lawyers,"변호사·법무팀 법률 리서치 및 판례 해설 정리 | Marqly","법령, 행정규칙, 법률 칼럼을 효율적으로 정리하세요. 6가지 색상 하이라이트, 로컬 브라우저 PDF 캡처, 법리 의미 기반 시맨틱 검색 지원.",published,102,93,pending-export,pending-export,pending-export,pending-export,pending-export,pending-export,pending-export,pending-export,pending-export,pending-export,lang:ko,2026-09-23,keep
/ko/for-marketers,use-case-lander,usecases,ko,index,https://www.marqly.com/ko/for-marketers,"마케터 전용 AI 경쟁사 분석 및 광고 레퍼런스 보관함 | Marqly","경쟁사 랜딩페이지, 프로모션 카피, 가격 정책 변경, 해외 캠페인을 원클릭 저장. AI 자동 요약과 원본 레이아웃 PDF 보존으로 페이지가 리뉴얼되어도 증거를 영구 유지.",published,102,93,pending-export,pending-export,pending-export,pending-export,pending-export,pending-export,pending-export,pending-export,pending-export,pending-export,lang:ko,2026-09-23,keep
/ko/for-phd-students,use-case-lander,usecases,ko,index,https://www.marqly.com/ko/for-phd-students,"박사과정 선행연구 문헌 리뷰 도구 — 논문 저장, AI 대화, 검색 | Marqly","단 하나의 라이브러리에서 학위논문 문헌 조사를 완성하세요: 논문 저장, 저장 자료와의 AI 대화, 6색 형광펜, 가설 의미 기반 시맨틱 검색 지원.",published,102,93,pending-export,pending-export,pending-export,pending-export,pending-export,pending-export,pending-export,pending-export,pending-export,pending-export,lang:ko,2026-09-23,keep
/ko/for-product-managers,use-case-lander,usecases,ko,index,https://www.marqly.com/ko/for-product-managers,"프로덕트 매니저를 위한 경쟁사 분석 &amp; 기획 레퍼런스 관리 솔루션 | Marqly","경쟁사 기능 분석, 유저 리서치 자료, PRD 작성 근거를 AI로 자동 태깅하고 보관하세요. 의미 기반 검색으로 필요한 순간 바로 소환합니다.",published,102,93,pending-export,pending-export,pending-export,pending-export,pending-export,pending-export,pending-export,pending-export,pending-export,pending-export,lang:ko,2026-09-23,keep
/ko/for-real-estate,use-case-lander,usecases,ko,index,https://www.marqly.com/ko/for-real-estate,"부동산 중개 매물 리서치 및 고객별 추천 매물 정리 | Marqly","부동산 포털 매물, 시세 보고서, 입지 분석 기사를 고객별로 정리하세요. 매물 거래 완료 후 삭제되어도 로컬 PDF 저장으로 거래 사례를 영구 보존.",published,102,93,pending-export,pending-export,pending-export,pending-export,pending-export,pending-export,pending-export,pending-export,pending-export,pending-export,lang:ko,2026-09-23,keep
/ko/for-recruiters,use-case-lander,usecases,ko,index,https://www.marqly.com/ko/for-recruiters,"리크루터·인사팀 인재 소싱 및 연봉 벤치마크 정리 | Marqly","후보자 프로필, 연봉 보고서, 채용 벤치마크를 1클릭으로 저장하세요. AI 자동 태깅과 의미 기반 검색으로 기억나는 경력 정보만으로 인재를 즉시 찾습니다.",published,102,93,pending-export,pending-export,pending-export,pending-export,pending-export,pending-export,pending-export,pending-export,pending-export,pending-export,lang:ko,2026-09-23,keep
/ko/for-researchers,use-case-lander,usecases,ko,index,https://www.marqly.com/ko/for-researchers,"연구자 및 연구원을 위한 AI 문헌 관리 도구 | Marqly","학술 논문, 분석 보고서, 프리프린트, 세미나 영상을 한곳에 수집. AI가 핵심 가설을 요약하고 태깅하여 논문 제목을 몰라도 기억하는 개념으로 원문을 찾아냅니다.",published,102,93,pending-export,pending-export,pending-export,pending-export,pending-export,pending-export,pending-export,pending-export,pending-export,pending-export,lang:ko,2026-09-23,keep
/ko/for-sales,use-case-lander,usecases,ko,index,https://www.marqly.com/ko/for-sales,"세일즈 담당자를 위한 타깃 고객사 인텔리전스 아카이브 | Marqly","타깃 기업의 투자 유치 소식, 인터뷰, 경쟁사 비교 자료를 체계적으로 관리하세요. AI 자동 태깅과 고객사별 보드로 영업 준비를 단축합니다.",published,102,93,pending-export,pending-export,pending-export,pending-export,pending-export,pending-export,pending-export,pending-export,pending-export,pending-export,lang:ko,2026-09-23,keep
/ko/for-students,use-case-lander,usecases,ko,index,https://www.marqly.com/ko/for-students,"대학생 과제 및 논문 연구 리서치 정리 도구 | Marqly","웹 자료, 논문 기사, 강의 영상을 원클릭으로 수집하고 형광펜을 칠하세요. 학생 첫해 48달러 할인. 마감 직전 자료를 다시 검색하는 시간 낭비를 없앱니다.",published,102,93,pending-export,pending-export,pending-export,pending-export,pending-export,pending-export,pending-export,pending-export,pending-export,pending-export,lang:ko,2026-09-23,keep
/ko/for-teachers,use-case-lander,usecases,ko,index,https://www.marqly.com/ko/for-teachers,"교사·강사 전용 AI 수업 준비 및 교육 자료 보관함 | Marqly","지도안, 교육 다큐멘터리, 뉴스 기사, 시각 자료를 원클릭 저장. AI가 자동 분류하고 학생들에게 별도 가입 없는 공개 링크로 읽기 자료를 즉시 배포하세요.",published,102,93,pending-export,pending-export,pending-export,pending-export,pending-export,pending-export,pending-export,pending-export,pending-export,pending-export,lang:ko,2026-09-23,keep
/ko/for-ux-researchers,use-case-lander,usecases,ko,index,https://www.marqly.com/ko/for-ux-researchers,"UX 리서처를 위한 가벼운 연구 리포지토리 &amp; 웹 형광펜 | Marqly","가볍고 빠른 UX 연구 리포지토리: 리서치 논문과 아티클을 수집하고, 6가지 색상의 웹 형광펜으로 인사이트를 추출하며, 계정 없는 팀원에게도 보드로 공유하세요.",published,102,93,pending-export,pending-export,pending-export,pending-export,pending-export,pending-export,pending-export,pending-export,pending-export,pending-export,lang:ko,2026-09-23,keep
/ko/for-writers,use-case-lander,usecases,ko,index,https://www.marqly.com/ko/for-writers,"작가·저술가 전용 AI 리서치 및 인용 자료 보관함 | Marqly","칼럼, 도서, 학술 에세이 집필에 필요한 웹 자료를 원클릭 저장. AI 자동 요약과 문맥 검색으로 제목이 가물가물한 인용구도 머릿속 생각만으로 1초 만에 재발견.",published,102,93,pending-export,pending-export,pending-export,pending-export,pending-export,pending-export,pending-export,pending-export,pending-export,pending-export,lang:ko,2026-09-23,keep
/ko/job-search-organizer,use-case-lander,usecases,ko,index,https://www.marqly.com/ko/job-search-organizer,"이직·취업 준비 정리 도구 — 채용 공고 저장 및 기업 분석 메모 | Marqly","마감 후 삭제되는 채용 공고를 원본 그대로 PDF 저장하세요. 기업 테크 블로그와 연봉 정보를 웹 형광펜으로 정리하고 면접 전날 즉시 찾아냅니다.",published,102,93,pending-export,pending-export,pending-export,pending-export,pending-export,pending-export,pending-export,pending-export,pending-export,pending-export,lang:ko,2026-09-23,keep
/ko/new-tab-dashboard,use-case-lander,usecases,ko,index,https://www.marqly.com/ko/new-tab-dashboard,"Chrome 새 탭 확장 프로그램: 맞춤 대시보드 | Marqly","빈 탭을 Marqly Home으로 바꿔보세요. 저장 라이브러리 검색, 바로가기 및 폴더 정리, 메모, 할 일, 날씨를 한눈에 관리하세요. Chrome, Edge, Firefox 지원.",published,102,93,pending-export,pending-export,pending-export,pending-export,pending-export,pending-export,pending-export,pending-export,pending-export,pending-export,lang:ko,2026-09-23,keep
/ko/read-it-later,use-case-lander,usecases,ko,index,https://www.marqly.com/ko/read-it-later,"AI 요약 지원 나중에 읽기(Read It Later) 앱 | Marqly","기사를 원클릭으로 저장하고 AI 요약으로 10초 만에 가치를 판별하세요. 읽지 않고 쌓아두기만 하던 죄책감에서 벗어나 기억나는 내용으로 바로 찾습니다.",published,102,93,pending-export,pending-export,pending-export,pending-export,pending-export,pending-export,pending-export,pending-export,pending-export,pending-export,lang:ko,2026-09-23,keep
/ko/reading-list,use-case-lander,usecases,ko,index,https://www.marqly.com/ko/reading-list,"스트레스 없는 스마트 AI 나중에 읽기 목록 | Marqly","저장하는 속도는 언제나 읽는 속도보다 빠릅니다. Marqly는 AI 요약과 시맨틱 검색을 통해 쌓여가는 읽기 목록을 '부채'에서 '언제든 꺼내 쓰는 디지털 서재'로 전환합니다.",published,102,93,pending-export,pending-export,pending-export,pending-export,pending-export,pending-export,pending-export,pending-export,pending-export,pending-export,lang:ko,2026-09-23,keep
/ko/recipe-organizer,use-case-lander,usecases,ko,index,https://www.marqly.com/ko/recipe-organizer,"나만의 요리 레시피 보관 및 AI 식재료 검색 | Marqly","요리 블로그, 인스타그램 릴스, 유튜브 쿠킹 영상, 캡처 사진을 한곳에 정리. 냉장고 속 식재료나 요리 이름으로 즉시 찾는 나만의 AI 디지털 요리책.",published,102,93,pending-export,pending-export,pending-export,pending-export,pending-export,pending-export,pending-export,pending-export,pending-export,pending-export,lang:ko,2026-09-23,keep
/ko/research-organizer,use-case-lander,usecases,ko,index,https://www.marqly.com/ko/research-organizer,"리서치 및 연구 논문 자료 보관·시맨틱 검색 | Marqly","학술 논문, 산업 리포트, 기술 문서, 전문가 인터뷰 영상을 원클릭 저장. 프로젝트별 보드 분리와 AI 시맨틱 검색으로 필요한 근거 자료를 1초 만에 재발견.",published,102,93,pending-export,pending-export,pending-export,pending-export,pending-export,pending-export,pending-export,pending-export,pending-export,pending-export,lang:ko,2026-09-23,keep
/ko/save-page-as-pdf,use-case-lander,usecases,ko,index,https://www.marqly.com/ko/save-page-as-pdf,"웹페이지 PDF 저장 확장 프로그램 — 원본 레이아웃 로컬 캡처 | Marqly","Marqly 확장 프로그램은 웹페이지를 화면에 표시된 레이아웃 그대로 깔끔한 PDF로 저장합니다. 지연 로딩 이미지까지 브라우저 로컬에서 완벽 변환.",published,102,93,pending-export,pending-export,pending-export,pending-export,pending-export,pending-export,pending-export,pending-export,pending-export,pending-export,lang:ko,2026-09-23,keep
/ko/second-brain,use-case-lander,usecases,ko,index,https://www.marqly.com/ko/second-brain,"정리가 필요 없는 AI 세컨드 브레인 | Marqly","대부분의 세컨드 브레인은 귀찮은 일일 정리 때문에 실패합니다. Marqly는 AI가 자동으로 요약, 태그를 달고 의미로 찾아주어 별도의 수동 정리 없이 유지됩니다.",published,102,93,pending-export,pending-export,pending-export,pending-export,pending-export,pending-export,pending-export,pending-export,pending-export,pending-export,lang:ko,2026-09-23,keep
/ko/swipe-file,use-case-lander,usecases,ko,index,https://www.marqly.com/ko/swipe-file,"스와이프 파일 앱 — 광고, 카피라이팅, 랜딩페이지 레퍼런스 정리 | Marqly","발견한 광고, 랜딩페이지, 헤드카피를 즉시 저장하고 6색 형광펜으로 킬러 문구를 표시하세요. 기획할 때 카피 특징을 설명해 즉시 찾아내는 Marqly.",published,102,93,pending-export,pending-export,pending-export,pending-export,pending-export,pending-export,pending-export,pending-export,pending-export,pending-export,lang:ko,2026-09-23,keep
/ko/tab-manager,use-case-lander,usecases,ko,index,https://www.marqly.com/ko/tab-manager,"열려 있는 탭 일괄 저장 및 세션 관리 확장 프로그램 | Marqly","탭이 너무 많이 열려 컴퓨터가 느려지셨나요? 원클릭으로 현재 창의 모든 탭을 세션으로 저장하고 창을 닫아 RAM 메모리를 확보하세요.",published,102,93,pending-export,pending-export,pending-export,pending-export,pending-export,pending-export,pending-export,pending-export,pending-export,pending-export,lang:ko,2026-09-23,keep
/ko/travel-planning,use-case-lander,usecases,ko,index,https://www.marqly.com/ko/travel-planning,"여행 계획 및 여행지 정보 통합 북마크 관리 | Marqly","항공권 비교, 호텔 후보, 여행 꿀팁 블로그, 유튜브 브이로그를 원클릭 저장. 동행인과 링크 하나로 간편하게 공유하는 스마트한 여행 일정 보드.",published,102,93,pending-export,pending-export,pending-export,pending-export,pending-export,pending-export,pending-export,pending-export,pending-export,pending-export,lang:ko,2026-09-23,keep
/ko/watch-later,use-case-lander,usecases,ko,index,https://www.marqly.com/ko/watch-later,"유튜브 동영상 요약 저장 및 내용 검색 | Marqly","‘나중에 볼 동영상’은 동영상이 잊혀지는 무덤이 되기 쉽습니다. Marqly는 AI 요약과 전체 대본을 함께 저장하여 영상 속 대사로 언제든 다시 찾아줍니다.",published,102,93,pending-export,pending-export,pending-export,pending-export,pending-export,pending-export,pending-export,pending-export,pending-export,pending-export,lang:ko,2026-09-23,keep
/ko/web-highlighter,use-case-lander,usecases,ko,index,https://www.marqly.com/ko/web-highlighter,"웹페이지 텍스트 형광펜 및 메모 확장 프로그램 | Marqly","어떤 웹사이트에서든 6가지 색상으로 텍스트를 강조하고 메모를 남기세요. 페이지를 다시 열어도 형광펜이 그대로 유지되며 검색 가능합니다.",published,102,93,pending-export,pending-export,pending-export,pending-export,pending-export,pending-export,pending-export,pending-export,pending-export,pending-export,lang:ko,2026-09-23,keep
/ko/youtube-summarizer,use-case-lander,usecases,ko,index,https://www.marqly.com/ko/youtube-summarizer,"YouTube AI 동영상 요약기: 재생 페이지에서 TL;DR &amp; 대화 | Marqly","Marqly는 YouTube 영상 재생 페이지에 AI 카드를 바로 표시합니다. 스트리밍 요약, 핵심 챕터, 언급된 도서, 재생 싱크 스크립트 및 동영상과의 대화를 지원합니다.",published,102,93,pending-export,pending-export,pending-export,pending-export,pending-export,pending-export,pending-export,pending-export,pending-export,pending-export,lang:ko,2026-09-23,keep
/new-tab-dashboard,use-case-lander,usecases,en,index,https://www.marqly.com/new-tab-dashboard,"New Tab Extension for Chrome: Custom Dashboard | Marqly","Replace the blank new tab with Marqly Home: search your library, arrange quick links and folders, add notes, to-dos, weather, and backgrounds. Chrome, Edge, Fir",published,763,183,pending-export,pending-export,pending-export,pending-export,pending-export,pending-export,pending-export,pending-export,pending-export,pending-export,,2026-09-23,keep
/nl/alternatieven/evernote,use-case-lander,usecases,nl,index,https://www.marqly.com/nl/alternatieven/evernote,"Beste Evernote Alternatieven in 2026: Goedkoper en Beter | Marqly","Evernote is duurder geworden. Zoek je een alternatief voor het knippen en organiseren van webpagina's? Bekijk Marqly, Obsidian en Notion vergeleken.",published,102,93,pending-export,pending-export,pending-export,pending-export,pending-export,pending-export,pending-export,pending-export,pending-export,pending-export,lang:nl,2026-09-23,keep
/nl/alternatieven/instapaper,use-case-lander,usecases,nl,index,https://www.marqly.com/nl/alternatieven/instapaper,"Beste Instapaper Alternatieven van 2026 | Marqly","Zoek je een alternatief voor Instapaper? Ontdek Marqly, Readwise Reader en Matter: vergelijk op leescomfort, AI-zoekfuncties en video-integratie.",published,102,93,pending-export,pending-export,pending-export,pending-export,pending-export,pending-export,pending-export,pending-export,pending-export,pending-export,lang:nl,2026-09-23,keep
/nl/alternatieven/notion,use-case-lander,usecases,nl,index,https://www.marqly.com/nl/alternatieven/notion,"Beste Notion Web Clipper Alternatieven in 2026 | Marqly","Het opslaan van links in Notion leidt vaak tot overvolle, rommelige databases. Ontdek hoe Marqly met AI-categorisatie en semantisch zoeken uitkomst biedt.",published,102,93,pending-export,pending-export,pending-export,pending-export,pending-export,pending-export,pending-export,pending-export,pending-export,pending-export,lang:nl,2026-09-23,keep
/nl/alternatieven/pocket,use-case-lander,usecases,nl,index,https://www.marqly.com/nl/alternatieven/pocket,"De Beste Pocket Alternatieven in 2026 | Marqly","Vergelijk de beste alternatieven na het sluiten van Pocket: Instapaper, Raindrop, Matter en Marqly. Vind de ideale match voor lezen, archiveren of AI-zoeken.",published,102,93,pending-export,pending-export,pending-export,pending-export,pending-export,pending-export,pending-export,pending-export,pending-export,pending-export,lang:nl,2026-09-23,keep
/nl/alternatieven/raindrop,use-case-lander,usecases,nl,index,https://www.marqly.com/nl/alternatieven/raindrop,"Alternatieven voor Raindrop.io in 2026: Echte opties | Marqly","Overweeg je over te stappen van Raindrop.io? Vergelijk alternatieven op basis van jouw knelpunt: handmatige mappen, semantisch AI-zoeken of YouTube-ondersteunin",published,102,93,pending-export,pending-export,pending-export,pending-export,pending-export,pending-export,pending-export,pending-export,pending-export,pending-export,lang:nl,2026-09-23,keep
/nl/bladwijzer-manager-chrome,use-case-lander,usecases,nl,index,https://www.marqly.com/nl/bladwijzer-manager-chrome,"Bladwijzer Manager voor Chrome met AI Zoekfunctie | Marqly","Chrome bladwijzers zijn beperkt tot mappen en titels. Marqly voegt AI-tagging, samenvattingen en semantisch zoeken toe in het zijpaneel. Gratis in de Chrome Web",published,102,93,pending-export,pending-export,pending-export,pending-export,pending-export,pending-export,pending-export,pending-export,pending-export,pending-export,lang:nl,2026-09-23,keep
/nl/bladwijzer-manager-edge,use-case-lander,usecases,nl,index,https://www.marqly.com/nl/bladwijzer-manager-edge,"Bladwijzer Manager voor Edge met AI Zoekfunctie | Marqly","Edge-favorieten zijn beperkt. De Marqly add-on voor Microsoft Edge brengt AI-tagging, samenvattingen en semantisch zoeken naar je browser.",published,102,93,pending-export,pending-export,pending-export,pending-export,pending-export,pending-export,pending-export,pending-export,pending-export,pending-export,lang:nl,2026-09-23,keep
/nl/bladwijzer-manager-firefox,use-case-lander,usecases,nl,index,https://www.marqly.com/nl/bladwijzer-manager-firefox,"Bladwijzer Manager voor Firefox met AI Zoeken | Marqly","Marqly's Firefox add-on slaat pagina's op met 1 klik, tagt ze met AI en vindt ze terug op betekenis. Installeer via Firefox Add-ons (AMO).",published,102,93,pending-export,pending-export,pending-export,pending-export,pending-export,pending-export,pending-export,pending-export,pending-export,pending-export,lang:nl,2026-09-23,keep
/nl/bladwijzer-manager-iphone,use-case-lander,usecases,nl,index,https://www.marqly.com/nl/bladwijzer-manager-iphone,"Bladwijzer Manager voor iPhone met AI Zoekfunctie | Marqly","Marqly's iOS-app brengt je complete bladwijzerbibliotheek naar je iPhone: AI-tags, samenvattingen en semantisch zoeken in je broekzak. Gratis in de App Store.",published,102,93,pending-export,pending-export,pending-export,pending-export,pending-export,pending-export,pending-export,pending-export,pending-export,pending-export,lang:nl,2026-09-23,keep
/nl/bladwijzer-manager-safari,use-case-lander,usecases,nl,index,https://www.marqly.com/nl/bladwijzer-manager-safari,"Bladwijzer Manager voor Safari &amp; iOS met AI | Marqly","Safari-bladwijzers blijven gevangen in het Apple-ecosysteem. Marqly koppelt een Safari-extensie en iOS-app aan account-synchronisatie met Chrome, Edge, Firefox ",published,102,93,pending-export,pending-export,pending-export,pending-export,pending-export,pending-export,pending-export,pending-export,pending-export,pending-export,lang:nl,2026-09-23,keep
/nl/bladwijzer-organizer,use-case-lander,usecases,nl,index,https://www.marqly.com/nl/bladwijzer-organizer,"Bladwijzer Organizer met AI-Tags en Semantisch Zoeken | Marqly","Marqly tagt elke bladwijzer automatisch met AI en vindt opgeslagen links op betekenis in plaats van trefwoorden. Importeer je browsermappen en stop met handmati",published,102,93,pending-export,pending-export,pending-export,pending-export,pending-export,pending-export,pending-export,pending-export,pending-export,pending-export,lang:nl,2026-09-23,keep
/nl/bladwijzers-synchroniseren,use-case-lander,usecases,nl,index,https://www.marqly.com/nl/bladwijzers-synchroniseren,"Bladwijzers Synchroniseren tussen Apparaten &amp; Browsers | Marqly","Standaard browser-sync houdt je gevangen in één ecosysteem. Marqly synchroniseert tussen Chrome, Edge, Firefox, Safari, web en iOS met één gratis account.",published,102,93,pending-export,pending-export,pending-export,pending-export,pending-export,pending-export,pending-export,pending-export,pending-export,pending-export,lang:nl,2026-09-23,keep
/nl/content-curatie,use-case-lander,usecases,nl,index,https://www.marqly.com/nl/content-curatie,"Content Curatie Tool — Deelbare Boards Zonder Login | Marqly","Verzamel links en tekstmarkeringen op themaborden en deel ze als openbare webpagina's zonder registratiedrempel. Curatie zonder wrijving.",published,102,93,pending-export,pending-export,pending-export,pending-export,pending-export,pending-export,pending-export,pending-export,pending-export,pending-export,lang:nl,2026-09-23,keep
/nl/klembord-geschiedenis,use-case-lander,usecases,nl,index,https://www.marqly.com/nl/klembord-geschiedenis,"Klembordgeschiedenis voor Chrome en Edge met Zoekfunctie | Marqly","Marqly's klembordgeschiedenis bewaart elk gekopieerd webfragment: doorzoekbaar, labelbaar en vastpinbaar. In de Chrome- en Edge-extensies.",published,102,93,pending-export,pending-export,pending-export,pending-export,pending-export,pending-export,pending-export,pending-export,pending-export,pending-export,lang:nl,2026-09-23,keep
/nl/later-bekijken,use-case-lander,usecases,nl,index,https://www.marqly.com/nl/later-bekijken,"YouTube-video&#39;s Opslaan met AI Samenvatting | Marqly","'Later bekijken' is de plek waar video's verdwijnen. Sla video's op met automatische AI-samenvattingen en transcripties, en vind ze terug op wat er gezegd werd.",published,102,93,pending-export,pending-export,pending-export,pending-export,pending-export,pending-export,pending-export,pending-export,pending-export,pending-export,lang:nl,2026-09-23,keep
/nl/later-lezen,use-case-lander,usecases,nl,index,https://www.marqly.com/nl/later-lezen,"Later Lezen App met AI Samenvattingen | Marqly","Sla artikelen met één klik op en filter ze in tien seconden met AI-samenvattingen. Voorkom een oneindige leeslijst en vind artikelen terug op betekenis.",published,102,93,pending-export,pending-export,pending-export,pending-export,pending-export,pending-export,pending-export,pending-export,pending-export,pending-export,lang:nl,2026-09-23,keep
/nl/leeslijst,use-case-lander,usecases,nl,index,https://www.marqly.com/nl/leeslijst,"Slimme AI Leeslijst Zonder Achterstand | Marqly","Je leessnelheid kan het bewaartempo nooit bijhouden. Met AI-samenvattingen en zoeken op betekenis verandert je leeslijst van een schuldgevoel in een persoonlijk",published,102,93,pending-export,pending-export,pending-export,pending-export,pending-export,pending-export,pending-export,pending-export,pending-export,pending-export,lang:nl,2026-09-23,keep
/nl/nieuw-tabblad-dashboard,use-case-lander,usecases,nl,index,https://www.marqly.com/nl/nieuw-tabblad-dashboard,"Nieuw Tabblad Chrome Extensie: Aangepast Dashboard | Marqly","Vervang het lege tabblad door Marqly Home: doorzoek je bibliotheek, organiseer snelkoppelingen, mappen, notities, taken en het weer in Chrome, Edge en Firefox.",published,102,93,pending-export,pending-export,pending-export,pending-export,pending-export,pending-export,pending-export,pending-export,pending-export,pending-export,lang:nl,2026-09-23,keep
/nl/onderzoek-organiseren,use-case-lander,usecases,nl,index,https://www.marqly.com/nl/onderzoek-organiseren,"Onderzoeksbronnen &amp; Literatuur Organiseren met AI | Marqly","Sla academische papers, marktanalyses en technische bronnen op met één klik. Automatische AI-tags, borden per project en semantisch zoeken op inhoud.",published,102,93,pending-export,pending-export,pending-export,pending-export,pending-export,pending-export,pending-export,pending-export,pending-export,pending-export,lang:nl,2026-09-23,keep
/nl/pagina-opslaan-als-pdf,use-case-lander,usecases,nl,index,https://www.marqly.com/nl/pagina-opslaan-als-pdf,"Webpagina Opslaan als PDF Extensie — Exacte Lokale Capture | Marqly","Marqly's extensie bewaart elke webpagina als een schone PDF met het exacte schermlayout, inclusief lazy-loaded afbeeldingen, 100% lokaal verwerkt.",published,102,93,pending-export,pending-export,pending-export,pending-export,pending-export,pending-export,pending-export,pending-export,pending-export,pending-export,lang:nl,2026-09-23,keep
/nl/recepten-organiseren,use-case-lander,usecases,nl,index,https://www.marqly.com/nl/recepten-organiseren,"Recepten Bewaren en Zoeken op Ingrediënt met AI | Marqly","Verzamel kookrecepten van Instagram, kookblogs, YouTube-video's en schermafbeeldingen. Vind gerechten terug op basis van ingrediënten in je koelkast via slimme ",published,102,93,pending-export,pending-export,pending-export,pending-export,pending-export,pending-export,pending-export,pending-export,pending-export,pending-export,lang:nl,2026-09-23,keep
/nl/reis-plannen,use-case-lander,usecases,nl,index,https://www.marqly.com/nl/reis-plannen,"Reisplanning &amp; Vakantie-organisatie Zonder Tabbladenchaos | Marqly","Vluchtprijzen, hotelopties, reisblogs en YouTube-gidsen verzameld op één overzichtelijk reisbord. Automatische AI-tags en eenvoudig deelbaar met je reisgenoten.",published,102,93,pending-export,pending-export,pending-export,pending-export,pending-export,pending-export,pending-export,pending-export,pending-export,pending-export,lang:nl,2026-09-23,keep
/nl/sollicitaties-organiseren,use-case-lander,usecases,nl,index,https://www.marqly.com/nl/sollicitaties-organiseren,"Sollicitatie Organizer — Vacatures en Voorbereidingsnotities | Marqly","Bewaar vacatures voordat ze offline gaan, maak aantekeningen op bedrijfswebsites met markeringen en vind alles terug aan de vooravond van je gesprek.",published,102,93,pending-export,pending-export,pending-export,pending-export,pending-export,pending-export,pending-export,pending-export,pending-export,pending-export,lang:nl,2026-09-23,keep
/nl/swipe-file,use-case-lander,usecases,nl,index,https://www.marqly.com/nl/swipe-file,"Swipe File App — Bewaar Advertenties, Copy &amp; Landingspagina&#39;s | Marqly","Sla converterende advertenties, landingspagina's en teksten direct op, markeer de winnende zin en vind voorbeelden terug op semantische omschrijving.",published,102,93,pending-export,pending-export,pending-export,pending-export,pending-export,pending-export,pending-export,pending-export,pending-export,pending-export,lang:nl,2026-09-23,keep
/nl/tabbladen-beheren,use-case-lander,usecases,nl,index,https://www.marqly.com/nl/tabbladen-beheren,"Alle Openstaande Tabbladen Opslaan en Herstellen | Marqly","Te veel tabbladen open? Sla al je geopende tabs met één klik op als sessie, sluit je browser met een gerust hart en maak werkgeheugen vrij.",published,102,93,pending-export,pending-export,pending-export,pending-export,pending-export,pending-export,pending-export,pending-export,pending-export,pending-export,lang:nl,2026-09-23,keep
/nl/tweede-brein,use-case-lander,usecases,nl,index,https://www.marqly.com/nl/tweede-brein,"Een Tweede Brein Dat Geen Onderhoud Vraagt | Marqly","Vrijwel elk tweede brein strandt op handmatig organiseren. Marqly gebruikt AI voor automatische tags, samenvattingen en semantisch zoeken zonder mappenstress.",published,102,93,pending-export,pending-export,pending-export,pending-export,pending-export,pending-export,pending-export,pending-export,pending-export,pending-export,lang:nl,2026-09-23,keep
/nl/vergelijken/marqly-vs-evernote,use-case-lander,usecases,nl,index,https://www.marqly.com/nl/vergelijken/marqly-vs-evernote,"Marqly vs Evernote: Prijzen, Functies en Waarvoor je Kiest | Marqly","Evernote is een complete en kostbare notitiesuite. Marqly is een slanke AI-bladwijzerbeheerder voor $72/jaar. Vergelijk de functies en kies verstandig.",published,102,93,pending-export,pending-export,pending-export,pending-export,pending-export,pending-export,pending-export,pending-export,pending-export,pending-export,lang:nl,2026-09-23,keep
/nl/vergelijken/marqly-vs-instapaper,use-case-lander,usecases,nl,index,https://www.marqly.com/nl/vergelijken/marqly-vs-instapaper,"Marqly vs Instapaper: Rustig Lezen of Slim Terugvinden met AI | Marqly","Instapaper biedt de beste afleidingsvrije leeservaring met offline modus. Marqly organiseert en doorzoekt automatisch met AI. Vergelijk beide tools objectief.",published,102,93,pending-export,pending-export,pending-export,pending-export,pending-export,pending-export,pending-export,pending-export,pending-export,pending-export,lang:nl,2026-09-23,keep
/nl/vergelijken/marqly-vs-matter,use-case-lander,usecases,nl,index,https://www.marqly.com/nl/vergelijken/marqly-vs-matter,"Marqly vs Matter: Audio &amp; Lezen op iOS of AI-Zoeken | Marqly","Matter blinkt uit in natuurlijke audiovoorlezing en prachtig design op iOS. Marqly zorgt voor automatische AI-tags en semantisch zoeken. Vergelijk beide.",published,102,93,pending-export,pending-export,pending-export,pending-export,pending-export,pending-export,pending-export,pending-export,pending-export,pending-export,lang:nl,2026-09-23,keep
/nl/vergelijken/marqly-vs-notion,use-case-lander,usecases,nl,index,https://www.marqly.com/nl/vergelijken/marqly-vs-notion,"Marqly vs Notion Web Clipper: Waar Kun Je Beter Knippen? | Marqly","De Notion Web Clipper is gratis maar verliest regelmatig opmaak en vereist veel handmatig sorteerwerk. Marqly indexeert automatisch met AI.",published,102,93,pending-export,pending-export,pending-export,pending-export,pending-export,pending-export,pending-export,pending-export,pending-export,pending-export,lang:nl,2026-09-23,keep
/nl/vergelijken/marqly-vs-obsidian,use-case-lander,usecases,nl,index,https://www.marqly.com/nl/vergelijken/marqly-vs-obsidian,"Marqly vs Obsidian: Lokale Markdown of Automatische AI-Bibliotheek | Marqly","Obsidian bewaart het web als lokaal Markdown-bestand dat voor altijd van jou is. Marqly zorgt voor automatische AI-classificatie en semantisch zoeken.",published,102,93,pending-export,pending-export,pending-export,pending-export,pending-export,pending-export,pending-export,pending-export,pending-export,pending-export,lang:nl,2026-09-23,keep
/nl/vergelijken/marqly-vs-pocket,use-case-lander,usecases,nl,index,https://www.marqly.com/nl/vergelijken/marqly-vs-pocket,"Marqly vs Pocket: Vergelijking en Importgids | Marqly","Pocket sloot definitief zijn deuren. Wat Pocket kon, wat Marqly toevoegt met AI, en hoe je je bewaarde exportbestand moeiteloos importeert.",published,102,93,pending-export,pending-export,pending-export,pending-export,pending-export,pending-export,pending-export,pending-export,pending-export,pending-export,lang:nl,2026-09-23,keep
/nl/vergelijken/marqly-vs-raindrop,use-case-lander,usecases,nl,index,https://www.marqly.com/nl/vergelijken/marqly-vs-raindrop,"Marqly vs Raindrop: Eerlijke vergelijking 2026 | Marqly","Vergelijk Marqly en Raindrop.io op prijzen, semantisch AI-zoeken, platforms en gratis abonnementen. Ontdek welke tool het beste bij jou past.",published,102,93,pending-export,pending-export,pending-export,pending-export,pending-export,pending-export,pending-export,pending-export,pending-export,pending-export,lang:nl,2026-09-23,keep
/nl/vergelijken/marqly-vs-readwise,use-case-lander,usecases,nl,index,https://www.marqly.com/nl/vergelijken/marqly-vs-readwise,"Marqly vs Readwise Reader: Intensief Lezen of AI-Kennisbank | Marqly","Readwise Reader is de krachtigste leestool op de markt ($119,88/jaar). Marqly kost $72 en lost het terugvindprobleem op met AI. Vergelijk objectief.",published,102,93,pending-export,pending-export,pending-export,pending-export,pending-export,pending-export,pending-export,pending-export,pending-export,pending-export,lang:nl,2026-09-23,keep
/nl/voor-academici,use-case-lander,usecases,nl,index,https://www.marqly.com/nl/voor-academici,"Wetenschappelijke Literatuur- en Paperorganizer | Marqly","Bewaar papers, collegemateriaal en subsidieonderzoek in één centrale bibliotheek. Markeer in 6 kleuren, sorteer met AI-samenvattingen en vind bronnen op beteken",published,102,93,pending-export,pending-export,pending-export,pending-export,pending-export,pending-export,pending-export,pending-export,pending-export,pending-export,lang:nl,2026-09-23,keep
/nl/voor-consultants,use-case-lander,usecases,nl,index,https://www.marqly.com/nl/voor-consultants,"Klantonderzoek Organizer voor Consultants | Marqly","Een bord per klant, AI-samenvattingen voor brancherapporten en deelbare linkpagina's die klanten zonder inloggen kunnen openen.",published,102,93,pending-export,pending-export,pending-export,pending-export,pending-export,pending-export,pending-export,pending-export,pending-export,pending-export,lang:nl,2026-09-23,keep
/nl/voor-content-makers,use-case-lander,usecases,nl,index,https://www.marqly.com/nl/voor-content-makers,"AI Bladwijzerbeheer &amp; Swipe Files voor Content Creators | Marqly","Sla social media posts, videoreferenties, landingspagina-ontwerpen en ideeën op met één klik. Automatische AI-tags en samenvattingen voor vlottere contentproduc",published,102,93,pending-export,pending-export,pending-export,pending-export,pending-export,pending-export,pending-export,pending-export,pending-export,pending-export,lang:nl,2026-09-23,keep
/nl/voor-docenten,use-case-lander,usecases,nl,index,https://www.marqly.com/nl/voor-docenten,"AI Lesvoorbereiding &amp; Bronnenbeheer voor Docenten | Marqly","Sla achtergrondartikelen, educatieve video's en lesvoorbeelden op met één klik. Automatische categorisering en openbaar deelbaar met leerlingen zonder inloggen.",published,102,93,pending-export,pending-export,pending-export,pending-export,pending-export,pending-export,pending-export,pending-export,pending-export,pending-export,lang:nl,2026-09-23,keep
/nl/voor-journalisten,use-case-lander,usecases,nl,index,https://www.marqly.com/nl/voor-journalisten,"AI Bladwijzerbeheer &amp; Bronarchivering voor Journalisten | Marqly","Sla officiële verklaringen, statistieken en onderzoeksbronnen op voordat ze worden gewijzigd of verwijderd. Archiveer als PDF met lay-out en doorzoek citaten me",published,102,93,pending-export,pending-export,pending-export,pending-export,pending-export,pending-export,pending-export,pending-export,pending-export,pending-export,lang:nl,2026-09-23,keep
/nl/voor-juristen,use-case-lander,usecases,nl,index,https://www.marqly.com/nl/voor-juristen,"Juridische Onderzoeks- en Wetgevingsorganizer voor Advocaten | Marqly","Houd wetgeving, beleidsregels en juridische artikelen overzichtelijk. Markeer kernpassages in 6 kleuren, bewaar pagina's als PDF en vind bronnen op betekenis.",published,102,93,pending-export,pending-export,pending-export,pending-export,pending-export,pending-export,pending-export,pending-export,pending-export,pending-export,lang:nl,2026-09-23,keep
/nl/voor-makelaars,use-case-lander,usecases,nl,index,https://www.marqly.com/nl/voor-makelaars,"Woningaanbod en Vastgoedonderzoek Organizer voor Makelaars | Marqly","Verzamel huizenaanbod, marktrapporten en buurtinformatie per zoeker. Bewaar pagina's als PDF zodat referentiepanden bewaard blijven na verkoop.",published,102,93,pending-export,pending-export,pending-export,pending-export,pending-export,pending-export,pending-export,pending-export,pending-export,pending-export,lang:nl,2026-09-23,keep
/nl/voor-marketeers,use-case-lander,usecases,nl,index,https://www.marqly.com/nl/voor-marketeers,"AI Bladwijzerbeheer &amp; Concurrentie-analyse voor Marketeers | Marqly","Sla landingspagina's, advertenties en prijsmodellen van concurrenten op met één klik. Archiveer als PDF voordat pagina's veranderen en vind campagnes terug via ",published,102,93,pending-export,pending-export,pending-export,pending-export,pending-export,pending-export,pending-export,pending-export,pending-export,pending-export,lang:nl,2026-09-23,keep
/nl/voor-onderzoekers,use-case-lander,usecases,nl,index,https://www.marqly.com/nl/voor-onderzoekers,"AI Bronnenbeheer voor Onderzoekers en Analisten | Marqly","Verzamel wetenschappelijke artikelen, rapporten en lezingen met één klik. AI vat samen en voorziet alles van tags, zodat je bronnen terugvindt op basis van hypo",published,102,93,pending-export,pending-export,pending-export,pending-export,pending-export,pending-export,pending-export,pending-export,pending-export,pending-export,lang:nl,2026-09-23,keep
/nl/voor-ontwerpers,use-case-lander,usecases,nl,index,https://www.marqly.com/nl/voor-ontwerpers,"Design Inspiratie Organizer — Opslaan, Borden, Terugvinden | Marqly","Verzamel designreferenties op borden, sla pagina's exact op als PDF en deel inspiratie openbaar. AI tagt elke vondst automatisch.",published,102,93,pending-export,pending-export,pending-export,pending-export,pending-export,pending-export,pending-export,pending-export,pending-export,pending-export,lang:nl,2026-09-23,keep
/nl/voor-ontwikkelaars,use-case-lander,usecases,nl,index,https://www.marqly.com/nl/voor-ontwikkelaars,"AI Bladwijzerbeheer voor Ontwikkelaars &amp; Engineers | Marqly","Bewaar documentatie, GitHub issues en Stack Overflow antwoorden met één klik. AI labelt en vat samen, zodat je oplossingen terugvindt door het probleem te besch",published,102,93,pending-export,pending-export,pending-export,pending-export,pending-export,pending-export,pending-export,pending-export,pending-export,pending-export,lang:nl,2026-09-23,keep
/nl/voor-oprichters,use-case-lander,usecases,nl,index,https://www.marqly.com/nl/voor-oprichters,"Concurrentieanalyse Tool voor Oprichters &amp; Startups | Marqly","Oprichters gebruiken Marqly om concurrenten te monitoren, prijspagina's als PDF vast te leggen en maanden marktonderzoek met AI te doorzoeken.",published,102,93,pending-export,pending-export,pending-export,pending-export,pending-export,pending-export,pending-export,pending-export,pending-export,pending-export,lang:nl,2026-09-23,keep
/nl/voor-productmanagers,use-case-lander,usecases,nl,index,https://www.marqly.com/nl/voor-productmanagers,"Onderzoekstool voor Productmanagers | Marqly","Hoe productmanagers Marqly gebruiken om concurrentie-analyses, gebruikersonderzoek en PRD-bronnen automatisch gelabeld en doorzoekbaar te houden.",published,102,93,pending-export,pending-export,pending-export,pending-export,pending-export,pending-export,pending-export,pending-export,pending-export,pending-export,lang:nl,2026-09-23,keep
/nl/voor-promovendi,use-case-lander,usecases,nl,index,https://www.marqly.com/nl/voor-promovendi,"Literatuuronderzoek Tool voor Promovendi en Proefschriften | Marqly","Beheer het literatuuronderzoek voor je proefschrift vanuit één bibliotheek: sla papers op, chat met bronnen, markeer in 6 kleuren en vind bewijs op betekenis.",published,102,93,pending-export,pending-export,pending-export,pending-export,pending-export,pending-export,pending-export,pending-export,pending-export,pending-export,lang:nl,2026-09-23,keep
/nl/voor-recruiters,use-case-lander,usecases,nl,index,https://www.marqly.com/nl/voor-recruiters,"Kandidaten Sourcing Organizer voor Recruiters | Marqly","Kandidatenprofielen, salarisonderzoeken en rolbenchmarks met 1 klik opslaan. Automatische AI-tags en semantisch zoeken op wat je je herinnert.",published,102,93,pending-export,pending-export,pending-export,pending-export,pending-export,pending-export,pending-export,pending-export,pending-export,pending-export,lang:nl,2026-09-23,keep
/nl/voor-sales,use-case-lander,usecases,nl,index,https://www.marqly.com/nl/voor-sales,"Sales Research Organizer voor Prospect Intel | Marqly","Bewaar prospectinformatie, financieringsnieuws en bedrijfsanalyses in één overzichtelijke bibliotheek met AI-labels en borden per account.",published,102,93,pending-export,pending-export,pending-export,pending-export,pending-export,pending-export,pending-export,pending-export,pending-export,pending-export,lang:nl,2026-09-23,keep
/nl/voor-schrijvers,use-case-lander,usecases,nl,index,https://www.marqly.com/nl/voor-schrijvers,"AI Onderzoeksbibliotheek &amp; Citatenbeheer voor Schrijvers | Marqly","Sla achtergrondartikelen, citaten en bronnen voor je boek of essays op met één klik. Vind dat ene citaat terug op basis van je herinnering, zonder je schrijfstr",published,102,93,pending-export,pending-export,pending-export,pending-export,pending-export,pending-export,pending-export,pending-export,pending-export,pending-export,lang:nl,2026-09-23,keep
/nl/voor-studenten,use-case-lander,usecases,nl,index,https://www.marqly.com/nl/voor-studenten,"Onderzoek en Bronnen Organiseren voor Studenten | Marqly","Verzamel webbronnen, markeer kernzinnen en vind alles moeiteloos terug voor je scriptie of essay. Studenten betalen $48 in het eerste jaar.",published,102,93,pending-export,pending-export,pending-export,pending-export,pending-export,pending-export,pending-export,pending-export,pending-export,pending-export,lang:nl,2026-09-23,keep
/nl/voor-ux-onderzoekers,use-case-lander,usecases,nl,index,https://www.marqly.com/nl/voor-ux-onderzoekers,"Lichtgewicht UX Research Repository | Marqly","Een wendbare UX-onderzoek repository: bewaar studies, markeer inzichten in 6 kleuren en deel borden zonder loginvereiste voor je team.",published,102,93,pending-export,pending-export,pending-export,pending-export,pending-export,pending-export,pending-export,pending-export,pending-export,pending-export,lang:nl,2026-09-23,keep
/nl/web-highlighter,use-case-lander,usecases,nl,index,https://www.marqly.com/nl/web-highlighter,"Web Highlighter Extensie voor Chrome &amp; Safari | Marqly","Markeer tekst op elke website in 6 kleuren, voeg notities toe en bewaar alles blijvend. Je markeringen blijven exact staan wanneer je de pagina herbezoekt.",published,102,93,pending-export,pending-export,pending-export,pending-export,pending-export,pending-export,pending-export,pending-export,pending-export,pending-export,lang:nl,2026-09-23,keep
/nl/youtube-samenvatter,use-case-lander,usecases,nl,index,https://www.marqly.com/nl/youtube-samenvatter,"YouTube AI Samenvatter: Video TL;DR &amp; Transcriptie | Marqly","Marqly plaatst een AI-kaart op elke YouTube-videopagina: streaming samenvatting, kernsecties, genoemde boeken, synchroon transcript en chat met de video.",published,102,93,pending-export,pending-export,pending-export,pending-export,pending-export,pending-export,pending-export,pending-export,pending-export,pending-export,lang:nl,2026-09-23,keep
/pl/alternatywy/evernote,use-case-lander,usecases,pl,index,https://www.marqly.com/pl/alternatywy/evernote,"Alternatywy dla Evernote w 2026: Tańsze i Lepsze Rozwiązania | Marqly","Evernote podnosi ceny. Szukasz zamiennika do zapisywania artykułów ze stron WWW? Sprawdź Marqly, Obsidiana i Notion w porównaniu.",published,102,93,pending-export,pending-export,pending-export,pending-export,pending-export,pending-export,pending-export,pending-export,pending-export,pending-export,lang:pl,2026-09-23,keep
/pl/alternatywy/instapaper,use-case-lander,usecases,pl,index,https://www.marqly.com/pl/alternatywy/instapaper,"Najlepsze Alternatywy dla Instapaper w 2026 | Marqly","Szukasz zamiennika dla Instapaper? Poznaj Marqly, Readwise Reader i Matter. Porównaj komfort czytania, wyszukiwanie z AI i obsługę wideo.",published,102,93,pending-export,pending-export,pending-export,pending-export,pending-export,pending-export,pending-export,pending-export,pending-export,pending-export,lang:pl,2026-09-23,keep
/pl/alternatywy/notion,use-case-lander,usecases,pl,index,https://www.marqly.com/pl/alternatywy/notion,"Alternatywy dla Notion Web Clipper w 2026 | Marqly","Zapisywanie linków w Notion prowadzi często do zaśmieconych baz danych. Zobacz, dlaczego Marqly z automatycznym tagowaniem AI jest lepszym wyborem.",published,102,93,pending-export,pending-export,pending-export,pending-export,pending-export,pending-export,pending-export,pending-export,pending-export,pending-export,lang:pl,2026-09-23,keep
/pl/alternatywy/pocket,use-case-lander,usecases,pl,index,https://www.marqly.com/pl/alternatywy/pocket,"Najlepsze Alternatywy dla Pocket w 2026 Roku | Marqly","Zestawienie najlepszych zamienników po zamknięciu Pocket: Instapaper, Raindrop, Matter i Marqly. Wybierz czytnik, archiwum lub nowoczesną bazę wiedzy AI.",published,102,93,pending-export,pending-export,pending-export,pending-export,pending-export,pending-export,pending-export,pending-export,pending-export,pending-export,lang:pl,2026-09-23,keep
/pl/alternatywy/raindrop,use-case-lander,usecases,pl,index,https://www.marqly.com/pl/alternatywy/raindrop,"Najlepsze alternatywy dla Raindrop.io w 2026 roku | Marqly","Szukasz alternatywy dla Raindrop.io? Sprawdź najlepsze narzędzia do zakładek w zależności od tego, czy Twoim problemem jest ręczne porządkowanie czy odnajdywani",published,102,93,pending-export,pending-export,pending-export,pending-export,pending-export,pending-export,pending-export,pending-export,pending-export,pending-export,lang:pl,2026-09-23,keep
/pl/dla-akademikow,use-case-lander,usecases,pl,index,https://www.marqly.com/pl/dla-akademikow,"Organizator Literatury Naukowej i Artykułów dla Naukowców | Marqly","Gromadź publikacje, materiały dydaktyczne i literaturę do grantów w jednej bibliotece. Zakreślaj w 6 kolorach, selekcjonuj streszczeniami AI i szukaj według zna",published,102,93,pending-export,pending-export,pending-export,pending-export,pending-export,pending-export,pending-export,pending-export,pending-export,pending-export,lang:pl,2026-09-23,keep
/pl/dla-badaczy-ux,use-case-lander,usecases,pl,index,https://www.marqly.com/pl/dla-badaczy-ux,"Lekkie Repozytorium Badań UX | Marqly","Sprawne repozytorium badań UX: zapisuj raporty, zaznaczaj wnioski w 6 kolorach i udostępniaj tablice bez konieczności logowania przez zespół.",published,102,93,pending-export,pending-export,pending-export,pending-export,pending-export,pending-export,pending-export,pending-export,pending-export,pending-export,lang:pl,2026-09-23,keep
/pl/dla-doktorantow,use-case-lander,usecases,pl,index,https://www.marqly.com/pl/dla-doktorantow,"Narzędzie do Przeglądu Literatury dla Doktorantów | Marqly","Zbuduj przegląd literatury do doktoratu w jednej bibliotece: zapisuj publikacje, rozmawiaj ze źródłami z AI, zakreślaj tezy i szukaj według koncepcji.",published,102,93,pending-export,pending-export,pending-export,pending-export,pending-export,pending-export,pending-export,pending-export,pending-export,pending-export,lang:pl,2026-09-23,keep
/pl/dla-dziennikarzy,use-case-lander,usecases,pl,index,https://www.marqly.com/pl/dla-dziennikarzy,"AI Zakładki &amp; Archiwizacja Źródeł dla Dziennikarzy | Marqly","Zabezpieczaj oficjalne oświadczenia, dane statystyczne i materiały śledcze, zanim zostaną zmienione lub usunięte. Zapisuj jako PDF i przeszukuj transkrypcje wid",published,102,93,pending-export,pending-export,pending-export,pending-export,pending-export,pending-export,pending-export,pending-export,pending-export,pending-export,lang:pl,2026-09-23,keep
/pl/dla-founderow,use-case-lander,usecases,pl,index,https://www.marqly.com/pl/dla-founderow,"Narzędzie do Analizy Konkurencji dla Founderów | Marqly","Founderzy używają Marqly do monitorowania konkurencji, archiwizowania cenników w PDF i przeszukiwania miesięcy badań rynkowych za pomocą AI.",published,102,93,pending-export,pending-export,pending-export,pending-export,pending-export,pending-export,pending-export,pending-export,pending-export,pending-export,lang:pl,2026-09-23,keep
/pl/dla-konsultantow,use-case-lander,usecases,pl,index,https://www.marqly.com/pl/dla-konsultantow,"Organizer Wiedzy o Klientach dla Konsultantów | Marqly","Osobna tablica dla każdego klienta, podsumowania AI do selekcji raportów i tablice publiczne otwierane przez klienta bez logowania.",published,102,93,pending-export,pending-export,pending-export,pending-export,pending-export,pending-export,pending-export,pending-export,pending-export,pending-export,lang:pl,2026-09-23,keep
/pl/dla-marketerow,use-case-lander,usecases,pl,index,https://www.marqly.com/pl/dla-marketerow,"AI Zakładki &amp; Analiza Konkurencji dla Marketerów | Marqly","Zapisuj strony docelowe, kreacje reklamowe i cenniki konkurencji jednym kliknięciem. Archiwizuj jako PDF, zanim ulegną zmianie, i wyszukuj kampanie za pomocą AI",published,102,93,pending-export,pending-export,pending-export,pending-export,pending-export,pending-export,pending-export,pending-export,pending-export,pending-export,lang:pl,2026-09-23,keep
/pl/dla-nauczycieli,use-case-lander,usecases,pl,index,https://www.marqly.com/pl/dla-nauczycieli,"AI Baza Materiałów Dydaktycznych dla Nauczycieli | Marqly","Zapisuj artykuły naukowe, infografiki, filmy edukacyjne i konspekty jednym kliknięciem. Kategoryzacja AI i udostępnianie uczniom bez konieczności logowania.",published,102,93,pending-export,pending-export,pending-export,pending-export,pending-export,pending-export,pending-export,pending-export,pending-export,pending-export,lang:pl,2026-09-23,keep
/pl/dla-naukowcow,use-case-lander,usecases,pl,index,https://www.marqly.com/pl/dla-naukowcow,"Zarządzanie Materiałami Badawczymi z AI dla Naukowców | Marqly","Zapisuj publikacje naukowe, raporty analityczne i wykłady akademickie. AI streszcza i taguje materiały, umożliwiając ich wyszukiwanie na podstawie hipotez i poj",published,102,93,pending-export,pending-export,pending-export,pending-export,pending-export,pending-export,pending-export,pending-export,pending-export,pending-export,lang:pl,2026-09-23,keep
/pl/dla-nieruchomosci,use-case-lander,usecases,pl,index,https://www.marqly.com/pl/dla-nieruchomosci,"Organizator Ofert i Badań Rynku dla Pośredników Nieruchomości | Marqly","Gromadź oferty z portali, raporty cenowe i opisy dzielnic według klientów. Zapisuj strony jako PDF, by zachować ogłoszenia po ich wygaśnięciu.",published,102,93,pending-export,pending-export,pending-export,pending-export,pending-export,pending-export,pending-export,pending-export,pending-export,pending-export,lang:pl,2026-09-23,keep
/pl/dla-pisarzy,use-case-lander,usecases,pl,index,https://www.marqly.com/pl/dla-pisarzy,"AI Baza Wiedzy &amp; Zarządzanie Cytatami dla Pisarzy | Marqly","Zapisuj materiały źródłowe, cytaty i artykuły naukowe do książek i esejów jednym kliknięciem. Znajduj właściwe źródło po mglistym wspomnieniu idei, nie przerywa",published,102,93,pending-export,pending-export,pending-export,pending-export,pending-export,pending-export,pending-export,pending-export,pending-export,pending-export,lang:pl,2026-09-23,keep
/pl/dla-prawnikow,use-case-lander,usecases,pl,index,https://www.marqly.com/pl/dla-prawnikow,"Organizator Badań Prawnych i Aktów Prawnych dla Prawników | Marqly","Uporządkuj przepisy, wytyczne i komentarze prawne z Marqly. Zakreślaj kluczowe tezy w 6 kolorach, zapisuj strony jako PDF i wyszukuj źródła według znaczenia.",published,102,93,pending-export,pending-export,pending-export,pending-export,pending-export,pending-export,pending-export,pending-export,pending-export,pending-export,lang:pl,2026-09-23,keep
/pl/dla-product-managerow,use-case-lander,usecases,pl,index,https://www.marqly.com/pl/dla-product-managerow,"Narzędzie Badawcze dla Product Managerów | Marqly","Jak PM-owie używają Marqly do zbierania analiz konkurencji, badań użytkowników i materiałów źródłowych do PRD z tagowaniem AI i wyszukiwaniem semantycznym.",published,102,93,pending-export,pending-export,pending-export,pending-export,pending-export,pending-export,pending-export,pending-export,pending-export,pending-export,lang:pl,2026-09-23,keep
/pl/dla-programistow,use-case-lander,usecases,pl,index,https://www.marqly.com/pl/dla-programistow,"Menedżer Zakładek z AI dla Programistów | Marqly","Zapisuj dokumentację, wątki GitHub Issues i odpowiedzi ze Stack Overflow jednym kliknięciem. AI automatycznie taguje i streszcza, a Ty odnajdujesz kod opisując ",published,102,93,pending-export,pending-export,pending-export,pending-export,pending-export,pending-export,pending-export,pending-export,pending-export,pending-export,lang:pl,2026-09-23,keep
/pl/dla-projektantow,use-case-lander,usecases,pl,index,https://www.marqly.com/pl/dla-projektantow,"Organizator Inspiracji Wizualnych dla Designerów | Marqly","Zbieraj referencje projektowe na tablicach, zapisuj całe strony w wiernym formacie PDF i udostępniaj moodboardy. AI automatycznie kategoryzuje materiały.",published,102,93,pending-export,pending-export,pending-export,pending-export,pending-export,pending-export,pending-export,pending-export,pending-export,pending-export,lang:pl,2026-09-23,keep
/pl/dla-rekruterow,use-case-lander,usecases,pl,index,https://www.marqly.com/pl/dla-rekruterow,"Organizator Sourcingu Kandydatów dla Rekruterów | Marqly","Zapisuj profile kandydatów, raporty płacowe i opisy stanowisk 1 kliknięciem. Automatyczne tagowanie AI i wyszukiwanie według zapamiętanych osiągnięć.",published,102,93,pending-export,pending-export,pending-export,pending-export,pending-export,pending-export,pending-export,pending-export,pending-export,pending-export,lang:pl,2026-09-23,keep
/pl/dla-sprzedazy,use-case-lander,usecases,pl,index,https://www.marqly.com/pl/dla-sprzedazy,"Organizer Wiedzy o Klientach dla Sprzedaży | Marqly","Gromadź wiedzę o prospektach, rundach finansowania i nowościach rynkowych w jednej bibliotece z tagami AI i tablicami dla każdego klienta.",published,102,93,pending-export,pending-export,pending-export,pending-export,pending-export,pending-export,pending-export,pending-export,pending-export,pending-export,lang:pl,2026-09-23,keep
/pl/dla-studentow,use-case-lander,usecases,pl,index,https://www.marqly.com/pl/dla-studentow,"Organizacja Źródeł i Badań dla Studentów | Marqly","Gromadź artykuły, zaznaczaj kluczowe tezy i znajduj cytaty do prac zaliczeniowych i dyplomowych. Zniżka studencka 48 USD w pierwszym roku.",published,102,93,pending-export,pending-export,pending-export,pending-export,pending-export,pending-export,pending-export,pending-export,pending-export,pending-export,lang:pl,2026-09-23,keep
/pl/dla-tworcow,use-case-lander,usecases,pl,index,https://www.marqly.com/pl/dla-tworcow,"AI Zakładki i Baza Inspiracji dla Twórców Treści | Marqly","Zapisuj posty z social mediów, wideo referencje, układy landing page i pomysły jednym kliknięciem. Automatyczne tagowanie AI i semantyczne wyszukiwanie podczas ",published,102,93,pending-export,pending-export,pending-export,pending-export,pending-export,pending-export,pending-export,pending-export,pending-export,pending-export,lang:pl,2026-09-23,keep
/pl/do-obejrzenia-pozniej,use-case-lander,usecases,pl,index,https://www.marqly.com/pl/do-obejrzenia-pozniej,"Zapisywanie Wideo z YouTube ze Streszczeniem AI | Marqly","Lista „Do obejrzenia” to cmentarzysko wartościowych materiałów. Marqly zapisuje wideo ze streszczeniem AI i transkrypcją, pozwalając na wyszukiwanie w treści na",published,102,93,pending-export,pending-export,pending-export,pending-export,pending-export,pending-export,pending-export,pending-export,pending-export,pending-export,lang:pl,2026-09-23,keep
/pl/do-przeczytania-pozniej,use-case-lander,usecases,pl,index,https://www.marqly.com/pl/do-przeczytania-pozniej,"Aplikacja Do Przeczytania Później ze Streszczeniami AI | Marqly","Zapisuj artykuły jednym kliknięciem i w 10 sekund oceniaj ich wartość dzięki streszczeniom AI. Koniec z wieczną listą nieprzeczytanych stron.",published,102,93,pending-export,pending-export,pending-export,pending-export,pending-export,pending-export,pending-export,pending-export,pending-export,pending-export,lang:pl,2026-09-23,keep
/pl/drugi-mozg,use-case-lander,usecases,pl,index,https://www.marqly.com/pl/drugi-mozg,"Drugi Mózg AI Bez Żmudnej Organizacji | Marqly","Większość drugich mózgów upada przez żmudne ręczne katalogowanie. Marqly automatycznie generuje streszczenia, taguje treści i wyszukuje semantycznie.",published,102,93,pending-export,pending-export,pending-export,pending-export,pending-export,pending-export,pending-export,pending-export,pending-export,pending-export,lang:pl,2026-09-23,keep
/pl/historia-schowka,use-case-lander,usecases,pl,index,https://www.marqly.com/pl/historia-schowka,"Historia Schowka dla Chrome i Edge z Wyszukiwarką | Marqly","Historia schowka Marqly zachowuje każdy fragment tekstu skopiowany w sieci: z wyszukiwaniem, tagami i przypinaniem. W rozszerzeniach dla Chrome i Edge.",published,102,93,pending-export,pending-export,pending-export,pending-export,pending-export,pending-export,pending-export,pending-export,pending-export,pending-export,lang:pl,2026-09-23,keep
/pl/kuracja-tresci,use-case-lander,usecases,pl,index,https://www.marqly.com/pl/kuracja-tresci,"Narzędzie do Kuracji Treści — Publiczne Tablice | Marqly","Gromadź artykuły i zakreślenia na tablicach tematycznych i udostępniaj je jako publiczne strony bez konieczności logowania czytelników.",published,102,93,pending-export,pending-export,pending-export,pending-export,pending-export,pending-export,pending-export,pending-export,pending-export,pending-export,lang:pl,2026-09-23,keep
/pl/lista-czytelnicza,use-case-lander,usecases,pl,index,https://www.marqly.com/pl/lista-czytelnicza,"Inteligentna Lista Artykułów na Później z AI | Marqly","Zapisujesz szybciej, niż czytasz. Dzięki streszczeniom AI i wyszukiwaniu po znaczeniu, Twoja lista 'do przeczytania' przestaje być wyrzutem sumienia, a staje si",published,102,93,pending-export,pending-export,pending-export,pending-export,pending-export,pending-export,pending-export,pending-export,pending-export,pending-export,lang:pl,2026-09-23,keep
/pl/menedzer-kart,use-case-lander,usecases,pl,index,https://www.marqly.com/pl/menedzer-kart,"Zapisywanie Wszystkich Kart Przeglądarki i Sesji | Marqly","Zbyt wiele otwartych kart spowalnia komputer? Zapisz całe okno jako sesję jednym kliknięciem, zamknij karty i zwolnij pamięć RAM. Otwórz ponownie w dowolnym mom",published,102,93,pending-export,pending-export,pending-export,pending-export,pending-export,pending-export,pending-export,pending-export,pending-export,pending-export,lang:pl,2026-09-23,keep
/pl/menedzer-zakladek-chrome,use-case-lander,usecases,pl,index,https://www.marqly.com/pl/menedzer-zakladek-chrome,"Menedżer Zakładek do Chrome z Wyszukiwaniem AI | Marqly","Zakładki w Chrome ograniczają się do folderów i tytułów. Marqly dodaje tagowanie AI, streszczenia i wyszukiwanie semantyczne w panelu bocznym. Pobierz z Chrome ",published,102,93,pending-export,pending-export,pending-export,pending-export,pending-export,pending-export,pending-export,pending-export,pending-export,pending-export,lang:pl,2026-09-23,keep
/pl/menedzer-zakladek-edge,use-case-lander,usecases,pl,index,https://www.marqly.com/pl/menedzer-zakladek-edge,"Menedżer Zakładek do Edge z Wyszukiwaniem AI | Marqly","Ulubione w Edge mają swoje ograniczenia. Dodatek Marqly do Microsoft Edge oferuje tagowanie AI, streszczenia i wyszukiwanie semantyczne w panelu bocznym.",published,102,93,pending-export,pending-export,pending-export,pending-export,pending-export,pending-export,pending-export,pending-export,pending-export,pending-export,lang:pl,2026-09-23,keep
/pl/menedzer-zakladek-firefox,use-case-lander,usecases,pl,index,https://www.marqly.com/pl/menedzer-zakladek-firefox,"Menedżer Zakładek do Firefox z Wyszukiwaniem AI | Marqly","Dodatek Marqly do Firefoksa zapisuje strony jednym kliknięciem, taguje je przez AI i odnajduje po znaczeniu. Zainstaluj z Firefox Add-ons (AMO).",published,102,93,pending-export,pending-export,pending-export,pending-export,pending-export,pending-export,pending-export,pending-export,pending-export,pending-export,lang:pl,2026-09-23,keep
/pl/menedzer-zakladek-iphone,use-case-lander,usecases,pl,index,https://www.marqly.com/pl/menedzer-zakladek-iphone,"Menedżer Zakładek na iPhone z Wyszukiwaniem AI | Marqly","Aplikacja Marqly na iOS przenosi całą Twoją bibliotekę zakładek na iPhone'a: tagi AI, streszczenia i wyszukiwanie semantyczne w kieszeni. Za darmo w App Store.",published,102,93,pending-export,pending-export,pending-export,pending-export,pending-export,pending-export,pending-export,pending-export,pending-export,pending-export,lang:pl,2026-09-23,keep
/pl/menedzer-zakladek-safari,use-case-lander,usecases,pl,index,https://www.marqly.com/pl/menedzer-zakladek-safari,"Menedżer Zakładek dla Safari i iOS z AI | Marqly","Zakładki Safari pozostają zamknięte w ekosystemie Apple. Marqly łączy rozszerzenie Safari, aplikację iOS oraz synchronizację z Chrome, Edge, Firefoxem i przeglą",published,102,93,pending-export,pending-export,pending-export,pending-export,pending-export,pending-export,pending-export,pending-export,pending-export,pending-export,lang:pl,2026-09-23,keep
/pl/nowa-karta-pulpit,use-case-lander,usecases,pl,index,https://www.marqly.com/pl/nowa-karta-pulpit,"Rozszerzenie Nowej Karty do Chrome: Osobisty Pulpit | Marqly","Zastąp pustą kartę pulpitem Marqly Home: przeszukuj całą bibliotekę, porządkuj skróty, foldery, notatki, zadania i pogodę w Chrome, Edge i Firefox.",published,102,93,pending-export,pending-export,pending-export,pending-export,pending-export,pending-export,pending-export,pending-export,pending-export,pending-export,lang:pl,2026-09-23,keep
/pl/organizacja-badan,use-case-lander,usecases,pl,index,https://www.marqly.com/pl/organizacja-badan,"Organizacja Badań i Archiwizacja Źródeł z AI | Marqly","Zapisuj publikacje naukowe, raporty branżowe i artykuły analityczne jednym kliknięciem. Automatyczne tagi AI, tablice projektowe i semantyczne przeszukiwanie tr",published,102,93,pending-export,pending-export,pending-export,pending-export,pending-export,pending-export,pending-export,pending-export,pending-export,pending-export,lang:pl,2026-09-23,keep
/pl/organizator-przepisow,use-case-lander,usecases,pl,index,https://www.marqly.com/pl/organizator-przepisow,"Zapisywanie Przepisów i Wyszukiwanie po Składnikach z AI | Marqly","Zbierz przepisy z Instagrama, TikToka, YouTube i blogów kulinarnych w jednej cyfrowej książce kucharskiej. Wyszukuj obiady według składników z lodówki za pomocą",published,102,93,pending-export,pending-export,pending-export,pending-export,pending-export,pending-export,pending-export,pending-export,pending-export,pending-export,lang:pl,2026-09-23,keep
/pl/organizator-zakladek,use-case-lander,usecases,pl,index,https://www.marqly.com/pl/organizator-zakladek,"Organizator Zakładek z Tagami AI i Szukaniem Semantycznym | Marqly","Marqly automatycznie przypisuje tagi AI do każdej zakładki i odnajduje materiały według znaczenia. Zaimportuj stare foldery i skończ z ręcznym sortowaniem.",published,102,93,pending-export,pending-export,pending-export,pending-export,pending-export,pending-export,pending-export,pending-export,pending-export,pending-export,lang:pl,2026-09-23,keep
/pl/planowanie-podrozy,use-case-lander,usecases,pl,index,https://www.marqly.com/pl/planowanie-podrozy,"Planowanie Podróży i Organizacja Wyjazdów bez Chaosu | Marqly","Porównania lotów, wybrane hotele, przewodniki i vlogi z YouTube na jednej tablicy podróżniczej. Automatyczne tagowanie AI i udostępnianie współtowarzyszom jedny",published,102,93,pending-export,pending-export,pending-export,pending-export,pending-export,pending-export,pending-export,pending-export,pending-export,pending-export,lang:pl,2026-09-23,keep
/pl/podsumowanie-youtube,use-case-lander,usecases,pl,index,https://www.marqly.com/pl/podsumowanie-youtube,"Podsumowanie YouTube AI: Skrót wideo i transkrypcja | Marqly","Marqly umieszcza kartę AI na każdej stronie filmu na YouTube: podsumowanie w czasie rzeczywistym, kluczowe sekcje, wspomniane książki i zsynchronizowaną transkr",published,102,93,pending-export,pending-export,pending-export,pending-export,pending-export,pending-export,pending-export,pending-export,pending-export,pending-export,lang:pl,2026-09-23,keep
/pl/porownanie/marqly-vs-evernote,use-case-lander,usecases,pl,index,https://www.marqly.com/pl/porownanie/marqly-vs-evernote,"Marqly vs Evernote: Ceny, Funkcje i Zastosowanie | Marqly","Evernote to rozbudowany, lecz drogi pakiet notatnika. Marqly to wyspecjalizowany menedżer zakładek z AI za $72 rocznie. Wybierz mądrze.",published,102,93,pending-export,pending-export,pending-export,pending-export,pending-export,pending-export,pending-export,pending-export,pending-export,pending-export,lang:pl,2026-09-23,keep
/pl/porownanie/marqly-vs-instapaper,use-case-lander,usecases,pl,index,https://www.marqly.com/pl/porownanie/marqly-vs-instapaper,"Marqly vs Instapaper: Czytnik czy Baza Wiedzy z AI | Marqly","Instapaper to wybitny czytnik bez rozpraszaczy z trybem offline. Marqly organizuje i odnajduje treści z pomocą AI. Rzetelne porównanie obu aplikacji.",published,102,93,pending-export,pending-export,pending-export,pending-export,pending-export,pending-export,pending-export,pending-export,pending-export,pending-export,lang:pl,2026-09-23,keep
/pl/porownanie/marqly-vs-matter,use-case-lander,usecases,pl,index,https://www.marqly.com/pl/porownanie/marqly-vs-matter,"Marqly vs Matter: Odsłuchiwanie Tekstu czy Wyszukiwanie z AI | Marqly","Matter wyróżnia się naturalnym lektorem audio i eleganckim wyglądem na iOS. Marqly zapewnia automatyczne tagowanie z AI i wyszukiwanie po sensie.",published,102,93,pending-export,pending-export,pending-export,pending-export,pending-export,pending-export,pending-export,pending-export,pending-export,pending-export,lang:pl,2026-09-23,keep
/pl/porownanie/marqly-vs-notion,use-case-lander,usecases,pl,index,https://www.marqly.com/pl/porownanie/marqly-vs-notion,"Marqly vs Notion Web Clipper: Gdzie Lepiej Zapisywać Strony? | Marqly","Notion Web Clipper jest bezpłatny, lecz gubi formatowanie i wymaga ręcznego opisywania bazy. Marqly automatycznie taguje i odnajduje treści z AI.",published,102,93,pending-export,pending-export,pending-export,pending-export,pending-export,pending-export,pending-export,pending-export,pending-export,pending-export,lang:pl,2026-09-23,keep
/pl/porownanie/marqly-vs-obsidian,use-case-lander,usecases,pl,index,https://www.marqly.com/pl/porownanie/marqly-vs-obsidian,"Marqly vs Obsidian: Lokalne Pliki Markdown czy Baza z AI | Marqly","Obsidian zapisuje strony w czystym formacie Markdown na Twoim dysku. Marqly oferuje bezobsługową klasyfikację z AI i semantyczne wyszukiwanie.",published,102,93,pending-export,pending-export,pending-export,pending-export,pending-export,pending-export,pending-export,pending-export,pending-export,pending-export,lang:pl,2026-09-23,keep
/pl/porownanie/marqly-vs-pocket,use-case-lander,usecases,pl,index,https://www.marqly.com/pl/porownanie/marqly-vs-pocket,"Marqly vs Pocket: Co Wybrać po Zamknięciu Pocket | Marqly","Pocket został oficjalnie wygaszony. Zobacz, co oferował Pocket, co potrafi Marqly z AI i jak przenieść swoje zapisane artykuły bez utraty danych.",published,102,93,pending-export,pending-export,pending-export,pending-export,pending-export,pending-export,pending-export,pending-export,pending-export,pending-export,lang:pl,2026-09-23,keep
/pl/porownanie/marqly-vs-raindrop,use-case-lander,usecases,pl,index,https://www.marqly.com/pl/porownanie/marqly-vs-raindrop,"Marqly vs Raindrop: Rzetelne porównanie 2026 | Marqly","Porównanie Marqly i Raindrop.io: ceny, semantyczne wyszukiwanie AI, automatyczne tagowanie, obsługa platform i darmowe pakiety.",published,102,93,pending-export,pending-export,pending-export,pending-export,pending-export,pending-export,pending-export,pending-export,pending-export,pending-export,lang:pl,2026-09-23,keep
/pl/porownanie/marqly-vs-readwise,use-case-lander,usecases,pl,index,https://www.marqly.com/pl/porownanie/marqly-vs-readwise,"Marqly vs Readwise Reader: Narzędzie Badawcze czy Baza Wiedzy z AI | Marqly","Readwise Reader to najbardziej zaawansowany czytnik na rynku ($119,88/rok). Marqly kosztuje $72 i skupia się na odnajdywaniu z AI. Porównaj obie usługi.",published,102,93,pending-export,pending-export,pending-export,pending-export,pending-export,pending-export,pending-export,pending-export,pending-export,pending-export,lang:pl,2026-09-23,keep
/pl/swipe-file,use-case-lander,usecases,pl,index,https://www.marqly.com/pl/swipe-file,"Aplikacja Swipe File — Zapisuj Reklamy, Copy i Landing Page | Marqly","Zapisuj skuteczne reklamy, strony docelowe i nagłówki w ułamku sekundy, zakreślaj najlepsze frazy i odnajduj przykłady opisując ich zabieg na Marqly.",published,102,93,pending-export,pending-export,pending-export,pending-export,pending-export,pending-export,pending-export,pending-export,pending-export,pending-export,lang:pl,2026-09-23,keep
/pl/synchronizacja-zakladek,use-case-lander,usecases,pl,index,https://www.marqly.com/pl/synchronizacja-zakladek,"Synchronizacja Zakładek Między Przeglądarkami i Urządzeniami | Marqly","Natywna synchronizacja ogranicza Cię do jednej przeglądarki. Marqly synchronizuje zbiory między Chrome, Edge, Firefox, Safari, webem i iOS na darmowym koncie.",published,102,93,pending-export,pending-export,pending-export,pending-export,pending-export,pending-export,pending-export,pending-export,pending-export,pending-export,lang:pl,2026-09-23,keep
/pl/szukanie-pracy,use-case-lander,usecases,pl,index,https://www.marqly.com/pl/szukanie-pracy,"Organizator Szukania Pracy — Zapisywanie Ofert i Notatki | Marqly","Zapisuj ogłoszenia o pracę zanim wygasną, gromadź notatki o pracodawcach w formie zakreśleń i odnajduj wszystko przed rozmową kwalifikacyjną.",published,102,93,pending-export,pending-export,pending-export,pending-export,pending-export,pending-export,pending-export,pending-export,pending-export,pending-export,lang:pl,2026-09-23,keep
/pl/zapisz-strone-jako-pdf,use-case-lander,usecases,pl,index,https://www.marqly.com/pl/zapisz-strone-jako-pdf,"Rozszerzenie do Zapisu Stron jako PDF — Wierne i Lokalne | Marqly","Rozszerzenie Marqly zapisuje dowolną stronę internetową jako wierny plik PDF z zachowaniem układu ekranu i zdjęć lazy-load, renderowany lokalnie.",published,102,93,pending-export,pending-export,pending-export,pending-export,pending-export,pending-export,pending-export,pending-export,pending-export,pending-export,lang:pl,2026-09-23,keep
/pl/zaznaczanie-stron-www,use-case-lander,usecases,pl,index,https://www.marqly.com/pl/zaznaczanie-stron-www,"Zakreślacz Tekstu na Stronach WWW (Rozszerzenie) | Marqly","Zaznaczaj tekst na dowolnej stronie w 6 kolorach, twórz notatki i odnajduj cytaty bez trudu. Zaznaczenia pozostają na stronach nawet po ponownym otwarciu.",published,102,93,pending-export,pending-export,pending-export,pending-export,pending-export,pending-export,pending-export,pending-export,pending-export,pending-export,lang:pl,2026-09-23,keep
/pt/alternativas/evernote,use-case-lander,usecases,pt,index,https://www.marqly.com/pt/alternativas/evernote,"Alternativas ao Evernote em 2026: mais baratas e simples | Marqly","O Evernote custa entre 99 e 249,99 USD por ano. Se você só usa para recortar páginas, há opções bem mais baratas. Comparação por caso de uso.",published,104,94,pending-export,pending-export,pending-export,pending-export,pending-export,pending-export,pending-export,pending-export,pending-export,pending-export,lang:pt,2026-09-23,keep
/pt/alternativas/instapaper,use-case-lander,usecases,pt,index,https://www.marqly.com/pt/alternativas/instapaper,"Alternativas ao Instapaper em 2026: comparação honesta | Marqly","O Instapaper é o melhor leitor puro. Quem procura alternativa quer organização, IA ou vídeo. Comparamos as opções reais conforme o seu motivo.",published,104,94,pending-export,pending-export,pending-export,pending-export,pending-export,pending-export,pending-export,pending-export,pending-export,pending-export,lang:pt,2026-09-23,keep
/pt/alternativas/notion,use-case-lander,usecases,pt,index,https://www.marqly.com/pt/alternativas/notion,"Alternativas ao Notion Web Clipper em 2026 | Marqly","Salvar links no Notion funciona até crescer. Comparamos alternativas para quem quer capturar melhor e parar de manter bancos de dados à mão.",published,104,94,pending-export,pending-export,pending-export,pending-export,pending-export,pending-export,pending-export,pending-export,pending-export,pending-export,lang:pt,2026-09-23,keep
/pt/alternativas/pocket,use-case-lander,usecases,pt,index,https://www.marqly.com/pt/alternativas/pocket,"As melhores alternativas ao Pocket em 2026 | Marqly","O Pocket fechou em julho de 2025. Comparamos as alternativas reais — Instapaper, Raindrop, Matter, Marqly — conforme o uso que você fazia dele.",published,104,94,pending-export,pending-export,pending-export,pending-export,pending-export,pending-export,pending-export,pending-export,pending-export,pending-export,lang:pt,2026-09-23,keep
/pt/alternativas/raindrop,use-case-lander,usecases,pt,index,https://www.marqly.com/pt/alternativas/raindrop,"Alternativas ao Raindrop.io em 2026: opções reais | Marqly","O Raindrop organiza coleções como ninguém, mas encontrar ainda depende das suas tags. Comparamos alternativas conforme o motivo de você estar saindo.",published,104,94,pending-export,pending-export,pending-export,pending-export,pending-export,pending-export,pending-export,pending-export,pending-export,pending-export,lang:pt,2026-09-23,keep
/pt/busca-de-emprego,use-case-lander,usecases,pt,index,https://www.marqly.com/pt/busca-de-emprego,"Organizador de Vagas e Busca de Emprego | Marqly","Salve vagas antes que expirem, registre anotações de estudo sobre empresas em destaques e encontre tudo por significado na véspera da entrevista.",published,104,94,pending-export,pending-export,pending-export,pending-export,pending-export,pending-export,pending-export,pending-export,pending-export,pending-export,lang:pt,2026-09-23,keep
/pt/comparar/marqly-vs-evernote,use-case-lander,usecases,pt,index,https://www.marqly.com/pt/comparar/marqly-vs-evernote,"Marqly vs Evernote: preço, IA e para que serve cada um | Marqly","O Evernote é uma suíte de notas completa e cara. O Marqly é um gerenciador de favoritos com IA por 72 USD/ano. Comparamos recursos, preço e casos de uso.",published,104,94,pending-export,pending-export,pending-export,pending-export,pending-export,pending-export,pending-export,pending-export,pending-export,pending-export,lang:pt,2026-09-23,keep
/pt/comparar/marqly-vs-instapaper,use-case-lander,usecases,pt,index,https://www.marqly.com/pt/comparar/marqly-vs-instapaper,"Marqly vs Instapaper: leitor puro ou biblioteca com IA | Marqly","O Instapaper é o melhor leitor sem distrações e funciona offline. O Marqly organiza e reencontra com IA. Comparamos os dois sem exagerar nenhum.",published,104,94,pending-export,pending-export,pending-export,pending-export,pending-export,pending-export,pending-export,pending-export,pending-export,pending-export,lang:pt,2026-09-23,keep
/pt/comparar/marqly-vs-matter,use-case-lander,usecases,pt,index,https://www.marqly.com/pt/comparar/marqly-vs-matter,"Marqly vs Matter: áudio e leitura no iOS ou busca com IA | Marqly","O Matter é o leitor mais polido do iOS e o melhor para ouvir artigos. O Marqly organiza com IA e busca por significado. Comparação honesta dos dois.",published,104,94,pending-export,pending-export,pending-export,pending-export,pending-export,pending-export,pending-export,pending-export,pending-export,pending-export,lang:pt,2026-09-23,keep
/pt/comparar/marqly-vs-notion,use-case-lander,usecases,pt,index,https://www.marqly.com/pt/comparar/marqly-vs-notion,"Marqly vs Notion Web Clipper: qual usar para salvar links | Marqly","O Web Clipper do Notion é grátis mas captura mal, e a organização continua sendo sua. O Marqly marca com IA e busca por significado. Comparação honesta.",published,104,94,pending-export,pending-export,pending-export,pending-export,pending-export,pending-export,pending-export,pending-export,pending-export,pending-export,lang:pt,2026-09-23,keep
/pt/comparar/marqly-vs-obsidian,use-case-lander,usecases,pt,index,https://www.marqly.com/pt/comparar/marqly-vs-obsidian,"Marqly vs Obsidian Web Clipper: arquivos locais ou IA | Marqly","O Obsidian salva a web como Markdown que é seu para sempre, de graça. O Marqly marca e busca por significado. Controle local contra automação.",published,104,94,pending-export,pending-export,pending-export,pending-export,pending-export,pending-export,pending-export,pending-export,pending-export,pending-export,lang:pt,2026-09-23,keep
/pt/comparar/marqly-vs-pocket,use-case-lander,usecases,pt,index,https://www.marqly.com/pt/comparar/marqly-vs-pocket,"Marqly vs Pocket: o que usar agora que o Pocket fechou | Marqly","O Pocket encerrou em 8 de julho de 2025 e os dados foram apagados em outubro. Comparamos o que o Pocket fazia, o que o Marqly faz e como importar seu export.",published,104,94,pending-export,pending-export,pending-export,pending-export,pending-export,pending-export,pending-export,pending-export,pending-export,pending-export,lang:pt,2026-09-23,keep
/pt/comparar/marqly-vs-raindrop,use-case-lander,usecases,pt,index,https://www.marqly.com/pt/comparar/marqly-vs-raindrop,"Marqly vs Raindrop: comparação honesta | Marqly","Comparação honesta entre Marqly e Raindrop.io, recurso a recurso: plano grátis, plataformas, busca, IA, marca-texto e preço — e o que cada um faz melhor.",published,104,95,pending-export,pending-export,pending-export,pending-export,pending-export,pending-export,pending-export,pending-export,pending-export,pending-export,lang:pt,2026-09-23,keep
/pt/comparar/marqly-vs-readwise,use-case-lander,usecases,pt,index,https://www.marqly.com/pt/comparar/marqly-vs-readwise,"Marqly vs Readwise Reader: preço e para quem é cada um | Marqly","O Readwise Reader é a ferramenta de leitura mais potente do mercado, sem plano grátis e por 119,88 USD/ano. O Marqly custa 72 USD e resolve outro problema.",published,104,94,pending-export,pending-export,pending-export,pending-export,pending-export,pending-export,pending-export,pending-export,pending-export,pending-export,lang:pt,2026-09-23,keep
/pt/curadoria-de-conteudo,use-case-lander,usecases,pt,index,https://www.marqly.com/pt/curadoria-de-conteudo,"Ferramenta de Curadoria de Conteúdo — Quadros Públicos | Marqly","Agrupe links e destaques em quadros temáticos e compartilhe como páginas públicas sem login. Curadoria digital elegante e sem atrito.",published,104,94,pending-export,pending-export,pending-export,pending-export,pending-export,pending-export,pending-export,pending-export,pending-export,pending-export,lang:pt,2026-09-23,keep
/pt/ferramentas/resumidor-de-videos-do-youtube,use-case-lander,usecases,pt,index,https://www.marqly.com/pt/ferramentas/resumidor-de-videos-do-youtube,"Resumidor de Vídeos do YouTube com IA — Grátis e em Português | Marqly","Cole o link de um vídeo do YouTube e receba um resumo com IA em texto: TL;DR e pontos principais, grátis e sem cadastro. Baseado na transcrição real do vídeo.",published,16,96,pending-export,pending-export,pending-export,pending-export,pending-export,pending-export,pending-export,pending-export,pending-export,pending-export,lang:pt,2026-09-23,keep
/pt/ferramentas/transcricao-de-video-do-youtube,use-case-lander,usecases,pt,index,https://www.marqly.com/pt/ferramentas/transcricao-de-video-do-youtube,"Transcrição de Vídeo do YouTube para Texto — Grátis | Marqly","Cole o link de um vídeo do YouTube e pegue a transcrição completa em texto, grátis e sem cadastro. Copie ou baixe com ou sem marcações de tempo.",published,11,96,pending-export,pending-export,pending-export,pending-export,pending-export,pending-export,pending-export,pending-export,pending-export,pending-export,lang:pt,2026-09-23,keep
/pt/gerenciador-favoritos-chrome,use-case-lander,usecases,pt,index,https://www.marqly.com/pt/gerenciador-favoritos-chrome,"Gerenciador de Favoritos para Chrome com Busca por IA | Marqly","Os favoritos do Chrome param em pastas e títulos. O Marqly adiciona tags automáticas por IA, resumos e busca semântica no painel lateral. Instale na Chrome Web ",published,104,94,pending-export,pending-export,pending-export,pending-export,pending-export,pending-export,pending-export,pending-export,pending-export,pending-export,lang:pt,2026-09-23,keep
/pt/gerenciador-favoritos-edge,use-case-lander,usecases,pt,index,https://www.marqly.com/pt/gerenciador-favoritos-edge,"Gerenciador de Favoritos para Edge com IA | Marqly","Os favoritos do Edge têm limitações. A extensão do Marqly para Microsoft Edge traz tags inteligentes de IA, resumos e busca semântica na barra lateral.",published,104,94,pending-export,pending-export,pending-export,pending-export,pending-export,pending-export,pending-export,pending-export,pending-export,pending-export,lang:pt,2026-09-23,keep
/pt/gerenciador-favoritos-firefox,use-case-lander,usecases,pt,index,https://www.marqly.com/pt/gerenciador-favoritos-firefox,"Gerenciador de Favoritos para Firefox com IA | Marqly","A extensão do Marqly para Firefox salva páginas em um clique, categoriza com IA e recupera por significado. Instale pelo Firefox Add-ons (AMO).",published,104,94,pending-export,pending-export,pending-export,pending-export,pending-export,pending-export,pending-export,pending-export,pending-export,pending-export,lang:pt,2026-09-23,keep
/pt/gerenciador-favoritos-iphone,use-case-lander,usecases,pt,index,https://www.marqly.com/pt/gerenciador-favoritos-iphone,"Gerenciador de Favoritos para iPhone com Busca IA | Marqly","O app do Marqly para iOS coloca sua biblioteca inteira no seu iPhone: tags de IA, resumos e busca semântica no bolso. Grátis na App Store.",published,104,94,pending-export,pending-export,pending-export,pending-export,pending-export,pending-export,pending-export,pending-export,pending-export,pending-export,lang:pt,2026-09-23,keep
/pt/gerenciador-favoritos-safari,use-case-lander,usecases,pt,index,https://www.marqly.com/pt/gerenciador-favoritos-safari,"Gerenciador de Favoritos para Safari e iOS com IA | Marqly","Os favoritos do Safari ficam presos aos dispositivos Apple. O Marqly oferece extensão para Safari, app nativo para iOS e sincronização com Chrome, Edge, Firefox",published,104,94,pending-export,pending-export,pending-export,pending-export,pending-export,pending-export,pending-export,pending-export,pending-export,pending-export,lang:pt,2026-09-23,keep
/pt/historico-da-area-de-transferencia,use-case-lander,usecases,pt,index,https://www.marqly.com/pt/historico-da-area-de-transferencia,"Histórico da Área de Transferência no Chrome e Edge com Busca | Marqly","O histórico da área de transferência do Marqly salva cada trecho copiado na web: pesquisável, com tags e fixação no topo. Disponível no Chrome e Edge.",published,104,94,pending-export,pending-export,pending-export,pending-export,pending-export,pending-export,pending-export,pending-export,pending-export,pending-export,lang:pt,2026-09-23,keep
/pt/lista-de-leitura,use-case-lander,usecases,pt,index,https://www.marqly.com/pt/lista-de-leitura,"Como ter uma lista de leitura que não vira depósito | Marqly","Toda lista de leitura cresce mais rápido do que se lê. Com resumos automáticos e busca por significado, a pilha deixa de ser um problema.",published,104,95,pending-export,pending-export,pending-export,pending-export,pending-export,pending-export,pending-export,pending-export,pending-export,pending-export,lang:pt,2026-09-23,keep
/pt/marca-texto-para-sites,use-case-lander,usecases,pt,index,https://www.marqly.com/pt/marca-texto-para-sites,"Marca-texto para sites: grife qualquer página | Marqly","Grife texto em qualquer site em 6 cores, escreva notas que continuam lá quando você volta e salve a página com um clique. Chrome, Edge, Firefox e Safari.",published,104,95,pending-export,pending-export,pending-export,pending-export,pending-export,pending-export,pending-export,pending-export,pending-export,pending-export,lang:pt,2026-09-23,keep
/pt/nova-aba,use-case-lander,usecases,pt,index,https://www.marqly.com/pt/nova-aba,"Extensão de Nova Aba para Chrome: Painel Inteligente | Marqly","Substitua a tela em branco por um painel produtivo: busque em toda sua biblioteca, organize atalhos, pastas, notas adesivas, tarefas e previsão do tempo no Chro",published,104,94,pending-export,pending-export,pending-export,pending-export,pending-export,pending-export,pending-export,pending-export,pending-export,pending-export,lang:pt,2026-09-23,keep
/pt/organizador-de-favoritos,use-case-lander,usecases,pt,index,https://www.marqly.com/pt/organizador-de-favoritos,"Organizador de Favoritos com Tags de IA e Busca Inteligente | Marqly","O Marqly classifica cada favorito automaticamente com IA e recupera qualquer link por significado, não por palavras exatas. Diga adeus às pastas manuais.",published,104,94,pending-export,pending-export,pending-export,pending-export,pending-export,pending-export,pending-export,pending-export,pending-export,pending-export,lang:pt,2026-09-23,keep
/pt/organizar-pesquisa,use-case-lander,usecases,pt,index,https://www.marqly.com/pt/organizar-pesquisa,"Como organizar a pesquisa de um projeto sem perder fontes | Marqly","Salve fontes num clique, deixe a IA marcar e resumir, agrupe cada projeto num quadro e recupere qualquer documento descrevendo com suas palavras.",published,104,95,pending-export,pending-export,pending-export,pending-export,pending-export,pending-export,pending-export,pending-export,pending-export,pending-export,lang:pt,2026-09-23,keep
/pt/organizar-receitas,use-case-lander,usecases,pt,index,https://www.marqly.com/pt/organizar-receitas,"Como organizar as receitas que você salva da internet | Marqly","Receitas espalhadas entre Instagram, prints e favoritos. Junte tudo num lugar, com tags automáticas e busca por ingrediente ou pelo que você lembra.",published,104,95,pending-export,pending-export,pending-export,pending-export,pending-export,pending-export,pending-export,pending-export,pending-export,pending-export,lang:pt,2026-09-23,keep
/pt/para-academicos,use-case-lander,usecases,pt,index,https://www.marqly.com/pt/para-academicos,"Organizador de Leitura Acadêmica para Artigos e Aulas | Marqly","Mantenha papers, materiais de aula e leituras de projetos em uma biblioteca. Destaque em 6 cores, faça triagem com resumos de IA e encontre qualquer fonte por s",published,104,94,pending-export,pending-export,pending-export,pending-export,pending-export,pending-export,pending-export,pending-export,pending-export,pending-export,lang:pt,2026-09-23,keep
/pt/para-advogados,use-case-lander,usecases,pt,index,https://www.marqly.com/pt/para-advogados,"Organizador de Pesquisa Jurídica para Advogados | Marqly","Organize jurisprudência, normativas e doutrina com o Marqly. Destaque trechos decisivos em 6 cores, salve páginas em PDF e encontre fontes por significado.",published,104,94,pending-export,pending-export,pending-export,pending-export,pending-export,pending-export,pending-export,pending-export,pending-export,pending-export,lang:pt,2026-09-23,keep
/pt/para-concurseiros,use-case-lander,usecases,pt,index,https://www.marqly.com/pt/para-concurseiros,"Organizar material de estudo para concurso | Marqly","Organize videoaulas, PDFs e links do seu edital em um só lugar. Resuma aulas longas, grife o material e ache tudo depois só descrevendo o que você lembra.",published,104,97,pending-export,pending-export,pending-export,pending-export,pending-export,pending-export,pending-export,pending-export,pending-export,pending-export,lang:pt,2026-09-23,keep
/pt/para-consultores,use-case-lander,usecases,pt,index,https://www.marqly.com/pt/para-consultores,"Organizador de Pesquisa de Clientes para Consultores | Marqly","O Marqly dá aos consultores um quadro por cliente, resumos por IA para triar relatórios e páginas compartilháveis que clientes abrem sem criar conta.",published,104,94,pending-export,pending-export,pending-export,pending-export,pending-export,pending-export,pending-export,pending-export,pending-export,pending-export,lang:pt,2026-09-23,keep
/pt/para-corretores,use-case-lander,usecases,pt,index,https://www.marqly.com/pt/para-corretores,"Organizador de Imóveis e Pesquisa de Mercado para Corretores | Marqly","Salve anúncios de portais, estudos de mercado e guias de bairros por cliente. Guarde páginas em PDF para manter comparativos mesmo se o anúncio expirar.",published,104,94,pending-export,pending-export,pending-export,pending-export,pending-export,pending-export,pending-export,pending-export,pending-export,pending-export,lang:pt,2026-09-23,keep
/pt/para-criadores-de-conteudo,use-case-lander,usecases,pt,index,https://www.marqly.com/pt/para-criadores-de-conteudo,"Organizar referências e ideias de conteúdo com IA | Marqly","Salve referências, threads, vídeos e anúncios que te inspiram. A IA marca e resume, e você acha a ideia exata na hora de criar. Plano grátis.",published,104,95,pending-export,pending-export,pending-export,pending-export,pending-export,pending-export,pending-export,pending-export,pending-export,pending-export,lang:pt,2026-09-23,keep
/pt/para-desenvolvedores,use-case-lander,usecases,pt,index,https://www.marqly.com/pt/para-desenvolvedores,"Salvar documentação, issues e snippets com IA | Marqly","Salve docs, issues do GitHub, respostas do Stack Overflow e palestras técnicas. A IA marca e resume, e você acha a solução descrevendo o problema.",published,104,96,pending-export,pending-export,pending-export,pending-export,pending-export,pending-export,pending-export,pending-export,pending-export,pending-export,lang:pt,2026-09-23,keep
/pt/para-designers,use-case-lander,usecases,pt,index,https://www.marqly.com/pt/para-designers,"Organizador de Inspiração Visual para Designers | Marqly","Colecione referências em quadros, salve páginas completas como PDF fiel e compartilhe inspiração publicamente. IA auto-etiqueta cada item salvo.",published,104,94,pending-export,pending-export,pending-export,pending-export,pending-export,pending-export,pending-export,pending-export,pending-export,pending-export,lang:pt,2026-09-23,keep
/pt/para-doutorandos,use-case-lander,usecases,pt,index,https://www.marqly.com/pt/para-doutorandos,"Ferramenta de Revisão de Literatura para Doutorandos | Marqly","Conduza a revisão bibliográfica da sua tese em um só lugar: salve papers, converse com seus artigos via IA, destaque citações e encontre dados por significado.",published,104,94,pending-export,pending-export,pending-export,pending-export,pending-export,pending-export,pending-export,pending-export,pending-export,pending-export,lang:pt,2026-09-23,keep
/pt/para-escritores,use-case-lander,usecases,pt,index,https://www.marqly.com/pt/para-escritores,"Salvar referências e pesquisa para escrever | Marqly","Salve a documentação do que você escreve, destaque o que é citável e recupere a fonte exata descrevendo. Tags e resumos automáticos com IA.",published,104,95,pending-export,pending-export,pending-export,pending-export,pending-export,pending-export,pending-export,pending-export,pending-export,pending-export,lang:pt,2026-09-23,keep
/pt/para-estudantes,use-case-lander,usecases,pt,index,https://www.marqly.com/pt/para-estudantes,"IA para estudar: extensão para estudantes | Marqly","Resuma videoaulas, salve fontes e grife suas leituras com IA. O Marqly organiza o material sozinho — e quem é estudante paga US$ 48 no primeiro ano de Pro.",published,104,97,pending-export,pending-export,pending-export,pending-export,pending-export,pending-export,pending-export,pending-export,pending-export,pending-export,lang:pt,2026-09-23,keep
/pt/para-fundadores,use-case-lander,usecases,pt,index,https://www.marqly.com/pt/para-fundadores,"Ferramenta de Pesquisa Competitiva para Founders | Marqly","Founders usam o Marqly para acompanhar concorrentes, salvar páginas de preços em PDF e pesquisar meses de dados de mercado com IA.",published,104,94,pending-export,pending-export,pending-export,pending-export,pending-export,pending-export,pending-export,pending-export,pending-export,pending-export,lang:pt,2026-09-23,keep
/pt/para-jornalistas,use-case-lander,usecases,pt,index,https://www.marqly.com/pt/para-jornalistas,"Arquivar fontes e apuração para reportagens com IA | Marqly","Salve e arquive fontes antes que mudem, destaque declarações, busque por significado e agrupe a apuração de cada pauta. Plano grátis, sem cartão.",published,104,96,pending-export,pending-export,pending-export,pending-export,pending-export,pending-export,pending-export,pending-export,pending-export,pending-export,lang:pt,2026-09-23,keep
/pt/para-marketing,use-case-lander,usecases,pt,index,https://www.marqly.com/pt/para-marketing,"Organizar referências, concorrência e campanhas com IA | Marqly","Salve landings, anúncios e concorrentes com tags automáticas, arquive como PDF antes que mudem e compartilhe quadros com equipe ou cliente.",published,104,95,pending-export,pending-export,pending-export,pending-export,pending-export,pending-export,pending-export,pending-export,pending-export,pending-export,lang:pt,2026-09-23,keep
/pt/para-pesquisadores,use-case-lander,usecases,pt,index,https://www.marqly.com/pt/para-pesquisadores,"Gerenciador de fontes com IA para pesquisadores | Marqly","Salve artigos, relatórios e vídeos, deixe a IA marcar e resumir, e encontre a fonte exata descrevendo com suas palavras. Plano grátis, sem cartão.",published,104,96,pending-export,pending-export,pending-export,pending-export,pending-export,pending-export,pending-export,pending-export,pending-export,pending-export,lang:pt,2026-09-23,keep
/pt/para-pesquisadores-ux,use-case-lander,usecases,pt,index,https://www.marqly.com/pt/para-pesquisadores-ux,"Repositório Leve de Pesquisa UX | Marqly","Um repositório ágil de UX Research: salve estudos, destaque descobertas em 6 cores e compartilhe quadros de leitura sem exigir cadastro da equipe.",published,104,94,pending-export,pending-export,pending-export,pending-export,pending-export,pending-export,pending-export,pending-export,pending-export,pending-export,lang:pt,2026-09-23,keep
/pt/para-product-managers,use-case-lander,usecases,pt,index,https://www.marqly.com/pt/para-product-managers,"Ferramenta de Pesquisa para Product Managers | Marqly","Como PMs usam o Marqly para organizar benchmarks de concorrentes, links de user research e fontes de PRD com tags e busca semântica por IA.",published,104,94,pending-export,pending-export,pending-export,pending-export,pending-export,pending-export,pending-export,pending-export,pending-export,pending-export,lang:pt,2026-09-23,keep
/pt/para-professores,use-case-lander,usecases,pt,index,https://www.marqly.com/pt/para-professores,"Organizar materiais de aula com IA | Marqly para professores","Salve recursos, vídeos e leituras para suas aulas, deixe a IA marcar tudo e compartilhe um quadro público com seus alunos sem cadastro.",published,104,95,pending-export,pending-export,pending-export,pending-export,pending-export,pending-export,pending-export,pending-export,pending-export,pending-export,lang:pt,2026-09-23,keep
/pt/para-recrutadores,use-case-lander,usecases,pt,index,https://www.marqly.com/pt/para-recrutadores,"Organizador de Sourcing de Candidatos para Recrutadores | Marqly","Organize o sourcing de candidatos com o Marqly: salve perfis e pesquisas salariais em um clique, marque trechos-chave e recupere talentos pelo que você lembra.",published,104,94,pending-export,pending-export,pending-export,pending-export,pending-export,pending-export,pending-export,pending-export,pending-export,pending-export,lang:pt,2026-09-23,keep
/pt/para-vendas,use-case-lander,usecases,pt,index,https://www.marqly.com/pt/para-vendas,"Organizador de Pesquisa de Vendas e Contas Estratégicas | Marqly","Mantenha dados de prospects, rodadas de investimento e novidades de contas em uma biblioteca com IA e quadros por oportunidade.",published,104,94,pending-export,pending-export,pending-export,pending-export,pending-export,pending-export,pending-export,pending-export,pending-export,pending-export,lang:pt,2026-09-23,keep
/pt/planejar-viagens,use-case-lander,usecases,pt,index,https://www.marqly.com/pt/planejar-viagens,"Organizar o planejamento de uma viagem sem perder links | Marqly","Voos, hospedagem, dicas e vídeos espalhados em vinte abas. Junte tudo num quadro, com tags automáticas e compartilhável por link.",published,104,95,pending-export,pending-export,pending-export,pending-export,pending-export,pending-export,pending-export,pending-export,pending-export,pending-export,lang:pt,2026-09-23,keep
/pt/resumidor-de-youtube,use-case-lander,usecases,pt,index,https://www.marqly.com/pt/resumidor-de-youtube,"Resumidor de YouTube com IA: Resumo e Transcrição na Página | Marqly","O Marqly adiciona um painel de IA em cada vídeo do YouTube: resumo em tempo real, seções principais, livros citados, transcrição sincronizada e chat com o vídeo",published,104,94,pending-export,pending-export,pending-export,pending-export,pending-export,pending-export,pending-export,pending-export,pending-export,pending-export,lang:pt,2026-09-23,keep
/pt/salvar-abas,use-case-lander,usecases,pt,index,https://www.marqly.com/pt/salvar-abas,"Salvar todas as abas abertas do Chrome | Marqly","Salve todas as abas abertas do Chrome de uma vez, feche a janela sem medo e reabra a sessão inteira quando precisar. Plano grátis, sem cartão de crédito.",published,104,95,pending-export,pending-export,pending-export,pending-export,pending-export,pending-export,pending-export,pending-export,pending-export,pending-export,lang:pt,2026-09-23,keep
/pt/salvar-pagina-como-pdf,use-case-lander,usecases,pt,index,https://www.marqly.com/pt/salvar-pagina-como-pdf,"Extensão para Salvar Página como PDF Local e Idêntico | Marqly","A extensão do Marqly salva qualquer página web como um PDF limpo com o layout exato da tela, imagens lazy-load inclusas, processado localmente no navegador.",published,104,94,pending-export,pending-export,pending-export,pending-export,pending-export,pending-export,pending-export,pending-export,pending-export,pending-export,lang:pt,2026-09-23,keep
/pt/salvar-para-ler-depois,use-case-lander,usecases,pt,index,https://www.marqly.com/pt/salvar-para-ler-depois,"App para salvar links e ler depois | Marqly","Salve links com um clique e use resumos de IA para decidir o que vale a leitura. A fila para de crescer e você acha o artigo depois, mesmo sem o título.",published,104,97,pending-export,pending-export,pending-export,pending-export,pending-export,pending-export,pending-export,pending-export,pending-export,pending-export,lang:pt,2026-09-23,keep
/pt/salvar-videos-youtube,use-case-lander,usecases,pt,index,https://www.marqly.com/pt/salvar-videos-youtube,"Salvar vídeos do YouTube e encontrar depois | Marqly","«Assistir mais tarde» é onde os vídeos vão morrer. Salve com resumo e transcrição anexada, e encontre o vídeo por algo que foi dito dentro dele.",published,104,96,pending-export,pending-export,pending-export,pending-export,pending-export,pending-export,pending-export,pending-export,pending-export,pending-export,lang:pt,2026-09-23,keep
/pt/segundo-cerebro,use-case-lander,usecases,pt,index,https://www.marqly.com/pt/segundo-cerebro,"Como montar um segundo cérebro que não exige manutenção | Marqly","A maioria dos segundos cérebros morre de manutenção. O Marqly marca e resume com IA e busca por significado, para o sistema não depender da sua disciplina.",published,104,94,pending-export,pending-export,pending-export,pending-export,pending-export,pending-export,pending-export,pending-export,pending-export,pending-export,lang:pt,2026-09-23,keep
/pt/sincronizar-favoritos,use-case-lander,usecases,pt,index,https://www.marqly.com/pt/sincronizar-favoritos,"Sincronizar Favoritos entre Dispositivos e Navegadores | Marqly","A sincronização nativa prende você a um único navegador. O Marqly sincroniza entre Chrome, Edge, Firefox, Safari, web e iOS com uma conta grátis.",published,104,94,pending-export,pending-export,pending-export,pending-export,pending-export,pending-export,pending-export,pending-export,pending-export,pending-export,lang:pt,2026-09-23,keep
/pt/swipe-file,use-case-lander,usecases,pt,index,https://www.marqly.com/pt/swipe-file,"App de Swipe File — Salve Anúncios, Copy e Páginas | Marqly","Salve anúncios, landing pages e copys assim que vê-los, destaque o gancho perfeito e encontre qualquer referência descrevendo a ideia no Marqly.",published,104,94,pending-export,pending-export,pending-export,pending-export,pending-export,pending-export,pending-export,pending-export,pending-export,pending-export,lang:pt,2026-09-23,keep
/read-it-later,use-case-lander,usecases,en,index,https://www.marqly.com/read-it-later,"Read It Later App with AI Summary Triage | Marqly","Save articles in one click, triage the backlog with AI summaries, and highlight as you read. A read it later app for people who want to get to 'later'.",published,763,182,pending-export,pending-export,pending-export,pending-export,pending-export,pending-export,pending-export,pending-export,pending-export,pending-export,,2026-09-23,keep
/reading-list,use-case-lander,usecases,en,index,https://www.marqly.com/reading-list,"Reading List App With AI Summaries &amp; Search | Marqly","One reading list for articles and videos. Marqly adds AI summaries so you can triage the backlog, and semantic search to find any save by what you remember.",published,763,181,pending-export,pending-export,pending-export,pending-export,pending-export,pending-export,pending-export,pending-export,pending-export,pending-export,,2026-09-23,keep
/recipe-organizer,use-case-lander,usecases,en,index,https://www.marqly.com/recipe-organizer,"Recipe Organizer App — Save &amp; Find Any Recipe | Marqly","Save recipes from any site, let AI tag them, and find 'that pasta with the crispy chickpeas' by describing it — Marqly searches your saves by meaning.",published,763,182,pending-export,pending-export,pending-export,pending-export,pending-export,pending-export,pending-export,pending-export,pending-export,pending-export,,2026-09-23,keep
/research-organizer,use-case-lander,usecases,en,index,https://www.marqly.com/research-organizer,"Research Organizer Tool with AI Search | Marqly","Collect sources with one click, highlight what matters, and retrieve any of it by describing what you remember. Marqly is a research organizer with AI search.",published,763,182,pending-export,pending-export,pending-export,pending-export,pending-export,pending-export,pending-export,pending-export,pending-export,pending-export,,2026-09-23,keep
/save-page-as-pdf,use-case-lander,usecases,en,index,https://www.marqly.com/save-page-as-pdf,"Save Page as PDF Extension — Exact, Local Capture | Marqly","Marqly's extension saves any webpage as a clean PDF that matches the on-screen layout — lazy-loaded images included, processed locally in your browser.",published,763,181,pending-export,pending-export,pending-export,pending-export,pending-export,pending-export,pending-export,pending-export,pending-export,pending-export,,2026-09-23,keep
/second-brain,use-case-lander,usecases,en,index,https://www.marqly.com/second-brain,"Second Brain App That Organizes Itself | Marqly","Marqly is a second brain app that skips the setup: save with one click, let AI tag and summarize everything, then find any save by describing what you recall.",published,763,183,pending-export,pending-export,pending-export,pending-export,pending-export,pending-export,pending-export,pending-export,pending-export,pending-export,,2026-09-23,keep
/swipe-file,use-case-lander,usecases,en,index,https://www.marqly.com/swipe-file,"Swipe File App — Save Ads, Copy &amp; Designs | Marqly","Save ads, landing pages, and copy the moment you see them, highlight the line that works, and find any example later by describing it. Built on Marqly.",published,763,181,pending-export,pending-export,pending-export,pending-export,pending-export,pending-export,pending-export,pending-export,pending-export,pending-export,,2026-09-23,keep
/tab-manager,use-case-lander,usecases,en,index,https://www.marqly.com/tab-manager,"Tab Manager Extension — Save All Open Tabs | Marqly","Marqly's tab saver captures every open tab in one click, tags each page with AI, and makes them all searchable by meaning — so you can finally close the window.",published,763,181,pending-export,pending-export,pending-export,pending-export,pending-export,pending-export,pending-export,pending-export,pending-export,pending-export,,2026-09-23,keep
/tr/akademisyenler-icin,use-case-lander,usecases,tr,index,https://www.marqly.com/tr/akademisyenler-icin,"Akademisyenler İçin Makale Okuma ve Literatür Düzenleyici | Marqly","Makaleleri, ders materyallerini ve araştırma kaynaklarını tek kütüphanede toplayın. 6 renkte vurgulayın, AI özetleriyle önceliklendirin ve anlamsal aramayla kay",published,102,93,pending-export,pending-export,pending-export,pending-export,pending-export,pending-export,pending-export,pending-export,pending-export,pending-export,lang:tr,2026-09-23,keep
/tr/alternatifler/evernote,use-case-lander,usecases,tr,index,https://www.marqly.com/tr/alternatifler/evernote,"2026&#39;nın En İyi Evernote Alternatifleri: Daha Ucuz ve Sade | Marqly","Evernote fiyat artışlarına karşı alternatif mi arıyorsunuz? Web kırpma ve yer imleri için Marqly, yerel notlar için Obsidian, ekipler için Notion.",published,102,93,pending-export,pending-export,pending-export,pending-export,pending-export,pending-export,pending-export,pending-export,pending-export,pending-export,lang:tr,2026-09-23,keep
/tr/alternatifler/instapaper,use-case-lander,usecases,tr,index,https://www.marqly.com/tr/alternatifler/instapaper,"2026&#39;nın En İyi Instapaper Alternatifleri | Marqly","Instapaper'dan geçiş mi arıyorsunuz? Marqly, Readwise Reader ve Matter araçlarını inceleyin: okuma kalitesi, yapay zeka arama ve video desteğini karşılaştırın.",published,102,93,pending-export,pending-export,pending-export,pending-export,pending-export,pending-export,pending-export,pending-export,pending-export,pending-export,lang:tr,2026-09-23,keep
/tr/alternatifler/notion,use-case-lander,usecases,tr,index,https://www.marqly.com/tr/alternatifler/notion,"Notion Web Clipper Alternatifleri (2026 Güncel) | Marqly","Notion'a tüm bağlantıları kaydetmek veritabanlarını çöplüğe dönüştürür. Yapay zeka ile otomatik etiketleme ve anlamsal arama sunan Marqly'ye geçin.",published,102,93,pending-export,pending-export,pending-export,pending-export,pending-export,pending-export,pending-export,pending-export,pending-export,pending-export,lang:tr,2026-09-23,keep
/tr/alternatifler/pocket,use-case-lander,usecases,tr,index,https://www.marqly.com/tr/alternatifler/pocket,"2026&#39;nın En İyi Pocket Alternatifleri | Marqly","Pocket kapandıktan sonra geçebileceğiniz en iyi alternatifler: Instapaper, Raindrop, Matter ve Marqly. Okuma, arşivleme veya yapay zeka aramasına göre karşılaşt",published,102,93,pending-export,pending-export,pending-export,pending-export,pending-export,pending-export,pending-export,pending-export,pending-export,pending-export,lang:tr,2026-09-23,keep
/tr/alternatifler/raindrop,use-case-lander,usecases,tr,index,https://www.marqly.com/tr/alternatifler/raindrop,"2026&#39;nın En İyi Raindrop.io Alternatifleri — Marqly","Raindrop.io yerine kullanabileceğiniz en iyi araçlar: Manuel klasör yorgunluğu, yapay zeka ile anlamsal arama ve YouTube özetleri açısından karşılaştırma.",published,102,93,pending-export,pending-export,pending-export,pending-export,pending-export,pending-export,pending-export,pending-export,pending-export,pending-export,lang:tr,2026-09-23,keep
/tr/arastirma-duzenleyici,use-case-lander,usecases,tr,index,https://www.marqly.com/tr/arastirma-duzenleyici,"Akademik ve Sektörel Araştırma Kaynakları Düzenleme | Marqly","Akademik makaleleri, sektör raporlarını ve analiz yazılarını tek tıkla kaydedin. Yapay zeka etiketleri, projeye özel panolar ve tam metin anlamsal arama.",published,102,93,pending-export,pending-export,pending-export,pending-export,pending-export,pending-export,pending-export,pending-export,pending-export,pending-export,lang:tr,2026-09-23,keep
/tr/arastirmacilar-icin,use-case-lander,usecases,tr,index,https://www.marqly.com/tr/arastirmacilar-icin,"Araştırmacılar İçin Yapay Zekalı Makale ve Kaynak Yönetimi | Marqly","Akademik makaleleri, analiz raporlarını ve video konferansları tek tıkla toplayın. Yapay zeka özetler ve etiketler; makale adını unutsanız bile savunduğu argüma",published,102,93,pending-export,pending-export,pending-export,pending-export,pending-export,pending-export,pending-export,pending-export,pending-export,pending-export,lang:tr,2026-09-23,keep
/tr/avukatlar-icin,use-case-lander,usecases,tr,index,https://www.marqly.com/tr/avukatlar-icin,"Avukatlar İçin Hukuki Araştırma ve Mevzuat Düzenleyici | Marqly","Mevzuat, tebliğler ve hukuki makaleleri Marqly ile düzenleyin. 6 renkte vurgulama yapın, sayfaları temiz PDF olarak kaydedin ve anlamsal aramayla kaynakları anı",published,102,93,pending-export,pending-export,pending-export,pending-export,pending-export,pending-export,pending-export,pending-export,pending-export,pending-export,lang:tr,2026-09-23,keep
/tr/chrome-yer-imi-yoneticisi,use-case-lander,usecases,tr,index,https://www.marqly.com/tr/chrome-yer-imi-yoneticisi,"Chrome için Yer İmi Yöneticisi ve Yapay Zeka Araması | Marqly","Chrome yer imleri sadece klasörler ve başlık araması sunar. Marqly yan panelde yapay zeka etiketleri, özetler ve anlamsal arama sağlar. Chrome Web Mağazası'nda ",published,102,93,pending-export,pending-export,pending-export,pending-export,pending-export,pending-export,pending-export,pending-export,pending-export,pending-export,lang:tr,2026-09-23,keep
/tr/daha-sonra-izle,use-case-lander,usecases,tr,index,https://www.marqly.com/tr/daha-sonra-izle,"Yapay Zeka Özetiyle YouTube Videolarını Kaydet | Marqly","«Daha sonra izle» listeleri videoların unutulduğu yerdir. Marqly videoları otomatik yapay zeka özeti ve transkriptle kaydeder; konuşulan kelimelerle aramanızı s",published,102,93,pending-export,pending-export,pending-export,pending-export,pending-export,pending-export,pending-export,pending-export,pending-export,pending-export,lang:tr,2026-09-23,keep
/tr/daha-sonra-oku,use-case-lander,usecases,tr,index,https://www.marqly.com/tr/daha-sonra-oku,"Yapay Zeka Özetli Daha Sonra Oku Uygulaması | Marqly","Makaleleri tek tıkla kaydedin, yapay zeka özetiyle 10 saniyede değerini anlayın. Biriken okuma listesi stresine son verin ve anlamla arayın.",published,102,93,pending-export,pending-export,pending-export,pending-export,pending-export,pending-export,pending-export,pending-export,pending-export,pending-export,lang:tr,2026-09-23,keep
/tr/danismanlar-icin,use-case-lander,usecases,tr,index,https://www.marqly.com/tr/danismanlar-icin,"Danışmanlar İçin Müşteri Araştırma Düzenleyici | Marqly","Danışmanlara her müşteri için ayrı bir pano, sektör raporlarını hızlıca taramak için yapay zeka özetleri ve müşterilerin hesap açmadan görebileceği panolar suna",published,102,93,pending-export,pending-export,pending-export,pending-export,pending-export,pending-export,pending-export,pending-export,pending-export,pending-export,lang:tr,2026-09-23,keep
/tr/doktora-ogrencileri-icin,use-case-lander,usecases,tr,index,https://www.marqly.com/tr/doktora-ogrencileri-icin,"Doktora Öğrencileri İçin Literatür Taraması Aracı | Marqly","Tezinizin literatür taramasını tek kütüphanede yürütün: makaleleri kaydedin, yapay zekayla kaynaklarınızla sohbet edin, 6 renkte vurgulayın ve anlamla arayın.",published,102,93,pending-export,pending-export,pending-export,pending-export,pending-export,pending-export,pending-export,pending-export,pending-export,pending-export,lang:tr,2026-09-23,keep
/tr/edge-yer-imi-yoneticisi,use-case-lander,usecases,tr,index,https://www.marqly.com/tr/edge-yer-imi-yoneticisi,"Edge için Yer İmi Yöneticisi ve Yapay Zeka | Marqly","Edge sık kullanılanları yetersiz kalır. Microsoft Edge için Marqly eklentisi yapay zeka etiketleri, özetler ve yan panelde anlamsal arama sunar.",published,102,93,pending-export,pending-export,pending-export,pending-export,pending-export,pending-export,pending-export,pending-export,pending-export,pending-export,lang:tr,2026-09-23,keep
/tr/emlakcilar-icin,use-case-lander,usecases,tr,index,https://www.marqly.com/tr/emlakcilar-icin,"Emlakçılar İçin İlan ve Pazar Araştırması Düzenleyici | Marqly","Portallardaki ilanları, piyasa raporlarını ve bölge analizlerini müşteri bazında toplayın. Satılan ilanları PDF olarak kaydederek arşivinizi koruyun.",published,102,93,pending-export,pending-export,pending-export,pending-export,pending-export,pending-export,pending-export,pending-export,pending-export,pending-export,lang:tr,2026-09-23,keep
/tr/firefox-yer-imi-yoneticisi,use-case-lander,usecases,tr,index,https://www.marqly.com/tr/firefox-yer-imi-yoneticisi,"Firefox için Yer İmi Yöneticisi ve Yapay Zeka | Marqly","Marqly'nin Firefox eklentisi sayfaları tek tıkla kaydeder, yapay zeka ile etiketler ve anlamıyla bulur. Firefox Add-ons (AMO) üzerinden ücretsiz yükleyin.",published,102,93,pending-export,pending-export,pending-export,pending-export,pending-export,pending-export,pending-export,pending-export,pending-export,pending-export,lang:tr,2026-09-23,keep
/tr/gazeteciler-icin,use-case-lander,usecases,tr,index,https://www.marqly.com/tr/gazeteciler-icin,"Gazeteciler İçin AI Kaynak ve Haber Arşivleme Sistemi | Marqly","Resmi açıklamaları, istatistikleri ve haber kaynaklarını sessizce değiştirilmeden veya silinmeden önce tam arşivleyin. Vurgulama ve yapay zeka transkriptiyle ge",published,102,93,pending-export,pending-export,pending-export,pending-export,pending-export,pending-export,pending-export,pending-export,pending-export,pending-export,lang:tr,2026-09-23,keep
/tr/gelistiriciler-icin,use-case-lander,usecases,tr,index,https://www.marqly.com/tr/gelistiriciler-icin,"Geliştiriciler ve Mühendisler İçin Yer İmi Yöneticisi | Marqly","GitHub sorunlarını, Stack Overflow yanıtlarını, teknik dokümantasyonları ve video konuşmalarını tek tıkla kaydedin. Yapay zeka etiketler, sorunu kendi kelimeler",published,102,93,pending-export,pending-export,pending-export,pending-export,pending-export,pending-export,pending-export,pending-export,pending-export,pending-export,lang:tr,2026-09-23,keep
/tr/icerik-kurasyonu,use-case-lander,usecases,tr,index,https://www.marqly.com/tr/icerik-kurasyonu,"İçerik Kurasyonu Aracı — Üyeliksiz Paylaşılabilir Panolar | Marqly","Seçkin makaleleri ve vurguladığınız alıntıları tematik panolarda toplayın, okurlarınızla üyelik zorunluluğu olmayan temiz web sayfaları olarak paylaşın.",published,102,93,pending-export,pending-export,pending-export,pending-export,pending-export,pending-export,pending-export,pending-export,pending-export,pending-export,lang:tr,2026-09-23,keep
/tr/icerik-ureticileri-icin,use-case-lander,usecases,tr,index,https://www.marqly.com/tr/icerik-ureticileri-icin,"İçerik Üreticileri İçin AI Yer İmi ve Fikir Kütüphanesi | Marqly","Sosyal medya paylaşımlarını, YouTube videolarını, açılış sayfası tasarımlarını ve içerik fikirlerini tek tıkla kaydedin. AI otomatik etiketleme ile üretim anınd",published,102,93,pending-export,pending-export,pending-export,pending-export,pending-export,pending-export,pending-export,pending-export,pending-export,pending-export,lang:tr,2026-09-23,keep
/tr/ikinci-beyin,use-case-lander,usecases,tr,index,https://www.marqly.com/tr/ikinci-beyin,"Bakım Gerektirmeyen Yapay Zeka İkinci Beyin | Marqly","Pek çok ikinci beyin sistemi manuel düzenleme yükü yüzünden terk edilir. Marqly yapay zeka ile özetler, etiketler ve anlamla arama yaparak klasör yükünü ortadan",published,102,93,pending-export,pending-export,pending-export,pending-export,pending-export,pending-export,pending-export,pending-export,pending-export,pending-export,lang:tr,2026-09-23,keep
/tr/iphone-yer-imi-yoneticisi,use-case-lander,usecases,tr,index,https://www.marqly.com/tr/iphone-yer-imi-yoneticisi,"iPhone için Yer İmi Yöneticisi ve Yapay Zeka | Marqly","Marqly iOS uygulaması tüm yer imi kütüphanenizi iPhone'unuza taşır: yapay zeka etiketleri, özetler ve anlamsal arama cebinizde. App Store'da ücretsiz.",published,102,93,pending-export,pending-export,pending-export,pending-export,pending-export,pending-export,pending-export,pending-export,pending-export,pending-export,lang:tr,2026-09-23,keep
/tr/is-arama-duzenleyici,use-case-lander,usecases,tr,index,https://www.marqly.com/tr/is-arama-duzenleyici,"İş Arama Düzenleyici — İlan Kaydetme ve Mülakat Notları | Marqly","Yayından kalkan iş ilanlarını kaybolmadan saklayın, şirket araştırmalarını web vurgularıyla notlandırın ve mülakat öncesi aradığınız her şeyi anında bulun.",published,102,93,pending-export,pending-export,pending-export,pending-export,pending-export,pending-export,pending-export,pending-export,pending-export,pending-export,lang:tr,2026-09-23,keep
/tr/ise-alim-uzmanlari-icin,use-case-lander,usecases,tr,index,https://www.marqly.com/tr/ise-alim-uzmanlari-icin,"İşe Alım Uzmanları İçin Aday Sourcing ve Araştırma Düzenleyici | Marqly","Aday profillerini, ücret araştırmalarını ve rol kriterlerini tek tıkla kaydedin. Yapay zeka ile otomatik etiketleyin ve hatırladığınız yetkinliklerle adayları b",published,102,93,pending-export,pending-export,pending-export,pending-export,pending-export,pending-export,pending-export,pending-export,pending-export,pending-export,lang:tr,2026-09-23,keep
/tr/karsilastirma/marqly-vs-evernote,use-case-lander,usecases,tr,index,https://www.marqly.com/tr/karsilastirma/marqly-vs-evernote,"Marqly vs Evernote: Fiyatlar, Yapay Zeka ve Hangisi Size Uygun? | Marqly","Evernote kapsamlı ama pahalı bir not paketi. Marqly ise yıllık 72$'a yapay zekalı bir yer imi yöneticisi. Özellik ve fiyatları tarafsızca kıyaslayın.",published,102,93,pending-export,pending-export,pending-export,pending-export,pending-export,pending-export,pending-export,pending-export,pending-export,pending-export,lang:tr,2026-09-23,keep
/tr/karsilastirma/marqly-vs-instapaper,use-case-lander,usecases,tr,index,https://www.marqly.com/tr/karsilastirma/marqly-vs-instapaper,"Marqly vs Instapaper: Saf Okuyucu mu Yapay Zeka Kütüphanesi mi | Marqly","Dikkat dağıtmayan tipografi ve çevrimdışı okuma için Instapaper; yapay zeka ile otomatik etiketleme ve anlamsal arama için Marqly. Tarafsız karşılaştırma.",published,102,93,pending-export,pending-export,pending-export,pending-export,pending-export,pending-export,pending-export,pending-export,pending-export,pending-export,lang:tr,2026-09-23,keep
/tr/karsilastirma/marqly-vs-matter,use-case-lander,usecases,tr,index,https://www.marqly.com/tr/karsilastirma/marqly-vs-matter,"Marqly vs Matter: Sesli Okuma mı Yapay Zekalı Arama mı | Marqly","Matter iOS'ta doğal sesli okuma ve şık bir arayüz sunar. Marqly yapay zeka ile otomatik etiketleme ve anlamsal arama sağlar. İki aracı karşılaştırın.",published,102,93,pending-export,pending-export,pending-export,pending-export,pending-export,pending-export,pending-export,pending-export,pending-export,pending-export,lang:tr,2026-09-23,keep
/tr/karsilastirma/marqly-vs-notion,use-case-lander,usecases,tr,index,https://www.marqly.com/tr/karsilastirma/marqly-vs-notion,"Marqly vs Notion Web Clipper: Web Sayfası Kaydetmek İçin Hangisi? | Marqly","Notion Web Clipper ücretsizdir ancak biçimlendirmeyi bozar ve el ile yönetim gerektirir. Marqly yapay zekayla otomatik etiketler ve anında bulur.",published,102,93,pending-export,pending-export,pending-export,pending-export,pending-export,pending-export,pending-export,pending-export,pending-export,pending-export,lang:tr,2026-09-23,keep
/tr/karsilastirma/marqly-vs-obsidian,use-case-lander,usecases,tr,index,https://www.marqly.com/tr/karsilastirma/marqly-vs-obsidian,"Marqly vs Obsidian: Yerel Markdown Dosyaları mı Yapay Zeka Kütüphanesi mi | Marqly","Obsidian sayfaları kalıcı olarak kendi diskinizde Markdown olarak tutar. Marqly ise yapay zekayla sıfır bakım gerektiren otomatik düzenleme ve arama sunar.",published,102,93,pending-export,pending-export,pending-export,pending-export,pending-export,pending-export,pending-export,pending-export,pending-export,pending-export,lang:tr,2026-09-23,keep
/tr/karsilastirma/marqly-vs-pocket,use-case-lander,usecases,tr,index,https://www.marqly.com/tr/karsilastirma/marqly-vs-pocket,"Marqly vs Pocket: Kapsamlı Karşılaştırma ve İçe Aktarma | Marqly","Pocket kapandıktan sonra nereye geçmeli? Pocket'ın özellikleri ile Marqly'nin yapay zeka gücünü kıyaslayın ve Pocket yedeğinizi kolayca içe aktarın.",published,102,93,pending-export,pending-export,pending-export,pending-export,pending-export,pending-export,pending-export,pending-export,pending-export,pending-export,lang:tr,2026-09-23,keep
/tr/karsilastirma/marqly-vs-raindrop,use-case-lander,usecases,tr,index,https://www.marqly.com/tr/karsilastirma/marqly-vs-raindrop,"Marqly vs Raindrop: 2026 Karşılaştırması | Marqly","Marqly ve Raindrop.io'yu fiyatlar, yapay zeka anlamsal arama, platformlar ve ücretsiz planlar açısından dürüstçe karşılaştırıyoruz.",published,102,93,pending-export,pending-export,pending-export,pending-export,pending-export,pending-export,pending-export,pending-export,pending-export,pending-export,lang:tr,2026-09-23,keep
/tr/karsilastirma/marqly-vs-readwise,use-case-lander,usecases,tr,index,https://www.marqly.com/tr/karsilastirma/marqly-vs-readwise,"Marqly vs Readwise Reader: Araştırma Okuması mı Yapay Zeka Arşivi mi | Marqly","Readwise Reader piyasanın en gelişmiş okuma aracıdır (yıllık $119,88). Marqly yıllık $72'dır ve yapay zekayla kaybolan linkleri bulur. Tarafsız karşılaştırma.",published,102,93,pending-export,pending-export,pending-export,pending-export,pending-export,pending-export,pending-export,pending-export,pending-export,pending-export,lang:tr,2026-09-23,keep
/tr/kurucular-icin,use-case-lander,usecases,tr,index,https://www.marqly.com/tr/kurucular-icin,"Girişimciler İçin Rakip Analizi ve Pazar Araştırması Aracı | Marqly","Kurucular rakiplerini izlemek, fiyatlandırma sayfalarını PDF olarak saklamak ve aylarca süren pazar araştırmalarını yapay zekayla sorgulamak için Marqly kullanı",published,102,93,pending-export,pending-export,pending-export,pending-export,pending-export,pending-export,pending-export,pending-export,pending-export,pending-export,lang:tr,2026-09-23,keep
/tr/ogrenciler-icin,use-case-lander,usecases,tr,index,https://www.marqly.com/tr/ogrenciler-icin,"Öğrenciler İçin Araştırma ve Kaynak Düzenleme | Marqly","Makaleleri, web kaynaklarını ve ders videolarını tek tıkla toplayın, önemli yerleri vurgulayın. Öğrencilere ilk yıl 48 $ indirim.",published,102,93,pending-export,pending-export,pending-export,pending-export,pending-export,pending-export,pending-export,pending-export,pending-export,pending-export,lang:tr,2026-09-23,keep
/tr/ogretmenler-icin,use-case-lander,usecases,tr,index,https://www.marqly.com/tr/ogretmenler-icin,"Öğretmenler İçin AI Ders Hazırlığı ve Eğitim Materyali Arşivi | Marqly","Ders planlarını, eğitici videoları, makaleleri ve görselleri tek tıkla kaydedin. Yapay zeka ile otomatik etiketleyin ve öğrencilere üyelik gerektirmeyen linkle ",published,102,93,pending-export,pending-export,pending-export,pending-export,pending-export,pending-export,pending-export,pending-export,pending-export,pending-export,lang:tr,2026-09-23,keep
/tr/okuma-listesi,use-case-lander,usecases,tr,index,https://www.marqly.com/tr/okuma-listesi,"Akıllı Yapay Zekalı Daha Sonra Oku Listesi | Marqly","Kaydetme hızı okuma hızını her zaman geçer. Marqly, yapay zeka özetleri ve anlamsal aramayla biriken listeleri suçluluk yaratan bir yükten kişisel kütüphaneye d",published,102,93,pending-export,pending-export,pending-export,pending-export,pending-export,pending-export,pending-export,pending-export,pending-export,pending-export,lang:tr,2026-09-23,keep
/tr/pano-gecmisi,use-case-lander,usecases,tr,index,https://www.marqly.com/tr/pano-gecmisi,"Chrome ve Edge İçin Aranabilir Pano Geçmişi Eklentisi | Marqly","Marqly Pano Geçmişi web'de kopyaladığınız her metin parçasını saklar: aranabilir, etiketlenebilir ve sabitlenebilir. Chrome ve Edge eklentilerinde.",published,102,93,pending-export,pending-export,pending-export,pending-export,pending-export,pending-export,pending-export,pending-export,pending-export,pending-export,lang:tr,2026-09-23,keep
/tr/pazarlamacilar-icin,use-case-lander,usecases,tr,index,https://www.marqly.com/tr/pazarlamacilar-icin,"Pazarlamacılar İçin AI Rakip Analizi ve Kampanya Arşivi | Marqly","Rakiplerin açılış sayfalarını, reklam stratejilerini ve fiyat güncellemelerini tek tıkla kaydedin. Sayfa değişmeden önce PDF olarak arşivleyin ve yapay zeka ile",published,102,93,pending-export,pending-export,pending-export,pending-export,pending-export,pending-export,pending-export,pending-export,pending-export,pending-export,lang:tr,2026-09-23,keep
/tr/safari-yer-imi-yoneticisi,use-case-lander,usecases,tr,index,https://www.marqly.com/tr/safari-yer-imi-yoneticisi,"Safari ve iOS için Yer İmi Yöneticisi | Marqly","Safari yer imleri Apple ekosistemine kilitli kalır. Marqly; Safari uzantısı, iOS uygulaması ve Chrome, Edge, Firefox senkronizasyonu sunar.",published,102,93,pending-export,pending-export,pending-export,pending-export,pending-export,pending-export,pending-export,pending-export,pending-export,pending-export,lang:tr,2026-09-23,keep
/tr/satis-ekipleri-icin,use-case-lander,usecases,tr,index,https://www.marqly.com/tr/satis-ekipleri-icin,"Satış Ekipleri İçin Aday Müşteri ve Şirket Araştırma Düzenleyici | Marqly","Aday müşteri araştırmalarını, yatırım haberlerini ve şirket bilgilerini tek kütüphanede toplayın. Yapay zeka etiketler, panolar her hesabı düzenler.",published,102,93,pending-export,pending-export,pending-export,pending-export,pending-export,pending-export,pending-export,pending-export,pending-export,pending-export,lang:tr,2026-09-23,keep
/tr/sayfayi-pdf-kaydet,use-case-lander,usecases,tr,index,https://www.marqly.com/tr/sayfayi-pdf-kaydet,"Sayfayı PDF Olarak Kaydetme Eklentisi — Yerel ve Birebir | Marqly","Marqly tarayıcı eklentisi her web sayfasını ekrandaki düzeni bozmadan, tembel yüklenen resimler dahil, tarayıcınızda yerel işleyerek temiz PDF kaydeder.",published,102,93,pending-export,pending-export,pending-export,pending-export,pending-export,pending-export,pending-export,pending-export,pending-export,pending-export,lang:tr,2026-09-23,keep
/tr/sekme-yoneticisi,use-case-lander,usecases,tr,index,https://www.marqly.com/tr/sekme-yoneticisi,"Tüm Açık Sekmeleri Toplu Kaydetme ve Oturum Yönetimi | Marqly","Çok fazla sekme açık ve tarayıcınız yavaşladı mı? Tek tıkla tüm sekmeleri oturum olarak kaydedin, pencereleri kapatarak RAM belleğinizi boşaltın.",published,102,93,pending-export,pending-export,pending-export,pending-export,pending-export,pending-export,pending-export,pending-export,pending-export,pending-export,lang:tr,2026-09-23,keep
/tr/seyahat-planlama,use-case-lander,usecases,tr,index,https://www.marqly.com/tr/seyahat-planlama,"Sekme Karmaşası Olmadan Seyahat Planlama ve Gezi Rehberi | Marqly","Uçak bileti karşılaştırmaları, otel alternatifleri, seyahat blogları ve YouTube vloglarını tek bir seyahat panosunda toplayın. Yol arkadaşlarınızla tek linkle p",published,102,93,pending-export,pending-export,pending-export,pending-export,pending-export,pending-export,pending-export,pending-export,pending-export,pending-export,lang:tr,2026-09-23,keep
/tr/swipe-file,use-case-lander,usecases,tr,index,https://www.marqly.com/tr/swipe-file,"Swipe File Uygulaması — Reklam, Metin ve Landing Page Saklama | Marqly","Gördüğünüz reklamları, açılış sayfalarını ve etkili metinleri hemen kaydedin, vurucu cümleyi vurgulayın ve aradığınız tekniği anlatarak anında bulun.",published,102,93,pending-export,pending-export,pending-export,pending-export,pending-export,pending-export,pending-export,pending-export,pending-export,pending-export,lang:tr,2026-09-23,keep
/tr/tarif-duzenleyici,use-case-lander,usecases,tr,index,https://www.marqly.com/tr/tarif-duzenleyici,"Yemek Tarifleri Düzenleme ve Malzemeyle Arama | Marqly","Instagram, YouTube, yemek blogları ve ekran görüntülerindeki tarifleri tek bir dijital tarif defterinde toplayın. Buzdolabındaki malzemelerle yapay zeka destekl",published,102,93,pending-export,pending-export,pending-export,pending-export,pending-export,pending-export,pending-export,pending-export,pending-export,pending-export,lang:tr,2026-09-23,keep
/tr/tasarimcilar-icin,use-case-lander,usecases,tr,index,https://www.marqly.com/tr/tasarimcilar-icin,"Tasarımcılar İçin İlham ve Referans Düzenleyici | Marqly","Tasarım referanslarını panolarda toplayın, sayfaları piksel hassasiyetinde PDF olarak arşivleyin ve paylaşın. Yapay zeka her kaydı otomatik etiketler.",published,102,93,pending-export,pending-export,pending-export,pending-export,pending-export,pending-export,pending-export,pending-export,pending-export,pending-export,lang:tr,2026-09-23,keep
/tr/urun-yoneticileri-icin,use-case-lander,usecases,tr,index,https://www.marqly.com/tr/urun-yoneticileri-icin,"Ürün Yöneticileri İçin Araştırma ve PRD Kaynak Yönetimi | Marqly","Ürün yöneticileri rakip analizlerini, kullanıcı araştırması bağlantılarını ve PRD kaynaklarını yapay zekayla nasıl etiketli ve aramaya hazır tutar?",published,102,93,pending-export,pending-export,pending-export,pending-export,pending-export,pending-export,pending-export,pending-export,pending-export,pending-export,lang:tr,2026-09-23,keep
/tr/ux-arastirmacilari-icin,use-case-lander,usecases,tr,index,https://www.marqly.com/tr/ux-arastirmacilari-icin,"Hafif UX Araştırma Havuzu Aracı | Marqly","Pratik bir kullanıcı araştırması havuzu: makaleleri kaydedin, bulguları 6 renkte vurgulayın ve ekip arkadaşlarınıza hesap açtırmadan salt okunur panolar sunun.",published,102,93,pending-export,pending-export,pending-export,pending-export,pending-export,pending-export,pending-export,pending-export,pending-export,pending-export,lang:tr,2026-09-23,keep
/tr/web-vurgulayici,use-case-lander,usecases,tr,index,https://www.marqly.com/tr/web-vurgulayici,"Web Sayfalarında Metin Vurgulama Eklentisi | Marqly","Herhangi bir web sayfasındaki önemli cümleleri 6 renkle vurgulayın ve not ekleyin. Sayfayı yeniden açtığınızda vurgularınız tam yerinde kalır.",published,102,93,pending-export,pending-export,pending-export,pending-export,pending-export,pending-export,pending-export,pending-export,pending-export,pending-export,lang:tr,2026-09-23,keep
/tr/yazarlar-icin,use-case-lander,usecases,tr,index,https://www.marqly.com/tr/yazarlar-icin,"Yazarlar ve Metin Yazarları İçin AI Araştırma ve Alıntı Arşivi | Marqly","Kitap, köşe yazısı ve makaleleriniz için gereken kaynakları tek tıkla kaydedin. AI otomatik etiketleme ve anlamsal arama ile başlığını unuttuğunuz alıntıyı zihn",published,102,93,pending-export,pending-export,pending-export,pending-export,pending-export,pending-export,pending-export,pending-export,pending-export,pending-export,lang:tr,2026-09-23,keep
/tr/yeni-sekme-panosu,use-case-lander,usecases,tr,index,https://www.marqly.com/tr/yeni-sekme-panosu,"Chrome Yeni Sekme Uzantısı: Özel Çalışma Panosu | Marqly","Boş sekmeyi Marqly Home ile değiştirin: kütüphanenizde arama yapın, hızlı bağlantıları, klasörleri, yapışkan notları, görevleri ve hava durumunu düzenleyin. Chr",published,102,93,pending-export,pending-export,pending-export,pending-export,pending-export,pending-export,pending-export,pending-export,pending-export,pending-export,lang:tr,2026-09-23,keep
/tr/yer-imi-duzenleyici,use-case-lander,usecases,tr,index,https://www.marqly.com/tr/yer-imi-duzenleyici,"Yapay Zeka Etiketli ve Akıllı Aramalı Yer İmi Düzenleyici | Marqly","Marqly her yer imini yapay zeka ile otomatik etiketler ve başlık yerine anlama göre bulur. Tarayıcınızdaki dağınık klasörleri içe aktarın ve manuel dosyalama za",published,102,93,pending-export,pending-export,pending-export,pending-export,pending-export,pending-export,pending-export,pending-export,pending-export,pending-export,lang:tr,2026-09-23,keep
/tr/yer-imi-senkronizasyonu,use-case-lander,usecases,tr,index,https://www.marqly.com/tr/yer-imi-senkronizasyonu,"Tarayıcılar Arası Yer İmi Senkronizasyonu — Chrome, Edge, Safari | Marqly","Standart senkronizasyon sizi tek tarayıcıya kilitler. Marqly; Chrome, Edge, Firefox, Safari, web ve iOS arasında ücretsiz tek hesapla eşitleme sağlar.",published,102,93,pending-export,pending-export,pending-export,pending-export,pending-export,pending-export,pending-export,pending-export,pending-export,pending-export,lang:tr,2026-09-23,keep
/tr/youtube-ozetleyici,use-case-lander,usecases,tr,index,https://www.marqly.com/tr/youtube-ozetleyici,"YouTube Video Özetleyici Yapay Zeka: Anında Özet ve Deşifre | Marqly","Marqly her YouTube video sayfasına yapay zeka kartı ekler: anında akan özet, önemli bölümler, bahsedilen kitaplar, senkronize transkript ve video ile sohbet.",published,102,93,pending-export,pending-export,pending-export,pending-export,pending-export,pending-export,pending-export,pending-export,pending-export,pending-export,lang:tr,2026-09-23,keep
/travel-planning,use-case-lander,usecases,en,index,https://www.marqly.com/travel-planning,"Travel Planning Organizer for Trip Research | Marqly","Save guides, hotels, and restaurant tips in one place, build a board per trip, and share the itinerary publicly. Marqly turns trip research into a plan.",published,763,181,pending-export,pending-export,pending-export,pending-export,pending-export,pending-export,pending-export,pending-export,pending-export,pending-export,,2026-09-23,keep
/uninstall,use-case-lander,usecases,en,index,https://www.marqly.com/uninstall,"We&#39;re sorry to see you go — Marqly","Help us improve Marqly by sharing why you uninstalled the extension.",published,1,30,pending-export,pending-export,pending-export,pending-export,pending-export,pending-export,pending-export,pending-export,pending-export,pending-export,,2026-09-23,keep
/watch-later,use-case-lander,usecases,en,index,https://www.marqly.com/watch-later,"Watch Later App for YouTube, with Transcripts | Marqly","Save YouTube videos with transcripts attached, triage the queue with AI summaries, and search your watch later list by what's actually said in the videos.",published,763,181,pending-export,pending-export,pending-export,pending-export,pending-export,pending-export,pending-export,pending-export,pending-export,pending-export,,2026-09-23,keep
/web-highlighter,use-case-lander,usecases,en,index,https://www.marqly.com/web-highlighter,"Web Highlighter: 6 Colors, Notes, Synced Library | Marqly","Highlight text on any website in six colors and add notes. Highlights persist on the page when you revisit and sync to one searchable library in Marqly.",published,763,183,pending-export,pending-export,pending-export,pending-export,pending-export,pending-export,pending-export,pending-export,pending-export,pending-export,,2026-09-23,keep
/youtube-summarizer,use-case-lander,usecases,en,index,https://www.marqly.com/youtube-summarizer,"YouTube Summarizer: AI TL;DR on the Watch Page | Marqly","Marqly puts an AI card on every YouTube watch page: streaming TL;DR, key sections, books mentioned — plus a synced transcript tab and chat with the video.",published,763,181,pending-export,pending-export,pending-export,pending-export,pending-export,pending-export,pending-export,pending-export,pending-export,pending-export,,2026-09-23,keep
/zh/bookmark-manager-for-chrome,use-case-lander,usecases,zh,index,https://www.marqly.com/zh/bookmark-manager-for-chrome,"Chrome AI书签管理器：侧边栏与语义搜索 | Marqly","Chrome自带书签仅支持文件夹与标题匹配。Marqly在侧边栏中带来AI自动打标、内容摘要与语义搜索。可从 Chrome 网上应用店免费获取。",published,102,93,pending-export,pending-export,pending-export,pending-export,pending-export,pending-export,pending-export,pending-export,pending-export,pending-export,lang:zh,2026-09-23,keep
/zh/bookmark-manager-for-edge,use-case-lander,usecases,zh,index,https://www.marqly.com/zh/bookmark-manager-for-edge,"Edge AI书签管理扩展：侧边栏与智能标签 | Marqly","Edge收藏夹局限重重。Marqly在微软Edge外接程序应用商店提供官方扩展，带来AI自动分类打标、内容精简摘要与侧边栏语义搜索。",published,102,93,pending-export,pending-export,pending-export,pending-export,pending-export,pending-export,pending-export,pending-export,pending-export,pending-export,lang:zh,2026-09-23,keep
/zh/bookmark-manager-for-firefox,use-case-lander,usecases,zh,index,https://www.marqly.com/zh/bookmark-manager-for-firefox,"Firefox AI书签管理扩展：自动打标与语义搜索 | Marqly","Marqly的Firefox扩展一键保存网页、AI自动归纳标签并支持自然语言检索。立即在 Firefox Add-ons (AMO) 官方商店免费安装。",published,102,93,pending-export,pending-export,pending-export,pending-export,pending-export,pending-export,pending-export,pending-export,pending-export,pending-export,lang:zh,2026-09-23,keep
/zh/bookmark-manager-for-iphone,use-case-lander,usecases,zh,index,https://www.marqly.com/zh/bookmark-manager-for-iphone,"iPhone AI书签管理App：移动端语义搜索 | Marqly","Marqly iOS 原生应用将整个书签库装入您的 iPhone：AI自动打标、内容精简摘要与自然语言搜索。可在 App Store 免费下载。",published,102,93,pending-export,pending-export,pending-export,pending-export,pending-export,pending-export,pending-export,pending-export,pending-export,pending-export,lang:zh,2026-09-23,keep
/zh/bookmark-manager-for-safari,use-case-lander,usecases,zh,index,https://www.marqly.com/zh/bookmark-manager-for-safari,"Safari与iOS智能书签管理器：跨平台AI同步 | Marqly","Safari书签被锁在苹果生态内。Marqly提供Safari扩展与iOS原生应用，实现与Windows、Chrome、Edge、Firefox及网页版的无缝云端同步。",published,102,93,pending-export,pending-export,pending-export,pending-export,pending-export,pending-export,pending-export,pending-export,pending-export,pending-export,lang:zh,2026-09-23,keep
/zh/bookmark-organizer,use-case-lander,usecases,zh,index,https://www.marqly.com/zh/bookmark-organizer,"智能书签整理工具 — AI自动打标与概念语义搜索 | Marqly","Marqly 为每个网页收藏自动打上AI智能标签，凭借模糊记忆中的概念而非死记标题即可找回书签。一键导入浏览器杂乱文件夹，告别手动整理。",published,102,93,pending-export,pending-export,pending-export,pending-export,pending-export,pending-export,pending-export,pending-export,pending-export,pending-export,lang:zh,2026-09-23,keep
/zh/bookmark-sync,use-case-lander,usecases,zh,index,https://www.marqly.com/zh/bookmark-sync,"跨浏览器跨设备书签同步 — Chrome, Edge, Safari, Firefox, iOS | Marqly","原生同步将您锁定在单一浏览器。Marqly 仅需一个免费账号，即可打通 Chrome、Edge、Firefox、Safari、网页版与 iOS 应用之间的书签同步。",published,102,93,pending-export,pending-export,pending-export,pending-export,pending-export,pending-export,pending-export,pending-export,pending-export,pending-export,lang:zh,2026-09-23,keep
/zh/clipboard-history,use-case-lander,usecases,zh,index,https://www.marqly.com/zh/clipboard-history,"Chrome与Edge剪贴板历史记录插件 — 可搜索·打标签·置顶 | Marqly","Marqly 剪贴板历史记录完整保留您在网页上复制的每个文本片段：支持关键词搜索、标签分类和常用置顶。支持 Chrome 与 Edge 浏览器。",published,102,93,pending-export,pending-export,pending-export,pending-export,pending-export,pending-export,pending-export,pending-export,pending-export,pending-export,lang:zh,2026-09-23,keep
/zh/content-curation,use-case-lander,usecases,zh,index,https://www.marqly.com/zh/content-curation,"内容策展工具 — 免注册公开画板与精华分享 | Marqly","将优质链接与精读高亮归纳进主题画板，一键发布为无需受众注册即可查阅的公开网页。让精选内容拥有真正的传播价值。",published,102,93,pending-export,pending-export,pending-export,pending-export,pending-export,pending-export,pending-export,pending-export,pending-export,pending-export,lang:zh,2026-09-23,keep
/zh/for-academics,use-case-lander,usecases,zh,index,https://www.marqly.com/zh/for-academics,"高校学者与科研人员学术文献研读与论文整理工具 | Marqly","将学术论文、教学讲义与课题申报资料集中管理。6色彩笔高亮精读，AI论文速读摘要，YouTube学术报告带字幕收藏，支持语义模糊检索。",published,102,93,pending-export,pending-export,pending-export,pending-export,pending-export,pending-export,pending-export,pending-export,pending-export,pending-export,lang:zh,2026-09-23,keep
/zh/for-consultants,use-case-lander,usecases,zh,index,https://www.marqly.com/zh/for-consultants,"管理咨询顾问行业调研与客户项目资料整理工具 | Marqly","每个客户专属独立画板、AI智能速读行业报告，免注册公开共享精选文献。在客户会议中凭模糊记忆秒级调取数据支撑。",published,102,93,pending-export,pending-export,pending-export,pending-export,pending-export,pending-export,pending-export,pending-export,pending-export,pending-export,lang:zh,2026-09-23,keep
/zh/for-content-creators,use-case-lander,usecases,zh,index,https://www.marqly.com/zh/for-content-creators,"内容创作者专用 AI 灵感素材库 | Marqly","一键收藏社交媒体热门帖、长视频选题、落地页文案与竞品素材。AI 自动打标、提炼核心摘要，并通过语义搜索让你在创作时随时找回灵感。",published,102,93,pending-export,pending-export,pending-export,pending-export,pending-export,pending-export,pending-export,pending-export,pending-export,pending-export,lang:zh,2026-09-23,keep
/zh/for-designers,use-case-lander,usecases,zh,index,https://www.marqly.com/zh/for-designers,"设计师灵感画板与书签管理工具 — 收藏、沉淀、秒寻 | Marqly","在画板上收集设计参考，将网页无损快照保存为高保真PDF，并支持免注册公开分享灵感。AI自动打标签，让创意永不落空。",published,102,93,pending-export,pending-export,pending-export,pending-export,pending-export,pending-export,pending-export,pending-export,pending-export,pending-export,lang:zh,2026-09-23,keep
/zh/for-developers,use-case-lander,usecases,zh,index,https://www.marqly.com/zh/for-developers,"开发者专属 AI 书签管理工具 | Marqly","一键收藏 GitHub Issue、Stack Overflow 问答、官方技术文档与技术演讲。AI 自动提取标签并生成摘要，通过描述问题即可找回解决方案。",published,102,93,pending-export,pending-export,pending-export,pending-export,pending-export,pending-export,pending-export,pending-export,pending-export,pending-export,lang:zh,2026-09-23,keep
/zh/for-founders,use-case-lander,usecases,zh,index,https://www.marqly.com/zh/for-founders,"创始人竞品情报与行业调研管理工具 | Marqly","创始人利用 Marqly 监控竞品动向，将对手定价页快照存为高保真PDF，并通过 AI 语义检索数月累积的行业情报。",published,102,93,pending-export,pending-export,pending-export,pending-export,pending-export,pending-export,pending-export,pending-export,pending-export,pending-export,lang:zh,2026-09-23,keep
/zh/for-journalists,use-case-lander,usecases,zh,index,https://www.marqly.com/zh/for-journalists,"新闻记者专属 AI 调查资料与信源存证管理 | Marqly","在官方通报、统计数据和争议发言被悄悄修改或删除前，完整留存网页证据。结合 AI 划重点与全文语义搜索，让你的报道每一个事实都经得起推敲。",published,102,93,pending-export,pending-export,pending-export,pending-export,pending-export,pending-export,pending-export,pending-export,pending-export,pending-export,lang:zh,2026-09-23,keep
/zh/for-lawyers,use-case-lander,usecases,zh,index,https://www.marqly.com/zh/for-lawyers,"律师法务法规检索与案件资料整理工具 | Marqly","专为律师与法务打造的政策法规与法律评论整理工具。6色高亮标记裁判要旨与法规条文，一键无损保存为本地PDF，语义搜索凭法律观点模糊检索。",published,102,93,pending-export,pending-export,pending-export,pending-export,pending-export,pending-export,pending-export,pending-export,pending-export,pending-export,lang:zh,2026-09-23,keep
/zh/for-marketers,use-case-lander,usecases,zh,index,https://www.marqly.com/zh/for-marketers,"市场营销人员专属 AI 竞品分析与灵感库 | Marqly","一键剪藏竞品落地页、海外广告案例、改版定价与行业研报。AI 自动提取卖点、支持完整排版 PDF 离线存档，即便竞品改版下线也能永久留存证据。",published,102,93,pending-export,pending-export,pending-export,pending-export,pending-export,pending-export,pending-export,pending-export,pending-export,pending-export,lang:zh,2026-09-23,keep
/zh/for-phd-students,use-case-lander,usecases,zh,index,https://www.marqly.com/zh/for-phd-students,"博士生文献综述工具 — 论文收藏、AI问答与概念检索 | Marqly","在单一知识库中运行博士论文文献综述：一键保存文献与预印本、与已读文献AI对话、6色高亮标记核心论据，凭借实验结论模糊检索出处。",published,102,93,pending-export,pending-export,pending-export,pending-export,pending-export,pending-export,pending-export,pending-export,pending-export,pending-export,lang:zh,2026-09-23,keep
/zh/for-product-managers,use-case-lander,usecases,zh,index,https://www.marqly.com/zh/for-product-managers,"产品经理竞品分析与PRD参考资料管理工具 | Marqly","产品经理如何使用 Marqly 高效归纳竞品拆解、用户调研材料与PRD参考文献。AI自动打标签，基于语义秒级调取。",published,102,93,pending-export,pending-export,pending-export,pending-export,pending-export,pending-export,pending-export,pending-export,pending-export,pending-export,lang:zh,2026-09-23,keep
/zh/for-real-estate,use-case-lander,usecases,zh,index,https://www.marqly.com/zh/for-real-estate,"房产经纪人房源调研与客户精选推荐整理工具 | Marqly","按客户归集房产平台房源、成交行情与学区地段资讯。一键本地保存高清PDF，房源下架后仍能永久留存对比案例，客户免注册查看。",published,102,93,pending-export,pending-export,pending-export,pending-export,pending-export,pending-export,pending-export,pending-export,pending-export,pending-export,lang:zh,2026-09-23,keep
/zh/for-recruiters,use-case-lander,usecases,zh,index,https://www.marqly.com/zh/for-recruiters,"猎头HR候选人Sourcing寻访与薪酬调研管理工具 | Marqly","一键收藏候选人主页、薪酬报告与岗位画像。AI自动归类打标签，侧边栏随时对照候选人，语义搜索凭模糊工作经历秒级调取档案。",published,102,93,pending-export,pending-export,pending-export,pending-export,pending-export,pending-export,pending-export,pending-export,pending-export,pending-export,lang:zh,2026-09-23,keep
/zh/for-researchers,use-case-lander,usecases,zh,index,https://www.marqly.com/zh/for-researchers,"学术与行业研究人员文献管理工具 | Marqly","一键收藏学术论文、技术研报与学术讲座。AI 自动提取关键论点并建立语义索引，即使忘记文献标题或作者，也能凭模糊概念秒查原文。",published,102,93,pending-export,pending-export,pending-export,pending-export,pending-export,pending-export,pending-export,pending-export,pending-export,pending-export,lang:zh,2026-09-23,keep
/zh/for-sales,use-case-lander,usecases,zh,index,https://www.marqly.com/zh/for-sales,"B2B销售潜客调研与目标客户情报整理工具 | Marqly","将目标客户的融资动态、高管发言与行业报告集中在一处。AI自动标签，每个目标客户建立独立情报画板。",published,102,93,pending-export,pending-export,pending-export,pending-export,pending-export,pending-export,pending-export,pending-export,pending-export,pending-export,lang:zh,2026-09-23,keep
/zh/for-students,use-case-lander,usecases,zh,index,https://www.marqly.com/zh/for-students,"学生论文文献收集与网页划线整理工具 | Marqly","一键收集学术博客、论文网页与公开课视频，划线高亮并自动生成AI摘要。学生专享首年48美元优惠，告别交稿前疯狂重搜资料的焦虑。",published,102,93,pending-export,pending-export,pending-export,pending-export,pending-export,pending-export,pending-export,pending-export,pending-export,pending-export,lang:zh,2026-09-23,keep
/zh/for-teachers,use-case-lander,usecases,zh,index,https://www.marqly.com/zh/for-teachers,"教师专属 AI 备课资料与教学素材库 | Marqly","一键收藏学术论文、课件插图、B站与YouTube科普视频。AI 智能归类，生成公开只读链接，让学生无需注册即可在手机上浏览精选课外资料。",published,102,93,pending-export,pending-export,pending-export,pending-export,pending-export,pending-export,pending-export,pending-export,pending-export,pending-export,lang:zh,2026-09-23,keep
/zh/for-ux-researchers,use-case-lander,usecases,zh,index,https://www.marqly.com/zh/for-ux-researchers,"UX用户研究员资料库与网页高亮管理工具 | Marqly","轻量级UX用研知识库：随读随存行业报告与论文，6色网页高亮标记核心结论，免注册公开共享只读画板。",published,102,93,pending-export,pending-export,pending-export,pending-export,pending-export,pending-export,pending-export,pending-export,pending-export,pending-export,lang:zh,2026-09-23,keep
/zh/for-writers,use-case-lander,usecases,zh,index,https://www.marqly.com/zh/for-writers,"作家与深度写作者专属 AI 资料库与引文管理 | Marqly","专为长文、专栏与书籍写作设计。一键保存文献、深度报道与网页素材。AI 自动提取核心段落与语义标签，即便忘记文章标题，也能凭记忆中的概念秒级找回引文。",published,102,93,pending-export,pending-export,pending-export,pending-export,pending-export,pending-export,pending-export,pending-export,pending-export,pending-export,lang:zh,2026-09-23,keep
/zh/job-search-organizer,use-case-lander,usecases,zh,index,https://www.marqly.com/zh/job-search-organizer,"求职面试资料管理工具 — 职位JD保存与面经调研 | Marqly","一键保存即将下架的岗位招聘JD，在目标企业技术博客与官网直接做高亮面试笔记，凭模糊印象在面试前夜秒级找回关键信息。",published,102,93,pending-export,pending-export,pending-export,pending-export,pending-export,pending-export,pending-export,pending-export,pending-export,pending-export,lang:zh,2026-09-23,keep
/zh/new-tab-dashboard,use-case-lander,usecases,zh,index,https://www.marqly.com/zh/new-tab-dashboard,"Chrome新标签页扩展：自定义生产力仪表盘 | Marqly","用Marqly Home取代空白标签页：在Chrome、Edge和Firefox中直接搜索书签库、自由排列快捷链接、便签笔记、待办事项与天气。",published,102,93,pending-export,pending-export,pending-export,pending-export,pending-export,pending-export,pending-export,pending-export,pending-export,pending-export,lang:zh,2026-09-23,keep
/zh/read-it-later,use-case-lander,usecases,zh,index,https://www.marqly.com/zh/read-it-later,"AI摘要稍后阅读与文章智能管理 | Marqly","一键收藏文章，AI摘要10秒完成价值初筛。让「稍后阅读」不再变成「永远不读」，支持自然语言瞬间唤醒历史收藏。",published,102,93,pending-export,pending-export,pending-export,pending-export,pending-export,pending-export,pending-export,pending-export,pending-export,pending-export,lang:zh,2026-09-23,keep
/zh/reading-list,use-case-lander,usecases,zh,index,https://www.marqly.com/zh/reading-list,"不再堆积的 AI 稍后阅读列表 | Marqly","收藏速度永远快于阅读速度。Marqly 通过 AI 摘要和语义搜索，将积压的待读网页从『未完成的任务清单』转化为『可随时调用的个人智库』。",published,102,93,pending-export,pending-export,pending-export,pending-export,pending-export,pending-export,pending-export,pending-export,pending-export,pending-export,lang:zh,2026-09-23,keep
/zh/recipe-organizer,use-case-lander,usecases,zh,index,https://www.marqly.com/zh/recipe-organizer,"在线美食菜谱智能管理与食材搜索 | Marqly","将散落在小红书、美食博客、视频平台和相册截图里的菜谱集中管理。AI 自动提取烹饪步骤与食材清单，按现有食材随时检索今晚吃什么。",published,102,93,pending-export,pending-export,pending-export,pending-export,pending-export,pending-export,pending-export,pending-export,pending-export,pending-export,lang:zh,2026-09-23,keep
/zh/research-organizer,use-case-lander,usecases,zh,index,https://www.marqly.com/zh/research-organizer,"学术研究与商业调研文献资料库 | Marqly","学术论文、行业白皮书、竞品报告一键收藏。按项目设立独立看板，结合 AI 全文语义检索，任何关键论据都能凭记忆秒级找回。",published,102,93,pending-export,pending-export,pending-export,pending-export,pending-export,pending-export,pending-export,pending-export,pending-export,pending-export,lang:zh,2026-09-23,keep
/zh/save-page-as-pdf,use-case-lander,usecases,zh,index,https://www.marqly.com/zh/save-page-as-pdf,"网页转PDF浏览器插件 — 1:1无损还原·本地转换 | Marqly","Marqly 浏览器扩展支持将任意网页一键保存为高保真 PDF。完美还原屏幕实际排版，完整捕获懒加载图片，并在本地浏览器秒级转换。",published,102,93,pending-export,pending-export,pending-export,pending-export,pending-export,pending-export,pending-export,pending-export,pending-export,pending-export,lang:zh,2026-09-23,keep
/zh/second-brain,use-case-lander,usecases,zh,index,https://www.marqly.com/zh/second-brain,"无需手动维护的AI第二大脑 | Marqly","绝大多数第二大脑都毁于繁琐的日常整理。Marqly利用AI自动提取摘要、智能打标签并支持语义搜索，让你的系统不再依赖自律。",published,102,93,pending-export,pending-export,pending-export,pending-export,pending-export,pending-export,pending-export,pending-export,pending-export,pending-export,lang:zh,2026-09-23,keep
/zh/swipe-file,use-case-lander,usecases,zh,index,https://www.marqly.com/zh/swipe-file,"灵感素材库应用（Swipe File）— 广告、文案与设计案例整理 | Marqly","即时捕捉惊艳的广告、落地页与营销文案。用6色彩笔标记神仙文案，日后仅需描述广告切入点即可通过语义搜索秒级调出案例。",published,102,93,pending-export,pending-export,pending-export,pending-export,pending-export,pending-export,pending-export,pending-export,pending-export,pending-export,lang:zh,2026-09-23,keep
/zh/tab-manager,use-case-lander,usecases,zh,index,https://www.marqly.com/zh/tab-manager,"Chrome多标签页一键保存与会话管理 | Marqly","浏览器打开了几十个标签页卡顿严重？一键将当前窗口的所有标签页保存为会话，清空内存，日后随时完整还原工作现场。",published,102,93,pending-export,pending-export,pending-export,pending-export,pending-export,pending-export,pending-export,pending-export,pending-export,pending-export,lang:zh,2026-09-23,keep
/zh/travel-planning,use-case-lander,usecases,zh,index,https://www.marqly.com/zh/travel-planning,"旅行规划与旅游攻略智能收藏管理 | Marqly","机票比价、酒店候选、小红书攻略、旅行 Vlog 视频集中收纳。支持生成公开旅行看板，同行好友一键查看，告别开几十个标签页的混乱。",published,102,93,pending-export,pending-export,pending-export,pending-export,pending-export,pending-export,pending-export,pending-export,pending-export,pending-export,lang:zh,2026-09-23,keep
/zh/watch-later,use-case-lander,usecases,zh,index,https://www.marqly.com/zh/watch-later,"智能保存YouTube视频与全文搜索 | Marqly","「稍后观看」往往成了视频沉没的黑洞。Marqly自动提取AI摘要和完整字幕逐字稿，支持根据视频中说过的每一句话快速反查。",published,102,93,pending-export,pending-export,pending-export,pending-export,pending-export,pending-export,pending-export,pending-export,pending-export,pending-export,lang:zh,2026-09-23,keep
/zh/web-highlighter,use-case-lander,usecases,zh,index,https://www.marqly.com/zh/web-highlighter,"网页划线与批注插件 (Chrome/Edge/Safari) | Marqly","在任意网页上划重点并添加私人笔记。提供6种颜色高亮，再次打开网页时高亮依然精准还原，并自动同步到个人知识库。",published,102,93,pending-export,pending-export,pending-export,pending-export,pending-export,pending-export,pending-export,pending-export,pending-export,pending-export,lang:zh,2026-09-23,keep
/zh/youtube-summarizer,use-case-lander,usecases,zh,index,https://www.marqly.com/zh/youtube-summarizer,"YouTube AI视频总结与字幕转录工具 | Marqly","Marqly在每个YouTube视频播放页内置AI智能卡片：实时流式摘要、关键章节、提及书单、同步逐字稿与视频对话功能。",published,102,93,pending-export,pending-export,pending-export,pending-export,pending-export,pending-export,pending-export,pending-export,pending-export,pending-export,lang:zh,2026-09-23,keep
/blog,blog,blog,en,index,https://www.marqly.com/blog,"The Marqly Blog — AI Bookmarking &amp; Second Brain Guides","Guides, comparisons, and tips on AI bookmark managers, read-it-later apps, and building a searchable second brain. From the team behind Marqly.",published,1909,216,pending-export,pending-export,pending-export,pending-export,pending-export,pending-export,pending-export,pending-export,pending-export,pending-export,,2026-09-23,keep
/blog/ai-bookmark-managers-semantic-search-compared,blog,blog,en,index,https://www.marqly.com/blog/ai-bookmark-managers-semantic-search-compared,"AI Bookmark Managers With Real Semantic Search — Marqly","Most AI bookmark managers fake semantic search with tags and filters. Here's which 8 tools actually search by meaning — and how to verify it yourself.",published,763,186,pending-export,pending-export,pending-export,pending-export,pending-export,pending-export,pending-export,pending-export,pending-export,pending-export,,2026-09-23,keep
/blog/ai-bookmark-retrieval-benchmark-2026,blog,blog,en,index,https://www.marqly.com/blog/ai-bookmark-retrieval-benchmark-2026,"AI Bookmark Retrieval Benchmark 2026 — Run the Test on Your Own Library","A reproducible 20-query protocol for testing AI bookmark search on your own library, plus what Marqly, mymind, Readwise Reader, Karakeep, and Raindrop officiall",published,763,182,pending-export,pending-export,pending-export,pending-export,pending-export,pending-export,pending-export,pending-export,pending-export,pending-export,,2026-09-23,keep
/blog/best-ai-bookmark-manager-2026,blog,blog,en,index,https://www.marqly.com/blog/best-ai-bookmark-manager-2026,"Best AI Bookmark Manager 2026 — 5 Tools Compared | Marqly","AI bookmark managers now search by meaning, auto-tag, and summarize what you save. Here's what 'AI' should actually mean — and the 5 best tools in 2026.",published,773,187,pending-export,pending-export,pending-export,pending-export,pending-export,pending-export,pending-export,pending-export,pending-export,pending-export,,2026-09-23,keep
/blog/best-free-bookmark-managers-2026,blog,blog,en,index,https://www.marqly.com/blog/best-free-bookmark-managers-2026,"Best Free Bookmark Managers 2026: 5 Real Options","Genuinely free bookmark managers in 2026 — Raindrop's free tier, Marqly free, self-hosted Linkwarden and Karakeep, and browser bookmarks, limits included.",published,10,184,pending-export,pending-export,pending-export,pending-export,pending-export,pending-export,pending-export,pending-export,pending-export,pending-export,,2026-09-23,keep
/blog/best-pocket-alternatives-2026,blog,blog,en,index,https://www.marqly.com/blog/best-pocket-alternatives-2026,"8 Best Pocket Alternatives in 2026 (Tested) — Marqly","Pocket shut down in 2025. Here are the 8 best read-it-later and bookmark alternatives for 2026, compared on AI search, import, pricing, and apps.",published,763,186,pending-export,pending-export,pending-export,pending-export,pending-export,pending-export,pending-export,pending-export,pending-export,pending-export,,2026-09-23,keep
/blog/best-read-it-later-apps-2026,blog,blog,en,index,https://www.marqly.com/blog/best-read-it-later-apps-2026,"9 Best Read-It-Later Apps in 2026 (Tested &amp; Ranked) — Marqly","The best read-it-later apps in 2026, ranked. Compare AI search, reader quality, offline, pricing and apps to find the right one for how you read.",published,768,186,pending-export,pending-export,pending-export,pending-export,pending-export,pending-export,pending-export,pending-export,pending-export,pending-export,,2026-09-23,keep
/blog/best-second-brain-apps-2026,blog,blog,en,index,https://www.marqly.com/blog/best-second-brain-apps-2026,"Best Second Brain Apps in 2026 (Compared) — Marqly","The best second brain app depends on how much upkeep you'll tolerate. Here are the 7 best second brain apps in 2026, compared honestly by type and effort.",published,3,186,pending-export,pending-export,pending-export,pending-export,pending-export,pending-export,pending-export,pending-export,pending-export,pending-export,,2026-09-23,keep
/blog/best-self-hosted-pocket-alternative,blog,blog,en,index,https://www.marqly.com/blog/best-self-hosted-pocket-alternative,"Best Self-Hosted Pocket Alternative 2026 — Marqly","The best self-hosted Pocket alternative in 2026, honestly compared: Wallabag, Karakeep, Linkwarden, and ArchiveBox — setup, search, and when a hosted app wins.",published,15,186,pending-export,pending-export,pending-export,pending-export,pending-export,pending-export,pending-export,pending-export,pending-export,pending-export,,2026-09-23,keep
/blog/best-tab-managers-2026,blog,blog,en,index,https://www.marqly.com/blog/best-tab-managers-2026,"Best Tab Managers 2026: OneTab, Toby, Workona + More","OneTab, Toby, Workona, Session Buddy, and Marqly compared honestly — workspace switchers vs tab savers, free-plan limits, and pricing verified for 2026.",published,7,184,pending-export,pending-export,pending-export,pending-export,pending-export,pending-export,pending-export,pending-export,pending-export,pending-export,,2026-09-23,keep
/blog/best-web-highlighters-2026,blog,blog,en,index,https://www.marqly.com/blog/best-web-highlighters-2026,"Best Web Highlighters 2026: 6 Tools Compared","We compared six web highlighters on persistence, colors, notes, export, and price — Marqly, Glasp, LINER, Weava, Hypothesis, and Readwise Reader. Verified.",published,3,185,pending-export,pending-export,pending-export,pending-export,pending-export,pending-export,pending-export,pending-export,pending-export,pending-export,,2026-09-23,keep
/blog/best-youtube-summarizers-2026,blog,blog,en,index,https://www.marqly.com/blog/best-youtube-summarizers-2026,"Best YouTube Summarizers 2026: 6 Tools Compared","Six YouTube summarizers compared on where the summary lives, transcripts, chat, and price — Marqly, Glasp, NoteGPT, Eightify, Recall, and the ChatGPT method.",published,1,185,pending-export,pending-export,pending-export,pending-export,pending-export,pending-export,pending-export,pending-export,pending-export,pending-export,,2026-09-23,keep
/blog/can-ai-organize-my-bookmarks-automatically,blog,blog,en,index,https://www.marqly.com/blog/can-ai-organize-my-bookmarks-automatically,"Can AI Organize My Bookmarks Automatically? (2026) — Marqly","Yes, AI can organize your bookmarks automatically by auto-tagging and summarizing each save, so you find things by meaning instead of filing them by hand.",published,7,187,pending-export,pending-export,pending-export,pending-export,pending-export,pending-export,pending-export,pending-export,pending-export,pending-export,,2026-09-23,keep
/blog/chat-with-youtube-videos,blog,blog,en,index,https://www.marqly.com/blog/chat-with-youtube-videos,"Chat With a YouTube Video: Ask AI Questions | Marqly","Yes, you can chat with a YouTube video. Ask questions and get answers grounded in the transcript, right next to the player. Here's how to set it up free.",published,12,189,pending-export,pending-export,pending-export,pending-export,pending-export,pending-export,pending-export,pending-export,pending-export,pending-export,,2026-09-23,keep
/blog/chrome-bookmarks-not-syncing-fix,blog,blog,en,index,https://www.marqly.com/blog/chrome-bookmarks-not-syncing-fix,"Chrome Bookmarks Not Syncing? 8 Real Fixes (2026) — Marqly","Chrome bookmarks not syncing? Work through 8 fixes in order — paused sync, account mismatches, sync settings, chrome://sync-internals, and a full sync reset.",published,20,188,pending-export,pending-export,pending-export,pending-export,pending-export,pending-export,pending-export,pending-export,pending-export,pending-export,,2026-09-23,keep
/blog/digital-declutter-new-year,blog,blog,en,index,https://www.marqly.com/blog/digital-declutter-new-year,"Digital Declutter Checklist: A New-Year Reset — Marqly","A practical digital declutter checklist for the new year: clear your tabs, consolidate bookmarks, triage the reading backlog, and cut subscriptions in ~2 hours.",published,16,188,pending-export,pending-export,pending-export,pending-export,pending-export,pending-export,pending-export,pending-export,pending-export,pending-export,,2026-09-23,keep
/blog/export-instagram-saved-posts,blog,blog,en,index,https://www.marqly.com/blog/export-instagram-saved-posts,"How to Export Instagram Saved Posts in 2026 — Marqly","Instagram has no export button for saves. Here's the Download Your Information route, what's actually inside saved_posts.json, and how to make those saves usabl",published,23,190,pending-export,pending-export,pending-export,pending-export,pending-export,pending-export,pending-export,pending-export,pending-export,pending-export,,2026-09-23,keep
/blog/export-reddit-saved-posts,blog,blog,en,index,https://www.marqly.com/blog/export-reddit-saved-posts,"How to Export Reddit Saved Posts in 2026 — Marqly","Export Reddit saved posts via the official data request: exact steps, what the CSV contains, the 1,000-save limit, and how to make your saves usable again.",published,5,188,pending-export,pending-export,pending-export,pending-export,pending-export,pending-export,pending-export,pending-export,pending-export,pending-export,,2026-09-23,keep
/blog/export-twitter-x-bookmarks,blog,blog,en,index,https://www.marqly.com/blog/export-twitter-x-bookmarks,"How to Export X (Twitter) Bookmarks in 2026 — Marqly","X's official data archive doesn't include bookmarks. Here's how to actually export your X (Twitter) bookmarks in 2026 — and how to keep future saves findable.",published,3,188,pending-export,pending-export,pending-export,pending-export,pending-export,pending-export,pending-export,pending-export,pending-export,pending-export,,2026-09-23,keep
/blog/export-youtube-watch-later,blog,blog,en,index,https://www.marqly.com/blog/export-youtube-watch-later,"How to Export YouTube Watch Later in 2026 — Marqly","Google Takeout excludes Watch Later from its YouTube playlists export. Here are the workarounds that still work in 2026, and why capturing forward beats archivi",published,22,190,pending-export,pending-export,pending-export,pending-export,pending-export,pending-export,pending-export,pending-export,pending-export,pending-export,,2026-09-23,keep
/blog/how-to-build-a-second-brain,blog,blog,en,index,https://www.marqly.com/blog/how-to-build-a-second-brain,"How to Build a Second Brain in 2026 (Step by Step) — Marqly","Most second-brain systems fail because they're too much work. Here's how to build one in 2026 that organizes itself — step by step, low effort.",published,763,186,pending-export,pending-export,pending-export,pending-export,pending-export,pending-export,pending-export,pending-export,pending-export,pending-export,,2026-09-23,keep
/blog/how-to-chat-with-your-saved-articles,blog,blog,en,index,https://www.marqly.com/blog/how-to-chat-with-your-saved-articles,"How to Chat With Your Saved Articles (2026) — Marqly","Chatting with your saved articles means asking questions in plain language and getting AI answers drawn from your own bookmarks, notes, and saves.",published,10,185,pending-export,pending-export,pending-export,pending-export,pending-export,pending-export,pending-export,pending-export,pending-export,pending-export,,2026-09-23,keep
/blog/how-to-export-migrate-pocket-data,blog,blog,en,index,https://www.marqly.com/blog/how-to-export-migrate-pocket-data,"How to Export &amp; Migrate Your Pocket Data (2026 Guide) — Marqly","Pocket shut down and your saves are at risk. Here's exactly how to export your Pocket data and migrate it to a new app in minutes — step by step.",published,20,186,pending-export,pending-export,pending-export,pending-export,pending-export,pending-export,pending-export,pending-export,pending-export,pending-export,,2026-09-23,keep
/blog/how-to-find-a-saved-article-you-forgot-the-title-of,blog,blog,en,index,https://www.marqly.com/blog/how-to-find-a-saved-article-you-forgot-the-title-of,"Find a Bookmark You Can&#39;t Remember (2026) — Marqly","Forgot the title of a bookmark? Use semantic AI search to describe what you remember in plain language and find any saved article by meaning, fast.",published,9,183,pending-export,pending-export,pending-export,pending-export,pending-export,pending-export,pending-export,pending-export,pending-export,pending-export,,2026-09-23,keep
/blog/how-to-get-youtube-video-transcript,blog,blog,en,index,https://www.marqly.com/blog/how-to-get-youtube-video-transcript,"How to Get a YouTube Video Transcript (3 Ways) — Marqly","Three ways to get a YouTube video transcript in 2026: the built-in Show transcript panel, transcript sites, and a one-click copy that stays synced to playback.",published,7,187,pending-export,pending-export,pending-export,pending-export,pending-export,pending-export,pending-export,pending-export,pending-export,pending-export,,2026-09-23,keep
/blog/how-to-highlight-text-on-any-website,blog,blog,en,index,https://www.marqly.com/blog/how-to-highlight-text-on-any-website,"Highlight Text on Any Website (and Keep It) | Marqly","How to highlight text on any website with a web highlighter extension — highlights persist on the page, sync to one searchable library, and never get lost.",published,21,187,pending-export,pending-export,pending-export,pending-export,pending-export,pending-export,pending-export,pending-export,pending-export,pending-export,,2026-09-23,keep
/blog/how-to-import-chrome-bookmarks-to-ai,blog,blog,en,index,https://www.marqly.com/blog/how-to-import-chrome-bookmarks-to-ai,"Import Chrome Bookmarks to an AI Manager (2026) — Marqly","Learn how to import Chrome bookmarks into an AI bookmark manager: export them to an HTML file, import it, then search your whole saved pile by meaning.",published,18,188,pending-export,pending-export,pending-export,pending-export,pending-export,pending-export,pending-export,pending-export,pending-export,pending-export,,2026-09-23,keep
/blog/how-to-organize-bookmarks,blog,blog,en,index,https://www.marqly.com/blog/how-to-organize-bookmarks,"How to Organize Bookmarks in 2026 — The Complete Guide | Marqly","Drowning in bookmarks? Here's how to organize them for good in 2026 — folders vs tags vs AI, a clean system, and how to actually find what you saved.",published,30,191,pending-export,pending-export,pending-export,pending-export,pending-export,pending-export,pending-export,pending-export,pending-export,pending-export,,2026-09-23,keep
/blog/how-to-search-bookmarks-with-ai,blog,blog,en,index,https://www.marqly.com/blog/how-to-search-bookmarks-with-ai,"How to Search Bookmarks With AI (2026) — Marqly","Searching bookmarks with AI means describing what you remember in plain language and letting semantic search find the save by meaning, not keywords.",published,763,183,pending-export,pending-export,pending-export,pending-export,pending-export,pending-export,pending-export,pending-export,pending-export,pending-export,,2026-09-23,keep
/blog/instapaper-alternatives-2026,blog,blog,en,index,https://www.marqly.com/blog/instapaper-alternatives-2026,"Best Instapaper Alternatives 2026 — Smarter Read-It-Later | Marqly","Instapaper is clean but hasn't evolved. Here are the best Instapaper alternatives in 2026 for people who want AI search, auto-tagging, and summaries.",published,20,183,pending-export,pending-export,pending-export,pending-export,pending-export,pending-export,pending-export,pending-export,pending-export,pending-export,,2026-09-23,keep
/blog/instapaper-review-2026,blog,blog,en,index,https://www.marqly.com/blog/instapaper-review-2026,"Instapaper Review 2026 — Pricing, Pros &amp; Cons | Marqly","An honest Instapaper review for 2026: the new $5.99/month pricing, what Premium adds, where the reading experience shines, and where the app shows its age.",published,6,185,pending-export,pending-export,pending-export,pending-export,pending-export,pending-export,pending-export,pending-export,pending-export,pending-export,,2026-09-23,keep
/blog/karakeep-review-2026,blog,blog,en,index,https://www.marqly.com/blog/karakeep-review-2026,"Karakeep Review 2026 — Self-Hosted Bookmarks | Marqly","An honest Karakeep review for 2026: the open-source bookmark app with AI tagging, local Ollama support, and cloud pricing — plus what running it costs you.",published,6,185,pending-export,pending-export,pending-export,pending-export,pending-export,pending-export,pending-export,pending-export,pending-export,pending-export,,2026-09-23,keep
/blog/linkwarden-review-2026,blog,blog,en,index,https://www.marqly.com/blog/linkwarden-review-2026,"Linkwarden Review 2026 — Open-Source Bookmarks | Marqly","An honest Linkwarden review for 2026: full-page archiving, $3/month cloud pricing, AI tagging, team collections — and where the open-source tool stops short.",published,6,185,pending-export,pending-export,pending-export,pending-export,pending-export,pending-export,pending-export,pending-export,pending-export,pending-export,,2026-09-23,keep
/blog/marqly-ai-vs-readwise-ghostreader,blog,blog,en,index,https://www.marqly.com/blog/marqly-ai-vs-readwise-ghostreader,"Marqly AI vs Readwise Ghostreader (2026 Head-to-Head)","Marqly AI vs Readwise Ghostreader compared head to head: library-wide semantic search, document summaries, auto-tagging, YouTube AI, UI friction, and pricing.",published,17,183,pending-export,pending-export,pending-export,pending-export,pending-export,pending-export,pending-export,pending-export,pending-export,pending-export,,2026-09-23,keep
/blog/marqly-review-2026,blog,blog,en,index,https://www.marqly.com/blog/marqly-review-2026,"Marqly Review 2026 — Features, Pricing, Pros &amp; Cons | Marqly","An honest look at Marqly in 2026: AI semantic search, auto-tagging, summaries, pricing, and who it's for (and who it isn't). Full feature breakdown.",published,5,183,pending-export,pending-export,pending-export,pending-export,pending-export,pending-export,pending-export,pending-export,pending-export,pending-export,,2026-09-23,keep
/blog/mymind-review-2026,blog,blog,en,index,https://www.marqly.com/blog/mymind-review-2026,"mymind Review 2026: Pricing, Pros &amp; Cons (3.8/5)","An honest mymind review for 2026: verified pricing, what its AI actually does, where the calm visual canvas shines, and where it falls short. Rated 3.8/5.",published,763,186,pending-export,pending-export,pending-export,pending-export,pending-export,pending-export,pending-export,pending-export,pending-export,pending-export,,2026-09-23,keep
/blog/notion-web-clipper-alternative,blog,blog,en,index,https://www.marqly.com/blog/notion-web-clipper-alternative,"Best Notion Web Clipper Alternative (2026) — Marqly","Notion's Web Clipper saves pages but has no reader or AI search. Here's the best alternative for capturing and actually finding what you read.",published,10,184,pending-export,pending-export,pending-export,pending-export,pending-export,pending-export,pending-export,pending-export,pending-export,pending-export,,2026-09-23,keep
/blog/para-method-for-bookmarks,blog,blog,en,index,https://www.marqly.com/blog/para-method-for-bookmarks,"PARA Method for Bookmarks: Setup Guide (2026) — Marqly","How to apply Tiago Forte's PARA method to bookmarks: the four categories, a working setup in five steps, where manual filing breaks down, and the AI fix.",published,2,186,pending-export,pending-export,pending-export,pending-export,pending-export,pending-export,pending-export,pending-export,pending-export,pending-export,,2026-09-23,keep
/blog/pocket-replacements-2026,blog,blog,en,index,https://www.marqly.com/blog/pocket-replacements-2026,"What Replaced Pocket? The Best Replacements in 2026 — Marqly","Mozilla shut down Pocket. Here is the definitive guide to what replaced Pocket in 2026: 7 tools tested on import compatibility, reader view, and AI search.",published,763,184,pending-export,pending-export,pending-export,pending-export,pending-export,pending-export,pending-export,pending-export,pending-export,pending-export,,2026-09-23,keep
/blog/raindrop-review-2026,blog,blog,en,index,https://www.marqly.com/blog/raindrop-review-2026,"Raindrop.io Review 2026 — Pricing, Pros &amp; Cons | Marqly","An honest Raindrop.io review for 2026: real pricing, the generous free plan, Pro's new AI features, where it shines, and where keyword search falls short.",published,4,184,pending-export,pending-export,pending-export,pending-export,pending-export,pending-export,pending-export,pending-export,pending-export,pending-export,,2026-09-23,keep
/blog/readwise-reader-review-2026,blog,blog,en,index,https://www.marqly.com/blog/readwise-reader-review-2026,"Readwise Reader Review 2026 — Pricing &amp; Verdict | Marqly","An honest Readwise Reader review for 2026: verified pricing, Ghostreader AI, highlight sync, who the $9.99/month power tool fits — and who should skip it.",published,2,184,pending-export,pending-export,pending-export,pending-export,pending-export,pending-export,pending-export,pending-export,pending-export,pending-export,,2026-09-23,keep
/blog/save-webpage-as-pdf,blog,blog,en,index,https://www.marqly.com/blog/save-webpage-as-pdf,"How to Save a Webpage as a PDF (3 Easy Ways) | Marqly","Ctrl+P works until images come out blank and text gets cut off. Three ways to save a webpage as a PDF — and how to get a copy that looks like the real page.",published,763,186,pending-export,pending-export,pending-export,pending-export,pending-export,pending-export,pending-export,pending-export,pending-export,pending-export,,2026-09-23,keep
/blog/save-youtube-videos-watch-later,blog,blog,en,index,https://www.marqly.com/blog/save-youtube-videos-watch-later,"How to Save YouTube Videos to Watch Later (2026) — Marqly","YouTube's Watch Later is a black hole. Here's how to save YouTube videos so you actually find and watch them — with tags, search, and a real system.",published,17,188,pending-export,pending-export,pending-export,pending-export,pending-export,pending-export,pending-export,pending-export,pending-export,pending-export,,2026-09-23,keep
/blog/stop-organizing-bookmarks-folders-obsolete,blog,blog,en,index,https://www.marqly.com/blog/stop-organizing-bookmarks-folders-obsolete,"Why Bookmark Folders Are Obsolete in 2026 — Marqly","Folders are dead weight in 2026. Here's the case for how to organize bookmarks without folders — save freely, let AI tag, and find anything by describing it.",published,12,188,pending-export,pending-export,pending-export,pending-export,pending-export,pending-export,pending-export,pending-export,pending-export,pending-export,,2026-09-23,keep
/blog/summarize-youtube-videos-with-ai,blog,blog,en,index,https://www.marqly.com/blog/summarize-youtube-videos-with-ai,"Summarize YouTube Videos with AI (2026 Guide) — Marqly","The fastest way to summarize YouTube videos with AI is an extension that puts the summary on the watch page itself. Here's how — plus honest alternatives.",published,763,187,pending-export,pending-export,pending-export,pending-export,pending-export,pending-export,pending-export,pending-export,pending-export,pending-export,,2026-09-23,keep
/blog/what-is-a-second-brain-app,blog,blog,en,index,https://www.marqly.com/blog/what-is-a-second-brain-app,"What Is a Second Brain App? How to Build One in 2026 — Marqly","A second brain app captures what you read and makes it searchable forever. Here's what they are, how they work, and how to build one from your bookmarks.",published,10,186,pending-export,pending-export,pending-export,pending-export,pending-export,pending-export,pending-export,pending-export,pending-export,pending-export,,2026-09-23,keep
/blog/what-is-an-ai-second-brain,blog,blog,en,index,https://www.marqly.com/blog/what-is-an-ai-second-brain,"What Is an AI Second Brain? (2026) — Marqly","An AI second brain is a searchable knowledge base that captures what you save and uses AI to organize, summarize, and answer questions across it.",published,9,186,pending-export,pending-export,pending-export,pending-export,pending-export,pending-export,pending-export,pending-export,pending-export,pending-export,,2026-09-23,keep
/blog/what-is-in-your-pocket-export-file,blog,blog,en,index,https://www.marqly.com/blog/what-is-in-your-pocket-export-file,"What&#39;s in a Pocket Export File? ZIP/CSV Explained — Marqly","Opened your Pocket export file and found a CSV? Here's exactly what's inside — URLs, titles, tags, timestamps — what's missing, and how to import it cleanly.",published,10,187,pending-export,pending-export,pending-export,pending-export,pending-export,pending-export,pending-export,pending-export,pending-export,pending-export,,2026-09-23,keep
/de/blog,blog,blog,de,index,https://www.marqly.com/de/blog,"Der Marqly Blog auf Deutsch — Lesezeichen, KI &amp; zweites Gehirn","Ratgeber und Vergleiche auf Deutsch: Lesezeichen verwalten, Später-lesen-Apps, KI-Suche und das zweite Gehirn im Browser. Vom Team hinter Marqly.",published,105,132,pending-export,pending-export,pending-export,pending-export,pending-export,pending-export,pending-export,pending-export,pending-export,pending-export,lang:de,2026-09-23,keep
/de/blog/beste-ai-lesezeichen-manager-2026,blog,blog,de,index,https://www.marqly.com/de/blog/beste-ai-lesezeichen-manager-2026,"Beste KI-Lesezeichen-Manager 2026 im Vergleich — Marqly","Moderne Lesezeichen-Manager nutzen KI für automatische Tags, Zusammenfassungen und semantische Suche. Was echte KI ausmacht und die 5 besten Tools 2026.",published,3,98,pending-export,pending-export,pending-export,pending-export,pending-export,pending-export,pending-export,pending-export,pending-export,pending-export,lang:de,2026-09-23,keep
/de/blog/beste-instapaper-alternativen-2026,blog,blog,de,index,https://www.marqly.com/de/blog/beste-instapaper-alternativen-2026,"Beste Instapaper-Alternativen 2026 — Smarte Leselisten | Marqly","Instapaper bietet ruhiges Lesen, entwickelt sich aber kaum weiter. Die besten Alternativen 2026 mit semantischer KI-Suche und automatischen Tags.",published,2,98,pending-export,pending-export,pending-export,pending-export,pending-export,pending-export,pending-export,pending-export,pending-export,pending-export,lang:de,2026-09-23,keep
/de/blog/beste-kostenlose-lesezeichen-manager-2026,blog,blog,de,index,https://www.marqly.com/de/blog/beste-kostenlose-lesezeichen-manager-2026,"Beste kostenlose Lesezeichen-Manager 2026: 5 echte Optionen — Marqly","Echt kostenlose Lesezeichen-Manager 2026 im Vergleich: Raindrops Gratis-Tarif, Marqly kostenlos, selbst gehostetes Linkwarden &amp; Karakeep und Browser.",published,105,98,pending-export,pending-export,pending-export,pending-export,pending-export,pending-export,pending-export,pending-export,pending-export,pending-export,lang:de,2026-09-23,keep
/de/blog/beste-read-it-later-apps-2026,blog,blog,de,index,https://www.marqly.com/de/blog/beste-read-it-later-apps-2026,"9 beste Später-lesen-Apps 2026 (getestet &amp; bewertet) — Marqly","Die besten Read-it-Later- und Später-lesen-Apps 2026 im Vergleich: KI-Suche, Lesekomfort, Offline-Nutzung, Preise und Apps für deine Lesegewohnheiten.",published,1,103,pending-export,pending-export,pending-export,pending-export,pending-export,pending-export,pending-export,pending-export,pending-export,pending-export,lang:de,2026-09-23,keep
/de/blog/beste-second-brain-apps-2026,blog,blog,de,index,https://www.marqly.com/de/blog/beste-second-brain-apps-2026,"Beste Second Brain Apps 2026 im Vergleich | Marqly","Die beste Second-Brain-App hängt davon ab, wie viel Pflegeaufwand Sie dulden: Notion und Obsidian zum manuellen Aufbau; Marqly für müheloses KI-Erfassen.",published,5,98,pending-export,pending-export,pending-export,pending-export,pending-export,pending-export,pending-export,pending-export,pending-export,pending-export,lang:de,2026-09-23,keep
/de/blog/beste-self-hosted-pocket-alternativen-2026,blog,blog,de,index,https://www.marqly.com/de/blog/beste-self-hosted-pocket-alternativen-2026,"Beste Self-Hosted Pocket-Alternativen (2026) — Marqly","Vergleich von Open-Source-Alternativen zu Pocket: Wallabag, Karakeep, Linkwarden und ArchiveBox im Check gegenüber modernen KI-Lösungen.",published,1,98,pending-export,pending-export,pending-export,pending-export,pending-export,pending-export,pending-export,pending-export,pending-export,pending-export,lang:de,2026-09-23,keep
/de/blog/beste-tab-manager-2026,blog,blog,de,index,https://www.marqly.com/de/blog/beste-tab-manager-2026,"Beste Tab Manager 2026: OneTab, Toby, Workona &amp; Marqly im Vergleich","OneTab, Toby, Workona, Session Buddy und Marqly im ehrlichen Vergleich — Workspace-Umschalter vs. KI-Tab-Retter. Preise und Limits 2026.",published,105,98,pending-export,pending-export,pending-export,pending-export,pending-export,pending-export,pending-export,pending-export,pending-export,pending-export,lang:de,2026-09-23,keep
/de/blog/beste-web-highlighter-2026,blog,blog,de,index,https://www.marqly.com/de/blog/beste-web-highlighter-2026,"Beste Web-Highlighter 2026: 6 Tools im Vergleich — Marqly","Sechs Textmarker-Erweiterungen im Vergleich bezüglich Persistenz, Farben, Notizen und Preis: Marqly, Glasp, LINER, Weava, Hypothesis und Readwise Reader.",published,12,98,pending-export,pending-export,pending-export,pending-export,pending-export,pending-export,pending-export,pending-export,pending-export,pending-export,lang:de,2026-09-23,keep
/de/blog/beste-youtube-zusammenfasser-ki-2026,blog,blog,de,index,https://www.marqly.com/de/blog/beste-youtube-zusammenfasser-ki-2026,"Beste YouTube KI-Zusammenfasser 2026: Marqly, NoteGPT, Eightify &amp; mehr","Vergleich der 6 besten KI-Tools zum Zusammenfassen von YouTube-Videos: Integration auf der Videoseite, Transkripte, Video-Chat und tatsächliche Kosten.",published,9,99,pending-export,pending-export,pending-export,pending-export,pending-export,pending-export,pending-export,pending-export,pending-export,pending-export,lang:de,2026-09-23,keep
/de/blog/chrome-lesezeichen-exportieren,blog,blog,de,index,https://www.marqly.com/de/blog/chrome-lesezeichen-exportieren,"Chrome-Lesezeichen exportieren 2026 (Schritt für Schritt) — Marqly","Schritt für Schritt Lesezeichen aus Chrome, Edge, Firefox und Safari exportieren, was die HTML-Datei enthält und wie du sie woanders importierst.",published,105,97,pending-export,pending-export,pending-export,pending-export,pending-export,pending-export,pending-export,pending-export,pending-export,pending-export,lang:de,2026-09-23,keep
/de/blog/chrome-lesezeichen-synchronisieren-nicht-losung-2026,blog,blog,de,index,https://www.marqly.com/de/blog/chrome-lesezeichen-synchronisieren-nicht-losung-2026,"Chrome-Lesezeichen synchronisieren nicht: 8 Lösungen (2026) — Marqly","Ihre Chrome-Lesezeichen synchronisieren nicht mehr? Diese 8 Schritte beheben das Problem: Pausierte Synchronisation, Kontenkonflikte und Reset.",published,9,97,pending-export,pending-export,pending-export,pending-export,pending-export,pending-export,pending-export,pending-export,pending-export,pending-export,lang:de,2026-09-23,keep
/de/blog/digitales-ausmisten-neujahr,blog,blog,de,index,https://www.marqly.com/de/blog/digitales-ausmisten-neujahr,"Checkliste digitales Ausmisten: Der Neujahrs-Reset — Marqly","Eine pragmatische Checkliste zum digitalen Ausmisten fürs neue Jahr: Tabs schließen, Lesezeichen konsolidieren, Lesestau auflösen und Abos kündigen in ~2 Stunde",published,7,100,pending-export,pending-export,pending-export,pending-export,pending-export,pending-export,pending-export,pending-export,pending-export,pending-export,lang:de,2026-09-23,keep
/de/blog/gespeicherte-instagram-beitraege-exportieren-2026,blog,blog,de,index,https://www.marqly.com/de/blog/gespeicherte-instagram-beitraege-exportieren-2026,"Gespeicherte Instagram-Beiträge exportieren (2026) | Marqly","Instagram bietet keinen Export-Button für Gespeichertes. So nutzen Sie «Deine Informationen herunterladen», verstehen die saved_posts.json und sichern Ihre Link",published,105,98,pending-export,pending-export,pending-export,pending-export,pending-export,pending-export,pending-export,pending-export,pending-export,pending-export,lang:de,2026-09-23,keep
/de/blog/gespeicherte-reddit-beitraege-exportieren-2026,blog,blog,de,index,https://www.marqly.com/de/blog/gespeicherte-reddit-beitraege-exportieren-2026,"Gespeicherte Reddit-Beiträge exportieren 2026 | Marqly","So exportieren Sie Ihre gespeicherten Reddit-Beiträge über die offizielle Datenanfrage: CSV-Inhalt, das 1.000-Beiträge-Limit und wie Sie die Links wieder nutzba",published,5,98,pending-export,pending-export,pending-export,pending-export,pending-export,pending-export,pending-export,pending-export,pending-export,pending-export,lang:de,2026-09-23,keep
/de/blog/gespeicherten-artikel-finden-wenn-titel-vergessen-2026,blog,blog,de,index,https://www.marqly.com/de/blog/gespeicherten-artikel-finden-wenn-titel-vergessen-2026,"Lesezeichen ohne Titel wiederfinden (2026) | Marqly","Titel eines Lesezeichens vergessen? Nutzen Sie die semantische KI-Suche: Beschreiben Sie den Inhalt in eigenen Worten und finden Sie jeden Artikel nach Bedeutun",published,2,97,pending-export,pending-export,pending-export,pending-export,pending-export,pending-export,pending-export,pending-export,pending-export,pending-export,lang:de,2026-09-23,keep
/de/blog/instapaper-testbericht-2026,blog,blog,de,index,https://www.marqly.com/de/blog/instapaper-testbericht-2026,"Instapaper Testbericht 2026 — Preise &amp; Fazit | Marqly","Instapaper im Test 2026: Die neuen Preise (5,99 $/Monat), Vorteile des Lesemodus und weshalb die fehlende KI-Suche ins Gewicht fällt.",published,6,100,pending-export,pending-export,pending-export,pending-export,pending-export,pending-export,pending-export,pending-export,pending-export,pending-export,lang:de,2026-09-23,keep
/de/blog/kann-ki-meine-lesezeichen-organisieren-2026,blog,blog,de,index,https://www.marqly.com/de/blog/kann-ki-meine-lesezeichen-organisieren-2026,"Kann KI Lesezeichen automatisch organisieren? (2026) | Marqly","Ja, KI kann Lesezeichen automatisch sortieren, mit Tags versehen und zusammenfassen. So findest du alles nach Sinn statt in starren Ordnern.",published,5,100,pending-export,pending-export,pending-export,pending-export,pending-export,pending-export,pending-export,pending-export,pending-export,pending-export,lang:de,2026-09-23,keep
/de/blog/karakeep-testbericht-2026,blog,blog,de,index,https://www.marqly.com/de/blog/karakeep-testbericht-2026,"Karakeep Testbericht 2026 — Open-Source-Lesezeichen &amp; KI | Marqly","Karakeep (ehemals Hoarder) im Test 2026: Lokale KI mit Ollama, Docker-Setup, Cloud-Tarife und wer sich die Serverwartung sparen sollte.",published,6,100,pending-export,pending-export,pending-export,pending-export,pending-export,pending-export,pending-export,pending-export,pending-export,pending-export,lang:de,2026-09-23,keep
/de/blog/ki-bookmark-manager-semantische-suche-vergleich-2026,blog,blog,de,index,https://www.marqly.com/de/blog/ki-bookmark-manager-semantische-suche-vergleich-2026,"KI-Bookmark-Manager mit echter semantischer Suche (2026) — Marqly","Die meisten KI-Lesezeichen-Manager täuschen semantische Suche mit Tags vor. Hier erfahren Sie, welche 8 Tools wirklich nach Bedeutung suchen.",published,4,98,pending-export,pending-export,pending-export,pending-export,pending-export,pending-export,pending-export,pending-export,pending-export,pending-export,lang:de,2026-09-23,keep
/de/blog/lesezeichen-nicht-mehr-organisieren-ordner-ueberfluessig-2026,blog,blog,de,index,https://www.marqly.com/de/blog/lesezeichen-nicht-mehr-organisieren-ordner-ueberfluessig-2026,"Warum Lesezeichen-Ordner 2026 überflüssig sind | Marqly","Ordner sind 2026 Ballast. Lerne, wie du Lesezeichen ohne Ordner verwaltest: frei speichern, von KI taggen lassen und alles durch Umschreiben finden.",published,7,100,pending-export,pending-export,pending-export,pending-export,pending-export,pending-export,pending-export,pending-export,pending-export,pending-export,lang:de,2026-09-23,keep
/de/blog/lesezeichen-organisieren,blog,blog,de,index,https://www.marqly.com/de/blog/lesezeichen-organisieren,"Lesezeichen organisieren: Anleitung 2026 — Marqly","Lesezeichen-Ordner scheitern immer aus demselben Grund. Praktische Anleitung zum Aufräumen, Exportieren und zu einem System ohne Pflegeaufwand.",published,105,97,pending-export,pending-export,pending-export,pending-export,pending-export,pending-export,pending-export,pending-export,pending-export,pending-export,lang:de,2026-09-23,keep
/de/blog/linkwarden-testbericht-2026,blog,blog,de,index,https://www.marqly.com/de/blog/linkwarden-testbericht-2026,"Linkwarden Testbericht 2026 — Webseiten-Archivierung | Marqly","Linkwarden im Test 2026: Automatische Backups (PDF, HTML, Screenshot), Cloud-Kosten (3 $/Monat), Team-Features und Suchfunktionen.",published,6,100,pending-export,pending-export,pending-export,pending-export,pending-export,pending-export,pending-export,pending-export,pending-export,pending-export,lang:de,2026-09-23,keep
/de/blog/marqly-testbericht-2026,blog,blog,de,index,https://www.marqly.com/de/blog/marqly-testbericht-2026,"Marqly Testbericht 2026 — Funktionen &amp; Preise | Marqly","Ein ehrlicher Blick auf Marqly im Jahr 2026: KI-Semantiksuche, automatische Tags, Zusammenfassungen, Preise und Zielgruppen.",published,1,98,pending-export,pending-export,pending-export,pending-export,pending-export,pending-export,pending-export,pending-export,pending-export,pending-export,lang:de,2026-09-23,keep
/de/blog/mit-gespeicherten-artikeln-chatten-2026,blog,blog,de,index,https://www.marqly.com/de/blog/mit-gespeicherten-artikeln-chatten-2026,"Mit gespeicherten Artikeln chatten (2026) | Marqly","Fragen Sie Ihre gespeicherten Artikel in natürlicher Sprache ab und erhalten Sie fundierte KI-Antworten direkt aus Ihren eigenen Lesezeichen und Quellen.",published,2,98,pending-export,pending-export,pending-export,pending-export,pending-export,pending-export,pending-export,pending-export,pending-export,pending-export,lang:de,2026-09-23,keep
/de/blog/mit-youtube-videos-chatten-2026,blog,blog,de,index,https://www.marqly.com/de/blog/mit-youtube-videos-chatten-2026,"Mit YouTube-Videos chatten: KI-Fragen &amp; Antworten | Marqly","Ja, du kannst mit YouTube-Videos chatten. Stelle Fragen und erhalte Antworten, die direkt auf dem Transkript basieren. Kostenlose Anleitung für 2026.",published,7,100,pending-export,pending-export,pending-export,pending-export,pending-export,pending-export,pending-export,pending-export,pending-export,pending-export,lang:de,2026-09-23,keep
/de/blog/mymind-testbericht-2026,blog,blog,de,index,https://www.marqly.com/de/blog/mymind-testbericht-2026,"mymind Testbericht 2026: Preise, Vor- &amp; Nachteile (3.8/5)","Ein ehrlicher mymind Testbericht für 2026: verifizierte Preise, echte KI-Leistung, wo das visuelle Design glänzt und wo Schwächen liegen. Bewertung 3.8/5.",published,6,103,pending-export,pending-export,pending-export,pending-export,pending-export,pending-export,pending-export,pending-export,pending-export,pending-export,lang:de,2026-09-23,keep
/de/blog/notion-web-clipper-alternative-2026,blog,blog,de,index,https://www.marqly.com/de/blog/notion-web-clipper-alternative-2026,"Beste Notion Web Clipper Alternative 2026 | Marqly","Notions Web Clipper speichert Seiten, bietet aber weder Lesemodus noch KI-Suche. Hier ist die beste Alternative, um Gelesenes dauerhaft griffbereit zu halten.",published,2,98,pending-export,pending-export,pending-export,pending-export,pending-export,pending-export,pending-export,pending-export,pending-export,pending-export,lang:de,2026-09-23,keep
/de/blog/para-methode-fuer-lesezeichen-2026,blog,blog,de,index,https://www.marqly.com/de/blog/para-methode-fuer-lesezeichen-2026,"PARA-Methode für Lesezeichen: Schritt-für-Schritt-Anleitung | Marqly","So wendest du Tiago Fortes PARA-Methode auf Lesezeichen an: 4 Kategorien, 5 Schritte, wo manuelle Pflege scheitert und wie KI das System rettet.",published,7,100,pending-export,pending-export,pending-export,pending-export,pending-export,pending-export,pending-export,pending-export,pending-export,pending-export,lang:de,2026-09-23,keep
/de/blog/pocket-alternativen-2026,blog,blog,de,index,https://www.marqly.com/de/blog/pocket-alternativen-2026,"8 beste Pocket-Alternativen 2026 (getestet) — Marqly","Pocket wurde 2025 eingestellt. Entdecke die 8 besten Alternativen für Lesezeichen und Später-lesen 2026 — verglichen nach KI-Suche, Import, Apps und Preisen.",published,9,105,pending-export,pending-export,pending-export,pending-export,pending-export,pending-export,pending-export,pending-export,pending-export,pending-export,lang:de,2026-09-23,keep
/de/blog/pocket-daten-exportieren-migrieren-2026,blog,blog,de,index,https://www.marqly.com/de/blog/pocket-daten-exportieren-migrieren-2026,"Pocket-Daten exportieren &amp; migrieren (Leitfaden 2026) — Marqly","Pocket wurde eingestellt und Ihre Leseliste ist in Gefahr. So exportieren Sie Ihre Pocket-Daten und migrieren in wenigen Minuten zu einem modernen Tool.",published,2,97,pending-export,pending-export,pending-export,pending-export,pending-export,pending-export,pending-export,pending-export,pending-export,pending-export,lang:de,2026-09-23,keep
/de/blog/raindrop-io-testbericht-2026,blog,blog,de,index,https://www.marqly.com/de/blog/raindrop-io-testbericht-2026,"Raindrop.io Testbericht 2026 — Funktionen &amp; Preise | Marqly","Ausführlicher Raindrop.io Test 2026: Kostenloser Tarif, Pro-Funktionen, modernes Design und die Grenzen der reinen Stichwortsuche.",published,5,100,pending-export,pending-export,pending-export,pending-export,pending-export,pending-export,pending-export,pending-export,pending-export,pending-export,lang:de,2026-09-23,keep
/de/blog/readwise-reader-testbericht-2026,blog,blog,de,index,https://www.marqly.com/de/blog/readwise-reader-testbericht-2026,"Readwise Reader Testbericht 2026 — Funktionen &amp; Kosten | Marqly","Readwise Reader im Test 2026: Kosten (119,88 $/Jahr), Ghostreader KI, Highlight-Sync mit Obsidian und Notion und für wen es sich lohnt.",published,1,100,pending-export,pending-export,pending-export,pending-export,pending-export,pending-export,pending-export,pending-export,pending-export,pending-export,lang:de,2026-09-23,keep
/de/blog/text-auf-jeder-website-markieren-2026,blog,blog,de,index,https://www.marqly.com/de/blog/text-auf-jeder-website-markieren-2026,"Text auf Websites markieren und dauerhaft speichern | Marqly","So markieren Sie Textpassagen auf jeder Website mit einer Highlighter-Erweiterung: Markierungen bleiben beim Neuladen erhalten und lassen sich per KI durchsuche",published,5,98,pending-export,pending-export,pending-export,pending-export,pending-export,pending-export,pending-export,pending-export,pending-export,pending-export,lang:de,2026-09-23,keep
/de/blog/twitter-x-lesezeichen-exportieren-2026,blog,blog,de,index,https://www.marqly.com/de/blog/twitter-x-lesezeichen-exportieren-2026,"Twitter/X Lesezeichen exportieren 2026 | Marqly","Das offizielle X-Datenarchiv enthält keine Lesezeichen. So exportieren Sie Ihre Twitter-Lesezeichen 2026 wirklich und sichern wertvolle Threads dauerhaft.",published,5,98,pending-export,pending-export,pending-export,pending-export,pending-export,pending-export,pending-export,pending-export,pending-export,pending-export,lang:de,2026-09-23,keep
/de/blog/warum-du-artikel-speicherst-die-du-nie-liest,blog,blog,de,index,https://www.marqly.com/de/blog/warum-du-artikel-speicherst-die-du-nie-liest,"Warum du Artikel speicherst und nie liest — Marqly","Der Stapel ungelesener Artikel ist kein Disziplinproblem. Warum wir mehr speichern als lesen und wie aus dem Stapel etwas wirklich Nützliches wird.",published,105,95,pending-export,pending-export,pending-export,pending-export,pending-export,pending-export,pending-export,pending-export,pending-export,pending-export,lang:de,2026-09-23,keep
/de/blog/was-ist-ein-ki-zweites-gehirn-2026,blog,blog,de,index,https://www.marqly.com/de/blog/was-ist-ein-ki-zweites-gehirn-2026,"Was ist ein KI zweites Gehirn? (2026) | Marqly","Ein KI-gestütztes zweites Gehirn speichert Ihre Lesezeichen und Notizen und nutzt künstliche Intelligenz, um Inhalte automatisch zu ordnen und abzufragen.",published,3,98,pending-export,pending-export,pending-export,pending-export,pending-export,pending-export,pending-export,pending-export,pending-export,pending-export,lang:de,2026-09-23,keep
/de/blog/was-ist-eine-second-brain-app-2026,blog,blog,de,index,https://www.marqly.com/de/blog/was-ist-eine-second-brain-app-2026,"Was ist eine Second-Brain-App? (2026) | Marqly","Eine Second-Brain-App speichert Ihr Lesewissen und macht es dauerhaft auffindbar. Erfahren Sie, wie Sie aus Ihren Lesezeichen ein echtes Wissenszentrum bauen.",published,2,98,pending-export,pending-export,pending-export,pending-export,pending-export,pending-export,pending-export,pending-export,pending-export,pending-export,lang:de,2026-09-23,keep
/de/blog/was-ist-semantische-suche,blog,blog,de,index,https://www.marqly.com/de/blog/was-ist-semantische-suche,"Was ist semantische Suche? (Einfach erklärt) — Marqly","Stichwortsuche scheitert, wenn du die Idee erinnerst, aber nicht die Wörter. Was semantische Suche ist, wie sie funktioniert und wo sie wirklich zählt.",published,105,97,pending-export,pending-export,pending-export,pending-export,pending-export,pending-export,pending-export,pending-export,pending-export,pending-export,lang:de,2026-09-23,keep
/de/blog/was-steht-in-der-pocket-exportdatei-2026,blog,blog,de,index,https://www.marqly.com/de/blog/was-steht-in-der-pocket-exportdatei-2026,"Was steht in der Pocket-Exportdatei? (2026) — Marqly","Haben Sie Ihre Pocket-Exportdatei geöffnet und eine CSV oder HTML vorgefunden? Wir erklären alle Felder, was fehlt und wie der Import gelingt.",published,1,97,pending-export,pending-export,pending-export,pending-export,pending-export,pending-export,pending-export,pending-export,pending-export,pending-export,lang:de,2026-09-23,keep
/de/blog/webseite-als-pdf-speichern,blog,blog,de,index,https://www.marqly.com/de/blog/webseite-als-pdf-speichern,"Webseite als PDF speichern in Chrome: 3 Methoden im Vergleich | Marqly","Strg+P funktioniert, bis Bilder fehlen und das Layout zerbricht. Drei Wege, eine Webseite als PDF zu speichern – und wie du eine echte Kopie der Bildschirmansic",published,1,97,pending-export,pending-export,pending-export,pending-export,pending-export,pending-export,pending-export,pending-export,pending-export,pending-export,lang:de,2026-09-23,keep
/de/blog/youtube-spaeter-ansehen-exportieren-2026,blog,blog,de,index,https://www.marqly.com/de/blog/youtube-spaeter-ansehen-exportieren-2026,"YouTube Später ansehen exportieren 2026 | Marqly","Google Takeout exportiert die Playlist «Später ansehen» nicht. Hier sind funktionierende Methoden für 2026, um Ihre gespeicherten YouTube-Videos dauerhaft zu si",published,105,98,pending-export,pending-export,pending-export,pending-export,pending-export,pending-export,pending-export,pending-export,pending-export,pending-export,lang:de,2026-09-23,keep
/de/blog/youtube-transkript-kopieren,blog,blog,de,index,https://www.marqly.com/de/blog/youtube-transkript-kopieren,"YouTube-Transkript erstellen und kopieren (3 Methoden) | Marqly","Drei Wege, um das Transkript eines YouTube-Videos in 2026 zu kopieren: das native YouTube-Panel, kostenlose Web-Tools und die Marqly-Erweiterung mit 1-Klick-Kop",published,7,102,pending-export,pending-export,pending-export,pending-export,pending-export,pending-export,pending-export,pending-export,pending-export,pending-export,lang:de,2026-09-23,keep
/de/blog/youtube-videos-mit-ki-zusammenfassen-2026,blog,blog,de,index,https://www.marqly.com/de/blog/youtube-videos-mit-ki-zusammenfassen-2026,"YouTube-Videos mit KI zusammenfassen (Leitfaden 2026) — Marqly","Der schnellste Weg, YouTube-Videos mit KI zusammenzufassen: Eine Browser-Erweiterung direkt auf der Wiedergabeseite. Methoden, Schritte und Alternativen.",published,2,97,pending-export,pending-export,pending-export,pending-export,pending-export,pending-export,pending-export,pending-export,pending-export,pending-export,lang:de,2026-09-23,keep
/de/blog/youtube-videos-spaeter-ansehen-organisieren-2026,blog,blog,de,index,https://www.marqly.com/de/blog/youtube-videos-spaeter-ansehen-organisieren-2026,"YouTube-Videos für später speichern &amp; organisieren (2026) | Marqly","YouTubes 'Später ansehen'-Liste ist ein schwarzes Loch. So speicherst du Videos mit Tags, KI-Suche und System so ab, dass du sie auch ansiehst.",published,2,100,pending-export,pending-export,pending-export,pending-export,pending-export,pending-export,pending-export,pending-export,pending-export,pending-export,lang:de,2026-09-23,keep
/de/blog/zweites-gehirn-aufbauen-2026,blog,blog,de,index,https://www.marqly.com/de/blog/zweites-gehirn-aufbauen-2026,"Zweites Gehirn aufbauen 2026 (Schritt für Schritt) | Marqly","Die meisten Second-Brain-Systeme scheitern an zu viel Aufwand. So baust du 2026 ein zweites Gehirn auf, das sich dank KI selbst organisiert.",published,2,100,pending-export,pending-export,pending-export,pending-export,pending-export,pending-export,pending-export,pending-export,pending-export,pending-export,lang:de,2026-09-23,keep
/es/blog,blog,blog,es,index,https://www.marqly.com/es/blog,"El Blog de Marqly en Español — Marcadores, IA y Segundo Cerebro","Guías y comparativas en español: gestionar marcadores, apps para leer más tarde, búsqueda con IA y tu segundo cerebro en el navegador. Del equipo de Marqly.",published,104,131,pending-export,pending-export,pending-export,pending-export,pending-export,pending-export,pending-export,pending-export,pending-export,pending-export,lang:es,2026-09-23,keep
/es/blog/alternativa-a-notion-web-clipper-2026,blog,blog,es,index,https://www.marqly.com/es/blog/alternativa-a-notion-web-clipper-2026,"Mejor Alternativa a Notion Web Clipper en 2026 | Marqly","Notion Web Clipper guarda páginas pero carece de modo lectura y búsqueda con IA. Descubre la mejor alternativa para capturar y recuperar lo que lees.",published,1,99,pending-export,pending-export,pending-export,pending-export,pending-export,pending-export,pending-export,pending-export,pending-export,pending-export,lang:es,2026-09-23,keep
/es/blog/alternativas-a-pocket-2026,blog,blog,es,index,https://www.marqly.com/es/blog/alternativas-a-pocket-2026,"8 Mejores Alternativas a Pocket en 2026 (Probadas) — Marqly","Pocket cerró en 2025. Descubre las 8 mejores alternativas de lectura diferida y marcadores para 2026, comparadas en búsqueda con IA, importación, precios y apli",published,8,106,pending-export,pending-export,pending-export,pending-export,pending-export,pending-export,pending-export,pending-export,pending-export,pending-export,lang:es,2026-09-23,keep
/es/blog/chatear-con-videos-de-youtube-2026,blog,blog,es,index,https://www.marqly.com/es/blog/chatear-con-videos-de-youtube-2026,"Chatear con Videos de YouTube con IA | Marqly","Sí, puedes hablar con un video de YouTube. Haz preguntas y obtén respuestas basadas en la transcripción real, justo al lado del reproductor. Guía 2026.",published,1,95,pending-export,pending-export,pending-export,pending-export,pending-export,pending-export,pending-export,pending-export,pending-export,pending-export,lang:es,2026-09-23,keep
/es/blog/como-chatear-con-articulos-guardados-2026,blog,blog,es,index,https://www.marqly.com/es/blog/como-chatear-con-articulos-guardados-2026,"Cómo Chatear con tus Artículos Guardados (2026) | Marqly","Chatear con tus artículos guardados te permite hacer preguntas en lenguaje natural y obtener respuestas de IA basadas exclusivamente en tus fuentes.",published,3,99,pending-export,pending-export,pending-export,pending-export,pending-export,pending-export,pending-export,pending-export,pending-export,pending-export,lang:es,2026-09-23,keep
/es/blog/como-construir-un-segundo-cerebro-2026,blog,blog,es,index,https://www.marqly.com/es/blog/como-construir-un-segundo-cerebro-2026,"Cómo Construir un Segundo Cerebro en 2026 (Paso a Paso) | Marqly","La mayoría de sistemas de segundo cerebro fracasan porque exigen demasiado orden manual. Descubre cómo crear uno en 2026 que se organice solo con IA.",published,4,97,pending-export,pending-export,pending-export,pending-export,pending-export,pending-export,pending-export,pending-export,pending-export,pending-export,lang:es,2026-09-23,keep
/es/blog/como-encontrar-un-articulo-guardado-si-olvidaste-el-titulo-2026,blog,blog,es,index,https://www.marqly.com/es/blog/como-encontrar-un-articulo-guardado-si-olvidaste-el-titulo-2026,"Cómo Encontrar un Marcador sin Recordar el Título (2026) | Marqly","¿Olvidaste el título de un marcador guardado? Utiliza la búsqueda semántica con IA para describir lo que recuerdas y encontrar cualquier artículo por su signifi",published,2,96,pending-export,pending-export,pending-export,pending-export,pending-export,pending-export,pending-export,pending-export,pending-export,pending-export,lang:es,2026-09-23,keep
/es/blog/como-exportar-marcadores-de-twitter-x-2026,blog,blog,es,index,https://www.marqly.com/es/blog/como-exportar-marcadores-de-twitter-x-2026,"Cómo Exportar Marcadores de X (Twitter) en 2026 | Marqly","El archivo oficial de datos de X no incluye tus marcadores. Descubre cómo exportar tus marcadores de Twitter en 2026 y conservarlos organizados para siempre.",published,104,94,pending-export,pending-export,pending-export,pending-export,pending-export,pending-export,pending-export,pending-export,pending-export,pending-export,lang:es,2026-09-23,keep
/es/blog/como-exportar-migrar-datos-pocket-2026,blog,blog,es,index,https://www.marqly.com/es/blog/como-exportar-migrar-datos-pocket-2026,"Cómo Exportar y Migrar Datos de Pocket (Guía 2026) — Marqly","Pocket cerró y tus artículos guardados están en riesgo. Aprende paso a paso cómo exportar tu archivo HTML y migrarlo a una app moderna en minutos.",published,1,95,pending-export,pending-export,pending-export,pending-export,pending-export,pending-export,pending-export,pending-export,pending-export,pending-export,lang:es,2026-09-23,keep
/es/blog/como-exportar-publicaciones-guardadas-de-instagram-2026,blog,blog,es,index,https://www.marqly.com/es/blog/como-exportar-publicaciones-guardadas-de-instagram-2026,"Cómo Exportar Guardados de Instagram (2026) | Marqly","Instagram no tiene botón de exportación. Aprende a usar «Descargar tu información», qué contiene saved_posts.json y cómo hacer útiles tus guardados.",published,104,94,pending-export,pending-export,pending-export,pending-export,pending-export,pending-export,pending-export,pending-export,pending-export,pending-export,lang:es,2026-09-23,keep
/es/blog/como-exportar-publicaciones-guardadas-de-reddit-2026,blog,blog,es,index,https://www.marqly.com/es/blog/como-exportar-publicaciones-guardadas-de-reddit-2026,"Cómo Exportar Publicaciones Guardadas de Reddit (2026) | Marqly","Exporta tus publicaciones guardadas de Reddit mediante la solicitud oficial de datos: pasos exactos, qué contiene el CSV, el límite de 1.000 enlaces y cómo usar",published,104,94,pending-export,pending-export,pending-export,pending-export,pending-export,pending-export,pending-export,pending-export,pending-export,pending-export,lang:es,2026-09-23,keep
/es/blog/como-exportar-ver-mas-tarde-de-youtube-2026,blog,blog,es,index,https://www.marqly.com/es/blog/como-exportar-ver-mas-tarde-de-youtube-2026,"Cómo Exportar Ver Más Tarde de YouTube en 2026 | Marqly","Google Takeout excluye «Ver más tarde» del archivo de listas de YouTube. Descubre los métodos que aún funcionan en 2026 para salvar tus vídeos guardados.",published,104,94,pending-export,pending-export,pending-export,pending-export,pending-export,pending-export,pending-export,pending-export,pending-export,pending-export,lang:es,2026-09-23,keep
/es/blog/como-resaltar-texto-en-cualquier-web-2026,blog,blog,es,index,https://www.marqly.com/es/blog/como-resaltar-texto-en-cualquier-web-2026,"Resaltar texto en cualquier página web y guardarlo | Marqly","Aprende a subrayar y resaltar texto en cualquier página web con una extensión: los resaltados permanecen al recargar, se sincronizan y se buscan con IA.",published,2,96,pending-export,pending-export,pending-export,pending-export,pending-export,pending-export,pending-export,pending-export,pending-export,pending-export,lang:es,2026-09-23,keep
/es/blog/deja-de-organizar-marcadores-carpetas-obsoletas-2026,blog,blog,es,index,https://www.marqly.com/es/blog/deja-de-organizar-marcadores-carpetas-obsoletas-2026,"Por Qué las Carpetas de Marcadores son Obsoletas en 2026 | Marqly","Las carpetas son un freno innecesario. Descubre cómo organizar tus marcadores sin carpetas: guarda en un clic, deja que la IA etiquete y busca por significado.",published,1,95,pending-export,pending-export,pending-export,pending-export,pending-export,pending-export,pending-export,pending-export,pending-export,pending-export,lang:es,2026-09-23,keep
/es/blog/depuracion-digital-ano-nuevo,blog,blog,es,index,https://www.marqly.com/es/blog/depuracion-digital-ano-nuevo,"Checklist de Depuración Digital: Reinicio de Año Nuevo — Marqly","Una lista práctica de depuración digital para año nuevo: cierra pestañas abiertas, consolida marcadores, limpia lecturas pendientes y recorta suscripciones en ~",published,1,97,pending-export,pending-export,pending-export,pending-export,pending-export,pending-export,pending-export,pending-export,pending-export,pending-export,lang:es,2026-09-23,keep
/es/blog/exportar-marcadores-chrome,blog,blog,es,index,https://www.marqly.com/es/blog/exportar-marcadores-chrome,"Cómo Exportar Marcadores de Chrome en 2026 (Paso a Paso) — Marqly","Guía paso a paso para exportar marcadores de Chrome, Edge, Firefox y Safari, qué contiene el archivo HTML y cómo importarlo en otra herramienta.",published,104,94,pending-export,pending-export,pending-export,pending-export,pending-export,pending-export,pending-export,pending-export,pending-export,pending-export,lang:es,2026-09-23,keep
/es/blog/gestores-de-marcadores-con-ia-busqueda-semantica-comparativa-2026,blog,blog,es,index,https://www.marqly.com/es/blog/gestores-de-marcadores-con-ia-busqueda-semantica-comparativa-2026,"Gestores de Marcadores con Búsqueda Semántica Real (2026) — Marqly","La mayoría de gestores con IA fingen la búsqueda semántica con etiquetas. Descubre cuáles 8 herramientas buscan por significado y cómo probarlo tú mismo.",published,9,99,pending-export,pending-export,pending-export,pending-export,pending-export,pending-export,pending-export,pending-export,pending-export,pending-export,lang:es,2026-09-23,keep
/es/blog/guardar-pagina-web-en-pdf,blog,blog,es,index,https://www.marqly.com/es/blog/guardar-pagina-web-en-pdf,"Cómo Guardar una Página Web en PDF en Chrome (3 Métodos) | Marqly","Ctrl+P sirve hasta que las imágenes quedan en blanco y el texto se corta. Tres formas de guardar una página web como PDF con diseño real y sin errores.",published,1,95,pending-export,pending-export,pending-export,pending-export,pending-export,pending-export,pending-export,pending-export,pending-export,pending-export,lang:es,2026-09-23,keep
/es/blog/guardar-videos-youtube-ver-mas-tarde-2026,blog,blog,es,index,https://www.marqly.com/es/blog/guardar-videos-youtube-ver-mas-tarde-2026,"Guardar Videos de YouTube para Ver Más Tarde (Guía 2026) | Marqly","La lista 'Ver más tarde' de YouTube es un pozo sin fondo. Descubre cómo guardar videos con etiquetas, búsqueda por IA y un sistema que sí funciona.",published,2,95,pending-export,pending-export,pending-export,pending-export,pending-export,pending-export,pending-export,pending-export,pending-export,pending-export,lang:es,2026-09-23,keep
/es/blog/marcadores-chrome-no-sincronizan-solucion-2026,blog,blog,es,index,https://www.marqly.com/es/blog/marcadores-chrome-no-sincronizan-solucion-2026,"Marcadores de Chrome no Sincronizan: 8 Soluciones Reales (2026) — Marqly","¿Problemas de sincronización en Chrome? Aplica estas 8 soluciones ordenadas: sincronización pausada, cuentas cruzadas, chrome://sync-internals y reinicio.",published,2,95,pending-export,pending-export,pending-export,pending-export,pending-export,pending-export,pending-export,pending-export,pending-export,pending-export,lang:es,2026-09-23,keep
/es/blog/mejores-alternativas-a-instapaper-2026,blog,blog,es,index,https://www.marqly.com/es/blog/mejores-alternativas-a-instapaper-2026,"Mejores Alternativas a Instapaper 2026 — Lectura Inteligente | Marqly","Instapaper es limpio pero no ha evolucionado. Estas son las mejores alternativas en 2026 para quienes buscan búsqueda semántica con IA y autoetiquetado.",published,3,99,pending-export,pending-export,pending-export,pending-export,pending-export,pending-export,pending-export,pending-export,pending-export,pending-export,lang:es,2026-09-23,keep
/es/blog/mejores-alternativas-autoalojadas-a-pocket-2026,blog,blog,es,index,https://www.marqly.com/es/blog/mejores-alternativas-autoalojadas-a-pocket-2026,"Mejores Alternativas Autoalojadas a Pocket (2026) — Marqly","Comparativa de alternativas open source a Pocket: Wallabag, Karakeep, Linkwarden y ArchiveBox frente a la comodidad de apps en la nube con IA.",published,1,99,pending-export,pending-export,pending-export,pending-export,pending-export,pending-export,pending-export,pending-export,pending-export,pending-export,lang:es,2026-09-23,keep
/es/blog/mejores-apps-para-leer-despues-2026,blog,blog,es,index,https://www.marqly.com/es/blog/mejores-apps-para-leer-despues-2026,"9 Mejores Apps para Leer Después en 2026 (Probadas) — Marqly","Las mejores aplicaciones de lectura diferida y 'read-it-later' en 2026: comparativa de búsqueda con IA, modo lectura, lectura offline y precios.",published,2,103,pending-export,pending-export,pending-export,pending-export,pending-export,pending-export,pending-export,pending-export,pending-export,pending-export,lang:es,2026-09-23,keep
/es/blog/mejores-apps-segundo-cerebro-2026,blog,blog,es,index,https://www.marqly.com/es/blog/mejores-apps-segundo-cerebro-2026,"Mejores aplicaciones de segundo cerebro en 2026 | Marqly","La mejor app de segundo cerebro depende del mantenimiento que toleres: Notion y Obsidian para construir a mano; Marqly para capturar con IA sin esfuerzo.",published,1,99,pending-export,pending-export,pending-export,pending-export,pending-export,pending-export,pending-export,pending-export,pending-export,pending-export,lang:es,2026-09-23,keep
/es/blog/mejores-gestores-marcadores-gratis-2026,blog,blog,es,index,https://www.marqly.com/es/blog/mejores-gestores-marcadores-gratis-2026,"Mejores Gestores de Marcadores Gratis 2026: 5 Opciones Reales — Marqly","Gestores de marcadores realmente gratuitos en 2026: el plan gratis de Raindrop, Marqly, Linkwarden y Karakeep autoalojados, y los marcadores del navegador.",published,12,99,pending-export,pending-export,pending-export,pending-export,pending-export,pending-export,pending-export,pending-export,pending-export,pending-export,lang:es,2026-09-23,keep
/es/blog/mejores-gestores-marcadores-ia-2026,blog,blog,es,index,https://www.marqly.com/es/blog/mejores-gestores-marcadores-ia-2026,"Mejores gestores de marcadores con IA en 2026 — Marqly","Los gestores de marcadores modernos usan IA para resumir, autoetiquetar y buscar por significado. Qué debe tener una verdadera IA y las 5 mejores herramientas.",published,6,99,pending-export,pending-export,pending-export,pending-export,pending-export,pending-export,pending-export,pending-export,pending-export,pending-export,lang:es,2026-09-23,keep
/es/blog/mejores-gestores-pestanas-2026,blog,blog,es,index,https://www.marqly.com/es/blog/mejores-gestores-pestanas-2026,"Mejores Gestores de Pestañas en 2026: OneTab, Toby, Workona y Marqly","Comparamos OneTab, Toby, Workona, Session Buddy y Marqly: cambiadores de espacios de trabajo frente a guardadores de pestañas con IA.",published,12,99,pending-export,pending-export,pending-export,pending-export,pending-export,pending-export,pending-export,pending-export,pending-export,pending-export,lang:es,2026-09-23,keep
/es/blog/mejores-resaltadores-web-2026,blog,blog,es,index,https://www.marqly.com/es/blog/mejores-resaltadores-web-2026,"Los Mejores Resaltadores Web en 2026: 6 Herramientas — Marqly","Comparamos los seis mejores resaltadores web en persistencia, colores, notas y precio: Marqly, Glasp, LINER, Weava, Hypothesis y Readwise Reader.",published,10,99,pending-export,pending-export,pending-export,pending-export,pending-export,pending-export,pending-export,pending-export,pending-export,pending-export,lang:es,2026-09-23,keep
/es/blog/mejores-resumidores-youtube-ia-2026,blog,blog,es,index,https://www.marqly.com/es/blog/mejores-resumidores-youtube-ia-2026,"Mejores Resumidores de YouTube con IA en 2026: Marqly, NoteGPT, Eightify y más","Comparamos los 6 mejores resumidores de videos de YouTube con IA en 2026: dónde vive el resumen, transcripciones, chat interactivo y precios reales.",published,7,100,pending-export,pending-export,pending-export,pending-export,pending-export,pending-export,pending-export,pending-export,pending-export,pending-export,lang:es,2026-09-23,keep
/es/blog/metodo-para-para-marcadores-2026,blog,blog,es,index,https://www.marqly.com/es/blog/metodo-para-para-marcadores-2026,"Método PARA para Marcadores: Guía de Configuración (2026) | Marqly","Cómo adaptar el método PARA de Tiago Forte a tus marcadores: los cuatro contenedores, configuración en 5 pasos, límites del orden manual y la solución con IA.",published,2,95,pending-export,pending-export,pending-export,pending-export,pending-export,pending-export,pending-export,pending-export,pending-export,pending-export,lang:es,2026-09-23,keep
/es/blog/obtener-transcripcion-youtube,blog,blog,es,index,https://www.marqly.com/es/blog/obtener-transcripcion-youtube,"Cómo Obtener la Transcripción de un Video de YouTube | Marqly","Tres formas de sacar la transcripción completa de un video de YouTube en 2026: el panel nativo, herramientas web y copia en un clic sincronizada con la reproduc",published,1,97,pending-export,pending-export,pending-export,pending-export,pending-export,pending-export,pending-export,pending-export,pending-export,pending-export,lang:es,2026-09-23,keep
/es/blog/organizar-marcadores-navegador,blog,blog,es,index,https://www.marqly.com/es/blog/organizar-marcadores-navegador,"Cómo Organizar los Marcadores del Navegador (Guía 2026) — Marqly","Las carpetas de marcadores fallan siempre por la misma razón. Guía práctica para ordenarlos, exportarlos y montar un sistema que no exija mantenimiento.",published,104,96,pending-export,pending-export,pending-export,pending-export,pending-export,pending-export,pending-export,pending-export,pending-export,pending-export,lang:es,2026-09-23,keep
/es/blog/por-que-guardas-articulos-que-nunca-lees,blog,blog,es,index,https://www.marqly.com/es/blog/por-que-guardas-articulos-que-nunca-lees,"Por Qué Guardas Artículos y Nunca los Lees — Marqly","La pila de pendientes no es un fallo de disciplina. Por qué guardamos más de lo que leemos y cómo convertir esa pila en algo realmente útil.",published,104,94,pending-export,pending-export,pending-export,pending-export,pending-export,pending-export,pending-export,pending-export,pending-export,pending-export,lang:es,2026-09-23,keep
/es/blog/puede-la-ia-organizar-mis-marcadores-2026,blog,blog,es,index,https://www.marqly.com/es/blog/puede-la-ia-organizar-mis-marcadores-2026,"¿Puede la IA Organizar tus Marcadores Automáticamente? (2026) | Marqly","Sí, la IA puede organizar tus marcadores de forma automática mediante etiquetas inteligentes y resúmenes, para que busques por significado y no por carpetas.",published,1,95,pending-export,pending-export,pending-export,pending-export,pending-export,pending-export,pending-export,pending-export,pending-export,pending-export,lang:es,2026-09-23,keep
/es/blog/que-contiene-el-archivo-de-exportacion-de-pocket-2026,blog,blog,es,index,https://www.marqly.com/es/blog/que-contiene-el-archivo-de-exportacion-de-pocket-2026,"Qué Contiene el Archivo de Exportación de Pocket (2026) — Marqly","¿Abriste tu exportación de Pocket y viste un CSV o HTML? Analizamos qué datos incluye (URLs, títulos, tags), qué falta y cómo importarlo con éxito.",published,1,95,pending-export,pending-export,pending-export,pending-export,pending-export,pending-export,pending-export,pending-export,pending-export,pending-export,lang:es,2026-09-23,keep
/es/blog/que-es-la-busqueda-semantica,blog,blog,es,index,https://www.marqly.com/es/blog/que-es-la-busqueda-semantica,"Qué es la Búsqueda Semántica (Explicado Simple) — Marqly","La búsqueda por palabras clave falla cuando recuerdas la idea pero no las palabras. Qué es la búsqueda semántica, cómo funciona y en qué se nota de verdad.",published,104,94,pending-export,pending-export,pending-export,pending-export,pending-export,pending-export,pending-export,pending-export,pending-export,pending-export,lang:es,2026-09-23,keep
/es/blog/que-es-un-segundo-cerebro-con-ia-2026,blog,blog,es,index,https://www.marqly.com/es/blog/que-es-un-segundo-cerebro-con-ia-2026,"¿Qué es un Segundo Cerebro con IA? (2026) | Marqly","Un segundo cerebro con IA es una base de conocimiento que almacena tus lecturas y usa inteligencia artificial para organizar, resumir y responder preguntas.",published,5,97,pending-export,pending-export,pending-export,pending-export,pending-export,pending-export,pending-export,pending-export,pending-export,pending-export,lang:es,2026-09-23,keep
/es/blog/que-es-una-app-de-segundo-cerebro-2026,blog,blog,es,index,https://www.marqly.com/es/blog/que-es-una-app-de-segundo-cerebro-2026,"¿Qué es una App de Segundo Cerebro? (2026) | Marqly","Una app de segundo cerebro captura lo que lees y lo hace buscable para siempre. Descubre qué son, cómo funcionan y cómo crear el tuyo con tus marcadores.",published,3,97,pending-export,pending-export,pending-export,pending-export,pending-export,pending-export,pending-export,pending-export,pending-export,pending-export,lang:es,2026-09-23,keep
/es/blog/resena-instapaper-2026,blog,blog,es,index,https://www.marqly.com/es/blog/resena-instapaper-2026,"Reseña de Instapaper 2026 — Precios y Análisis | Marqly","Análisis honesto de Instapaper en 2026: su nueva tarifa de 5,99 $/mes, qué aporta Premium, su excelente tipografía y sus limitaciones en búsqueda.",published,6,99,pending-export,pending-export,pending-export,pending-export,pending-export,pending-export,pending-export,pending-export,pending-export,pending-export,lang:es,2026-09-23,keep
/es/blog/resena-karakeep-2026,blog,blog,es,index,https://www.marqly.com/es/blog/resena-karakeep-2026,"Reseña de Karakeep 2026 — Marcadores Open Source e IA | Marqly","Análisis honesto de Karakeep en 2026: marcadores de código abierto con etiquetado por IA, soporte local para Ollama y precios en la nube.",published,6,99,pending-export,pending-export,pending-export,pending-export,pending-export,pending-export,pending-export,pending-export,pending-export,pending-export,lang:es,2026-09-23,keep
/es/blog/resena-linkwarden-2026,blog,blog,es,index,https://www.marqly.com/es/blog/resena-linkwarden-2026,"Reseña de Linkwarden 2026 — Preservación de Enlaces | Marqly","Análisis honesto de Linkwarden en 2026: archivado multipropósito (HTML, PDF, captura), tarifas en la nube (3 $/mes) y trabajo en equipo.",published,6,99,pending-export,pending-export,pending-export,pending-export,pending-export,pending-export,pending-export,pending-export,pending-export,pending-export,lang:es,2026-09-23,keep
/es/blog/resena-marqly-2026,blog,blog,es,index,https://www.marqly.com/es/blog/resena-marqly-2026,"Reseña de Marqly 2026 — Funciones, Precios y Análisis | Marqly","Una mirada honesta a Marqly en 2026: búsqueda semántica con IA, autoetiquetado, resúmenes automáticos, precios y para quién está pensado.",published,1,99,pending-export,pending-export,pending-export,pending-export,pending-export,pending-export,pending-export,pending-export,pending-export,pending-export,lang:es,2026-09-23,keep
/es/blog/resena-mymind-2026,blog,blog,es,index,https://www.marqly.com/es/blog/resena-mymind-2026,"Reseña de mymind 2026: Precios, Pros y Contras (3.8/5)","Una reseña honesta de mymind para 2026: precios verificados, qué hace realmente su IA, dónde brilla su lienzo visual y dónde se queda corto. Calificación 3.8/5.",published,6,102,pending-export,pending-export,pending-export,pending-export,pending-export,pending-export,pending-export,pending-export,pending-export,pending-export,lang:es,2026-09-23,keep
/es/blog/resena-raindrop-io-2026,blog,blog,es,index,https://www.marqly.com/es/blog/resena-raindrop-io-2026,"Reseña de Raindrop.io 2026 — Precios, Pros y Contras | Marqly","Análisis honesto de Raindrop.io en 2026: precios, su generoso plan gratuito, funciones de IA y dónde se queda corta la búsqueda por palabras clave.",published,5,99,pending-export,pending-export,pending-export,pending-export,pending-export,pending-export,pending-export,pending-export,pending-export,pending-export,lang:es,2026-09-23,keep
/es/blog/resena-readwise-reader-2026,blog,blog,es,index,https://www.marqly.com/es/blog/resena-readwise-reader-2026,"Reseña de Readwise Reader 2026 — Precios y Veredicto | Marqly","Análisis exhaustivo de Readwise Reader en 2026: precios reales (9,99 $/mes anual), IA Ghostreader, sincronización de subrayados y para quién vale la pena.",published,1,99,pending-export,pending-export,pending-export,pending-export,pending-export,pending-export,pending-export,pending-export,pending-export,pending-export,lang:es,2026-09-23,keep
/es/blog/resumir-videos-youtube-con-ia-2026,blog,blog,es,index,https://www.marqly.com/es/blog/resumir-videos-youtube-con-ia-2026,"Resumir Videos de YouTube con IA (Guía 2026) — Marqly","La forma más rápida de resumir videos de YouTube con IA es usar una extensión que muestra el resumen en la propia pantalla. Métodos, pasos y alternativas.",published,2,95,pending-export,pending-export,pending-export,pending-export,pending-export,pending-export,pending-export,pending-export,pending-export,pending-export,lang:es,2026-09-23,keep
/fr/blog,blog,blog,fr,index,https://www.marqly.com/fr/blog,"Le Blog Marqly en Français — Favoris, IA et Second Cerveau","Guides et comparatifs en français : gérer ses favoris, applications de lecture différée, recherche par IA et second cerveau dans le navigateur. Par l’équipe Mar",published,105,132,pending-export,pending-export,pending-export,pending-export,pending-export,pending-export,pending-export,pending-export,pending-export,pending-export,lang:fr,2026-09-23,keep
/fr/blog/alternative-a-notion-web-clipper-2026,blog,blog,fr,index,https://www.marqly.com/fr/blog/alternative-a-notion-web-clipper-2026,"Meilleure Alternative à Notion Web Clipper en 2026 | Marqly","Notion Web Clipper capture des pages mais manque d'un mode lecture et de recherche IA. Découvrez la meilleure alternative pour gérer vos lectures web.",published,2,100,pending-export,pending-export,pending-export,pending-export,pending-export,pending-export,pending-export,pending-export,pending-export,pending-export,lang:fr,2026-09-23,keep
/fr/blog/alternatives-a-pocket-2026,blog,blog,fr,index,https://www.marqly.com/fr/blog/alternatives-a-pocket-2026,"8 Meilleures Alternatives à Pocket en 2026 (Testées) — Marqly","Pocket a fermé en 2025. Découvrez les 8 meilleures alternatives de lecture différée et favoris en 2026, comparées sur la recherche IA, l'import, les apps et les",published,8,107,pending-export,pending-export,pending-export,pending-export,pending-export,pending-export,pending-export,pending-export,pending-export,pending-export,lang:fr,2026-09-23,keep
/fr/blog/arretez-d-organiser-vos-favoris-dossiers-obsoletes-2026,blog,blog,fr,index,https://www.marqly.com/fr/blog/arretez-d-organiser-vos-favoris-dossiers-obsoletes-2026,"Pourquoi les dossiers de favoris sont obsolètes en 2026 | Marqly","Les dossiers de favoris sont un vestige du passé. Découvrez comment gérer vos signets sans dossiers : enregistrez librement, l'IA tague et retrouve tout par le ",published,1,96,pending-export,pending-export,pending-export,pending-export,pending-export,pending-export,pending-export,pending-export,pending-export,pending-export,lang:fr,2026-09-23,keep
/fr/blog/avis-instapaper-2026,blog,blog,fr,index,https://www.marqly.com/fr/blog/avis-instapaper-2026,"Avis Instapaper 2026 — Tarifs et Fonctionnalités | Marqly","Test complet d'Instapaper en 2026 : nouvelle tarification à 5,99 $/mois, typographie épurée et retard technologique face aux outils IA.",published,105,98,pending-export,pending-export,pending-export,pending-export,pending-export,pending-export,pending-export,pending-export,pending-export,pending-export,lang:fr,2026-09-23,keep
/fr/blog/avis-karakeep-2026,blog,blog,fr,index,https://www.marqly.com/fr/blog/avis-karakeep-2026,"Avis Karakeep 2026 — Favoris Open Source et IA Locale | Marqly","Test complet de Karakeep (ex-Hoarder) en 2026 : IA avec Ollama, installation Docker, tarifs cloud et comparaison avec les outils hébergés.",published,105,98,pending-export,pending-export,pending-export,pending-export,pending-export,pending-export,pending-export,pending-export,pending-export,pending-export,lang:fr,2026-09-23,keep
/fr/blog/avis-linkwarden-2026,blog,blog,fr,index,https://www.marqly.com/fr/blog/avis-linkwarden-2026,"Avis Linkwarden 2026 — Archivage Web et Tarifs | Marqly","Test complet de Linkwarden en 2026 : archivage multiposte (HTML, PDF, capture), tarif cloud à 3 $/mois et partage en équipe.",published,6,98,pending-export,pending-export,pending-export,pending-export,pending-export,pending-export,pending-export,pending-export,pending-export,pending-export,lang:fr,2026-09-23,keep
/fr/blog/avis-marqly-2026,blog,blog,fr,index,https://www.marqly.com/fr/blog/avis-marqly-2026,"Avis Marqly 2026 — Fonctionnalités et Tarifs | Marqly","Présentation détaillée de Marqly en 2026 : recherche sémantique par IA, auto-étiquetage, résumés, tarifs et public cible.",published,1,100,pending-export,pending-export,pending-export,pending-export,pending-export,pending-export,pending-export,pending-export,pending-export,pending-export,lang:fr,2026-09-23,keep
/fr/blog/avis-mymind-2026,blog,blog,fr,index,https://www.marqly.com/fr/blog/avis-mymind-2026,"Avis mymind 2026 : Tarifs, Avantages &amp; Inconvénients (3.8/5)","Un avis objectif sur mymind en 2026 : tarifs vérifiés, fonctionnement réel de l'IA, points forts du tableau visuel et faiblesses. Note 3.8/5.",published,6,101,pending-export,pending-export,pending-export,pending-export,pending-export,pending-export,pending-export,pending-export,pending-export,pending-export,lang:fr,2026-09-23,keep
/fr/blog/avis-raindrop-io-2026,blog,blog,fr,index,https://www.marqly.com/fr/blog/avis-raindrop-io-2026,"Avis Raindrop.io 2026 — Prix, Avantages et Inconvénients | Marqly","Test complet de Raindrop.io en 2026 : formule gratuite illimitée, options Pro, ergonomie et limites de la recherche textuelle simple.",published,5,98,pending-export,pending-export,pending-export,pending-export,pending-export,pending-export,pending-export,pending-export,pending-export,pending-export,lang:fr,2026-09-23,keep
/fr/blog/avis-readwise-reader-2026,blog,blog,fr,index,https://www.marqly.com/fr/blog/avis-readwise-reader-2026,"Avis Readwise Reader 2026 — Tarifs et Verdict | Marqly","Test complet de Readwise Reader en 2026 : tarification (9,99 $/mois), synchronisation des surlignages, IA Ghostreader et comparaison.",published,1,98,pending-export,pending-export,pending-export,pending-export,pending-export,pending-export,pending-export,pending-export,pending-export,pending-export,lang:fr,2026-09-23,keep
/fr/blog/comment-creer-un-second-cerveau-2026,blog,blog,fr,index,https://www.marqly.com/fr/blog/comment-creer-un-second-cerveau-2026,"Comment Créer un Second Cerveau en 2026 (Guide Pratique) | Marqly","La plupart des systèmes de second cerveau échouent par excès d'organisation. Découvrez comment en bâtir un en 2026 qui s'organise tout seul grâce à l'IA.",published,3,97,pending-export,pending-export,pending-export,pending-export,pending-export,pending-export,pending-export,pending-export,pending-export,pending-export,lang:fr,2026-09-23,keep
/fr/blog/comment-discuter-avec-ses-articles-sauvegardes-2026,blog,blog,fr,index,https://www.marqly.com/fr/blog/comment-discuter-avec-ses-articles-sauvegardes-2026,"Discuter avec ses Articles Sauvegardés (2026) | Marqly","Interrogez vos articles sauvegardés en langage naturel et obtenez des réponses d'IA précises issues directement de vos propres lectures et favoris.",published,3,100,pending-export,pending-export,pending-export,pending-export,pending-export,pending-export,pending-export,pending-export,pending-export,pending-export,lang:fr,2026-09-23,keep
/fr/blog/comment-exporter-a-regarder-plus-tard-youtube-2026,blog,blog,fr,index,https://www.marqly.com/fr/blog/comment-exporter-a-regarder-plus-tard-youtube-2026,"Exporter À Regarder Plus Tard YouTube (2026) | Marqly","Google Takeout n'exporte pas la playlist «À regarder plus tard». Découvrez les méthodes qui fonctionnent en 2026 pour sauvegarder vos vidéos YouTube.",published,105,95,pending-export,pending-export,pending-export,pending-export,pending-export,pending-export,pending-export,pending-export,pending-export,pending-export,lang:fr,2026-09-23,keep
/fr/blog/comment-exporter-migrer-donnees-pocket-2026,blog,blog,fr,index,https://www.marqly.com/fr/blog/comment-exporter-migrer-donnees-pocket-2026,"Exporter et Migrer ses Données Pocket (Guide 2026) — Marqly","Pocket a fermé ses portes et vos articles sont menacés. Voici comment exporter votre fichier de sauvegarde et migrer vers un outil moderne en quelques minutes.",published,1,96,pending-export,pending-export,pending-export,pending-export,pending-export,pending-export,pending-export,pending-export,pending-export,pending-export,lang:fr,2026-09-23,keep
/fr/blog/comment-exporter-ses-enregistrements-instagram-2026,blog,blog,fr,index,https://www.marqly.com/fr/blog/comment-exporter-ses-enregistrements-instagram-2026,"Comment Exporter ses Enregistrements Instagram (2026) | Marqly","Instagram ne propose aucun bouton d'exportation. Voici comment utiliser «Télécharger vos informations», analyser saved_posts.json et organiser vos sauvegardes.",published,105,95,pending-export,pending-export,pending-export,pending-export,pending-export,pending-export,pending-export,pending-export,pending-export,pending-export,lang:fr,2026-09-23,keep
/fr/blog/comment-exporter-ses-posts-sauvegardes-reddit-2026,blog,blog,fr,index,https://www.marqly.com/fr/blog/comment-exporter-ses-posts-sauvegardes-reddit-2026,"Comment Exporter ses Posts Sauvegardés Reddit (2026) | Marqly","Exportez vos posts sauvegardés Reddit via la demande officielle de données : procédure exacte, contenu du CSV, limite des 1 000 éléments et réorganisation.",published,1,96,pending-export,pending-export,pending-export,pending-export,pending-export,pending-export,pending-export,pending-export,pending-export,pending-export,lang:fr,2026-09-23,keep
/fr/blog/comment-exporter-ses-signets-twitter-x-2026,blog,blog,fr,index,https://www.marqly.com/fr/blog/comment-exporter-ses-signets-twitter-x-2026,"Comment Exporter les Signets X (Twitter) en 2026 | Marqly","L'archive officielle de données de X ne contient pas vos signets. Voici comment exporter vos favoris Twitter en 2026 et les conserver organisés à vie.",published,1,96,pending-export,pending-export,pending-export,pending-export,pending-export,pending-export,pending-export,pending-export,pending-export,pending-export,lang:fr,2026-09-23,keep
/fr/blog/comment-retrouver-un-article-sauvegarde-sans-le-titre-2026,blog,blog,fr,index,https://www.marqly.com/fr/blog/comment-retrouver-un-article-sauvegarde-sans-le-titre-2026,"Retrouver un favori sans le titre (2026) | Marqly","Vous avez oublié le titre d'un favori ? Utilisez la recherche sémantique par IA pour décrire ce dont vous vous souvenez et retrouver n'importe quel article par ",published,2,99,pending-export,pending-export,pending-export,pending-export,pending-export,pending-export,pending-export,pending-export,pending-export,pending-export,lang:fr,2026-09-23,keep
/fr/blog/comment-surligner-du-texte-sur-un-site-2026,blog,blog,fr,index,https://www.marqly.com/fr/blog/comment-surligner-du-texte-sur-un-site-2026,"Surligner du texte sur un site web et le sauvegarder | Marqly","Découvrez comment surligner du texte sur n'importe quelle page web grâce à une extension : vos surlignages persistent lors de vos revisites et se cherchent par ",published,3,97,pending-export,pending-export,pending-export,pending-export,pending-export,pending-export,pending-export,pending-export,pending-export,pending-export,lang:fr,2026-09-23,keep
/fr/blog/desencombrement-numerique-nouvel-an,blog,blog,fr,index,https://www.marqly.com/fr/blog/desencombrement-numerique-nouvel-an,"Checklist Désencombrement Numérique : Le Grand Reset — Marqly","Une checklist pratique pour désencombrer sa vie numérique au nouvel an : fermer les onglets, unifier les favoris, purger les articles en attente et couper les a",published,1,98,pending-export,pending-export,pending-export,pending-export,pending-export,pending-export,pending-export,pending-export,pending-export,pending-export,lang:fr,2026-09-23,keep
/fr/blog/discuter-avec-une-video-youtube-2026,blog,blog,fr,index,https://www.marqly.com/fr/blog/discuter-avec-une-video-youtube-2026,"Discuter avec une Vidéo YouTube grâce à l&#39;IA | Marqly","Oui, vous pouvez converser avec une vidéo YouTube. Posez vos questions et obtenez des réponses basées sur la transcription réelle, à côté du lecteur.",published,1,96,pending-export,pending-export,pending-export,pending-export,pending-export,pending-export,pending-export,pending-export,pending-export,pending-export,lang:fr,2026-09-23,keep
/fr/blog/enregistrer-page-web-en-pdf,blog,blog,fr,index,https://www.marqly.com/fr/blog/enregistrer-page-web-en-pdf,"Enregistrer une Page Web en PDF dans Chrome (3 Façons) | Marqly","Ctrl+P fonctionne bien jusqu'à ce que les images disparaissent et que le texte soit coupé. Trois méthodes pour sauvegarder une page web en PDF avec sa mise en p",published,1,96,pending-export,pending-export,pending-export,pending-export,pending-export,pending-export,pending-export,pending-export,pending-export,pending-export,lang:fr,2026-09-23,keep
/fr/blog/enregistrer-videos-youtube-a-regarder-plus-tard-2026,blog,blog,fr,index,https://www.marqly.com/fr/blog/enregistrer-videos-youtube-a-regarder-plus-tard-2026,"Enregistrer des Vidéos YouTube à Regarder Plus Tard (2026) | Marqly","La liste 'À regarder plus tard' de YouTube est un trou noir. Voici comment organiser vos vidéos avec des tags, l'IA et un système vraiment efficace.",published,2,96,pending-export,pending-export,pending-export,pending-export,pending-export,pending-export,pending-export,pending-export,pending-export,pending-export,lang:fr,2026-09-23,keep
/fr/blog/exporter-favoris-chrome,blog,blog,fr,index,https://www.marqly.com/fr/blog/exporter-favoris-chrome,"Comment Exporter ses Favoris Chrome en 2026 (Pas à Pas) — Marqly","Guide pas à pas pour exporter ses favoris depuis Chrome, Edge, Firefox et Safari, ce que contient le fichier HTML et comment l'importer ailleurs.",published,105,96,pending-export,pending-export,pending-export,pending-export,pending-export,pending-export,pending-export,pending-export,pending-export,pending-export,lang:fr,2026-09-23,keep
/fr/blog/favoris-chrome-ne-se-synchronisent-pas-solution-2026,blog,blog,fr,index,https://www.marqly.com/fr/blog/favoris-chrome-ne-se-synchronisent-pas-solution-2026,"Favoris Chrome ne se synchronisent pas : 8 Solutions (2026) — Marqly","Vos favoris Chrome refusent de se synchroniser ? Suivez ces 8 étapes pour résoudre le problème : synchronisation en pause, comptes différents et réinitialisatio",published,3,96,pending-export,pending-export,pending-export,pending-export,pending-export,pending-export,pending-export,pending-export,pending-export,pending-export,lang:fr,2026-09-23,keep
/fr/blog/gestionnaires-de-favoris-ia-recherche-semantique-comparatif-2026,blog,blog,fr,index,https://www.marqly.com/fr/blog/gestionnaires-de-favoris-ia-recherche-semantique-comparatif-2026,"Gestionnaires de Favoris avec Recherche Sémantique Réelle (2026) — Marqly","La plupart des gestionnaires IA simulent la recherche sémantique via des tags. Découvrez les 8 outils qui cherchent vraiment par le sens.",published,13,100,pending-export,pending-export,pending-export,pending-export,pending-export,pending-export,pending-export,pending-export,pending-export,pending-export,lang:fr,2026-09-23,keep
/fr/blog/lia-peut-elle-organiser-mes-favoris-2026,blog,blog,fr,index,https://www.marqly.com/fr/blog/lia-peut-elle-organiser-mes-favoris-2026,"L&#39;IA Peut-elle Organiser Vos Favoris Automatiquement ? (2026) | Marqly","Oui, l'intelligence artificielle peut organiser vos favoris automatiquement grâce à l'étiquetage intelligent et aux résumés. Fini le tri manuel en dossiers.",published,1,96,pending-export,pending-export,pending-export,pending-export,pending-export,pending-export,pending-export,pending-export,pending-export,pending-export,lang:fr,2026-09-23,keep
/fr/blog/meilleures-alternatives-a-instapaper-2026,blog,blog,fr,index,https://www.marqly.com/fr/blog/meilleures-alternatives-a-instapaper-2026,"Meilleures Alternatives à Instapaper 2026 — Lecture IA | Marqly","Instapaper est épuré mais figé dans le passé. Découvrez les meilleures alternatives en 2026 avec recherche sémantique par IA et résumés automatiques.",published,3,100,pending-export,pending-export,pending-export,pending-export,pending-export,pending-export,pending-export,pending-export,pending-export,pending-export,lang:fr,2026-09-23,keep
/fr/blog/meilleures-alternatives-auto-hebergees-a-pocket-2026,blog,blog,fr,index,https://www.marqly.com/fr/blog/meilleures-alternatives-auto-hebergees-a-pocket-2026,"Meilleures Alternatives Auto-Hébergées à Pocket (2026) — Marqly","Comparatif des solutions open source pour remplacer Pocket : Wallabag, Karakeep, Linkwarden et ArchiveBox face à la simplicité de l'IA dans le cloud.",published,5,100,pending-export,pending-export,pending-export,pending-export,pending-export,pending-export,pending-export,pending-export,pending-export,pending-export,lang:fr,2026-09-23,keep
/fr/blog/meilleures-applications-lecture-differee-2026,blog,blog,fr,index,https://www.marqly.com/fr/blog/meilleures-applications-lecture-differee-2026,"9 Meilleures Applications de Lecture Différée en 2026 — Marqly","Les meilleures applications read-it-later en 2026 : comparatif de la recherche par IA, du confort de lecture, de l'accès hors ligne et des tarifs.",published,2,104,pending-export,pending-export,pending-export,pending-export,pending-export,pending-export,pending-export,pending-export,pending-export,pending-export,lang:fr,2026-09-23,keep
/fr/blog/meilleures-applications-second-cerveau-2026,blog,blog,fr,index,https://www.marqly.com/fr/blog/meilleures-applications-second-cerveau-2026,"Meilleures Applications de Second Cerveau en 2026 | Marqly","La meilleure application de second cerveau dépend de l'effort d'entretien toléré : Notion et Obsidian pour bâtir à la main ; Marqly pour capturer avec l'IA.",published,4,100,pending-export,pending-export,pending-export,pending-export,pending-export,pending-export,pending-export,pending-export,pending-export,pending-export,lang:fr,2026-09-23,keep
/fr/blog/meilleurs-gestionnaires-favoris-gratuits-2026,blog,blog,fr,index,https://www.marqly.com/fr/blog/meilleurs-gestionnaires-favoris-gratuits-2026,"Meilleurs Gestionnaires de Favoris Gratuits 2026: 5 Options — Marqly","Les gestionnaires de favoris réellement gratuits en 2026 : l'offre gratuite de Raindrop, Marqly gratuit, Linkwarden et Karakeep auto-hébergés, et navigateurs.",published,2,97,pending-export,pending-export,pending-export,pending-export,pending-export,pending-export,pending-export,pending-export,pending-export,pending-export,lang:fr,2026-09-23,keep
/fr/blog/meilleurs-gestionnaires-favoris-ia-2026,blog,blog,fr,index,https://www.marqly.com/fr/blog/meilleurs-gestionnaires-favoris-ia-2026,"Meilleurs Gestionnaires de Favoris IA en 2026 — Marqly","Les gestionnaires de favoris modernes utilisent l'IA pour classer, résumer et rechercher par le sens. Découvrez les 5 meilleurs outils de 2026.",published,7,100,pending-export,pending-export,pending-export,pending-export,pending-export,pending-export,pending-export,pending-export,pending-export,pending-export,lang:fr,2026-09-23,keep
/fr/blog/meilleurs-gestionnaires-onglets-2026,blog,blog,fr,index,https://www.marqly.com/fr/blog/meilleurs-gestionnaires-onglets-2026,"Meilleurs Gestionnaires d&#39;Onglets en 2026 : OneTab, Toby, Workona et Marqly","Comparatif complet entre OneTab, Toby, Workona, Session Buddy et Marqly : gestionnaires d'espaces de travail vs sauvegardes d'onglets intelligentes avec IA.",published,10,100,pending-export,pending-export,pending-export,pending-export,pending-export,pending-export,pending-export,pending-export,pending-export,pending-export,lang:fr,2026-09-23,keep
/fr/blog/meilleurs-resumes-videos-youtube-ia-2026,blog,blog,fr,index,https://www.marqly.com/fr/blog/meilleurs-resumes-videos-youtube-ia-2026,"Meilleurs Outils IA pour Résumer YouTube en 2026 : Marqly, NoteGPT, Eightify et autres","Comparatif des 6 meilleurs outils IA pour résumer les vidéos YouTube en 2026 : intégration directe sur la page, transcription, chat interactif et tarifs réels.",published,10,101,pending-export,pending-export,pending-export,pending-export,pending-export,pending-export,pending-export,pending-export,pending-export,pending-export,lang:fr,2026-09-23,keep
/fr/blog/meilleurs-surligneurs-web-2026,blog,blog,fr,index,https://www.marqly.com/fr/blog/meilleurs-surligneurs-web-2026,"Meilleurs Surligneurs Web en 2026: 6 Outils Comparés — Marqly","Comparatif de 6 extensions de surlignage web sur la persistance, les couleurs, les notes et le prix : Marqly, Glasp, LINER, Weava, Hypothesis et Readwise Reader",published,3,98,pending-export,pending-export,pending-export,pending-export,pending-export,pending-export,pending-export,pending-export,pending-export,pending-export,lang:fr,2026-09-23,keep
/fr/blog/methode-para-pour-les-favoris-2026,blog,blog,fr,index,https://www.marqly.com/fr/blog/methode-para-pour-les-favoris-2026,"Méthode PARA pour vos Favoris : Guide Complet (2026) | Marqly","Comment appliquer la méthode PARA de Tiago Forte à vos favoris : 4 catégories, 5 étapes, limites du classement manuel et solution hybride avec l'IA.",published,2,96,pending-export,pending-export,pending-export,pending-export,pending-export,pending-export,pending-export,pending-export,pending-export,pending-export,lang:fr,2026-09-23,keep
/fr/blog/obtenir-transcription-youtube,blog,blog,fr,index,https://www.marqly.com/fr/blog/obtenir-transcription-youtube,"Obtenir la Transcription d&#39;une Vidéo YouTube | Marqly","Trois façons d'extraire la transcription complète d'une vidéo YouTube en 2026 : le panneau natif, des outils en ligne et une extension avec copie en un clic.",published,1,98,pending-export,pending-export,pending-export,pending-export,pending-export,pending-export,pending-export,pending-export,pending-export,pending-export,lang:fr,2026-09-23,keep
/fr/blog/organiser-favoris-navigateur,blog,blog,fr,index,https://www.marqly.com/fr/blog/organiser-favoris-navigateur,"Comment Organiser ses Favoris (Guide 2026) — Marqly","Les dossiers de favoris échouent toujours pour la même raison. Guide pratique pour nettoyer, exporter et monter un système sans entretien.",published,105,97,pending-export,pending-export,pending-export,pending-export,pending-export,pending-export,pending-export,pending-export,pending-export,pending-export,lang:fr,2026-09-23,keep
/fr/blog/pourquoi-vous-enregistrez-des-articles,blog,blog,fr,index,https://www.marqly.com/fr/blog/pourquoi-vous-enregistrez-des-articles,"Pourquoi Vous Enregistrez des Articles sans les Lire — Marqly","La pile d'articles en attente n'est pas un problème de discipline. Pourquoi nous enregistrons plus que nous ne lisons et comment rendre cette pile utile.",published,105,96,pending-export,pending-export,pending-export,pending-export,pending-export,pending-export,pending-export,pending-export,pending-export,pending-export,lang:fr,2026-09-23,keep
/fr/blog/qu-est-ce-qu-un-second-cerveau-ia-2026,blog,blog,fr,index,https://www.marqly.com/fr/blog/qu-est-ce-qu-un-second-cerveau-ia-2026,"Qu&#39;est-ce qu&#39;un Second Cerveau IA ? (2026) | Marqly","Un second cerveau IA est une base de connaissances qui centralise vos lectures et utilise l'intelligence artificielle pour organiser et retrouver vos idées.",published,5,98,pending-export,pending-export,pending-export,pending-export,pending-export,pending-export,pending-export,pending-export,pending-export,pending-export,lang:fr,2026-09-23,keep
/fr/blog/qu-est-ce-qu-une-application-second-cerveau-2026,blog,blog,fr,index,https://www.marqly.com/fr/blog/qu-est-ce-qu-une-application-second-cerveau-2026,"Qu&#39;est-ce qu&#39;une Application Second Cerveau ? (2026) | Marqly","Une application de second cerveau mémorise vos lectures et les rend consultables à vie. Découvrez son fonctionnement et comment la créer à partir de vos favoris",published,2,97,pending-export,pending-export,pending-export,pending-export,pending-export,pending-export,pending-export,pending-export,pending-export,pending-export,lang:fr,2026-09-23,keep
/fr/blog/que-contient-le-fichier-d-export-pocket-2026,blog,blog,fr,index,https://www.marqly.com/fr/blog/que-contient-le-fichier-d-export-pocket-2026,"Que contient le fichier d&#39;export Pocket ? (2026) — Marqly","Vous avez téléchargé votre archive Pocket et découvert un fichier CSV ou HTML ? Découvrez les données incluses, les limites et la méthode d'import.",published,1,96,pending-export,pending-export,pending-export,pending-export,pending-export,pending-export,pending-export,pending-export,pending-export,pending-export,lang:fr,2026-09-23,keep
/fr/blog/quest-ce-que-la-recherche-semantique,blog,blog,fr,index,https://www.marqly.com/fr/blog/quest-ce-que-la-recherche-semantique,"Qu&#39;est-ce que la Recherche Sémantique ? (Expliqué Simplement) — Marqly","La recherche par mots-clés échoue quand vous retenez l'idée mais pas les mots. Ce qu'est la recherche sémantique, comment elle marche et où elle change tout.",published,105,95,pending-export,pending-export,pending-export,pending-export,pending-export,pending-export,pending-export,pending-export,pending-export,pending-export,lang:fr,2026-09-23,keep
/fr/blog/resumer-videos-youtube-avec-ia-2026,blog,blog,fr,index,https://www.marqly.com/fr/blog/resumer-videos-youtube-avec-ia-2026,"Résumer des Vidéos YouTube avec l&#39;IA (Guide 2026) — Marqly","La méthode la plus rapide pour résumer des vidéos YouTube avec l'intelligence artificielle : une extension de navigateur intégrée. Comparatif et étapes.",published,2,96,pending-export,pending-export,pending-export,pending-export,pending-export,pending-export,pending-export,pending-export,pending-export,pending-export,lang:fr,2026-09-23,keep
/it/blog,blog,blog,it,index,https://www.marqly.com/it/blog,"Il Blog di Marqly in Italiano — Segnalibri, AI e Secondo Cervello","Guide e confronti in italiano: gestire i segnalibri, app per leggere dopo, ricerca con AI e il secondo cervello nel browser. Dal team di Marqly.",published,104,131,pending-export,pending-export,pending-export,pending-export,pending-export,pending-export,pending-export,pending-export,pending-export,pending-export,lang:it,2026-09-23,keep
/it/blog/alternativa-a-notion-web-clipper-2026,blog,blog,it,index,https://www.marqly.com/it/blog/alternativa-a-notion-web-clipper-2026,"Migliore Alternativa a Notion Web Clipper (2026) | Marqly","Notion Web Clipper salva le pagine ma non ha modalità lettura né ricerca IA. Scopri la migliore alternativa per archiviare e ritrovare ciò che leggi.",published,1,99,pending-export,pending-export,pending-export,pending-export,pending-export,pending-export,pending-export,pending-export,pending-export,pending-export,lang:it,2026-09-23,keep
/it/blog/alternative-a-pocket-2026,blog,blog,it,index,https://www.marqly.com/it/blog/alternative-a-pocket-2026,"8 Migliori Alternative a Pocket nel 2026 (Testate) — Marqly","Pocket ha chiuso nel 2025. Scopri le 8 migliori alternative per salvare e leggere dopo nel 2026, confrontate su ricerca con AI, importazione, app e prezzi.",published,7,106,pending-export,pending-export,pending-export,pending-export,pending-export,pending-export,pending-export,pending-export,pending-export,pending-export,lang:it,2026-09-23,keep
/it/blog/chattare-con-video-youtube-2026,blog,blog,it,index,https://www.marqly.com/it/blog/chattare-con-video-youtube-2026,"Chattare con un Video di YouTube: Risposte con IA | Marqly","Sì, puoi chattare con un video di YouTube. Fai domande e ottieni risposte basate sulla trascrizione reale, accanto al lettore. Guida 2026.",published,1,95,pending-export,pending-export,pending-export,pending-export,pending-export,pending-export,pending-export,pending-export,pending-export,pending-export,lang:it,2026-09-23,keep
/it/blog/come-chattare-con-i-propri-articoli-salvati-2026,blog,blog,it,index,https://www.marqly.com/it/blog/come-chattare-con-i-propri-articoli-salvati-2026,"Come Chattare con i Propri Articoli Salvati (2026) | Marqly","Fai domande in linguaggio naturale ai tuoi articoli salvati e ottieni risposte con IA basate esclusivamente sulle tue fonti e sui tuoi segnalibri personali.",published,2,99,pending-export,pending-export,pending-export,pending-export,pending-export,pending-export,pending-export,pending-export,pending-export,pending-export,lang:it,2026-09-23,keep
/it/blog/come-creare-un-secondo-cervello-2026,blog,blog,it,index,https://www.marqly.com/it/blog/come-creare-un-secondo-cervello-2026,"Come Creare un Secondo Cervello nel 2026 (Guida Passo Passo) | Marqly","La maggior parte dei sistemi di secondo cervello fallisce per eccesso di ordine manuale. Scopri come costruirne uno nel 2026 che si organizza da solo grazie all",published,4,96,pending-export,pending-export,pending-export,pending-export,pending-export,pending-export,pending-export,pending-export,pending-export,pending-export,lang:it,2026-09-23,keep
/it/blog/come-esportare-guarda-piu-tardi-di-youtube-2026,blog,blog,it,index,https://www.marqly.com/it/blog/come-esportare-guarda-piu-tardi-di-youtube-2026,"Come Esportare Guarda Più Tardi YouTube (2026) | Marqly","Google Takeout non include la lista Guarda più tardi. Ecco le soluzioni che funzionano nel 2026 per esportare e conservare i tuoi video di YouTube.",published,104,94,pending-export,pending-export,pending-export,pending-export,pending-export,pending-export,pending-export,pending-export,pending-export,pending-export,lang:it,2026-09-23,keep
/it/blog/come-esportare-i-post-salvati-di-instagram-2026,blog,blog,it,index,https://www.marqly.com/it/blog/come-esportare-i-post-salvati-di-instagram-2026,"Come Esportare i Post Salvati di Instagram (2026) | Marqly","Instagram non ha un pulsante per esportare i salvati. Scopri come usare «Scarica le tue informazioni», cosa contiene saved_posts.json e come organizzare i tuoi ",published,104,94,pending-export,pending-export,pending-export,pending-export,pending-export,pending-export,pending-export,pending-export,pending-export,pending-export,lang:it,2026-09-23,keep
/it/blog/come-esportare-i-post-salvati-di-reddit-2026,blog,blog,it,index,https://www.marqly.com/it/blog/come-esportare-i-post-salvati-di-reddit-2026,"Come Esportare i Post Salvati di Reddit (2026) | Marqly","Esporta i tuoi post salvati su Reddit tramite la richiesta dati ufficiale: passaggi dettagliati, contenuto del CSV, limite dei 1.000 salvataggi e come riorganiz",published,104,94,pending-export,pending-export,pending-export,pending-export,pending-export,pending-export,pending-export,pending-export,pending-export,pending-export,lang:it,2026-09-23,keep
/it/blog/come-esportare-i-segnalibri-di-twitter-x-2026,blog,blog,it,index,https://www.marqly.com/it/blog/come-esportare-i-segnalibri-di-twitter-x-2026,"Come Esportare Segnalibri X (Twitter) nel 2026 | Marqly","L'archivio dati ufficiale di X non contiene i segnalibri. Ecco come esportare i tuoi segnalibri di Twitter nel 2026 e renderli sempre facili da ritrovare.",published,104,94,pending-export,pending-export,pending-export,pending-export,pending-export,pending-export,pending-export,pending-export,pending-export,pending-export,lang:it,2026-09-23,keep
/it/blog/come-esportare-migrare-dati-pocket-2026,blog,blog,it,index,https://www.marqly.com/it/blog/come-esportare-migrare-dati-pocket-2026,"Esportare e Migrare i Dati di Pocket (Guida 2026) — Marqly","Pocket ha chiuso i battenti? Scopri come esportare l'archivio dei tuoi articoli e migrare verso un'applicazione moderna in pochi minuti.",published,1,95,pending-export,pending-export,pending-export,pending-export,pending-export,pending-export,pending-export,pending-export,pending-export,pending-export,lang:it,2026-09-23,keep
/it/blog/come-evidenziare-testo-su-qualsiasi-sito-2026,blog,blog,it,index,https://www.marqly.com/it/blog/come-evidenziare-testo-su-qualsiasi-sito-2026,"Evidenziare testo su pagine web e salvarlo | Marqly","Scopri come evidenziare e sottolineare testo su qualsiasi sito con un'estensione: le annotazioni persistono sulla pagina e si cercano tramite IA.",published,2,96,pending-export,pending-export,pending-export,pending-export,pending-export,pending-export,pending-export,pending-export,pending-export,pending-export,lang:it,2026-09-23,keep
/it/blog/come-trovare-un-articolo-salvato-se-hai-dimenticato-il-titolo-2026,blog,blog,it,index,https://www.marqly.com/it/blog/come-trovare-un-articolo-salvato-se-hai-dimenticato-il-titolo-2026,"Come Trovare un Segnalibri Senza Titolo (2026) | Marqly","Hai dimenticato il titolo di un preferito salvato? Usa la ricerca semantica con IA per descrivere ciò che ricordi e recuperare qualsiasi articolo per significat",published,2,98,pending-export,pending-export,pending-export,pending-export,pending-export,pending-export,pending-export,pending-export,pending-export,pending-export,lang:it,2026-09-23,keep
/it/blog/cos-e-la-ricerca-semantica,blog,blog,it,index,https://www.marqly.com/it/blog/cos-e-la-ricerca-semantica,"Cos&#39;è la Ricerca Semantica? (Spiegato Semplice) — Marqly","La ricerca per parole chiave fallisce quando ricordi l'idea ma non le parole. Cos'è la ricerca semantica, come funziona e dove si nota davvero.",published,104,94,pending-export,pending-export,pending-export,pending-export,pending-export,pending-export,pending-export,pending-export,pending-export,pending-export,lang:it,2026-09-23,keep
/it/blog/cos-e-un-app-secondo-cervello-2026,blog,blog,it,index,https://www.marqly.com/it/blog/cos-e-un-app-secondo-cervello-2026,"Cos&#39;è un&#39;App di Secondo Cervello? (2026) | Marqly","Un'app di secondo cervello memorizza ciò che leggi e lo rende ricercabile per sempre. Scopri come funziona e come costruirne uno partendo dai tuoi segnalibri.",published,2,96,pending-export,pending-export,pending-export,pending-export,pending-export,pending-export,pending-export,pending-export,pending-export,pending-export,lang:it,2026-09-23,keep
/it/blog/cos-e-un-secondo-cervello-con-ia-2026,blog,blog,it,index,https://www.marqly.com/it/blog/cos-e-un-secondo-cervello-con-ia-2026,"Cos&#39;è un Secondo Cervello con IA? (2026) | Marqly","Un secondo cervello con IA è un archivio personale che raccoglie ciò che salvi e usa l'intelligenza artificiale per organizzare, riassumere e rispondere a doman",published,4,97,pending-export,pending-export,pending-export,pending-export,pending-export,pending-export,pending-export,pending-export,pending-export,pending-export,lang:it,2026-09-23,keep
/it/blog/cosa-contiene-il-file-di-esportazione-pocket-2026,blog,blog,it,index,https://www.marqly.com/it/blog/cosa-contiene-il-file-di-esportazione-pocket-2026,"Cosa c&#39;è nel File di Esportazione Pocket (2026) — Marqly","Hai aperto il file esportato da Pocket e trovato un CSV o un HTML? Ecco quali dati include (URL, tag, date), cosa manca e come importarlo al meglio.",published,1,95,pending-export,pending-export,pending-export,pending-export,pending-export,pending-export,pending-export,pending-export,pending-export,pending-export,lang:it,2026-09-23,keep
/it/blog/decluttering-digitale-capodanno,blog,blog,it,index,https://www.marqly.com/it/blog/decluttering-digitale-capodanno,"Checklist Decluttering Digitale: Il Reset di Nuovo Anno — Marqly","Una checklist pratica per fare ordine nel tuo mondo digitale: chiudi le schede, unifica i segnalibri, smaltisci gli articoli salvati e taglia gli abbonamenti in",published,1,97,pending-export,pending-export,pending-export,pending-export,pending-export,pending-export,pending-export,pending-export,pending-export,pending-export,lang:it,2026-09-23,keep
/it/blog/esportare-preferiti-chrome,blog,blog,it,index,https://www.marqly.com/it/blog/esportare-preferiti-chrome,"Come Esportare i Preferiti di Chrome nel 2026 (Passo Passo) — Marqly","Guida passo passo per esportare i preferiti da Chrome, Edge, Firefox e Safari, cosa contiene il file HTML e come importarlo altrove.",published,104,94,pending-export,pending-export,pending-export,pending-export,pending-export,pending-export,pending-export,pending-export,pending-export,pending-export,lang:it,2026-09-23,keep
/it/blog/gestori-di-segnalibri-ia-ricerca-semantica-confronto-2026,blog,blog,it,index,https://www.marqly.com/it/blog/gestori-di-segnalibri-ia-ricerca-semantica-confronto-2026,"Gestori di Segnalibri con Ricerca Semantica Reale (2026) — Marqly","La maggior parte dei gestori di segnalibri IA finge la ricerca semantica con i tag. Scopri quali 8 strumenti cercano davvero per concetto.",published,9,99,pending-export,pending-export,pending-export,pending-export,pending-export,pending-export,pending-export,pending-export,pending-export,pending-export,lang:it,2026-09-23,keep
/it/blog/lia-puo-organizzare-i-miei-segnalibri-2026,blog,blog,it,index,https://www.marqly.com/it/blog/lia-puo-organizzare-i-miei-segnalibri-2026,"L&#39;IA Può Organizzare i Tuoi Segnalibri Automaticamente? (2026) | Marqly","Sì, l'intelligenza artificiale organizza i tuoi segnalibri in modo automatico con tag intelligenti e riassunti. Cerca per significato e dimentica le cartelle.",published,1,95,pending-export,pending-export,pending-export,pending-export,pending-export,pending-export,pending-export,pending-export,pending-export,pending-export,lang:it,2026-09-23,keep
/it/blog/metodo-para-per-i-segnalibri-2026,blog,blog,it,index,https://www.marqly.com/it/blog/metodo-para-per-i-segnalibri-2026,"Metodo PARA per i Segnalibri: Guida Passo Passo (2026) | Marqly","Come applicare il metodo PARA di Tiago Forte ai segnalibri: 4 categorie, configurazione in 5 passaggi, limiti manuali e la soluzione ibrida con IA.",published,2,95,pending-export,pending-export,pending-export,pending-export,pending-export,pending-export,pending-export,pending-export,pending-export,pending-export,lang:it,2026-09-23,keep
/it/blog/migliori-alternative-a-instapaper-2026,blog,blog,it,index,https://www.marqly.com/it/blog/migliori-alternative-a-instapaper-2026,"Migliori Alternative a Instapaper 2026 — Lettura con IA | Marqly","Instapaper è rilassante ma privo di innovazione. Le alternative più avanzate del 2026 con ricerca semantica, riassunti IA e tag automatici.",published,2,99,pending-export,pending-export,pending-export,pending-export,pending-export,pending-export,pending-export,pending-export,pending-export,pending-export,lang:it,2026-09-23,keep
/it/blog/migliori-alternative-self-hosted-a-pocket-2026,blog,blog,it,index,https://www.marqly.com/it/blog/migliori-alternative-self-hosted-a-pocket-2026,"Migliori Alternative Self-Hosted a Pocket (2026) — Marqly","Guida alle alternative open source a Pocket: Wallabag, Karakeep, Linkwarden e ArchiveBox rispetto ai vantaggi delle moderne app con IA.",published,1,99,pending-export,pending-export,pending-export,pending-export,pending-export,pending-export,pending-export,pending-export,pending-export,pending-export,lang:it,2026-09-23,keep
/it/blog/migliori-app-salva-e-leggi-dopo-2026,blog,blog,it,index,https://www.marqly.com/it/blog/migliori-app-salva-e-leggi-dopo-2026,"9 Migliori App per Salvare e Leggere Dopo nel 2026 — Marqly","Le migliori app 'read-it-later' nel 2026: confronta ricerca con AI, modalità di lettura, lettura offline, prezzi e funzionalità per le tue abitudini.",published,1,104,pending-export,pending-export,pending-export,pending-export,pending-export,pending-export,pending-export,pending-export,pending-export,pending-export,lang:it,2026-09-23,keep
/it/blog/migliori-app-secondo-cervello-2026,blog,blog,it,index,https://www.marqly.com/it/blog/migliori-app-secondo-cervello-2026,"Migliori App Secondo Cervello nel 2026 | Marqly","La migliore app per il tuo secondo cervello dipende da quanto sforzo di manutenzione sei disposto a tollerare: Notion e Obsidian o Marqly con IA.",published,1,99,pending-export,pending-export,pending-export,pending-export,pending-export,pending-export,pending-export,pending-export,pending-export,pending-export,lang:it,2026-09-23,keep
/it/blog/migliori-evidenziatori-web-2026,blog,blog,it,index,https://www.marqly.com/it/blog/migliori-evidenziatori-web-2026,"Migliori Evidenziatori Web 2026: 6 Strumenti a Confronto — Marqly","Abbiamo messo a confronto sei evidenziatori web per persistenza, colori, note ed esportazione: Marqly, Glasp, LINER, Weava, Hypothesis e Readwise Reader.",published,13,99,pending-export,pending-export,pending-export,pending-export,pending-export,pending-export,pending-export,pending-export,pending-export,pending-export,lang:it,2026-09-23,keep
/it/blog/migliori-gestori-schede-2026,blog,blog,it,index,https://www.marqly.com/it/blog/migliori-gestori-schede-2026,"Migliori Gestori di Schede nel 2026: OneTab, Toby, Workona e Marqly","Confronto completo tra OneTab, Toby, Workona, Session Buddy e Marqly: spazi di lavoro attivi vs salvataggio intelligente delle schede con intelligenza artificia",published,12,99,pending-export,pending-export,pending-export,pending-export,pending-export,pending-export,pending-export,pending-export,pending-export,pending-export,lang:it,2026-09-23,keep
/it/blog/migliori-gestori-segnalibri-gratis-2026,blog,blog,it,index,https://www.marqly.com/it/blog/migliori-gestori-segnalibri-gratis-2026,"Migliori Gestori Segnalibri Gratuiti 2026: 5 Alternative — Marqly","Gestori di segnalibri realmente gratuiti nel 2026: il piano gratuito di Raindrop, Marqly free, Linkwarden e Karakeep self-hosted e i segnalibri del browser.",published,12,99,pending-export,pending-export,pending-export,pending-export,pending-export,pending-export,pending-export,pending-export,pending-export,pending-export,lang:it,2026-09-23,keep
/it/blog/migliori-gestori-segnalibri-ia-2026,blog,blog,it,index,https://www.marqly.com/it/blog/migliori-gestori-segnalibri-ia-2026,"Migliori Gestori di Segnalibri AI 2026 — Marqly","I moderni gestori di segnalibri usano l'AI per riassumere, catalogare e cercare per significato. Scopri i 5 migliori strumenti del 2026.",published,4,99,pending-export,pending-export,pending-export,pending-export,pending-export,pending-export,pending-export,pending-export,pending-export,pending-export,lang:it,2026-09-23,keep
/it/blog/migliori-riassunti-video-youtube-ia-2026,blog,blog,it,index,https://www.marqly.com/it/blog/migliori-riassunti-video-youtube-ia-2026,"Migliori Strumenti IA per Riassumere YouTube 2026: Marqly, NoteGPT, Eightify e altri","Confronto tra i 6 migliori riassuntori di video YouTube con intelligenza artificiale nel 2026: integrazione sulla pagina, trascrizioni sincronizzate, chat e pre",published,10,100,pending-export,pending-export,pending-export,pending-export,pending-export,pending-export,pending-export,pending-export,pending-export,pending-export,lang:it,2026-09-23,keep
/it/blog/organizzare-preferiti-browser,blog,blog,it,index,https://www.marqly.com/it/blog/organizzare-preferiti-browser,"Come Organizzare i Preferiti del Browser (Guida 2026) — Marqly","Le cartelle dei preferiti falliscono sempre per lo stesso motivo. Guida pratica per pulire, esportare e costruire un sistema senza manutenzione.",published,104,94,pending-export,pending-export,pending-export,pending-export,pending-export,pending-export,pending-export,pending-export,pending-export,pending-export,lang:it,2026-09-23,keep
/it/blog/ottenere-trascrizione-youtube,blog,blog,it,index,https://www.marqly.com/it/blog/ottenere-trascrizione-youtube,"Come Ottenere la Trascrizione di un Video YouTube | Marqly","Tre metodi pratici per estrarre la trascrizione completa di un video YouTube nel 2026: il pannello nativo, strumenti online e l'estensione Marqly con copia ista",published,1,97,pending-export,pending-export,pending-export,pending-export,pending-export,pending-export,pending-export,pending-export,pending-export,pending-export,lang:it,2026-09-23,keep
/it/blog/perche-salvi-articoli-che-non-leggi,blog,blog,it,index,https://www.marqly.com/it/blog/perche-salvi-articoli-che-non-leggi,"Perché Salvi Articoli e non li Leggi Mai — Marqly","La pila di articoli in sospeso non è un problema di disciplina. Perché salviamo più di quanto leggiamo e come rendere quella pila davvero utile.",published,104,94,pending-export,pending-export,pending-export,pending-export,pending-export,pending-export,pending-export,pending-export,pending-export,pending-export,lang:it,2026-09-23,keep
/it/blog/recensione-instapaper-2026,blog,blog,it,index,https://www.marqly.com/it/blog/recensione-instapaper-2026,"Recensione Instapaper 2026 — Prezzi e Verdetto | Marqly","Analisi di Instapaper nel 2026: nuova tariffa da 5,99 $/mese, tipografia rilassante e assenza di ricerca semantica con IA.",published,6,99,pending-export,pending-export,pending-export,pending-export,pending-export,pending-export,pending-export,pending-export,pending-export,pending-export,lang:it,2026-09-23,keep
/it/blog/recensione-karakeep-2026,blog,blog,it,index,https://www.marqly.com/it/blog/recensione-karakeep-2026,"Recensione Karakeep 2026 — Segnalibri Open Source e IA | Marqly","Analisi di Karakeep (ex Hoarder) nel 2026: IA locale con Ollama, setup Docker e confronto con le soluzioni gestite in cloud.",published,6,99,pending-export,pending-export,pending-export,pending-export,pending-export,pending-export,pending-export,pending-export,pending-export,pending-export,lang:it,2026-09-23,keep
/it/blog/recensione-linkwarden-2026,blog,blog,it,index,https://www.marqly.com/it/blog/recensione-linkwarden-2026,"Recensione Linkwarden 2026 — Archiviazione Web | Marqly","Analisi di Linkwarden nel 2026: salvataggio in formato PDF e HTML, costo cloud (3 $/mese), cartelle condivise e limiti di ricerca.",published,6,99,pending-export,pending-export,pending-export,pending-export,pending-export,pending-export,pending-export,pending-export,pending-export,pending-export,lang:it,2026-09-23,keep
/it/blog/recensione-marqly-2026,blog,blog,it,index,https://www.marqly.com/it/blog/recensione-marqly-2026,"Recensione Marqly 2026 — Funzionalità e Prezzi | Marqly","Analisi approfondita di Marqly nel 2026: ricerca semantica IA, riassunti automatici, prezzi e destinatari ideali.",published,1,98,pending-export,pending-export,pending-export,pending-export,pending-export,pending-export,pending-export,pending-export,pending-export,pending-export,lang:it,2026-09-23,keep
/it/blog/recensione-mymind-2026,blog,blog,it,index,https://www.marqly.com/it/blog/recensione-mymind-2026,"Recensione mymind 2026: Prezzi, Pro e Contro (3.8/5)","Una recensione onesta di mymind per il 2026: prezzi verificati, cosa fa davvero l'IA, dove eccelle la bacheca visiva e dove mostra i suoi limiti. Valutazione 3.",published,6,102,pending-export,pending-export,pending-export,pending-export,pending-export,pending-export,pending-export,pending-export,pending-export,pending-export,lang:it,2026-09-23,keep
/it/blog/recensione-raindrop-io-2026,blog,blog,it,index,https://www.marqly.com/it/blog/recensione-raindrop-io-2026,"Recensione Raindrop.io 2026 — Prezzi e Funzionalità | Marqly","Recensione dettagliata di Raindrop.io nel 2026: piano gratuito senza limiti, funzioni Pro e confronto con la ricerca semantica.",published,5,99,pending-export,pending-export,pending-export,pending-export,pending-export,pending-export,pending-export,pending-export,pending-export,pending-export,lang:it,2026-09-23,keep
/it/blog/recensione-readwise-reader-2026,blog,blog,it,index,https://www.marqly.com/it/blog/recensione-readwise-reader-2026,"Recensione Readwise Reader 2026 — Prezzi e Valutazione | Marqly","Recensione completa di Readwise Reader nel 2026: prezzi (9,99 $/mese), sincronizzazione evidenziazioni, Ghostreader IA e alternative.",published,1,99,pending-export,pending-export,pending-export,pending-export,pending-export,pending-export,pending-export,pending-export,pending-export,pending-export,lang:it,2026-09-23,keep
/it/blog/riassumere-video-youtube-con-ia-2026,blog,blog,it,index,https://www.marqly.com/it/blog/riassumere-video-youtube-con-ia-2026,"Riassumere Video YouTube con l&#39;IA (Guida 2026) — Marqly","Il metodo più rapido per riassumere i video di YouTube con l'intelligenza artificiale è un'estensione integrata nel browser. Guida pratica e alternative.",published,2,95,pending-export,pending-export,pending-export,pending-export,pending-export,pending-export,pending-export,pending-export,pending-export,pending-export,lang:it,2026-09-23,keep
/it/blog/salvare-pagina-web-in-pdf,blog,blog,it,index,https://www.marqly.com/it/blog/salvare-pagina-web-in-pdf,"Come Salvare una Pagina Web in PDF su Chrome (3 Metodi) | Marqly","Ctrl+P funziona finché le immagini spariscono e il testo viene tagliato. Tre metodi per salvare pagine web in PDF con il layout reale dello schermo.",published,1,95,pending-export,pending-export,pending-export,pending-export,pending-export,pending-export,pending-export,pending-export,pending-export,pending-export,lang:it,2026-09-23,keep
/it/blog/salvare-video-youtube-da-guardare-piu-tardi-2026,blog,blog,it,index,https://www.marqly.com/it/blog/salvare-video-youtube-da-guardare-piu-tardi-2026,"Salvare Video YouTube da Guardare Più Tardi (2026) | Marqly","La lista 'Guarda più tardi' di YouTube è un buco nero. Scopri come salvare i video con tag, ricerca IA e un sistema che funziona davvero.",published,2,95,pending-export,pending-export,pending-export,pending-export,pending-export,pending-export,pending-export,pending-export,pending-export,pending-export,lang:it,2026-09-23,keep
/it/blog/segnalibri-chrome-non-si-sincronizzano-soluzione-2026,blog,blog,it,index,https://www.marqly.com/it/blog/segnalibri-chrome-non-si-sincronizzano-soluzione-2026,"Segnalibri Chrome non si sincronizzano: 8 Soluzioni (2026) — Marqly","I tuoi preferiti di Chrome non si sincronizzano più? Segui queste 8 soluzioni ordinate: sincronizzazione in pausa, account errati e reset completo.",published,1,95,pending-export,pending-export,pending-export,pending-export,pending-export,pending-export,pending-export,pending-export,pending-export,pending-export,lang:it,2026-09-23,keep
/it/blog/smetti-di-organizzare-i-segnalibri-cartelle-obsolete-2026,blog,blog,it,index,https://www.marqly.com/it/blog/smetti-di-organizzare-i-segnalibri-cartelle-obsolete-2026,"Perché le cartelle dei segnalibri sono obsolete nel 2026 | Marqly","Le cartelle per i preferiti sono superate. Scopri come gestire i tuoi segnalibri senza cartelle: salva all'istante, lascia che l'IA assegni i tag e trova tutto ",published,1,95,pending-export,pending-export,pending-export,pending-export,pending-export,pending-export,pending-export,pending-export,pending-export,pending-export,lang:it,2026-09-23,keep
/ja/blog,blog,blog,ja,index,https://www.marqly.com/ja/blog,"Marqly公式ブログ（日本語）— AIブックマーク＆第二の脳ガイド","ブックマーク整理、あとで読むアプリ、AI検索、ブラウザ上の第二の脳に関する日本語ガイドと徹底比較。Marqlyチームがお届けします。",published,102,129,pending-export,pending-export,pending-export,pending-export,pending-export,pending-export,pending-export,pending-export,pending-export,pending-export,lang:ja,2026-09-23,keep
/ja/blog/ai-bookmark-kensaku-2026,blog,blog,ja,index,https://www.marqly.com/ja/blog/ai-bookmark-kensaku-2026,"AIブックマーク検索の使い方（意味で探すセマンティック検索） | Marqly","AIブックマーク検索なら、正確なキーワードやタイトルを覚えていなくても、記憶にある内容を自然な言葉で説明するだけで目的のページがすぐ見つかります。",published,7,96,pending-export,pending-export,pending-export,pending-export,pending-export,pending-export,pending-export,pending-export,pending-export,pending-export,lang:ja,2026-09-23,keep
/ja/blog/ai-bookmark-managers-semantic-search-compared-2026,blog,blog,ja,index,https://www.marqly.com/ja/blog/ai-bookmark-managers-semantic-search-compared-2026,"本物のセマンティック検索を備えたAIブックマーク管理ツール（2026年）— Marqly","多くのツールはタグ付けを「AI」と呼んでいるだけです。実際に意味（セマンティック）で検索できる8つのツールを比較検証しました。",published,9,96,pending-export,pending-export,pending-export,pending-export,pending-export,pending-export,pending-export,pending-export,pending-export,pending-export,lang:ja,2026-09-23,keep
/ja/blog/ato-de-yomu-app-2026,blog,blog,ja,index,https://www.marqly.com/ja/blog/ato-de-yomu-app-2026,"あとで読むアプリおすすめ9選（2026年ランキング）— Marqly","2026年最新のあとで読む（Read-it-Later）アプリをランキング形式で徹底比較。AI検索、リーダー機能、オフライン、料金プランを解説。",published,2,95,pending-export,pending-export,pending-export,pending-export,pending-export,pending-export,pending-export,pending-export,pending-export,pending-export,lang:ja,2026-09-23,keep
/ja/blog/best-ai-bookmark-manager-2026,blog,blog,ja,index,https://www.marqly.com/ja/blog/best-ai-bookmark-manager-2026,"AIブックマークマネージャーおすすめ5選【2026年最新】— Marqly","AIブックマークツールは自動タグ付け、要約、そして意味で探せるセマンティック検索へ進化しました。本物のAIツールを見分ける基準とおすすめ5選。",published,3,95,pending-export,pending-export,pending-export,pending-export,pending-export,pending-export,pending-export,pending-export,pending-export,pending-export,lang:ja,2026-09-23,keep
/ja/blog/best-free-bookmark-manager-2026,blog,blog,ja,index,https://www.marqly.com/ja/blog/best-free-bookmark-manager-2026,"無料ブックマーク管理ツールおすすめ5選（2026年版）— Marqly","期間制限のない本当に無料のブックマークマネージャーを比較：Raindrop無料枠、Marqly無料プラン、セルフホスト対応Linkwarden・Karakeep、ブラウザ標準。",published,102,94,pending-export,pending-export,pending-export,pending-export,pending-export,pending-export,pending-export,pending-export,pending-export,pending-export,lang:ja,2026-09-23,keep
/ja/blog/best-second-brain-apps-2026,blog,blog,ja,index,https://www.marqly.com/ja/blog/best-second-brain-apps-2026,"2026年セカンドブレインアプリおすすめ比較 — Marqly","最適なセカンドブレインアプリは『手動での維持管理をどれだけ許容できるか』で決まります。Notion、Obsidian、Marqlyなど7大ツールの特徴を正直に比較。",published,1,95,pending-export,pending-export,pending-export,pending-export,pending-export,pending-export,pending-export,pending-export,pending-export,pending-export,lang:ja,2026-09-23,keep
/ja/blog/best-self-hosted-pocket-alternative-2026,blog,blog,ja,index,https://www.marqly.com/ja/blog/best-self-hosted-pocket-alternative-2026,"Pocket代替セルフホスト（自作サーバー）おすすめ比較（2026年）— Marqly","Pocket終了後に自前サーバーで運用できるオープンソースツールを徹底比較。Wallabag、Karakeep、Linkwardenの特徴とクラウドAI型ツールの優位点。",published,1,94,pending-export,pending-export,pending-export,pending-export,pending-export,pending-export,pending-export,pending-export,pending-export,pending-export,lang:ja,2026-09-23,keep
/ja/blog/best-tab-managers-2026,blog,blog,ja,index,https://www.marqly.com/ja/blog/best-tab-managers-2026,"2026年ベストタブ管理アプリ比較：OneTab、Toby、Workona、Marqly","OneTab、Toby、Workona、Session Buddy、Marqlyを徹底比較。作業スペース管理ツールとAI搭載のインテリジェント保存ツールの違いを解説。",published,102,95,pending-export,pending-export,pending-export,pending-export,pending-export,pending-export,pending-export,pending-export,pending-export,pending-export,lang:ja,2026-09-23,keep
/ja/blog/best-web-highlighter-2026,blog,blog,ja,index,https://www.marqly.com/ja/blog/best-web-highlighter-2026,"2026年おすすめWeb蛍光ペンツール6選比較 — Marqly","Webページ上の文章にマーカーを引ける6つのツールを、永続性・色数・メモ機能・価格で比較検証：Marqly、Glasp、LINER、Weava、Hypothesis、Readwise Reader。",published,102,94,pending-export,pending-export,pending-export,pending-export,pending-export,pending-export,pending-export,pending-export,pending-export,pending-export,lang:ja,2026-09-23,keep
/ja/blog/best-youtube-summarizers-2026,blog,blog,ja,index,https://www.marqly.com/ja/blog/best-youtube-summarizers-2026,"2026年YouTube動画要約AIツールおすすめ比較：Marqly、NoteGPT、Eightify他","YouTube動画を自動要約するAIツール6選を徹底比較。動画再生ページへの統合、文字起こし同期、動画との対話チャット、料金プランを解説。",published,102,96,pending-export,pending-export,pending-export,pending-export,pending-export,pending-export,pending-export,pending-export,pending-export,pending-export,lang:ja,2026-09-23,keep
/ja/blog/bookmark-seiri-guide-2026,blog,blog,ja,index,https://www.marqly.com/ja/blog/bookmark-seiri-guide-2026,"ブックマーク整理術：2026年完全ガイド — Marqly","増えすぎたブックマークを整理しきれない理由と、AIとセマンティック検索を活用して「二度と整理に悩まない」スマートな情報管理術を解説。",published,4,95,pending-export,pending-export,pending-export,pending-export,pending-export,pending-export,pending-export,pending-export,pending-export,pending-export,lang:ja,2026-09-23,keep
/ja/blog/can-ai-organize-my-bookmarks-automatically-2026,blog,blog,ja,index,https://www.marqly.com/ja/blog/can-ai-organize-my-bookmarks-automatically-2026,"AIはブックマークを自動整理できるか？（2026年最新ガイド） | Marqly","AIブックマーク管理ツールなら、自動タグ付けと要約により、手動でフォルダ分けすることなく保存内容を完全自動で整理できます。",published,1,94,pending-export,pending-export,pending-export,pending-export,pending-export,pending-export,pending-export,pending-export,pending-export,pending-export,lang:ja,2026-09-23,keep
/ja/blog/chat-with-youtube-videos-2026,blog,blog,ja,index,https://www.marqly.com/ja/blog/chat-with-youtube-videos-2026,"YouTube動画とAIチャットする方法（内容から回答） | Marqly","YouTube動画の内容についてAIに直接質問し、文字起こしに基づいた正確な回答を得る方法。シークバーを探す無駄な時間をゼロにする2026年最新ガイド。",published,1,94,pending-export,pending-export,pending-export,pending-export,pending-export,pending-export,pending-export,pending-export,pending-export,pending-export,lang:ja,2026-09-23,keep
/ja/blog/chrome-bookmark-import-guide-2026,blog,blog,ja,index,https://www.marqly.com/ja/blog/chrome-bookmark-import-guide-2026,"Chromeブックマークのエクスポート＆AIインポート手順 (2026) — Marqly","ChromeからブックマークをHTMLでエクスポートし、AIブックマークマネージャーにインポートして意味で検索できるようにする完全手順ガイド。",published,2,94,pending-export,pending-export,pending-export,pending-export,pending-export,pending-export,pending-export,pending-export,pending-export,pending-export,lang:ja,2026-09-23,keep
/ja/blog/chrome-bookmarks-not-syncing-fix-2026,blog,blog,ja,index,https://www.marqly.com/ja/blog/chrome-bookmarks-not-syncing-fix-2026,"Chromeブックマークが同期しない時の対処法8選（2026年）— Marqly","Chromeのブックマーク同期が突然停止した時の対処法。一時停止の解除、アカウント不一致、sync-internals、リセットまで順を追って解説。",published,102,94,pending-export,pending-export,pending-export,pending-export,pending-export,pending-export,pending-export,pending-export,pending-export,pending-export,lang:ja,2026-09-23,keep
/ja/blog/digital-declutter-new-year,blog,blog,ja,index,https://www.marqly.com/ja/blog/digital-declutter-new-year,"デジタル断捨離チェックリスト：新年のリセット手順 — Marqly","新年に実践したい実用的なデジタル断捨離ガイド：開けっ放しのタブを閉じ、ブックマークを統合し、未読記事を整理し、不要なサブスクを約2時間で解約する手順を解説。",published,102,98,pending-export,pending-export,pending-export,pending-export,pending-export,pending-export,pending-export,pending-export,pending-export,pending-export,lang:ja,2026-09-23,keep
/ja/blog/export-instagram-saved-posts-2026,blog,blog,ja,index,https://www.marqly.com/ja/blog/export-instagram-saved-posts-2026,"Instagramの保存済み投稿をエクスポートする方法 (2026) | Marqly","Instagramには保存投稿のエクスポートボタンがありません。「個人データをダウンロード」の手順、saved_posts.jsonの仕様、リンクの再活用法を解説。",published,102,94,pending-export,pending-export,pending-export,pending-export,pending-export,pending-export,pending-export,pending-export,pending-export,pending-export,lang:ja,2026-09-23,keep
/ja/blog/export-reddit-saved-posts-2026,blog,blog,ja,index,https://www.marqly.com/ja/blog/export-reddit-saved-posts-2026,"Redditの保存済み投稿をエクスポートする方法 | Marqly","公式データリクエストを使ったReddit保存済み投稿のエクスポート手順：CSVの内容、1,000件の表示上限、そしてリンクを再活用する方法を分かりやすく解説。",published,4,94,pending-export,pending-export,pending-export,pending-export,pending-export,pending-export,pending-export,pending-export,pending-export,pending-export,lang:ja,2026-09-23,keep
/ja/blog/export-twitter-x-bookmarks-2026,blog,blog,ja,index,https://www.marqly.com/ja/blog/export-twitter-x-bookmarks-2026,"X（Twitter）のブックマークをエクスポートする方法 | Marqly","Xの公式データアーカイブにはブックマークが含まれません。2026年にTwitterブックマークを安全に書き出し、永久に検索可能にする実用的な方法を解説。",published,1,94,pending-export,pending-export,pending-export,pending-export,pending-export,pending-export,pending-export,pending-export,pending-export,pending-export,lang:ja,2026-09-23,keep
/ja/blog/export-youtube-watch-later-2026,blog,blog,ja,index,https://www.marqly.com/ja/blog/export-youtube-watch-later-2026,"YouTube「後で見る」をエクスポートする方法 (2026) | Marqly","Googleデータエクスポート（Takeout）は「後で見る」を対象外としています。2026年にYouTube保存動画を安全にバックアップし再活用する実践的方法。",published,102,94,pending-export,pending-export,pending-export,pending-export,pending-export,pending-export,pending-export,pending-export,pending-export,pending-export,lang:ja,2026-09-23,keep
/ja/blog/how-to-build-a-second-brain-2026,blog,blog,ja,index,https://www.marqly.com/ja/blog/how-to-build-a-second-brain-2026,"セカンドブレインの作り方（2026年版・自動整理ガイド） | Marqly","従来のセカンドブレイン（第二の脳）が挫折する原因はフォルダ整理の手間にあります。AIを活用し、分類不要で自動整理される持続可能な知識ベースの作り方を解説。",published,2,94,pending-export,pending-export,pending-export,pending-export,pending-export,pending-export,pending-export,pending-export,pending-export,pending-export,lang:ja,2026-09-23,keep
/ja/blog/how-to-chat-with-your-saved-articles-2026,blog,blog,ja,index,https://www.marqly.com/ja/blog/how-to-chat-with-your-saved-articles-2026,"保存した記事とAIチャットする方法 (2026) | Marqly","保存した記事に普段の言葉で質問し、自分のブックマークやメモだけを情報源とした高精度なAI回答を得る方法を詳しく解説します。",published,3,96,pending-export,pending-export,pending-export,pending-export,pending-export,pending-export,pending-export,pending-export,pending-export,pending-export,lang:ja,2026-09-23,keep
/ja/blog/how-to-export-migrate-pocket-data-2026,blog,blog,ja,index,https://www.marqly.com/ja/blog/how-to-export-migrate-pocket-data-2026,"Pocketデータのエクスポートと移行手順（2026年版）— Marqly","Pocketのサービス終了に伴い、保存した記事が消失するリスクがあります。HTMLファイルを書き出し、現代的なツールへ数分で移行する手順を解説します。",published,1,94,pending-export,pending-export,pending-export,pending-export,pending-export,pending-export,pending-export,pending-export,pending-export,pending-export,lang:ja,2026-09-23,keep
/ja/blog/how-to-find-a-saved-article-you-forgot-the-title-of-2026,blog,blog,ja,index,https://www.marqly.com/ja/blog/how-to-find-a-saved-article-you-forgot-the-title-of-2026,"タイトルを忘れたブックマークを簡単に見つける方法 | Marqly","保存した記事のタイトルを思い出せない？AIセマンティック検索なら、覚えている内容を普段の言葉で説明するだけで、意味から目的のページを瞬時に発見できます。",published,3,98,pending-export,pending-export,pending-export,pending-export,pending-export,pending-export,pending-export,pending-export,pending-export,pending-export,lang:ja,2026-09-23,keep
/ja/blog/how-to-highlight-text-on-any-website-2026,blog,blog,ja,index,https://www.marqly.com/ja/blog/how-to-highlight-text-on-any-website-2026,"Webページに蛍光ペンを引いて保存する方法 | Marqly","Webハイライター拡張機能を使って任意のサイトにマーカーを引く方法。ページを再読込・再訪問してもハイライトが消えず、AIセマンティック検索でいつでも呼び出せます。",published,2,96,pending-export,pending-export,pending-export,pending-export,pending-export,pending-export,pending-export,pending-export,pending-export,pending-export,lang:ja,2026-09-23,keep
/ja/blog/instapaper-alternatives-2026,blog,blog,ja,index,https://www.marqly.com/ja/blog/instapaper-alternatives-2026,"Instapaperおすすめ代替アプリ（2026年版）— Marqly","Instapaperのシンプルさは魅力的ですが機能は停滞しています。AIセマンティック検索や自動要約を備えた2026年最新の代替ツールを比較。",published,3,95,pending-export,pending-export,pending-export,pending-export,pending-export,pending-export,pending-export,pending-export,pending-export,pending-export,lang:ja,2026-09-23,keep
/ja/blog/instapaper-review-2026,blog,blog,ja,index,https://www.marqly.com/ja/blog/instapaper-review-2026,"Instapaper 評判・レビュー 2026年 — 料金と特徴 | Marqly","2026年のInstapaperを徹底検証：月額$5.99の新料金、文字組の美しさ、検索機能の有料制限とAI非対応の現状。",published,6,98,pending-export,pending-export,pending-export,pending-export,pending-export,pending-export,pending-export,pending-export,pending-export,pending-export,lang:ja,2026-09-23,keep
/ja/blog/karakeep-review-2026,blog,blog,ja,index,https://www.marqly.com/ja/blog/karakeep-review-2026,"Karakeep 評判・レビュー 2026年 — 自作サーバーとAI活用 | Marqly","旧HoarderことKarakeepを徹底レビュー：Ollama連携によるローカルAI自動タグ付け、Docker導入手順、クラウド版との比較。",published,6,98,pending-export,pending-export,pending-export,pending-export,pending-export,pending-export,pending-export,pending-export,pending-export,pending-export,lang:ja,2026-09-23,keep
/ja/blog/linkwarden-review-2026,blog,blog,ja,index,https://www.marqly.com/ja/blog/linkwarden-review-2026,"Linkwarden 評判・レビュー 2026年 — Web魚拓とチーム共有 | Marqly","2026年のLinkwardenを徹底検証：HTML/PDF/スクリーンショットによる完全保存、月額3ドルのクラウド版、チーム共有機能。",published,6,98,pending-export,pending-export,pending-export,pending-export,pending-export,pending-export,pending-export,pending-export,pending-export,pending-export,lang:ja,2026-09-23,keep
/ja/blog/marqly-review-2026,blog,blog,ja,index,https://www.marqly.com/ja/blog/marqly-review-2026,"Marqly 評判・レビュー 2026年 — 機能と料金体系 | Marqly","2026年のMarqlyを率直に評価：AIセマンティック検索、自動タグ付け、AI要約、料金プラン、向いているユーザーを解説。",published,1,98,pending-export,pending-export,pending-export,pending-export,pending-export,pending-export,pending-export,pending-export,pending-export,pending-export,lang:ja,2026-09-23,keep
/ja/blog/mymind-review-2026,blog,blog,ja,index,https://www.marqly.com/ja/blog/mymind-review-2026,"mymind レビュー 2026：料金・機能・メリット・デメリット (3.8/5)","2026年最新のmymind徹底レビュー：検証済み料金体系、AI自動タグ付けの実力、ビジュアル重視キャンバスの魅力とテキスト検索の課題。スコア3.8/5。",published,6,101,pending-export,pending-export,pending-export,pending-export,pending-export,pending-export,pending-export,pending-export,pending-export,pending-export,lang:ja,2026-09-23,keep
/ja/blog/notion-web-clipper-alternative-2026,blog,blog,ja,index,https://www.marqly.com/ja/blog/notion-web-clipper-alternative-2026,"Notion Web Clipperの最適な代替ツール (2026) | Marqly","Notion Web ClipperにはリーダーモードやAI検索がありません。記事をすっきり保存し、意味で確実に探し出せる2026年最高の代替アプリを比較解説。",published,1,94,pending-export,pending-export,pending-export,pending-export,pending-export,pending-export,pending-export,pending-export,pending-export,pending-export,lang:ja,2026-09-23,keep
/ja/blog/para-method-for-bookmarks-2026,blog,blog,ja,index,https://www.marqly.com/ja/blog/para-method-for-bookmarks-2026,"ブックマークのPARAメソッド実践ガイド（第二の脳・整理術） | Marqly","ティアゴ・フォーテ提唱のPARAメソッド（プロジェクト、エリア、リソース、アーカイブ）をブックマークに応用する方法。手動管理の限界とAIによる解決策。",published,2,95,pending-export,pending-export,pending-export,pending-export,pending-export,pending-export,pending-export,pending-export,pending-export,pending-export,lang:ja,2026-09-23,keep
/ja/blog/pocket-daitai-2026,blog,blog,ja,index,https://www.marqly.com/ja/blog/pocket-daitai-2026,"Pocket代替アプリおすすめ8選（2026年検証済み）— Marqly","MozillaによるPocketサービス終了を受けて、2026年におすすめのあとで読む・ブックマーク代替アプリ8選をAI検索、インポート、機能、価格で徹底比較。",published,3,96,pending-export,pending-export,pending-export,pending-export,pending-export,pending-export,pending-export,pending-export,pending-export,pending-export,lang:ja,2026-09-23,keep
/ja/blog/raindrop-review-2026,blog,blog,ja,index,https://www.marqly.com/ja/blog/raindrop-review-2026,"Raindrop.io 評判・レビュー 2026年 — 料金と特徴 | Marqly","2026年最新のRaindrop.ioレビュー。無制限の無料プラン、Pro版の機能、洗練されたUIとキーワード検索の限界を徹底評価。",published,5,98,pending-export,pending-export,pending-export,pending-export,pending-export,pending-export,pending-export,pending-export,pending-export,pending-export,lang:ja,2026-09-23,keep
/ja/blog/readwise-reader-review-2026,blog,blog,ja,index,https://www.marqly.com/ja/blog/readwise-reader-review-2026,"Readwise Reader 評判・レビュー 2026年 — 料金と特徴 | Marqly","2026年のReadwise Readerを徹底評価：年額$119.88の価格、Ghostreader機能、ハイライト同期の魅力と向き不向きを解説。",published,1,98,pending-export,pending-export,pending-export,pending-export,pending-export,pending-export,pending-export,pending-export,pending-export,pending-export,lang:ja,2026-09-23,keep
/ja/blog/save-youtube-videos-watch-later-2026,blog,blog,ja,index,https://www.marqly.com/ja/blog/save-youtube-videos-watch-later-2026,"YouTube動画を「後で見る」保存して見失わない方法 | Marqly","YouTubeの「後で見る」リストは動画のブラックホールになりがちです。AIタグ付けとセマンティック検索で、溜まった動画を確実に発見・管理する手法。",published,2,94,pending-export,pending-export,pending-export,pending-export,pending-export,pending-export,pending-export,pending-export,pending-export,pending-export,lang:ja,2026-09-23,keep
/ja/blog/stop-organizing-bookmarks-folders-obsolete-2026,blog,blog,ja,index,https://www.marqly.com/ja/blog/stop-organizing-bookmarks-folders-obsolete-2026,"2026年版：ブックマークのフォルダ整理が不要な理由 | Marqly","フォルダ分けはもう古い。フォルダなしでブックマークをスマートに管理する方法：ワンクリック保存、AIによる自動タグ付け、自然言語での意味検索で瞬時に発見。",published,3,94,pending-export,pending-export,pending-export,pending-export,pending-export,pending-export,pending-export,pending-export,pending-export,pending-export,lang:ja,2026-09-23,keep
/ja/blog/webpage-pdf-hozon-guide-2026,blog,blog,ja,index,https://www.marqly.com/ja/blog/webpage-pdf-hozon-guide-2026,"WebページをPDF保存する3つの方法：Chromeでの文字切れ防止 | Marqly","Ctrl+Pでの印刷は画像が消えたり文字が途切れたりしがち。画面表示の見た目そのままにWebページをPDF保存する3つの手法と解決策を解説。",published,1,94,pending-export,pending-export,pending-export,pending-export,pending-export,pending-export,pending-export,pending-export,pending-export,pending-export,lang:ja,2026-09-23,keep
/ja/blog/what-is-a-second-brain-app-2026,blog,blog,ja,index,https://www.marqly.com/ja/blog/what-is-a-second-brain-app-2026,"セカンドブレインアプリとは？ブックマークから構築する方法 | Marqly","セカンドブレインアプリは読んだ知識を永久に検索可能にします。仕組みと選び方、そして既存のブックマークを活用して最小限の手間で構築する方法を解説。",published,3,95,pending-export,pending-export,pending-export,pending-export,pending-export,pending-export,pending-export,pending-export,pending-export,pending-export,lang:ja,2026-09-23,keep
/ja/blog/what-is-an-ai-second-brain-2026,blog,blog,ja,index,https://www.marqly.com/ja/blog/what-is-an-ai-second-brain-2026,"AIセカンドブレインとは？仕組みと活用法 (2026) | Marqly","AIセカンドブレインとは、保存した記事や動画をAIが自動整理・要約し、意味で検索・対話できるようにする次世代の個人知識ベースです。",published,3,95,pending-export,pending-export,pending-export,pending-export,pending-export,pending-export,pending-export,pending-export,pending-export,pending-export,lang:ja,2026-09-23,keep
/ja/blog/what-is-in-your-pocket-export-file-2026,blog,blog,ja,index,https://www.marqly.com/ja/blog/what-is-in-your-pocket-export-file-2026,"Pocketエクスポートファイルの中身と活用法（2026年）— Marqly","Pocketから書き出したCSVやHTMLファイルには何が含まれているのか？URL、タグ、日時の構造と、移行時の注意点をわかりやすく解説します。",published,1,94,pending-export,pending-export,pending-export,pending-export,pending-export,pending-export,pending-export,pending-export,pending-export,pending-export,lang:ja,2026-09-23,keep
/ja/blog/youtube-douga-ai-youyaku-2026,blog,blog,ja,index,https://www.marqly.com/ja/blog/youtube-douga-ai-youyaku-2026,"YouTube動画をAI要約する方法（2026年完全ガイド）— Marqly","YouTube動画を最も速くAI要約する方法は、再生画面内に直接要約を表示するブラウザ拡張機能を使うことです。ChatGPTとの違いや実践手順を解説。",published,2,94,pending-export,pending-export,pending-export,pending-export,pending-export,pending-export,pending-export,pending-export,pending-export,pending-export,lang:ja,2026-09-23,keep
/ja/blog/youtube-transcript-shutoku-guide-2026,blog,blog,ja,index,https://www.marqly.com/ja/blog/youtube-transcript-shutoku-guide-2026,"YouTube動画の文字起こしを取得・コピーする方法 | Marqly","YouTube動画の文字起こし（トランスクリプト）をテキストで取得する3つの方法。YouTube標準機能、無料Webツール、拡張機能を使った1クリック一括コピーまで徹底解説。",published,1,96,pending-export,pending-export,pending-export,pending-export,pending-export,pending-export,pending-export,pending-export,pending-export,pending-export,lang:ja,2026-09-23,keep
/ko/blog,blog,blog,ko,index,https://www.marqly.com/ko/blog,"Marqly 한국어 블로그 — AI 북마크 &amp; 두 번째 뇌 가이드","북마크 정리, 나중에 읽기 앱, AI 시맨틱 검색, 브라우저 속 두 번째 뇌에 대한 한국어 가이드 및 비교. Marqly 팀 제공.",published,102,129,pending-export,pending-export,pending-export,pending-export,pending-export,pending-export,pending-export,pending-export,pending-export,pending-export,lang:ko,2026-09-23,keep
/ko/blog/ai-bookmark-geomsaek-2026,blog,blog,ko,index,https://www.marqly.com/ko/blog/ai-bookmark-geomsaek-2026,"AI 북마크 검색 방법 (의미로 찾는 시맨틱 검색) | Marqly","AI 북마크 검색은 정확한 키워드나 제목을 몰라도 기억나는 내용을 일상 언어로 묘사하여 원하는 페이지를 의미 기반으로 찾아내는 혁신적인 방식입니다.",published,7,97,pending-export,pending-export,pending-export,pending-export,pending-export,pending-export,pending-export,pending-export,pending-export,pending-export,lang:ko,2026-09-23,keep
/ko/blog/ai-bookmark-managers-semantic-search-compared-2026,blog,blog,ko,index,https://www.marqly.com/ko/blog/ai-bookmark-managers-semantic-search-compared-2026,"진짜 시맨틱 검색을 지원하는 AI 북마크 관리자 비교 (2026) — Marqly","대부분의 AI 북마크 툴은 자동 태그에 불과합니다. 실제로 의미(시맨틱) 기반 검색을 지원하는 8가지 도구를 비교했습니다.",published,9,96,pending-export,pending-export,pending-export,pending-export,pending-export,pending-export,pending-export,pending-export,pending-export,pending-export,lang:ko,2026-09-23,keep
/ko/blog/best-ai-bookmark-manager-2026,blog,blog,ko,index,https://www.marqly.com/ko/blog/best-ai-bookmark-manager-2026,"2026년 최고의 AI 북마크 매니저 5선 비교 — Marqly","현대 AI 북마크 매니저는 자동 태깅, 요약, 그리고 의미 기반의 시맨틱 검색을 제공합니다. 진짜 AI 툴의 기준과 2026년 최고의 5가지 도구를 확인하세요.",published,4,96,pending-export,pending-export,pending-export,pending-export,pending-export,pending-export,pending-export,pending-export,pending-export,pending-export,lang:ko,2026-09-23,keep
/ko/blog/best-free-bookmark-manager-2026,blog,blog,ko,index,https://www.marqly.com/ko/blog/best-free-bookmark-manager-2026,"2026년 무료 북마크 관리 프로그램 5종 비교 — Marqly","기간 제한 없이 진짜 무료로 쓸 수 있는 북마크 관리자 비교: 레인드롭 무료 티어, Marqly 무료 버전, 셀프호스팅 Linkwarden과 Karakeep, 브라우저 북마크.",published,102,96,pending-export,pending-export,pending-export,pending-export,pending-export,pending-export,pending-export,pending-export,pending-export,pending-export,lang:ko,2026-09-23,keep
/ko/blog/best-second-brain-apps-2026,blog,blog,ko,index,https://www.marqly.com/ko/blog/best-second-brain-apps-2026,"2026 세컨드 브레인 앱 추천 및 솔직 비교 — Marqly","최고의 세컨드 브레인 앱은 '수동 관리를 얼마나 감당할 수 있는가'에 달려 있습니다. Notion, Obsidian, Marqly 등 7가지 도구를 비교합니다.",published,8,97,pending-export,pending-export,pending-export,pending-export,pending-export,pending-export,pending-export,pending-export,pending-export,pending-export,lang:ko,2026-09-23,keep
/ko/blog/best-self-hosted-pocket-alternative-2026,blog,blog,ko,index,https://www.marqly.com/ko/blog/best-self-hosted-pocket-alternative-2026,"최고의 셀프 호스팅 Pocket 오픈소스 대체제 (2026) — Marqly","Pocket 종료 후 개인 서버에서 직접 운영 가능한 오픈소스 비교: Wallabag, Karakeep, Linkwarden 분석 및 유지보수 없는 클라우드 도구 비교.",published,4,96,pending-export,pending-export,pending-export,pending-export,pending-export,pending-export,pending-export,pending-export,pending-export,pending-export,lang:ko,2026-09-23,keep
/ko/blog/best-tab-managers-2026,blog,blog,ko,index,https://www.marqly.com/ko/blog/best-tab-managers-2026,"2026년 베스트 탭 관리 프로그램 비교: OneTab, Toby, Workona 및 Marqly","OneTab, Toby, Workona, Session Buddy, Marqly 완벽 비교. 다중 프로젝트 워크스페이스 관리와 스마트 AI 북마크 아카이빙 솔루션 차이점 분석.",published,102,96,pending-export,pending-export,pending-export,pending-export,pending-export,pending-export,pending-export,pending-export,pending-export,pending-export,lang:ko,2026-09-23,keep
/ko/blog/best-web-highlighter-2026,blog,blog,ko,index,https://www.marqly.com/ko/blog/best-web-highlighter-2026,"2026년 추천 웹 텍스트 형광펜 도구 6선 비교 — Marqly","웹페이지에 밑줄을 긋고 메모를 남기는 6가지 형광펜 도구를 영구성, 색상, 메모, 가격 기준으로 실측 비교: Marqly, Glasp, LINER, Weava, Hypothesis, Readwise Reader.",published,102,96,pending-export,pending-export,pending-export,pending-export,pending-export,pending-export,pending-export,pending-export,pending-export,pending-export,lang:ko,2026-09-23,keep
/ko/blog/best-youtube-summarizers-2026,blog,blog,ko,index,https://www.marqly.com/ko/blog/best-youtube-summarizers-2026,"2026년 베스트 유튜브 AI 요약 툴 비교: Marqly, NoteGPT, Eightify 외","2026년 유튜브 AI 요약 프로그램 6종 비교: 시청 화면 내 카드 표시, 타임스탬프 스크립트, 영상과의 대화(Chat) 및 실제 구독 가격 분석.",published,102,97,pending-export,pending-export,pending-export,pending-export,pending-export,pending-export,pending-export,pending-export,pending-export,pending-export,lang:ko,2026-09-23,keep
/ko/blog/bookmark-jeongri-guide-2026,blog,blog,ko,index,https://www.marqly.com/ko/blog/bookmark-jeongri-guide-2026,"브라우저 북마크 정리법: 2026 완벽 가이드 — Marqly","북마크 바에 쌓인 링크를 감당하기 힘들다면? 전통적인 폴더 정리가 실패하는 이유와 AI 자동 태깅, 시맨틱 검색을 활용한 스트레스 제로 정리법을 소개합니다.",published,5,96,pending-export,pending-export,pending-export,pending-export,pending-export,pending-export,pending-export,pending-export,pending-export,pending-export,lang:ko,2026-09-23,keep
/ko/blog/can-ai-organize-my-bookmarks-automatically-2026,blog,blog,ko,index,https://www.marqly.com/ko/blog/can-ai-organize-my-bookmarks-automatically-2026,"AI 북마크 자동 정리: 폴더 분류 없는 지식 관리 (2026) | Marqly","네, AI는 자동 태깅과 요약을 통해 수집한 북마크를 알아서 분류합니다. 손수 폴더를 만들지 않고도 의미 기반으로 다시 찾는 2026 가이드.",published,1,94,pending-export,pending-export,pending-export,pending-export,pending-export,pending-export,pending-export,pending-export,pending-export,pending-export,lang:ko,2026-09-23,keep
/ko/blog/chat-with-youtube-videos-2026,blog,blog,ko,index,https://www.marqly.com/ko/blog/chat-with-youtube-videos-2026,"YouTube 동영상과 AI 대화하기: 내용 기반 실시간 질의응답 | Marqly","유튜브 영상에 직접 질문하고 실제 자막에 근거한 정확한 답변을 얻으세요. 재생바를 앞뒤로 넘기며 낭비하던 시간을 없애는 2026 가이드.",published,1,94,pending-export,pending-export,pending-export,pending-export,pending-export,pending-export,pending-export,pending-export,pending-export,pending-export,lang:ko,2026-09-23,keep
/ko/blog/chrome-bookmark-gajyeoogi-2026,blog,blog,ko,index,https://www.marqly.com/ko/blog/chrome-bookmark-gajyeoogi-2026,"크롬 북마크 내보내기 및 AI 가져오기 (2026) — Marqly","크롬 북마크를 HTML 파일로 내보내고 AI 북마크 관리자로 가져와 키워드가 아닌 의미로 검색하는 완벽한 가이드입니다.",published,3,95,pending-export,pending-export,pending-export,pending-export,pending-export,pending-export,pending-export,pending-export,pending-export,pending-export,lang:ko,2026-09-23,keep
/ko/blog/chrome-bookmarks-not-syncing-fix-2026,blog,blog,ko,index,https://www.marqly.com/ko/blog/chrome-bookmarks-not-syncing-fix-2026,"Chrome 북마크 동기화 오류 해결 가이드 8단계 (2026) — Marqly","Chrome 북마크 동기화가 갑자기 멈췄을 때 해결하는 8가지 방법: 일시중지 해제, 계정 확인, sync-internals 진단 및 초기화.",published,102,94,pending-export,pending-export,pending-export,pending-export,pending-export,pending-export,pending-export,pending-export,pending-export,pending-export,lang:ko,2026-09-23,keep
/ko/blog/digital-declutter-new-year,blog,blog,ko,index,https://www.marqly.com/ko/blog/digital-declutter-new-year,"디지털 정리 체크리스트: 새해를 위한 완벽한 리셋 — Marqly","새해에 바로 실천할 수 있는 현실적인 디지털 정리 가이드: 열려 있는 수십 개의 탭 정리, 북마크 통합, 나중에 읽기 목록 정리, 구독 해지를 약 2시간 만에 완료하세요.",published,102,98,pending-export,pending-export,pending-export,pending-export,pending-export,pending-export,pending-export,pending-export,pending-export,pending-export,lang:ko,2026-09-23,keep
/ko/blog/export-instagram-saved-posts-2026,blog,blog,ko,index,https://www.marqly.com/ko/blog/export-instagram-saved-posts-2026,"인스타그램 저장된 게시물 내보내기 (2026) | Marqly","인스타그램 앱에는 저장된 글 내보내기 버튼이 없습니다. '내 정보 다운로드' 신청법, saved_posts.json 내용 분석 및 스마트 북마크 정리 팁.",published,102,94,pending-export,pending-export,pending-export,pending-export,pending-export,pending-export,pending-export,pending-export,pending-export,pending-export,lang:ko,2026-09-23,keep
/ko/blog/export-reddit-saved-posts-2026,blog,blog,ko,index,https://www.marqly.com/ko/blog/export-reddit-saved-posts-2026,"레딧 저장된 글 내보내기 방법 (2026) | Marqly","공식 데이터 요청을 통한 레딧 저장 글 내보내기: 단계별 가이드, CSV 내용 분석, 1,000개 표시 제한 극복 및 스마트 북마크 정리법.",published,5,94,pending-export,pending-export,pending-export,pending-export,pending-export,pending-export,pending-export,pending-export,pending-export,pending-export,lang:ko,2026-09-23,keep
/ko/blog/export-twitter-x-bookmarks-2026,blog,blog,ko,index,https://www.marqly.com/ko/blog/export-twitter-x-bookmarks-2026,"X(트위터) 북마크 내보내기 방법 (2026 최신) | Marqly","X의 공식 데이터 다운로드에는 북마크가 포함되지 않습니다. 2026년 최신 트위터 북마크 내보내기 방법과 영구 보관 팁을 확인하세요.",published,1,94,pending-export,pending-export,pending-export,pending-export,pending-export,pending-export,pending-export,pending-export,pending-export,pending-export,lang:ko,2026-09-23,keep
/ko/blog/export-youtube-watch-later-2026,blog,blog,ko,index,https://www.marqly.com/ko/blog/export-youtube-watch-later-2026,"유튜브 나중에 볼 동영상 내보내기 방법 (2026) | Marqly","Google 테이크아웃은 '나중에 볼 동영상' 재생목록을 제외합니다. 2026년 최신 백업 방법과 자막 기반 스마트 동영상 관리법을 확인하세요.",published,102,94,pending-export,pending-export,pending-export,pending-export,pending-export,pending-export,pending-export,pending-export,pending-export,pending-export,lang:ko,2026-09-23,keep
/ko/blog/how-to-build-a-second-brain-2026,blog,blog,ko,index,https://www.marqly.com/ko/blog/how-to-build-a-second-brain-2026,"세컨드 브레인 만드는 법 (2026년 자동화 가이드) | Marqly","기존의 세컨드 브레인(두 번째 뇌)이 작심삼일로 끝나는 이유는 과도한 폴더 정리 때문입니다. AI 자동 태깅과 시맨틱 검색으로 유지보수 없는 지식 보관소를 구축하세요.",published,3,95,pending-export,pending-export,pending-export,pending-export,pending-export,pending-export,pending-export,pending-export,pending-export,pending-export,lang:ko,2026-09-23,keep
/ko/blog/how-to-chat-with-your-saved-articles-2026,blog,blog,ko,index,https://www.marqly.com/ko/blog/how-to-chat-with-your-saved-articles-2026,"저장된 아티클과 대화하는 방법 (2026) | Marqly","저장해둔 북마크에 자연어로 질문하고, 내가 직접 스크랩한 신뢰할 수 있는 출처만을 기반으로 정확한 AI 답변을 얻는 방법을 확인하세요.",published,3,96,pending-export,pending-export,pending-export,pending-export,pending-export,pending-export,pending-export,pending-export,pending-export,pending-export,lang:ko,2026-09-23,keep
/ko/blog/how-to-export-migrate-pocket-data-2026,blog,blog,ko,index,https://www.marqly.com/ko/blog/how-to-export-migrate-pocket-data-2026,"Pocket 데이터 내보내기 및 이전 가이드 (2026) — Marqly","Pocket 서비스 종료로 위기에 처한 저장 아티클을 안전하게 백업하고 최신 도구로 빠르게 이전하는 방법을 설명합니다.",published,2,95,pending-export,pending-export,pending-export,pending-export,pending-export,pending-export,pending-export,pending-export,pending-export,pending-export,lang:ko,2026-09-23,keep
/ko/blog/how-to-find-a-saved-article-you-forgot-the-title-of-2026,blog,blog,ko,index,https://www.marqly.com/ko/blog/how-to-find-a-saved-article-you-forgot-the-title-of-2026,"제목을 잊어버린 북마크 찾는 방법 (2026) | Marqly","저장해둔 북마크 제목이 기억나지 않으신가요? AI 시맨틱 검색을 사용해 기억나는 내용을 자연어로 묘사하고, 의미 기반으로 원하는 아티클을 빠르게 찾으세요.",published,3,97,pending-export,pending-export,pending-export,pending-export,pending-export,pending-export,pending-export,pending-export,pending-export,pending-export,lang:ko,2026-09-23,keep
/ko/blog/how-to-highlight-text-on-any-website-2026,blog,blog,ko,index,https://www.marqly.com/ko/blog/how-to-highlight-text-on-any-website-2026,"웹페이지 텍스트 하이라이트 및 영구 저장 방법 | Marqly","웹 하이라이터 확장 프로그램을 통해 인터넷 페이지에 형광펜을 긋고 메모를 남기세요. 페이지 재방문 시에도 유지되며 AI 시맨틱 검색으로 언제든 다시 찾을 수 있습니다.",published,2,96,pending-export,pending-export,pending-export,pending-export,pending-export,pending-export,pending-export,pending-export,pending-export,pending-export,lang:ko,2026-09-23,keep
/ko/blog/instapaper-alternatives-2026,blog,blog,ko,index,https://www.marqly.com/ko/blog/instapaper-alternatives-2026,"Instapaper 대체 추천 앱 (2026) — 스마트한 나중에 읽기 | Marqly","Instapaper의 미니멀함은 좋지만 기능이 멈춰있습니다. AI 시맨틱 검색과 자동 태깅을 갖춘 2026년 최신 대체제를 비교합니다.",published,3,96,pending-export,pending-export,pending-export,pending-export,pending-export,pending-export,pending-export,pending-export,pending-export,pending-export,lang:ko,2026-09-23,keep
/ko/blog/instapaper-review-2026,blog,blog,ko,index,https://www.marqly.com/ko/blog/instapaper-review-2026,"Instapaper 리뷰 2026 — 요금제 및 장단점 분석 | Marqly","2026년 Instapaper 솔직 리뷰: 월 $5.99 인상된 요금, 깔끔한 폰트 렌더링, 검색 유료화와 AI 기능 부재 분석.",published,6,98,pending-export,pending-export,pending-export,pending-export,pending-export,pending-export,pending-export,pending-export,pending-export,pending-export,lang:ko,2026-09-23,keep
/ko/blog/karakeep-review-2026,blog,blog,ko,index,https://www.marqly.com/ko/blog/karakeep-review-2026,"Karakeep 리뷰 2026 — 오픈소스 북마크와 로컬 AI | Marqly","구 Hoarder인 Karakeep 솔직 리뷰: Ollama 연동 로컬 AI 자동 태깅, 도커 설정 방법 및 클라우드 서비스와의 비교.",published,6,98,pending-export,pending-export,pending-export,pending-export,pending-export,pending-export,pending-export,pending-export,pending-export,pending-export,lang:ko,2026-09-23,keep
/ko/blog/linkwarden-review-2026,blog,blog,ko,index,https://www.marqly.com/ko/blog/linkwarden-review-2026,"Linkwarden 리뷰 2026 — 웹페이지 아카이빙 및 요금제 | Marqly","2026년 Linkwarden 솔직 리뷰: PDF/HTML 영구 저장 기능, 월 $3 클라우드 플랜, 팀 협업 기능과 키워드 검색의 한계.",published,6,98,pending-export,pending-export,pending-export,pending-export,pending-export,pending-export,pending-export,pending-export,pending-export,pending-export,lang:ko,2026-09-23,keep
/ko/blog/marqly-review-2026,blog,blog,ko,index,https://www.marqly.com/ko/blog/marqly-review-2026,"Marqly 리뷰 2026 — 요금제 및 핵심 기능 분석 | Marqly","2026년 Marqly 솔직 분석: AI 시맨틱 검색, 자동 태깅, 요약, 요금제 및 어떤 사용자에게 적합한지 상세히 알아봅니다.",published,1,98,pending-export,pending-export,pending-export,pending-export,pending-export,pending-export,pending-export,pending-export,pending-export,pending-export,lang:ko,2026-09-23,keep
/ko/blog/mymind-review-2026,blog,blog,ko,index,https://www.marqly.com/ko/blog/mymind-review-2026,"mymind 리뷰 2026: 가격, 장단점 및 솔직 평가 (3.8/5)","2026년 mymind 심층 리뷰: 검증된 요금제, AI 자동 태깅 성능, 시각적 캔버스의 장점과 텍스트 검색의 한계 분석. 평점 3.8/5.",published,6,101,pending-export,pending-export,pending-export,pending-export,pending-export,pending-export,pending-export,pending-export,pending-export,pending-export,lang:ko,2026-09-23,keep
/ko/blog/najunge-ilgi-app-2026,blog,blog,ko,index,https://www.marqly.com/ko/blog/najunge-ilgi-app-2026,"나중에 읽기 앱 추천 9선 (2026년 순위 비교) — Marqly","2026년 최고의 나중에 읽기(Read-it-Later) 앱 종합 랭킹: AI 시맨틱 검색, 리더 모드 편의성, 오프라인 지원, 요금제 완벽 비교.",published,4,96,pending-export,pending-export,pending-export,pending-export,pending-export,pending-export,pending-export,pending-export,pending-export,pending-export,lang:ko,2026-09-23,keep
/ko/blog/notion-web-clipper-alternative-2026,blog,blog,ko,index,https://www.marqly.com/ko/blog/notion-web-clipper-alternative-2026,"노션 웹 클리퍼 대체 도구 추천 (2026) | Marqly","노션 웹 클리퍼는 읽기 모드와 AI 검색이 없어 워크스페이스를 어지럽힙니다. 아티클 저장과 자연어 검색에 특화된 최고의 대체재를 만나보세요.",published,1,96,pending-export,pending-export,pending-export,pending-export,pending-export,pending-export,pending-export,pending-export,pending-export,pending-export,lang:ko,2026-09-23,keep
/ko/blog/para-method-for-bookmarks-2026,blog,blog,ko,index,https://www.marqly.com/ko/blog/para-method-for-bookmarks-2026,"북마크 PARA 정리법 실전 가이드 (세컨드 브레인) | Marqly","티아고 포르테의 PARA 방식(프로젝트, 영역, 자원, 아카이브)을 브라우저 북마크에 적용하는 법과 수동 관리의 한계를 AI로 극복하는 전략.",published,5,97,pending-export,pending-export,pending-export,pending-export,pending-export,pending-export,pending-export,pending-export,pending-export,pending-export,lang:ko,2026-09-23,keep
/ko/blog/pocket-daeche-2026,blog,blog,ko,index,https://www.marqly.com/ko/blog/pocket-daeche-2026,"Pocket 대체 앱 추천 8선 (2026년 검증) — Marqly","Mozilla의 Pocket 서비스 종료 이후, 2026년 최적의 나중에 읽기 및 북마크 대체 앱 8가지를 AI 시맨틱 검색, 데이터 이전, 리더 기능, 가격별로 완벽 비교합니다.",published,5,97,pending-export,pending-export,pending-export,pending-export,pending-export,pending-export,pending-export,pending-export,pending-export,pending-export,lang:ko,2026-09-23,keep
/ko/blog/raindrop-review-2026,blog,blog,ko,index,https://www.marqly.com/ko/blog/raindrop-review-2026,"Raindrop.io 리뷰 2026 — 요금제, 장단점 분석 | Marqly","2026년 Raindrop.io 솔직 리뷰: 무제한 무료 플랜, Pro 기능, 직관적인 UI 및 키워드 검색의 한계 분석.",published,5,98,pending-export,pending-export,pending-export,pending-export,pending-export,pending-export,pending-export,pending-export,pending-export,pending-export,lang:ko,2026-09-23,keep
/ko/blog/readwise-reader-review-2026,blog,blog,ko,index,https://www.marqly.com/ko/blog/readwise-reader-review-2026,"Readwise Reader 리뷰 2026 — 요금제 및 장단점 분석 | Marqly","2026년 Readwise Reader 솔직 리뷰: 연 $119.88 요금, Ghostreader AI, 하이라이트 동기화의 강점과 일반 사용자 관점의 분석.",published,1,98,pending-export,pending-export,pending-export,pending-export,pending-export,pending-export,pending-export,pending-export,pending-export,pending-export,lang:ko,2026-09-23,keep
/ko/blog/save-youtube-videos-watch-later-2026,blog,blog,ko,index,https://www.marqly.com/ko/blog/save-youtube-videos-watch-later-2026,"유튜브 나중에 볼 동영상 저장 및 정리 가이드 (2026) | Marqly","유튜브의 '나중에 볼 동영상'은 한번 들어가면 나오지 않는 블랙홀이 되기 쉽습니다. AI 태그와 시맨틱 검색으로 보관한 영상을 확실히 재발견하는 시스템.",published,2,94,pending-export,pending-export,pending-export,pending-export,pending-export,pending-export,pending-export,pending-export,pending-export,pending-export,lang:ko,2026-09-23,keep
/ko/blog/stop-organizing-bookmarks-folders-obsolete-2026,blog,blog,ko,index,https://www.marqly.com/ko/blog/stop-organizing-bookmarks-folders-obsolete-2026,"2026년 북마크 폴더 분류가 완전히 쓸모없어진 이유 | Marqly","더 이상 북마크를 폴더별로 분류하지 마세요. 폴더 없는 스마트 북마크 관리법: 즉시 저장, AI 자동 태그 생성, 자연어 의미 검색으로 모든 링크를 빠르게 찾으세요.",published,4,96,pending-export,pending-export,pending-export,pending-export,pending-export,pending-export,pending-export,pending-export,pending-export,pending-export,lang:ko,2026-09-23,keep
/ko/blog/webpage-pdf-jeojang-guide-2026,blog,blog,ko,index,https://www.marqly.com/ko/blog/webpage-pdf-jeojang-guide-2026,"Chrome 웹페이지 PDF 저장 가이드 (레이아웃 깨짐 없는 3가지 방법) | Marqly","Ctrl+P로 인쇄하면 이미지가 백지로 나오거나 글자가 잘리기 일쑤입니다. 화면에 보이는 원본 그대로 웹페이지를 깔끔한 PDF로 저장하는 방법을 정리했습니다.",published,1,94,pending-export,pending-export,pending-export,pending-export,pending-export,pending-export,pending-export,pending-export,pending-export,pending-export,lang:ko,2026-09-23,keep
/ko/blog/what-is-a-second-brain-app-2026,blog,blog,ko,index,https://www.marqly.com/ko/blog/what-is-a-second-brain-app-2026,"세컨드 브레인 앱이란? 북마크 활용 구축 가이드 (2026) | Marqly","세컨드 브레인 앱은 내가 읽은 모든 지식을 영구 검색 가능하게 보관합니다. 복잡한 위키 대신 북마크를 활용해 부담 없이 나만의 외뇌를 만드는 법.",published,2,95,pending-export,pending-export,pending-export,pending-export,pending-export,pending-export,pending-export,pending-export,pending-export,pending-export,lang:ko,2026-09-23,keep
/ko/blog/what-is-an-ai-second-brain-2026,blog,blog,ko,index,https://www.marqly.com/ko/blog/what-is-an-ai-second-brain-2026,"AI 세컨드 브레인이란? 개념 및 활용법 (2026) | Marqly","AI 세컨드 브레인은 저장한 글과 영상을 AI가 자동 분류·요약하고, 자연어 의미 검색과 대화를 통해 언제든 기억을 꺼내 쓸 수 있게 해주는 개인 지식 베이스입니다.",published,4,95,pending-export,pending-export,pending-export,pending-export,pending-export,pending-export,pending-export,pending-export,pending-export,pending-export,lang:ko,2026-09-23,keep
/ko/blog/what-is-in-your-pocket-export-file-2026,blog,blog,ko,index,https://www.marqly.com/ko/blog/what-is-in-your-pocket-export-file-2026,"Pocket 내보내기 파일 분석 및 활용 가이드 (2026) — Marqly","Pocket에서 내보낸 CSV나 HTML 파일을 열어보셨나요? 포함된 메타데이터(URL, 태그, 날짜)와 누락된 항목, 올바른 가져오기 방법을 설명합니다.",published,1,94,pending-export,pending-export,pending-export,pending-export,pending-export,pending-export,pending-export,pending-export,pending-export,pending-export,lang:ko,2026-09-23,keep
/ko/blog/youtube-dongyeongsang-ai-yoyak-2026,blog,blog,ko,index,https://www.marqly.com/ko/blog/youtube-dongyeongsang-ai-yoyak-2026,"유튜브 동영상 AI 요약 방법 (2026 가이드) — Marqly","유튜브 동영상을 가장 빠르게 AI로 요약하는 방법은 시청 페이지에서 즉시 요약을 보여주는 브라우저 확장 프로그램을 사용하는 것입니다. 방법과 비교.",published,2,94,pending-export,pending-export,pending-export,pending-export,pending-export,pending-export,pending-export,pending-export,pending-export,pending-export,lang:ko,2026-09-23,keep
/ko/blog/youtube-transcript-chuchul-guide-2026,blog,blog,ko,index,https://www.marqly.com/ko/blog/youtube-transcript-chuchul-guide-2026,"YouTube 자막 스크립트 추출 및 복사하는 법 | Marqly","2026년 유튜브 영상 자막 스크립트를 텍스트로 추출하는 3가지 방법: 유튜브 기본 패널, 무료 웹 추출 도구, 재생 동기화 및 원클릭 복사 확장 프로그램까지 완벽 정리.",published,1,96,pending-export,pending-export,pending-export,pending-export,pending-export,pending-export,pending-export,pending-export,pending-export,pending-export,lang:ko,2026-09-23,keep
/nl/blog,blog,blog,nl,index,https://www.marqly.com/nl/blog,"Het Marqly Blog in het Nederlands — Bladwijzers, AI &amp; Tweede Brein","Gidsen en vergelijkingen in het Nederlands: bladwijzers beheren, later-lezen-apps, AI-zoekfunctie en een doorzoekbaar tweede brein. Van het Marqly-team.",published,102,129,pending-export,pending-export,pending-export,pending-export,pending-export,pending-export,pending-export,pending-export,pending-export,pending-export,lang:nl,2026-09-23,keep
/nl/blog/ai-bladwijzerbeheer-semantisch-zoeken-vergeleken-2026,blog,blog,nl,index,https://www.marqly.com/nl/blog/ai-bladwijzerbeheer-semantisch-zoeken-vergeleken-2026,"AI-bladwijzerbeheerders met Echte Semantische Zoekfunctie (2026) — Marqly","De meeste AI-bladwijzertools veinzen semantisch zoeken met tags. Ontdek welke 8 tools daadwerkelijk op betekenis zoeken en hoe je dit zelf test.",published,8,95,pending-export,pending-export,pending-export,pending-export,pending-export,pending-export,pending-export,pending-export,pending-export,pending-export,lang:nl,2026-09-23,keep
/nl/blog/beste-ai-bladwijzerbeheer-2026,blog,blog,nl,index,https://www.marqly.com/nl/blog/beste-ai-bladwijzerbeheer-2026,"Beste AI-bladwijzerbeheerders in 2026 — Marqly","AI-bladwijzerbeheerders vatten samen, taggen automatisch en zoeken op betekenis. Wat echte AI inhoudt en de 5 beste tools van 2026 vergeleken.",published,5,95,pending-export,pending-export,pending-export,pending-export,pending-export,pending-export,pending-export,pending-export,pending-export,pending-export,lang:nl,2026-09-23,keep
/nl/blog/beste-gratis-bladwijzerbeheer-2026,blog,blog,nl,index,https://www.marqly.com/nl/blog/beste-gratis-bladwijzerbeheer-2026,"Beste Gratis Bookmark Managers 2026: 5 Echte Opties — Marqly","Echt gratis bookmark managers in 2026 vergeleken: Raindrop gratis, Marqly gratis, self-hosted Linkwarden en Karakeep, en ingebouwde browserbladwijzers.",published,102,94,pending-export,pending-export,pending-export,pending-export,pending-export,pending-export,pending-export,pending-export,pending-export,pending-export,lang:nl,2026-09-23,keep
/nl/blog/beste-instapaper-alternatieven-2026,blog,blog,nl,index,https://www.marqly.com/nl/blog/beste-instapaper-alternatieven-2026,"Beste Instapaper-alternatieven 2026 — Marqly","Instapaper leest prettig maar staat stil. Ontdek de beste alternatieven in 2026 met AI-zoekfuncties, samenvattingen en automatisch taggen.",published,1,94,pending-export,pending-export,pending-export,pending-export,pending-export,pending-export,pending-export,pending-export,pending-export,pending-export,lang:nl,2026-09-23,keep
/nl/blog/beste-read-it-later-apps-2026,blog,blog,nl,index,https://www.marqly.com/nl/blog/beste-read-it-later-apps-2026,"9 Beste Later-Lezen Apps in 2026 — Marqly","De beste read-it-later apps in 2026 vergeleken: AI-zoekfuncties, advertentievrije lezers, offline mogelijkheden en abonnementsprijzen.",published,1,94,pending-export,pending-export,pending-export,pending-export,pending-export,pending-export,pending-export,pending-export,pending-export,pending-export,lang:nl,2026-09-23,keep
/nl/blog/beste-second-brain-apps-2026,blog,blog,nl,index,https://www.marqly.com/nl/blog/beste-second-brain-apps-2026,"Beste Second Brain Apps in 2026 Vergeleken | Marqly","De beste second brain app hangt af van hoeveel onderhoud je tolereert: Notion en Obsidian om zelf te bouwen, Marqly voor moeiteloze AI-opslag.",published,1,95,pending-export,pending-export,pending-export,pending-export,pending-export,pending-export,pending-export,pending-export,pending-export,pending-export,lang:nl,2026-09-23,keep
/nl/blog/beste-self-hosted-pocket-alternatieven-2026,blog,blog,nl,index,https://www.marqly.com/nl/blog/beste-self-hosted-pocket-alternatieven-2026,"Beste Self-Hosted Pocket-alternatieven 2026 — Marqly","Vergelijk open-source oplossingen zoals Wallabag, Karakeep en Linkwarden met moderne cloudgebaseerde AI-zoeksystemen.",published,1,94,pending-export,pending-export,pending-export,pending-export,pending-export,pending-export,pending-export,pending-export,pending-export,pending-export,lang:nl,2026-09-23,keep
/nl/blog/beste-tab-managers-2026,blog,blog,nl,index,https://www.marqly.com/nl/blog/beste-tab-managers-2026,"Beste Tab Managers in 2026: OneTab, Toby, Workona en Marqly Vergeleken","Uitgebreide vergelijking tussen OneTab, Toby, Workona, Session Buddy en Marqly: actieve workspaces versus slim tabbladen archiveren met AI.",published,102,95,pending-export,pending-export,pending-export,pending-export,pending-export,pending-export,pending-export,pending-export,pending-export,pending-export,lang:nl,2026-09-23,keep
/nl/blog/beste-web-highlighters-2026,blog,blog,nl,index,https://www.marqly.com/nl/blog/beste-web-highlighters-2026,"Beste Web Highlighters 2026: 6 Tools Vergeleken — Marqly","We vergeleken zes web highlighter extensies op persistentie, kleuren, notities en prijs: Marqly, Glasp, LINER, Weava, Hypothesis en Readwise Reader.",published,102,94,pending-export,pending-export,pending-export,pending-export,pending-export,pending-export,pending-export,pending-export,pending-export,pending-export,lang:nl,2026-09-23,keep
/nl/blog/beste-youtube-samenvatters-2026,blog,blog,nl,index,https://www.marqly.com/nl/blog/beste-youtube-samenvatters-2026,"Beste YouTube AI Samenvatting Tools 2026: Marqly, NoteGPT, Eightify &amp; meer","Vergelijking van de 6 beste AI-tools om YouTube-video's samen te vatten in 2026: integratie op de pagina, transcripties, chatten met de video en prijzen.",published,102,96,pending-export,pending-export,pending-export,pending-export,pending-export,pending-export,pending-export,pending-export,pending-export,pending-export,lang:nl,2026-09-23,keep
/nl/blog/bladwijzers-organiseren-2026,blog,blog,nl,index,https://www.marqly.com/nl/blog/bladwijzers-organiseren-2026,"Bladwijzers organiseren in 2026: De complete gids — Marqly","Verdrink je in de bladwijzers? Een praktische gids voor het opruimen, structureren en exporteren van je links met behulp van AI zonder handmatig onderhoud.",published,4,97,pending-export,pending-export,pending-export,pending-export,pending-export,pending-export,pending-export,pending-export,pending-export,pending-export,lang:nl,2026-09-23,keep
/nl/blog/chatten-met-je-opgeslagen-artikelen-2026,blog,blog,nl,index,https://www.marqly.com/nl/blog/chatten-met-je-opgeslagen-artikelen-2026,"Chatten met je Opgeslagen Artikelen (2026) | Marqly","Stel vragen in gewone taal aan je eigen opgeslagen artikelen en ontvang onderbouwde AI-antwoorden die uitsluitend putten uit jouw vertrouwde bronnen.",published,3,97,pending-export,pending-export,pending-export,pending-export,pending-export,pending-export,pending-export,pending-export,pending-export,pending-export,lang:nl,2026-09-23,keep
/nl/blog/chatten-met-youtube-videos-2026,blog,blog,nl,index,https://www.marqly.com/nl/blog/chatten-met-youtube-videos-2026,"Chatten met YouTube-video&#39;s via AI: Echte Antwoorden | Marqly","Ja, je kunt praten met een YouTube-video. Stel vragen en krijg antwoorden die gebaseerd zijn op het daadwerkelijke transcript, direct naast de speler.",published,1,95,pending-export,pending-export,pending-export,pending-export,pending-export,pending-export,pending-export,pending-export,pending-export,pending-export,lang:nl,2026-09-23,keep
/nl/blog/chrome-bladwijzers-exporteren-2026,blog,blog,nl,index,https://www.marqly.com/nl/blog/chrome-bladwijzers-exporteren-2026,"Chrome Bladwijzers Exporteren en AI Importeren (2026) — Marqly","Leer hoe je bladwijzers uit Google Chrome exporteert als HTML-bestand en ze importeert in een AI bookmark manager om op betekenis te zoeken.",published,7,97,pending-export,pending-export,pending-export,pending-export,pending-export,pending-export,pending-export,pending-export,pending-export,pending-export,lang:nl,2026-09-23,keep
/nl/blog/chrome-bladwijzers-synchroniseren-niet-oplossing-2026,blog,blog,nl,index,https://www.marqly.com/nl/blog/chrome-bladwijzers-synchroniseren-niet-oplossing-2026,"Chrome-bladwijzers Synchroniseren Niet: 8 Oplossingen (2026) — Marqly","Synchroniseren je Chrome-bladwijzers niet meer? Werk door deze 8 oplossingen: gepauzeerde synchronisatie, accountconflicten en reset.",published,102,97,pending-export,pending-export,pending-export,pending-export,pending-export,pending-export,pending-export,pending-export,pending-export,pending-export,lang:nl,2026-09-23,keep
/nl/blog/digitaal-opruimen-nieuwjaar,blog,blog,nl,index,https://www.marqly.com/nl/blog/digitaal-opruimen-nieuwjaar,"Checklist Digitaal Opruimen: Een Frisse Start voor het Nieuwe Jaar — Marqly","Een praktische checklist voor digitaal opruimen in het nieuwe jaar: sluit open tabbladen, consolideer bladwijzers, werk leeslijsten bij en zeg abonnementen op i",published,102,99,pending-export,pending-export,pending-export,pending-export,pending-export,pending-export,pending-export,pending-export,pending-export,pending-export,lang:nl,2026-09-23,keep
/nl/blog/instapaper-review-2026,blog,blog,nl,index,https://www.marqly.com/nl/blog/instapaper-review-2026,"Instapaper Review 2026 — Prijzen &amp; Oordeel | Marqly","Eerlijke review van Instapaper in 2026: de nieuwe prijs van $5,99/maand, leescomfort en de nadelen van ontbrekende AI-functies.",published,6,98,pending-export,pending-export,pending-export,pending-export,pending-export,pending-export,pending-export,pending-export,pending-export,pending-export,lang:nl,2026-09-23,keep
/nl/blog/kan-ai-mijn-bladwijzers-organiseren-2026,blog,blog,nl,index,https://www.marqly.com/nl/blog/kan-ai-mijn-bladwijzers-organiseren-2026,"Kan AI je Bladwijzers Automatisch Organiseren? (2026) | Marqly","Ja, AI kan je bladwijzers volautomatisch organiseren met slimme tags en samenvattingen. Nooit meer handmatig mappen beheren dankzij semantisch zoeken.",published,2,95,pending-export,pending-export,pending-export,pending-export,pending-export,pending-export,pending-export,pending-export,pending-export,pending-export,lang:nl,2026-09-23,keep
/nl/blog/karakeep-review-2026,blog,blog,nl,index,https://www.marqly.com/nl/blog/karakeep-review-2026,"Karakeep Review 2026 — Open-Source &amp; Lokale AI | Marqly","Eerlijke review van Karakeep (voorheen Hoarder) in 2026: lokale AI via Ollama, Docker-installatie en vergelijking met cloudapps.",published,6,98,pending-export,pending-export,pending-export,pending-export,pending-export,pending-export,pending-export,pending-export,pending-export,pending-export,lang:nl,2026-09-23,keep
/nl/blog/linkwarden-review-2026,blog,blog,nl,index,https://www.marqly.com/nl/blog/linkwarden-review-2026,"Linkwarden Review 2026 — Webpagina&#39;s Archiveren | Marqly","Diepgaande review van Linkwarden in 2026: pagina's bewaren als PDF en screenshot, cloudprijzen ($3/mnd) en samenwerkingsfuncties.",published,6,98,pending-export,pending-export,pending-export,pending-export,pending-export,pending-export,pending-export,pending-export,pending-export,pending-export,lang:nl,2026-09-23,keep
/nl/blog/marqly-review-2026,blog,blog,nl,index,https://www.marqly.com/nl/blog/marqly-review-2026,"Marqly Review 2026 — Prijzen &amp; Functies | Marqly","Een eerlijke blik op Marqly in 2026: AI-semantisch zoeken, automatisch taggen, samenvattingen, prijzen en doelgroepen.",published,1,98,pending-export,pending-export,pending-export,pending-export,pending-export,pending-export,pending-export,pending-export,pending-export,pending-export,lang:nl,2026-09-23,keep
/nl/blog/mymind-review-2026,blog,blog,nl,index,https://www.marqly.com/nl/blog/mymind-review-2026,"mymind Review 2026: Prijzen, Voor- &amp; Nadelen (3.8/5)","Een eerlijke mymind review voor 2026: geverifieerde prijzen, wat de AI echt kan, waar het visuele canvas uitblinkt en waar het tekortschiet. Score 3.8/5.",published,6,101,pending-export,pending-export,pending-export,pending-export,pending-export,pending-export,pending-export,pending-export,pending-export,pending-export,lang:nl,2026-09-23,keep
/nl/blog/notion-web-clipper-alternatief-2026,blog,blog,nl,index,https://www.marqly.com/nl/blog/notion-web-clipper-alternatief-2026,"Beste Notion Web Clipper Alternatief (2026) | Marqly","Notion's Web Clipper mist een leesmodus en AI-zoeken. Ontdek het beste alternatief om artikelen op te slaan en moeiteloos terug te vinden op betekenis.",published,1,94,pending-export,pending-export,pending-export,pending-export,pending-export,pending-export,pending-export,pending-export,pending-export,pending-export,lang:nl,2026-09-23,keep
/nl/blog/opgeslagen-artikel-terugvinden-titel-vergeten-2026,blog,blog,nl,index,https://www.marqly.com/nl/blog/opgeslagen-artikel-terugvinden-titel-vergeten-2026,"Bladwijzer terugvinden waarvan je de titel bent vergeten | Marqly","Titel van een bladwijzer vergeten? Gebruik semantische AI-zoekfunctie om te omschrijven wat je je herinnert en vind elk artikel direct terug op betekenis.",published,3,97,pending-export,pending-export,pending-export,pending-export,pending-export,pending-export,pending-export,pending-export,pending-export,pending-export,lang:nl,2026-09-23,keep
/nl/blog/opgeslagen-instagram-berichten-exporteren-2026,blog,blog,nl,index,https://www.marqly.com/nl/blog/opgeslagen-instagram-berichten-exporteren-2026,"Opgeslagen Instagram-berichten Exporteren (2026) | Marqly","Instagram heeft geen exportknop voor opgeslagen posts. Ontdek hoe je 'Je gegevens downloaden' gebruikt, wat saved_posts.json bevat en hoe je links organiseert.",published,102,95,pending-export,pending-export,pending-export,pending-export,pending-export,pending-export,pending-export,pending-export,pending-export,pending-export,lang:nl,2026-09-23,keep
/nl/blog/opgeslagen-reddit-berichten-exporteren-2026,blog,blog,nl,index,https://www.marqly.com/nl/blog/opgeslagen-reddit-berichten-exporteren-2026,"Opgeslagen Reddit-berichten Exporteren (2026) | Marqly","Exporteer je opgeslagen Reddit-posts via het officiële gegevensverzoek: stappenplan, inhoud van het CSV-bestand, de 1.000-limiet en herindeling.",published,11,95,pending-export,pending-export,pending-export,pending-export,pending-export,pending-export,pending-export,pending-export,pending-export,pending-export,lang:nl,2026-09-23,keep
/nl/blog/para-methode-voor-bladwijzers-2026,blog,blog,nl,index,https://www.marqly.com/nl/blog/para-methode-voor-bladwijzers-2026,"PARA-methode voor Bladwijzers: Handleiding (2026) | Marqly","Hoe je Tiago Forte's PARA-methode toepast op bladwijzers: 4 categorieën, opzet in 5 stappen, waar handmatig ordenen stopt en de AI-oplossing.",published,6,95,pending-export,pending-export,pending-export,pending-export,pending-export,pending-export,pending-export,pending-export,pending-export,pending-export,lang:nl,2026-09-23,keep
/nl/blog/pocket-alternatieven-2026,blog,blog,nl,index,https://www.marqly.com/nl/blog/pocket-alternatieven-2026,"8 Beste Pocket Alternatieven in 2026 (Getest) — Marqly","Pocket sloot in 2025 definitief de deuren. Ontdek de 8 beste later-lezen- en bladwijzer-alternatieven voor 2026, vergeleken op AI-zoeken, import, apps en prijze",published,2,95,pending-export,pending-export,pending-export,pending-export,pending-export,pending-export,pending-export,pending-export,pending-export,pending-export,lang:nl,2026-09-23,keep
/nl/blog/pocket-gegevens-exporteren-migreren-2026,blog,blog,nl,index,https://www.marqly.com/nl/blog/pocket-gegevens-exporteren-migreren-2026,"Pocket-gegevens Exporteren &amp; Migreren (2026 Gids) — Marqly","Pocket is gestopt en je bewaarde artikelen lopen gevaar. Lees hoe je jouw Pocket-bestand exporteert en binnen enkele minuten migreert.",published,2,97,pending-export,pending-export,pending-export,pending-export,pending-export,pending-export,pending-export,pending-export,pending-export,pending-export,lang:nl,2026-09-23,keep
/nl/blog/raindrop-io-review-2026,blog,blog,nl,index,https://www.marqly.com/nl/blog/raindrop-io-review-2026,"Raindrop.io Review 2026 — Prijzen, Voordelen &amp; Nadelen | Marqly","Uitgebreide review van Raindrop.io in 2026: het royale gratis plan, Pro-functies, interface en de grenzen van trefwoordzoeken.",published,5,98,pending-export,pending-export,pending-export,pending-export,pending-export,pending-export,pending-export,pending-export,pending-export,pending-export,lang:nl,2026-09-23,keep
/nl/blog/readwise-reader-review-2026,blog,blog,nl,index,https://www.marqly.com/nl/blog/readwise-reader-review-2026,"Readwise Reader Review 2026 — Prijzen &amp; Ervaringen | Marqly","Grondige review van Readwise Reader in 2026: tarieven ($119,88/jaar), Ghostreader AI, markeringen synchroniseren en vergelijking.",published,1,98,pending-export,pending-export,pending-export,pending-export,pending-export,pending-export,pending-export,pending-export,pending-export,pending-export,lang:nl,2026-09-23,keep
/nl/blog/stop-met-bladwijzers-organiseren-mappen-overbodig-2026,blog,blog,nl,index,https://www.marqly.com/nl/blog/stop-met-bladwijzers-organiseren-mappen-overbodig-2026,"Waarom bladwijzermappen overbodig zijn in 2026 | Marqly","Mappenstructuren voor bladwijzers zijn verleden tijd. Ontdek hoe je bladwijzers beheert zonder mappen: bewaar direct, laat AI automatisch taggen en zoek op bete",published,1,95,pending-export,pending-export,pending-export,pending-export,pending-export,pending-export,pending-export,pending-export,pending-export,pending-export,lang:nl,2026-09-23,keep
/nl/blog/tekst-markeren-op-elke-website-2026,blog,blog,nl,index,https://www.marqly.com/nl/blog/tekst-markeren-op-elke-website-2026,"Tekst op websites markeren en permanent bewaren | Marqly","Leer hoe je passages op elke website markeert met een highlighter-extensie: markeringen blijven staan bij herbezoek en zijn doorzoekbaar met AI.",published,9,99,pending-export,pending-export,pending-export,pending-export,pending-export,pending-export,pending-export,pending-export,pending-export,pending-export,lang:nl,2026-09-23,keep
/nl/blog/tweede-brein-opbouwen-2026,blog,blog,nl,index,https://www.marqly.com/nl/blog/tweede-brein-opbouwen-2026,"Tweede Brein Opbouwen in 2026 (Stap voor Stap) | Marqly","De meeste tweede brein-systemen mislukken door eindeloos ordenen. Ontdek hoe je in 2026 een systeem bouwt dat zichzelf organiseert met AI.",published,3,95,pending-export,pending-export,pending-export,pending-export,pending-export,pending-export,pending-export,pending-export,pending-export,pending-export,lang:nl,2026-09-23,keep
/nl/blog/twitter-x-bladwijzers-exporteren-2026,blog,blog,nl,index,https://www.marqly.com/nl/blog/twitter-x-bladwijzers-exporteren-2026,"Twitter/X Bladwijzers Exporteren in 2026 | Marqly","Het officiële gegevensarchief van X bevat géén bladwijzers. Ontdek hoe je je Twitter-bladwijzers in 2026 wél exporteert en permanent doorzoekbaar maakt.",published,1,95,pending-export,pending-export,pending-export,pending-export,pending-export,pending-export,pending-export,pending-export,pending-export,pending-export,lang:nl,2026-09-23,keep
/nl/blog/wat-is-een-ai-tweede-brein-2026,blog,blog,nl,index,https://www.marqly.com/nl/blog/wat-is-een-ai-tweede-brein-2026,"Wat is een AI Tweede Brein? (2026) | Marqly","Een AI tweede brein slaat je bewaarde links en notities op en gebruikt kunstmatige intelligentie om alles automatisch te ordenen, samen te vatten en te doorzoek",published,3,95,pending-export,pending-export,pending-export,pending-export,pending-export,pending-export,pending-export,pending-export,pending-export,pending-export,lang:nl,2026-09-23,keep
/nl/blog/wat-is-een-tweede-brein-app-2026,blog,blog,nl,index,https://www.marqly.com/nl/blog/wat-is-een-tweede-brein-app-2026,"Wat is een Tweede Brein App? (2026) | Marqly","Een tweede brein-app bewaart wat je leest en maakt het voor altijd doorzoekbaar. Ontdek hoe het werkt en hoe je er moeiteloos een bouwt met je bladwijzers.",published,3,96,pending-export,pending-export,pending-export,pending-export,pending-export,pending-export,pending-export,pending-export,pending-export,pending-export,lang:nl,2026-09-23,keep
/nl/blog/wat-is-semantisch-zoeken-2026,blog,blog,nl,index,https://www.marqly.com/nl/blog/wat-is-semantisch-zoeken-2026,"Bladwijzers zoeken met AI (Gids 2026) — Marqly","Zoeken in bladwijzers met AI betekent zoeken op betekenis in plaats van exacte trefwoorden. Ontdek hoe semantisch zoeken werkt en vind elke pagina direct terug.",published,7,98,pending-export,pending-export,pending-export,pending-export,pending-export,pending-export,pending-export,pending-export,pending-export,pending-export,lang:nl,2026-09-23,keep
/nl/blog/wat-staat-er-in-je-pocket-exportbestand-2026,blog,blog,nl,index,https://www.marqly.com/nl/blog/wat-staat-er-in-je-pocket-exportbestand-2026,"Wat staat er in een Pocket-exportbestand? (2026) — Marqly","Heb je het Pocket-exportbestand geopend en een CSV of HTML aangetroffen? Lees welke velden aanwezig zijn, wat ontbreekt en hoe je importeert.",published,1,97,pending-export,pending-export,pending-export,pending-export,pending-export,pending-export,pending-export,pending-export,pending-export,pending-export,lang:nl,2026-09-23,keep
/nl/blog/webpagina-opslaan-als-pdf-2026,blog,blog,nl,index,https://www.marqly.com/nl/blog/webpagina-opslaan-als-pdf-2026,"Webpagina Opslaan als PDF in Chrome: 3 Echte Methoden | Marqly","Ctrl+P werkt totdat afbeeldingen wit blijven en tekst wordt afgesneden. Drie methoden om een webpagina exact als PDF te bewaren zoals op je scherm.",published,8,97,pending-export,pending-export,pending-export,pending-export,pending-export,pending-export,pending-export,pending-export,pending-export,pending-export,lang:nl,2026-09-23,keep
/nl/blog/youtube-later-bekijken-exporteren-2026,blog,blog,nl,index,https://www.marqly.com/nl/blog/youtube-later-bekijken-exporteren-2026,"YouTube Later Bekijken Exporteren (2026) | Marqly","Google Takeout exporteert de afspeellijst 'Later bekijken' niet. Bekijk de methoden die in 2026 wél werken om je bewaarde YouTube-video's te behouden.",published,102,95,pending-export,pending-export,pending-export,pending-export,pending-export,pending-export,pending-export,pending-export,pending-export,pending-export,lang:nl,2026-09-23,keep
/nl/blog/youtube-transcriptie-krijgen-2026,blog,blog,nl,index,https://www.marqly.com/nl/blog/youtube-transcriptie-krijgen-2026,"YouTube Transcriptie Kopiëren en Downloaden (3 Manieren) | Marqly","Drie manieren om het transcript van een YouTube-video te bemachtigen in 2026: het ingebouwde paneel, gratis webtools en de Marqly-extensie met één-klik-kopie.",published,1,97,pending-export,pending-export,pending-export,pending-export,pending-export,pending-export,pending-export,pending-export,pending-export,pending-export,lang:nl,2026-09-23,keep
/nl/blog/youtube-videos-opslaan-voor-later-2026,blog,blog,nl,index,https://www.marqly.com/nl/blog/youtube-videos-opslaan-voor-later-2026,"YouTube-video&#39;s Opslaan voor Later &amp; Organiseren (2026) | Marqly","De 'Later bekijken'-lijst van YouTube is een zwart gat. Ontdek hoe je video's bewaart met tags, AI-zoekfunctie en een werkend systeem.",published,2,95,pending-export,pending-export,pending-export,pending-export,pending-export,pending-export,pending-export,pending-export,pending-export,pending-export,lang:nl,2026-09-23,keep
/nl/blog/youtube-videos-samenvatten-met-ai-2026,blog,blog,nl,index,https://www.marqly.com/nl/blog/youtube-videos-samenvatten-met-ai-2026,"YouTube-video&#39;s Samenvatten met AI (Gids 2026) — Marqly","De snelste manier om YouTube-video's samen te vatten met AI is een browserextensie die de kernpunten direct toont. Ontdek de stappen en alternatieven.",published,7,97,pending-export,pending-export,pending-export,pending-export,pending-export,pending-export,pending-export,pending-export,pending-export,pending-export,lang:nl,2026-09-23,keep
/pl/blog,blog,blog,pl,index,https://www.marqly.com/pl/blog,"Blog Marqly po Polsku — Zakładki, AI i Drugi Mózg","Przewodniki i porównania po polsku: zarządzanie zakładkami, aplikacje do czytania na później, wyszukiwanie semantyczne AI i cyfrowy drugi mózg w przeglądarce.",published,102,129,pending-export,pending-export,pending-export,pending-export,pending-export,pending-export,pending-export,pending-export,pending-export,pending-export,lang:pl,2026-09-23,keep
/pl/blog/alternatywa-dla-notion-web-clipper-2026,blog,blog,pl,index,https://www.marqly.com/pl/blog/alternatywa-dla-notion-web-clipper-2026,"Najlepsza Alternatywa dla Notion Web Clipper (2026) | Marqly","Notion Web Clipper zapisuje strony, ale nie ma trybu czytania ani wyszukiwania AI. Poznaj najlepszą alternatywę do gromadzenia i odnajdywania wiedzy.",published,3,98,pending-export,pending-export,pending-export,pending-export,pending-export,pending-export,pending-export,pending-export,pending-export,pending-export,lang:pl,2026-09-23,keep
/pl/blog/alternatywy-pocket-2026,blog,blog,pl,index,https://www.marqly.com/pl/blog/alternatywy-pocket-2026,"Alternatywy dla Pocket 2026: 8 najlepszych aplikacji — Marqly","Po zamknięciu Pocket przez Mozillę przetestowaliśmy 8 najlepszych alternatyw do czytania na później i zakładek pod kątem wyszukiwania AI, importu i cen.",published,2,98,pending-export,pending-export,pending-export,pending-export,pending-export,pending-export,pending-export,pending-export,pending-export,pending-export,lang:pl,2026-09-23,keep
/pl/blog/co-zawiera-plik-eksportu-z-pocket-2026,blog,blog,pl,index,https://www.marqly.com/pl/blog/co-zawiera-plik-eksportu-z-pocket-2026,"Co zawiera plik eksportu z Pocket? (2026) — Marqly","Pobrałeś plik z Pocket i widzisz arkusz CSV lub HTML? Wyjaśniamy strukturę pól (URL, tagi, daty), braki oraz sposób bezbłędnego importu.",published,1,94,pending-export,pending-export,pending-export,pending-export,pending-export,pending-export,pending-export,pending-export,pending-export,pending-export,lang:pl,2026-09-23,keep
/pl/blog/cyfrowe-porzadki-nowy-rok,blog,blog,pl,index,https://www.marqly.com/pl/blog/cyfrowe-porzadki-nowy-rok,"Checklista Cyfrowych Porządków: Noworoczny Reset — Marqly","Praktyczna noworoczna checklista cyfrowych porządków: zamknij karty, połącz zakładki, uporządkuj listę 'do przeczytania' i anuluj zbędne subskrypcje w ~2 godzin",published,102,97,pending-export,pending-export,pending-export,pending-export,pending-export,pending-export,pending-export,pending-export,pending-export,pending-export,lang:pl,2026-09-23,keep
/pl/blog/czat-z-filmami-youtube-2026,blog,blog,pl,index,https://www.marqly.com/pl/blog/czat-z-filmami-youtube-2026,"Czat z Filmami YouTube: Zadawaj Pytania z AI | Marqly","Tak, możesz rozmawiać z filmem na YouTube. Zadawaj pytania i otrzymuj odpowiedzi oparte na prawdziwej transkrypcji tuż obok odtwarzacza. Poradnik 2026.",published,1,94,pending-export,pending-export,pending-export,pending-export,pending-export,pending-export,pending-export,pending-export,pending-export,pending-export,lang:pl,2026-09-23,keep
/pl/blog/czy-ai-moze-uporzadkowac-zakladki-2026,blog,blog,pl,index,https://www.marqly.com/pl/blog/czy-ai-moze-uporzadkowac-zakladki-2026,"Czy AI Może Automatycznie Uporządkować Zakładki? (2026) | Marqly","Tak, sztuczna inteligencja może uporządkować Twoje zakładki w pełni automatycznie dzięki tagowaniu i streszczeniom. Zapomnij o ręcznym tworzeniu folderów.",published,2,94,pending-export,pending-export,pending-export,pending-export,pending-export,pending-export,pending-export,pending-export,pending-export,pending-export,lang:pl,2026-09-23,keep
/pl/blog/czym-jest-aplikacja-drugi-mozg-2026,blog,blog,pl,index,https://www.marqly.com/pl/blog/czym-jest-aplikacja-drugi-mozg-2026,"Czym Jest Aplikacja Drugi Mózg? (2026) | Marqly","Aplikacja «drugi mózg» gromadzi to, co czytasz, i sprawia, że wiedza pozostaje na zawsze przeszukiwalna. Sprawdź, jak bez wysiłku stworzyć go z zakładek.",published,3,96,pending-export,pending-export,pending-export,pending-export,pending-export,pending-export,pending-export,pending-export,pending-export,pending-export,lang:pl,2026-09-23,keep
/pl/blog/czym-jest-drugi-mozg-z-ai-2026,blog,blog,pl,index,https://www.marqly.com/pl/blog/czym-jest-drugi-mozg-z-ai-2026,"Czym Jest Drugi Mózg z AI? (2026) | Marqly","Drugi mózg z AI to osobista baza wiedzy, która gromadzi Twoje artykuły i notatki, a sztuczna inteligencja automatycznie je taguje, streszcza i wyszukuje.",published,2,95,pending-export,pending-export,pending-export,pending-export,pending-export,pending-export,pending-export,pending-export,pending-export,pending-export,lang:pl,2026-09-23,keep
/pl/blog/instapaper-recenzja-2026,blog,blog,pl,index,https://www.marqly.com/pl/blog/instapaper-recenzja-2026,"Recenzja Instapaper 2026 — Ceny i Wady | Marqly","Rzetelna recenzja Instapaper w 2026 roku: nowa cena 5,99 $/mies., komfort czytania, płatna wyszukiwarka i brak funkcji AI.",published,102,95,pending-export,pending-export,pending-export,pending-export,pending-export,pending-export,pending-export,pending-export,pending-export,pending-export,lang:pl,2026-09-23,keep
/pl/blog/jak-pobrac-transkrypcje-z-youtube-2026,blog,blog,pl,index,https://www.marqly.com/pl/blog/jak-pobrac-transkrypcje-z-youtube-2026,"Jak Pobrać Transkrypcję z YouTube i Skopiować Napisy | Marqly","Trzy proste sposoby na pobranie transkrypcji filmu z YouTube w 2026: wbudowany panel, darmowe narzędzia online oraz rozszerzenie Marqly z kopiowaniem jednym kli",published,1,96,pending-export,pending-export,pending-export,pending-export,pending-export,pending-export,pending-export,pending-export,pending-export,pending-export,lang:pl,2026-09-23,keep
/pl/blog/jak-rozmawiac-z-zapisanymi-artykulami-2026,blog,blog,pl,index,https://www.marqly.com/pl/blog/jak-rozmawiac-z-zapisanymi-artykulami-2026,"Jak Rozmawiać z Zapisanymi Artykułami (2026) | Marqly","Zadawaj pytania w języku naturalnym swoim zapisanym artykułom i otrzymuj odpowiedzi AI oparte wyłącznie na Twoich własnych, sprawdzonych źródłach.",published,3,96,pending-export,pending-export,pending-export,pending-export,pending-export,pending-export,pending-export,pending-export,pending-export,pending-export,lang:pl,2026-09-23,keep
/pl/blog/jak-streszczac-filmy-youtube-z-ai-2026,blog,blog,pl,index,https://www.marqly.com/pl/blog/jak-streszczac-filmy-youtube-z-ai-2026,"Streszczanie Filmów z YouTube z AI (Poradnik 2026) — Marqly","Najszybszy sposób na streszczanie wideo z YouTube z wykorzystaniem AI: rozszerzenie do przeglądarki bezpośrednio przy odtwarzaczu. Krok po kroku i alternatywy.",published,2,94,pending-export,pending-export,pending-export,pending-export,pending-export,pending-export,pending-export,pending-export,pending-export,pending-export,lang:pl,2026-09-23,keep
/pl/blog/jak-szukac-zakladek-z-ai-2026,blog,blog,pl,index,https://www.marqly.com/pl/blog/jak-szukac-zakladek-z-ai-2026,"Jak Wyszukiwać Zakładki z AI (Szukanie po Znaczeniu) | Marqly","Wyszukiwanie zakładek z AI pozwala opisać zapamiętaną treść zwykłym językiem. Wyszukiwarka semantyczna odnajduje materiały po znaczeniu, a nie słowach kluczowyc",published,7,96,pending-export,pending-export,pending-export,pending-export,pending-export,pending-export,pending-export,pending-export,pending-export,pending-export,lang:pl,2026-09-23,keep
/pl/blog/jak-uporzadkowac-zakladki-2026,blog,blog,pl,index,https://www.marqly.com/pl/blog/jak-uporzadkowac-zakladki-2026,"Jak uporządkować zakładki w 2026: Kompletny poradnik — Marqly","Toniesz w zakładkach? Sprawdź, dlaczego tradycyjne foldery zawodzą i jak stworzyć bezobsługowy system zakładek z pomocą sztucznej inteligencji.",published,5,96,pending-export,pending-export,pending-export,pending-export,pending-export,pending-export,pending-export,pending-export,pending-export,pending-export,lang:pl,2026-09-23,keep
/pl/blog/jak-wyeksportowac-obejrzyj-pozniej-z-youtube-2026,blog,blog,pl,index,https://www.marqly.com/pl/blog/jak-wyeksportowac-obejrzyj-pozniej-z-youtube-2026,"Jak Wyeksportować Obejrzyj Później z YouTube (2026) | Marqly","Google Takeout nie eksportuje listy «Obejrzyj później». Sprawdź sprawdzone metody na 2026 rok, aby bezpiecznie zachować zapisane filmy z YouTube.",published,102,93,pending-export,pending-export,pending-export,pending-export,pending-export,pending-export,pending-export,pending-export,pending-export,pending-export,lang:pl,2026-09-23,keep
/pl/blog/jak-wyeksportowac-przeniesc-dane-z-pocket-2026,blog,blog,pl,index,https://www.marqly.com/pl/blog/jak-wyeksportowac-przeniesc-dane-z-pocket-2026,"Eksport i Migracja Danych z Pocket (Poradnik 2026) — Marqly","Pocket zakończył działalność? Dowiedz się, jak krok po kroku pobrać kopię zapasową HTML i przenieść swoje artykuły do nowoczesnej aplikacji.",published,1,94,pending-export,pending-export,pending-export,pending-export,pending-export,pending-export,pending-export,pending-export,pending-export,pending-export,lang:pl,2026-09-23,keep
/pl/blog/jak-wyeksportowac-zakladki-chrome-2026,blog,blog,pl,index,https://www.marqly.com/pl/blog/jak-wyeksportowac-zakladki-chrome-2026,"Eksport zakładek z Chrome i import do AI (2026) — Marqly","Praktyczny poradnik krok po kroku: jak wyeksportować zakładki z przeglądarki Chrome do pliku HTML i przenieść je do menedżera zakładek AI.",published,2,94,pending-export,pending-export,pending-export,pending-export,pending-export,pending-export,pending-export,pending-export,pending-export,pending-export,lang:pl,2026-09-23,keep
/pl/blog/jak-wyeksportowac-zakladki-z-twittera-x-2026,blog,blog,pl,index,https://www.marqly.com/pl/blog/jak-wyeksportowac-zakladki-z-twittera-x-2026,"Jak Wyeksportować Zakładki z Twittera/X w 2026 | Marqly","Oficjalne archiwum danych X nie zawiera zakładek! Sprawdź, jak skutecznie wyeksportować zakładki z Twittera w 2026 roku i zachować je na zawsze.",published,102,93,pending-export,pending-export,pending-export,pending-export,pending-export,pending-export,pending-export,pending-export,pending-export,pending-export,lang:pl,2026-09-23,keep
/pl/blog/jak-wyeksportowac-zapisane-posty-z-instagrama-2026,blog,blog,pl,index,https://www.marqly.com/pl/blog/jak-wyeksportowac-zapisane-posty-z-instagrama-2026,"Jak Wyeksportować Zapisane Posty z Instagrama (2026) | Marqly","Instagram nie posiada przycisku eksportu. Dowiedz się, jak skorzystać z «Pobierz swoje informacje», co zawiera saved_posts.json i jak uporządkować linki.",published,102,93,pending-export,pending-export,pending-export,pending-export,pending-export,pending-export,pending-export,pending-export,pending-export,pending-export,lang:pl,2026-09-23,keep
/pl/blog/jak-wyeksportowac-zapisane-posty-z-reddita-2026,blog,blog,pl,index,https://www.marqly.com/pl/blog/jak-wyeksportowac-zapisane-posty-z-reddita-2026,"Jak Wyeksportować Zapisane Posty z Reddita (2026) | Marqly","Eksportuj zapisane posty z Reddita przez oficjalny wniosek o dane: instrukcja krok po kroku, zawartość CSV, limit 1000 wpisów i organizacja linków.",published,102,93,pending-export,pending-export,pending-export,pending-export,pending-export,pending-export,pending-export,pending-export,pending-export,pending-export,lang:pl,2026-09-23,keep
/pl/blog/jak-zapisac-strone-jako-pdf-2026,blog,blog,pl,index,https://www.marqly.com/pl/blog/jak-zapisac-strone-jako-pdf-2026,"Jak Zapisać Stronę jako PDF w Chrome (3 Skuteczne Metody) | Marqly","Ctrl+P działa dobrze, dopóki zdjęcia nie znikną, a tekst nie zostanie ucięty. Poznaj 3 sprawdzone metody zapisu stron jako PDF z zachowaniem 100% układu ekranu.",published,1,94,pending-export,pending-export,pending-export,pending-export,pending-export,pending-export,pending-export,pending-export,pending-export,pending-export,lang:pl,2026-09-23,keep
/pl/blog/jak-zapisywac-filmy-youtube-do-obejrzenia-na-pozniej-2026,blog,blog,pl,index,https://www.marqly.com/pl/blog/jak-zapisywac-filmy-youtube-do-obejrzenia-na-pozniej-2026,"Jak Zapisywać Filmy YouTube na Później (Poradnik 2026) | Marqly","Lista 'Do obejrzenia' na YouTube to często czarna dziura. Zobacz, jak zorganizować filmy za pomocą tagów AI i wyszukiwania semantycznego.",published,2,94,pending-export,pending-export,pending-export,pending-export,pending-export,pending-export,pending-export,pending-export,pending-export,pending-export,lang:pl,2026-09-23,keep
/pl/blog/jak-zaznaczac-tekst-na-stronach-www-2026,blog,blog,pl,index,https://www.marqly.com/pl/blog/jak-zaznaczac-tekst-na-stronach-www-2026,"Jak zakreślać tekst na stronach internetowych | Marqly","Dowiedz się, jak zakreślać i wyróżniać fragmenty tekstu na dowolnej stronie WWW. Zakreślenia nie znikają po odświeżeniu i można je przeszukiwać z AI.",published,2,97,pending-export,pending-export,pending-export,pending-export,pending-export,pending-export,pending-export,pending-export,pending-export,pending-export,lang:pl,2026-09-23,keep
/pl/blog/jak-zbudowac-drugi-mozg-2026,blog,blog,pl,index,https://www.marqly.com/pl/blog/jak-zbudowac-drugi-mozg-2026,"Jak Zbudować Drugi Mózg w 2026 (Krok po Kroku) | Marqly","Większość systemów drugiego mózgu upada z powodu nadmiaru ręcznej organizacji. Zobacz, jak zbudować w 2026 bazę wiedzy, która organizuje się sama dzięki AI.",published,3,95,pending-export,pending-export,pending-export,pending-export,pending-export,pending-export,pending-export,pending-export,pending-export,pending-export,lang:pl,2026-09-23,keep
/pl/blog/jak-znalezc-zapisany-artykul-gdy-zapomnisz-tytulu-2026,blog,blog,pl,index,https://www.marqly.com/pl/blog/jak-znalezc-zapisany-artykul-gdy-zapomnisz-tytulu-2026,"Jak Odnaleźć Zakładkę Bez Pamiętania Tytułu (2026) | Marqly","Zapomniałeś tytułu zapisanej zakładki? Skorzystaj z wyszukiwania semantycznego AI: opisz to, co pamiętasz, i błyskawicznie znajdź artykuł po znaczeniu.",published,3,96,pending-export,pending-export,pending-export,pending-export,pending-export,pending-export,pending-export,pending-export,pending-export,pending-export,lang:pl,2026-09-23,keep
/pl/blog/karakeep-recenzja-2026,blog,blog,pl,index,https://www.marqly.com/pl/blog/karakeep-recenzja-2026,"Recenzja Karakeep 2026 — Zakładki Open Source i Lokalne AI | Marqly","Rzetelny test Karakeep (dawniej Hoarder) w 2026 roku: lokalne modele Ollama, konfiguracja Docker i opłacalność chmury.",published,102,95,pending-export,pending-export,pending-export,pending-export,pending-export,pending-export,pending-export,pending-export,pending-export,pending-export,lang:pl,2026-09-23,keep
/pl/blog/linkwarden-recenzja-2026,blog,blog,pl,index,https://www.marqly.com/pl/blog/linkwarden-recenzja-2026,"Recenzja Linkwarden 2026 — Archiwizacja Stron WWW | Marqly","Szczegółowa recenzja Linkwarden w 2026 roku: archiwizacja stron do PDF i HTML, cennik chmury (3 $/mies.) i praca zespołowa.",published,102,95,pending-export,pending-export,pending-export,pending-export,pending-export,pending-export,pending-export,pending-export,pending-export,pending-export,lang:pl,2026-09-23,keep
/pl/blog/marqly-recenzja-2026,blog,blog,pl,index,https://www.marqly.com/pl/blog/marqly-recenzja-2026,"Recenzja Marqly 2026 — Ceny i Możliwości | Marqly","Rzetelna recenzja Marqly w 2026 roku: wyszukiwanie semantyczne AI, auto-tagowanie, streszczenia, cennik i zastosowanie.",published,1,98,pending-export,pending-export,pending-export,pending-export,pending-export,pending-export,pending-export,pending-export,pending-export,pending-export,lang:pl,2026-09-23,keep
/pl/blog/menedzery-zakladek-ai-wyszukiwanie-semantyczne-porownanie-2026,blog,blog,pl,index,https://www.marqly.com/pl/blog/menedzery-zakladek-ai-wyszukiwanie-semantyczne-porownanie-2026,"Menedżery Zakładek AI z Prawdziwym Wyszukiwaniem Semantycznym (2026) — Marqly","Większość menedżerów zakładek AI udaje wyszukiwanie semantyczne za pomocą tagów. Sprawdź, które 8 narzędzi naprawdę rozumie znaczenie.",published,8,98,pending-export,pending-export,pending-export,pending-export,pending-export,pending-export,pending-export,pending-export,pending-export,pending-export,lang:pl,2026-09-23,keep
/pl/blog/metoda-para-dla-zakladek-2026,blog,blog,pl,index,https://www.marqly.com/pl/blog/metoda-para-dla-zakladek-2026,"Metoda PARA dla Zakładek: Praktyczny Poradnik (2026) | Marqly","Jak zaadaptować metodę PARA Tiago Forte do zakładek: 4 kategorie, 5 kroków wdrożenia, granice ręcznego sortowania i ratunek ze strony AI.",published,3,95,pending-export,pending-export,pending-export,pending-export,pending-export,pending-export,pending-export,pending-export,pending-export,pending-export,lang:pl,2026-09-23,keep
/pl/blog/mymind-recenzja-2026,blog,blog,pl,index,https://www.marqly.com/pl/blog/mymind-recenzja-2026,"mymind Recenzja 2026: Ceny, Wady i Zalety (3.8/5)","Szczera recenzja mymind na 2026 rok: zweryfikowane ceny, rzeczywiste możliwości AI, zalety tablicy wizualnej i ograniczenia w wyszukiwaniu tekstu. Ocena 3.8/5.",published,6,98,pending-export,pending-export,pending-export,pending-export,pending-export,pending-export,pending-export,pending-export,pending-export,pending-export,lang:pl,2026-09-23,keep
/pl/blog/najlepsze-alternatywy-dla-instapaper-2026,blog,blog,pl,index,https://www.marqly.com/pl/blog/najlepsze-alternatywy-dla-instapaper-2026,"Najlepsze Alternatywy dla Instapaper 2026 — Marqly","Instapaper zachwyca prostotą, ale nie rozwija się. Zobacz najlepsze alternatywy w 2026 roku z wyszukiwaniem semantycznym AI i streszczeniami.",published,1,98,pending-export,pending-export,pending-export,pending-export,pending-export,pending-export,pending-export,pending-export,pending-export,pending-export,lang:pl,2026-09-23,keep
/pl/blog/najlepsze-aplikacje-do-czytania-na-pozniej-2026,blog,blog,pl,index,https://www.marqly.com/pl/blog/najlepsze-aplikacje-do-czytania-na-pozniej-2026,"9 Najlepszych Aplikacji Read-It-Later w 2026 — Marqly","Porównanie najlepszych aplikacji do czytania na później w 2026: wyszukiwanie semantyczne AI, tryb offline, wygoda czytania i plany cenowe.",published,1,98,pending-export,pending-export,pending-export,pending-export,pending-export,pending-export,pending-export,pending-export,pending-export,pending-export,lang:pl,2026-09-23,keep
/pl/blog/najlepsze-aplikacje-drugi-mozg-2026,blog,blog,pl,index,https://www.marqly.com/pl/blog/najlepsze-aplikacje-drugi-mozg-2026,"Najlepsze Aplikacje Drugi Mózg w 2026 Roku | Marqly","Wybór zależy od tego, ile czasu chcesz poświęcić na porządki: Notion i Obsidian do budowania bazy wiedzy, Marqly do bezobsługowego zbierania z AI.",published,1,99,pending-export,pending-export,pending-export,pending-export,pending-export,pending-export,pending-export,pending-export,pending-export,pending-export,lang:pl,2026-09-23,keep
/pl/blog/najlepsze-darmowe-menedzery-zakladek-2026,blog,blog,pl,index,https://www.marqly.com/pl/blog/najlepsze-darmowe-menedzery-zakladek-2026,"Najlepsze Darmowe Menedżery Zakładek 2026: 5 Opcji — Marqly","Zestawienie rzeczywiście bezpłatnych menedżerów zakładek w 2026 roku: darmowy pakiet Raindrop, darmowy Marqly, Linkwarden i Karakeep self-hosted oraz przeglądar",published,12,98,pending-export,pending-export,pending-export,pending-export,pending-export,pending-export,pending-export,pending-export,pending-export,pending-export,lang:pl,2026-09-23,keep
/pl/blog/najlepsze-menedzery-kart-2026,blog,blog,pl,index,https://www.marqly.com/pl/blog/najlepsze-menedzery-kart-2026,"Najlepsze Menedżery Kart 2026: OneTab, Toby, Workona i Marqly","Kompleksowe porównanie OneTab, Toby, Workona, Session Buddy i Marqly: aktywne przestrzenie robocze vs inteligentne archiwum kart zasilane przez AI.",published,12,99,pending-export,pending-export,pending-export,pending-export,pending-export,pending-export,pending-export,pending-export,pending-export,pending-export,lang:pl,2026-09-23,keep
/pl/blog/najlepsze-menedzery-zakladek-ai-2026,blog,blog,pl,index,https://www.marqly.com/pl/blog/najlepsze-menedzery-zakladek-ai-2026,"Najlepsze Menedżery Zakładek z AI w 2026 — Marqly","Nowoczesne menedżery zakładek wykorzystują sztuczną inteligencję do podsumowań, tagowania i wyszukiwania semantycznego. Poznaj 5 najlepszych narzędzi 2026.",published,5,98,pending-export,pending-export,pending-export,pending-export,pending-export,pending-export,pending-export,pending-export,pending-export,pending-export,lang:pl,2026-09-23,keep
/pl/blog/najlepsze-narzedzia-do-podsumowan-youtube-2026,blog,blog,pl,index,https://www.marqly.com/pl/blog/najlepsze-narzedzia-do-podsumowan-youtube-2026,"Najlepsze Narzędzia AI do Streszczania YouTube 2026: Marqly, NoteGPT i inne","Rzetelne porównanie 6 narzędzi AI do podsumowywania wideo na YouTube w 2026 roku: integracja na karcie filmu, transkrypcje, czat ze sztuczną inteligencją i cenn",published,9,100,pending-export,pending-export,pending-export,pending-export,pending-export,pending-export,pending-export,pending-export,pending-export,pending-export,lang:pl,2026-09-23,keep
/pl/blog/najlepsze-narzedzia-do-zaznaczania-stron-2026,blog,blog,pl,index,https://www.marqly.com/pl/blog/najlepsze-narzedzia-do-zaznaczania-stron-2026,"Najlepsze Zakreślacze Stron WWW 2026: 6 Narzędzi — Marqly","Porównanie 6 rozszerzeń do zaznaczania tekstu na stronach pod kątem trwałości, palety kolorów, notatek i ceny: Marqly, Glasp, LINER, Weava, Hypothesis i Readwis",published,10,98,pending-export,pending-export,pending-export,pending-export,pending-export,pending-export,pending-export,pending-export,pending-export,pending-export,lang:pl,2026-09-23,keep
/pl/blog/najlepsze-self-hosted-alternatywy-dla-pocket-2026,blog,blog,pl,index,https://www.marqly.com/pl/blog/najlepsze-self-hosted-alternatywy-dla-pocket-2026,"Najlepsze Self-Hosted Alternatywy dla Pocket (2026) — Marqly","Zestawienie aplikacji open source: Wallabag, Karakeep, Linkwarden i ArchiveBox kontra wygoda gotowych narzędzi chmurowych z AI.",published,1,98,pending-export,pending-export,pending-export,pending-export,pending-export,pending-export,pending-export,pending-export,pending-export,pending-export,lang:pl,2026-09-23,keep
/pl/blog/przestan-porzadkowac-zakladki-foldery-przestarzale-2026,blog,blog,pl,index,https://www.marqly.com/pl/blog/przestan-porzadkowac-zakladki-foldery-przestarzale-2026,"Dlaczego foldery zakładek są przestarzałe w 2026 | Marqly","Foldery zakładek to przeżytek. Dowiedz się, jak zarządzać zakładkami bez folderów: zapisuj błyskawicznie, pozwól AI tagować i wyszukuj po znaczeniu.",published,1,94,pending-export,pending-export,pending-export,pending-export,pending-export,pending-export,pending-export,pending-export,pending-export,pending-export,lang:pl,2026-09-23,keep
/pl/blog/raindrop-io-recenzja-2026,blog,blog,pl,index,https://www.marqly.com/pl/blog/raindrop-io-recenzja-2026,"Recenzja Raindrop.io 2026 — Ceny, Wady i Zalety | Marqly","Szczegółowa recenzja Raindrop.io w 2026 roku: darmowy plan bez limitów, możliwości wersji Pro oraz ograniczenia wyszukiwania słów kluczowych.",published,5,95,pending-export,pending-export,pending-export,pending-export,pending-export,pending-export,pending-export,pending-export,pending-export,pending-export,lang:pl,2026-09-23,keep
/pl/blog/readwise-reader-recenzja-2026,blog,blog,pl,index,https://www.marqly.com/pl/blog/readwise-reader-recenzja-2026,"Recenzja Readwise Reader 2026 — Ceny i Możliwości | Marqly","Szczegółowa recenzja Readwise Reader w 2026 roku: abonament (119,88 $/rok), Ghostreader AI, synchronizacja notatek i opłacalność.",published,1,95,pending-export,pending-export,pending-export,pending-export,pending-export,pending-export,pending-export,pending-export,pending-export,pending-export,lang:pl,2026-09-23,keep
/pl/blog/zakladki-chrome-nie-synchronizuja-sie-rozwiazanie-2026,blog,blog,pl,index,https://www.marqly.com/pl/blog/zakladki-chrome-nie-synchronizuja-sie-rozwiazanie-2026,"Zakładki Chrome nie synchronizują się: 8 Rozwiązań (2026) — Marqly","Chrome przestał synchronizować zakładki? Sprawdź 8 kroków naprawczych: wstrzymana synchronizacja, różne konta, sync-internals i reset.",published,2,95,pending-export,pending-export,pending-export,pending-export,pending-export,pending-export,pending-export,pending-export,pending-export,pending-export,lang:pl,2026-09-23,keep
/pt/blog,blog,blog,pt,index,https://www.marqly.com/pt/blog,"O Blog da Marqly em Português — Favoritos, IA e Segundo Cérebro","Guias e comparativos em português: organizar favoritos, apps de salvar para ler depois, busca com IA e o seu segundo cérebro no navegador. Do time da Marqly.",published,104,131,pending-export,pending-export,pending-export,pending-export,pending-export,pending-export,pending-export,pending-export,pending-export,pending-export,lang:pt,2026-09-23,keep
/pt/blog/a-ia-pode-organizar-meus-favoritos-2026,blog,blog,pt,index,https://www.marqly.com/pt/blog/a-ia-pode-organizar-meus-favoritos-2026,"A IA Pode Organizar Meus Favoritos Automaticamente? (2026) | Marqly","Sim, a inteligência artificial organiza seus favoritos gerando tags e resumos automáticos para você buscar pelo significado e nunca mais perder tempo com pastas",published,1,95,pending-export,pending-export,pending-export,pending-export,pending-export,pending-export,pending-export,pending-export,pending-export,pending-export,lang:pt,2026-09-23,keep
/pt/blog/alternativa-ao-notion-web-clipper-2026,blog,blog,pt,index,https://www.marqly.com/pt/blog/alternativa-ao-notion-web-clipper-2026,"Melhor Alternativa ao Notion Web Clipper em 2026 | Marqly","O Notion Web Clipper salva páginas, mas não tem modo leitura nem busca por IA. Conheça a melhor alternativa para capturar e realmente reencontrar o que lê.",published,1,99,pending-export,pending-export,pending-export,pending-export,pending-export,pending-export,pending-export,pending-export,pending-export,pending-export,lang:pt,2026-09-23,keep
/pt/blog/alternativas-ao-pocket-2026,blog,blog,pt,index,https://www.marqly.com/pt/blog/alternativas-ao-pocket-2026,"8 Melhores Alternativas ao Pocket em 2026 (Testadas) — Marqly","O Pocket encerrou em 2025. Conheça as 8 melhores alternativas para salvar e ler depois em 2026, comparadas em busca com IA, importação, apps e preços.",published,12,105,pending-export,pending-export,pending-export,pending-export,pending-export,pending-export,pending-export,pending-export,pending-export,pending-export,lang:pt,2026-09-23,keep
/pt/blog/analise-instapaper-2026,blog,blog,pt,index,https://www.marqly.com/pt/blog/analise-instapaper-2026,"Avaliação do Instapaper 2026 — Vale a Pena? | Marqly","Análise detalhada do Instapaper em 2026: plano gratuito, o novo valor do Premium ($5,99/mês), tipografia refinada e carência de recursos de IA.",published,104,97,pending-export,pending-export,pending-export,pending-export,pending-export,pending-export,pending-export,pending-export,pending-export,pending-export,lang:pt,2026-09-23,keep
/pt/blog/analise-karakeep-2026,blog,blog,pt,index,https://www.marqly.com/pt/blog/analise-karakeep-2026,"Avaliação do Karakeep 2026 — Favoritos Open Source e IA | Marqly","Análise detalhada do Karakeep (antigo Hoarder) em 2026: IA local com Ollama, auto-hospedagem, custos e comparação com soluções em nuvem.",published,104,97,pending-export,pending-export,pending-export,pending-export,pending-export,pending-export,pending-export,pending-export,pending-export,pending-export,lang:pt,2026-09-23,keep
/pt/blog/analise-linkwarden-2026,blog,blog,pt,index,https://www.marqly.com/pt/blog/analise-linkwarden-2026,"Avaliação do Linkwarden 2026 — Arquivamento e Preços | Marqly","Análise completa do Linkwarden em 2026: preservação de páginas em PDF e HTML, plano na nuvem ($3/mês), colaboração e limites de busca.",published,6,97,pending-export,pending-export,pending-export,pending-export,pending-export,pending-export,pending-export,pending-export,pending-export,pending-export,lang:pt,2026-09-23,keep
/pt/blog/analise-marqly-2026,blog,blog,pt,index,https://www.marqly.com/pt/blog/analise-marqly-2026,"Avaliação do Marqly 2026 — Preços e Funcionalidades | Marqly","Análise transparente do Marqly em 2026: busca semântica por IA, resumos automáticos, preços e para quem a ferramenta é indicada.",published,1,99,pending-export,pending-export,pending-export,pending-export,pending-export,pending-export,pending-export,pending-export,pending-export,pending-export,lang:pt,2026-09-23,keep
/pt/blog/analise-mymind-2026,blog,blog,pt,index,https://www.marqly.com/pt/blog/analise-mymind-2026,"Análise do mymind 2026: Preços, Prós e Contras (3.8/5)","Uma análise sincera do mymind para 2026: preços verificados, o que a IA realmente faz, onde o quadro visual brilha e onde deixa a desejar. Nota 3.8/5.",published,6,100,pending-export,pending-export,pending-export,pending-export,pending-export,pending-export,pending-export,pending-export,pending-export,pending-export,lang:pt,2026-09-23,keep
/pt/blog/analise-raindrop-io-2026,blog,blog,pt,index,https://www.marqly.com/pt/blog/analise-raindrop-io-2026,"Avaliação do Raindrop.io 2026 — Recursos e Preços | Marqly","Análise completa do Raindrop.io em 2026: plano gratuito generoso, interface visual, recursos Pro e as limitações da busca por palavras-chave.",published,5,97,pending-export,pending-export,pending-export,pending-export,pending-export,pending-export,pending-export,pending-export,pending-export,pending-export,lang:pt,2026-09-23,keep
/pt/blog/analise-readwise-reader-2026,blog,blog,pt,index,https://www.marqly.com/pt/blog/analise-readwise-reader-2026,"Avaliação do Readwise Reader 2026 — Vale o Preço? | Marqly","Análise detalhada do Readwise Reader em 2026: preços ($9,99/mês), IA Ghostreader, sincronização com Notion/Obsidian e público-alvo.",published,1,97,pending-export,pending-export,pending-export,pending-export,pending-export,pending-export,pending-export,pending-export,pending-export,pending-export,lang:pt,2026-09-23,keep
/pt/blog/como-construir-um-segundo-cerebro-2026,blog,blog,pt,index,https://www.marqly.com/pt/blog/como-construir-um-segundo-cerebro-2026,"Como Construir um Segundo Cérebro em 2026 (Passo a Passo) | Marqly","A maioria dos sistemas de segundo cérebro falha porque exige organização demais. Veja como criar um em 2026 que se organiza sozinho com IA.",published,4,97,pending-export,pending-export,pending-export,pending-export,pending-export,pending-export,pending-export,pending-export,pending-export,pending-export,lang:pt,2026-09-23,keep
/pt/blog/como-conversar-com-artigos-salvos-2026,blog,blog,pt,index,https://www.marqly.com/pt/blog/como-conversar-com-artigos-salvos-2026,"Como Conversar com seus Artigos Salvos (2026) | Marqly","Converse com seus artigos salvos fazendo perguntas em linguagem natural para receber respostas de IA geradas exclusivamente a partir das suas fontes.",published,3,99,pending-export,pending-export,pending-export,pending-export,pending-export,pending-export,pending-export,pending-export,pending-export,pending-export,lang:pt,2026-09-23,keep
/pt/blog/como-destacar-texto-em-qualquer-site-2026,blog,blog,pt,index,https://www.marqly.com/pt/blog/como-destacar-texto-em-qualquer-site-2026,"Destacar texto em qualquer site da Web e salvar | Marqly","Aprenda a grifar texto em qualquer página da web com uma extensão: as marcações persistem na página, sincronizam na nuvem e são pesquisadas com IA.",published,3,96,pending-export,pending-export,pending-export,pending-export,pending-export,pending-export,pending-export,pending-export,pending-export,pending-export,lang:pt,2026-09-23,keep
/pt/blog/como-encontrar-artigo-salvo-quando-esqueceu-o-titulo-2026,blog,blog,pt,index,https://www.marqly.com/pt/blog/como-encontrar-artigo-salvo-quando-esqueceu-o-titulo-2026,"Como Encontrar um Favorito sem Lembrar o Título (2026) | Marqly","Esqueceu o título de uma página salva? Use a busca semântica por IA para descrever o que você lembra e encontrar qualquer artigo pelo significado, rápido.",published,2,98,pending-export,pending-export,pending-export,pending-export,pending-export,pending-export,pending-export,pending-export,pending-export,pending-export,lang:pt,2026-09-23,keep
/pt/blog/como-exportar-assistir-mais-tarde-do-youtube-2026,blog,blog,pt,index,https://www.marqly.com/pt/blog/como-exportar-assistir-mais-tarde-do-youtube-2026,"Como Exportar Assistir Mais Tarde do YouTube em 2026 | Marqly","O Google Takeout não exporta a playlist Assistir mais tarde. Veja como contornar essa limitação em 2026 e nunca mais perder vídeos e tutoriais importantes.",published,104,94,pending-export,pending-export,pending-export,pending-export,pending-export,pending-export,pending-export,pending-export,pending-export,pending-export,lang:pt,2026-09-23,keep
/pt/blog/como-exportar-itens-salvos-do-twitter-x-2026,blog,blog,pt,index,https://www.marqly.com/pt/blog/como-exportar-itens-salvos-do-twitter-x-2026,"Como Exportar Salvos do X (Twitter) em 2026 | Marqly","O arquivo de dados oficial do X não traz seus itens salvos. Veja como realmente exportar seus favoritos do Twitter em 2026 e nunca mais perder links úteis.",published,1,95,pending-export,pending-export,pending-export,pending-export,pending-export,pending-export,pending-export,pending-export,pending-export,pending-export,lang:pt,2026-09-23,keep
/pt/blog/como-exportar-migrar-dados-pocket-2026,blog,blog,pt,index,https://www.marqly.com/pt/blog/como-exportar-migrar-dados-pocket-2026,"Como Exportar e Migrar Dados do Pocket (Guia 2026) — Marqly","Com o encerramento do Pocket, seus artigos salvos correm risco. Veja como exportar seu arquivo HTML e migrar para um app moderno em minutos.",published,1,95,pending-export,pending-export,pending-export,pending-export,pending-export,pending-export,pending-export,pending-export,pending-export,pending-export,lang:pt,2026-09-23,keep
/pt/blog/como-exportar-posts-salvos-do-instagram-2026,blog,blog,pt,index,https://www.marqly.com/pt/blog/como-exportar-posts-salvos-do-instagram-2026,"Como Exportar Posts Salvos do Instagram (2026) | Marqly","O Instagram não tem botão de exportar salvos. Veja como usar o «Baixar suas informações», o que vem no saved_posts.json e como organizar seus links.",published,104,94,pending-export,pending-export,pending-export,pending-export,pending-export,pending-export,pending-export,pending-export,pending-export,pending-export,lang:pt,2026-09-23,keep
/pt/blog/como-exportar-posts-salvos-do-reddit-2026,blog,blog,pt,index,https://www.marqly.com/pt/blog/como-exportar-posts-salvos-do-reddit-2026,"Como Exportar Posts Salvos do Reddit (2026) | Marqly","Exporte seus posts salvos do Reddit pelo pedido oficial de dados: passo a passo, o que vem no CSV, o limite de 1.000 itens e como torná-los úteis novamente.",published,1,95,pending-export,pending-export,pending-export,pending-export,pending-export,pending-export,pending-export,pending-export,pending-export,pending-export,lang:pt,2026-09-23,keep
/pt/blog/conversar-com-videos-do-youtube-2026,blog,blog,pt,index,https://www.marqly.com/pt/blog/conversar-com-videos-do-youtube-2026,"Conversar com Vídeos do YouTube com IA | Marqly","Sim, você pode conversar com vídeos do YouTube. Faça perguntas e obtenha respostas baseadas na transcrição real ao lado do player. Guia 2026.",published,1,95,pending-export,pending-export,pending-export,pending-export,pending-export,pending-export,pending-export,pending-export,pending-export,pending-export,lang:pt,2026-09-23,keep
/pt/blog/exportar-favoritos-chrome,blog,blog,pt,index,https://www.marqly.com/pt/blog/exportar-favoritos-chrome,"Como Exportar Favoritos do Chrome em 2026 (Passo a Passo) — Marqly","Guia passo a passo para exportar favoritos do Chrome, Edge, Firefox e Safari, o que o arquivo HTML contém e como importá-lo em outra ferramenta.",published,104,95,pending-export,pending-export,pending-export,pending-export,pending-export,pending-export,pending-export,pending-export,pending-export,pending-export,lang:pt,2026-09-23,keep
/pt/blog/favoritos-do-chrome-nao-sincronizam-solucao-2026,blog,blog,pt,index,https://www.marqly.com/pt/blog/favoritos-do-chrome-nao-sincronizam-solucao-2026,"Favoritos do Chrome não Sincronizam: 8 Soluções (2026) — Marqly","Seus favoritos do Chrome pararam de sincronizar? Resolva o problema com este passo a passo: sincronização pausada, contas trocadas e sync-internals.",published,3,95,pending-export,pending-export,pending-export,pending-export,pending-export,pending-export,pending-export,pending-export,pending-export,pending-export,lang:pt,2026-09-23,keep
/pt/blog/gerenciadores-de-favoritos-com-ia-busca-semantica-comparativo-2026,blog,blog,pt,index,https://www.marqly.com/pt/blog/gerenciadores-de-favoritos-com-ia-busca-semantica-comparativo-2026,"Gerenciadores de Favoritos com Busca Semântica Real (2026) — Marqly","Muitos gerenciadores de favoritos com IA usam apenas tags automáticas. Veja quais 8 ferramentas realizam busca semântica real e como comprovar isso.",published,12,99,pending-export,pending-export,pending-export,pending-export,pending-export,pending-export,pending-export,pending-export,pending-export,pending-export,lang:pt,2026-09-23,keep
/pt/blog/melhores-alternativas-ao-instapaper-2026,blog,blog,pt,index,https://www.marqly.com/pt/blog/melhores-alternativas-ao-instapaper-2026,"Melhores Alternativas ao Instapaper 2026 — Leitura com IA | Marqly","O Instapaper é elegante, mas parou no tempo. Conheça as melhores alternativas em 2026 com busca semântica por IA, resumos e organização automática.",published,1,99,pending-export,pending-export,pending-export,pending-export,pending-export,pending-export,pending-export,pending-export,pending-export,pending-export,lang:pt,2026-09-23,keep
/pt/blog/melhores-alternativas-auto-hospedadas-ao-pocket-2026,blog,blog,pt,index,https://www.marqly.com/pt/blog/melhores-alternativas-auto-hospedadas-ao-pocket-2026,"Melhores Alternativas Auto-Hospedadas ao Pocket (2026) — Marqly","Compare Wallabag, Karakeep, Linkwarden e ArchiveBox com soluções em nuvem para salvar artigos e substituir o Pocket sem dor de cabeça.",published,4,99,pending-export,pending-export,pending-export,pending-export,pending-export,pending-export,pending-export,pending-export,pending-export,pending-export,lang:pt,2026-09-23,keep
/pt/blog/melhores-apps-salvar-para-ler-depois-2026,blog,blog,pt,index,https://www.marqly.com/pt/blog/melhores-apps-salvar-para-ler-depois-2026,"9 Melhores Apps para Salvar e Ler Depois em 2026 — Marqly","Os melhores aplicativos 'read-it-later' em 2026: compare busca com IA, leitor sem anúncios, leitura offline, preços e recursos para o seu dia a dia.",published,4,102,pending-export,pending-export,pending-export,pending-export,pending-export,pending-export,pending-export,pending-export,pending-export,pending-export,lang:pt,2026-09-23,keep
/pt/blog/melhores-apps-segundo-cerebro-2026,blog,blog,pt,index,https://www.marqly.com/pt/blog/melhores-apps-segundo-cerebro-2026,"Melhores Aplicativos de Segundo Cérebro em 2026 | Marqly","O melhor app de segundo cérebro depende da manutenção que você tolera: Notion e Obsidian para criar manualmente; Marqly para captura rápida com IA.",published,1,99,pending-export,pending-export,pending-export,pending-export,pending-export,pending-export,pending-export,pending-export,pending-export,pending-export,lang:pt,2026-09-23,keep
/pt/blog/melhores-gerenciadores-abas-2026,blog,blog,pt,index,https://www.marqly.com/pt/blog/melhores-gerenciadores-abas-2026,"Melhores Gerenciadores de Abas em 2026: OneTab, Toby, Workona e Marqly","Comparamos OneTab, Toby, Workona, Session Buddy e Marqly: alternadores de projetos vs salvadores de abas com IA. Preços e recursos de 2026.",published,8,99,pending-export,pending-export,pending-export,pending-export,pending-export,pending-export,pending-export,pending-export,pending-export,pending-export,lang:pt,2026-09-23,keep
/pt/blog/melhores-gerenciadores-favoritos-gratis-2026,blog,blog,pt,index,https://www.marqly.com/pt/blog/melhores-gerenciadores-favoritos-gratis-2026,"Melhores Gerenciadores de Favoritos Grátis 2026: 5 Opções — Marqly","Gerenciadores de favoritos verdadeiramente gratuitos em 2026: plano gratuito do Raindrop, Marqly grátis, Linkwarden e Karakeep self-hosted e navegadores.",published,8,99,pending-export,pending-export,pending-export,pending-export,pending-export,pending-export,pending-export,pending-export,pending-export,pending-export,lang:pt,2026-09-23,keep
/pt/blog/melhores-gerenciadores-favoritos-ia-2026,blog,blog,pt,index,https://www.marqly.com/pt/blog/melhores-gerenciadores-favoritos-ia-2026,"Melhores Gerenciadores de Favoritos com IA 2026 — Marqly","Gerenciadores de favoritos modernos usam IA para resumir, auto-etiquetar e buscar por significado. Conheça as 5 melhores ferramentas de 2026.",published,8,99,pending-export,pending-export,pending-export,pending-export,pending-export,pending-export,pending-export,pending-export,pending-export,pending-export,lang:pt,2026-09-23,keep
/pt/blog/melhores-marca-textos-web-2026,blog,blog,pt,index,https://www.marqly.com/pt/blog/melhores-marca-textos-web-2026,"Melhores Marca-Textos Web em 2026: 6 Ferramentas — Marqly","Comparamos seis extensões de marca-texto web em persistência, cores, anotações e preço: Marqly, Glasp, LINER, Weava, Hypothesis e Readwise Reader.",published,9,99,pending-export,pending-export,pending-export,pending-export,pending-export,pending-export,pending-export,pending-export,pending-export,pending-export,lang:pt,2026-09-23,keep
/pt/blog/melhores-resumidores-youtube-ia-2026,blog,blog,pt,index,https://www.marqly.com/pt/blog/melhores-resumidores-youtube-ia-2026,"Melhores Resumidores de YouTube com IA em 2026: Marqly, NoteGPT, Eightify e mais","Comparamos os 6 principais resumidores de vídeos do YouTube com IA em 2026: visualização na página, transcrições, chat com o vídeo e preços verificados.",published,4,100,pending-export,pending-export,pending-export,pending-export,pending-export,pending-export,pending-export,pending-export,pending-export,pending-export,lang:pt,2026-09-23,keep
/pt/blog/metodo-para-para-favoritos-2026,blog,blog,pt,index,https://www.marqly.com/pt/blog/metodo-para-para-favoritos-2026,"Método PARA para Favoritos: Guia de Configuração (2026) | Marqly","Como aplicar o método PARA de Tiago Forte aos seus favoritos: quatro categorias, configuração em 5 passos, limitações manuais e o papel da IA.",published,3,96,pending-export,pending-export,pending-export,pending-export,pending-export,pending-export,pending-export,pending-export,pending-export,pending-export,lang:pt,2026-09-23,keep
/pt/blog/o-que-e-busca-semantica,blog,blog,pt,index,https://www.marqly.com/pt/blog/o-que-e-busca-semantica,"O Que É Busca Semântica (Explicado Simples) — Marqly","A busca por palavra-chave falha quando você lembra da ideia mas não das palavras. O que é busca semântica, como funciona e onde ela realmente aparece.",published,104,94,pending-export,pending-export,pending-export,pending-export,pending-export,pending-export,pending-export,pending-export,pending-export,pending-export,lang:pt,2026-09-23,keep
/pt/blog/o-que-e-um-app-de-segundo-cerebro-2026,blog,blog,pt,index,https://www.marqly.com/pt/blog/o-que-e-um-app-de-segundo-cerebro-2026,"O Que É um App de Segundo Cérebro? (2026) | Marqly","Um app de segundo cérebro guarda o que você lê e torna tudo pesquisável para sempre. Entenda como funciona e como montar o seu a partir dos seus favoritos.",published,3,97,pending-export,pending-export,pending-export,pending-export,pending-export,pending-export,pending-export,pending-export,pending-export,pending-export,lang:pt,2026-09-23,keep
/pt/blog/o-que-e-um-segundo-cerebro-com-ia-2026,blog,blog,pt,index,https://www.marqly.com/pt/blog/o-que-e-um-segundo-cerebro-com-ia-2026,"O Que É um Segundo Cérebro com IA? (2026) | Marqly","Um segundo cérebro com IA é uma base de conhecimento que guarda seus links e usa inteligência artificial para organizar, resumir e responder dúvidas.",published,5,97,pending-export,pending-export,pending-export,pending-export,pending-export,pending-export,pending-export,pending-export,pending-export,pending-export,lang:pt,2026-09-23,keep
/pt/blog/o-que-ha-no-arquivo-de-exportacao-do-pocket-2026,blog,blog,pt,index,https://www.marqly.com/pt/blog/o-que-ha-no-arquivo-de-exportacao-do-pocket-2026,"O Que Há no Arquivo de Exportação do Pocket (2026) — Marqly","Abriu seu arquivo do Pocket e viu um CSV ou HTML? Veja exatamente quais dados ele traz (URLs, tags, datas), o que ficou de fora e como importá-lo.",published,1,95,pending-export,pending-export,pending-export,pending-export,pending-export,pending-export,pending-export,pending-export,pending-export,pending-export,lang:pt,2026-09-23,keep
/pt/blog/obter-transcricao-youtube,blog,blog,pt,index,https://www.marqly.com/pt/blog/obter-transcricao-youtube,"Como Obter a Transcrição de um Vídeo do YouTube | Marqly","Três métodos para extrair a transcrição completa de qualquer vídeo do YouTube em 2026: painel nativo, ferramentas web e cópia em um clique sincronizada com o ví",published,2,97,pending-export,pending-export,pending-export,pending-export,pending-export,pending-export,pending-export,pending-export,pending-export,pending-export,lang:pt,2026-09-23,keep
/pt/blog/organizacao-digital-ano-novo,blog,blog,pt,index,https://www.marqly.com/pt/blog/organizacao-digital-ano-novo,"Checklist de Limpeza Digital: Reinício de Ano Novo — Marqly","Um checklist prático de limpeza digital para o ano novo: feche abas abertas, unifique favoritos, trie leituras pendentes e corte assinaturas em ~2 horas.",published,3,98,pending-export,pending-export,pending-export,pending-export,pending-export,pending-export,pending-export,pending-export,pending-export,pending-export,lang:pt,2026-09-23,keep
/pt/blog/organizar-favoritos-navegador,blog,blog,pt,index,https://www.marqly.com/pt/blog/organizar-favoritos-navegador,"Como Organizar os Favoritos do Navegador (Guia 2026) — Marqly","Pastas de favoritos falham sempre pelo mesmo motivo. Guia prático para organizar, exportar e montar um sistema que não exige manutenção.",published,104,97,pending-export,pending-export,pending-export,pending-export,pending-export,pending-export,pending-export,pending-export,pending-export,pending-export,lang:pt,2026-09-23,keep
/pt/blog/pare-de-organizar-favoritos-pastas-obsoletas-2026,blog,blog,pt,index,https://www.marqly.com/pt/blog/pare-de-organizar-favoritos-pastas-obsoletas-2026,"Por Que Pastas de Favoritos São Obsoletas em 2026 | Marqly","Pastas de favoritos ficaram no passado. Veja como organizar links sem pastas: salve livremente, deixe a IA colocar tags e encontre tudo por significado.",published,1,95,pending-export,pending-export,pending-export,pending-export,pending-export,pending-export,pending-export,pending-export,pending-export,pending-export,lang:pt,2026-09-23,keep
/pt/blog/por-que-voce-salva-artigos-que-nunca-le,blog,blog,pt,index,https://www.marqly.com/pt/blog/por-que-voce-salva-artigos-que-nunca-le,"Por Que Você Salva Artigos e Nunca Lê — Marqly","A pilha de pendentes não é falha de disciplina. Por que salvamos mais do que lemos e como transformar essa pilha em algo realmente útil.",published,104,94,pending-export,pending-export,pending-export,pending-export,pending-export,pending-export,pending-export,pending-export,pending-export,pending-export,lang:pt,2026-09-23,keep
/pt/blog/resumir-videos-youtube-com-ia-2026,blog,blog,pt,index,https://www.marqly.com/pt/blog/resumir-videos-youtube-com-ia-2026,"Resumir Vídeos do YouTube com IA (Guia 2026) — Marqly","A forma mais rápida de resumir vídeos do YouTube com inteligência artificial é usar uma extensão que exibe o resumo na própria página. Veja métodos e passos.",published,2,95,pending-export,pending-export,pending-export,pending-export,pending-export,pending-export,pending-export,pending-export,pending-export,pending-export,lang:pt,2026-09-23,keep
/pt/blog/salvar-pagina-web-como-pdf,blog,blog,pt,index,https://www.marqly.com/pt/blog/salvar-pagina-web-como-pdf,"Como Salvar Página Web em PDF no Chrome sem Erros | Marqly","Ctrl+P funciona até as imagens saírem em branco e o texto ser cortado. Veja 3 formas reais de salvar páginas da web em PDF com o layout original intacto.",published,1,95,pending-export,pending-export,pending-export,pending-export,pending-export,pending-export,pending-export,pending-export,pending-export,pending-export,lang:pt,2026-09-23,keep
/pt/blog/salvar-videos-youtube-assistir-mais-tarde-2026,blog,blog,pt,index,https://www.marqly.com/pt/blog/salvar-videos-youtube-assistir-mais-tarde-2026,"Salvar Vídeos do YouTube para Assistir Mais Tarde (2026) | Marqly","A lista 'Assistir mais tarde' do YouTube vira um buraco negro. Veja como organizar seus vídeos com tags, busca por IA e um sistema eficiente.",published,2,95,pending-export,pending-export,pending-export,pending-export,pending-export,pending-export,pending-export,pending-export,pending-export,pending-export,lang:pt,2026-09-23,keep
/tr/blog,blog,blog,tr,index,https://www.marqly.com/tr/blog,"Marqly Türkçe Blog — Yer İmleri, Yapay Zeka ve İkinci Beyin","Türkçe rehberler ve karşılaştırmalar: yer imi yönetimi, daha sonra oku uygulamaları, yapay zeka ile anlamsal arama ve tarayıcınızdaki ikinci beyin.",published,102,129,pending-export,pending-export,pending-export,pending-export,pending-export,pending-export,pending-export,pending-export,pending-export,pending-export,lang:tr,2026-09-23,keep
/tr/blog/basligini-unuttugunuz-kayitli-makaleyi-bulma-2026,blog,blog,tr,index,https://www.marqly.com/tr/blog/basligini-unuttugunuz-kayitli-makaleyi-bulma-2026,"Başlığı Unutulan Yer İmini Anlamsal Olarak Bulma (2026) | Marqly","Kaydettiğiniz bir yer iminin başlığını mı unuttunuz? Yapay zeka anlamsal aramasını kullanarak hatırladıklarınızı tarif edin ve makaleyi anlamına göre hızla bulu",published,3,96,pending-export,pending-export,pending-export,pending-export,pending-export,pending-export,pending-export,pending-export,pending-export,pending-export,lang:tr,2026-09-23,keep
/tr/blog/chrome-yer-imleri-senkronize-olmuyor-cozum-2026,blog,blog,tr,index,https://www.marqly.com/tr/blog/chrome-yer-imleri-senkronize-olmuyor-cozum-2026,"Chrome Yer İmleri Senkronize Olmuyor: 8 Çözüm Yolu (2026) — Marqly","Chrome yer imleriniz cihazlar arasında eşitlenmiyor mu? Duraklatılan eşitleme, hesap uyuşmazlığı ve sync-internals ile 8 adımda sorunu çözün.",published,102,95,pending-export,pending-export,pending-export,pending-export,pending-export,pending-export,pending-export,pending-export,pending-export,pending-export,lang:tr,2026-09-23,keep
/tr/blog/chrome-yer-imlerini-disa-aktarma-2026,blog,blog,tr,index,https://www.marqly.com/tr/blog/chrome-yer-imlerini-disa-aktarma-2026,"Chrome Yer İmlerini Dışa Aktarma ve AI İçe Aktarma (2026) — Marqly","Chrome yer imlerini HTML dosyası olarak dışa aktarma ve yapay zeka destekli yer imi yöneticisine aktararak anlamla arama yapma adımları.",published,2,95,pending-export,pending-export,pending-export,pending-export,pending-export,pending-export,pending-export,pending-export,pending-export,pending-export,lang:tr,2026-09-23,keep
/tr/blog/en-iyi-daha-sonra-oku-uygulamalari-2026,blog,blog,tr,index,https://www.marqly.com/tr/blog/en-iyi-daha-sonra-oku-uygulamalari-2026,"9 En İyi Daha Sonra Oku Uygulaması (2026) — Marqly","2026'nın en iyi read-it-later uygulamaları karşılaştırıldı: Yapay zeka ile arama, temiz okuma modu, çevrimdışı kullanım ve fiyatlar.",published,1,94,pending-export,pending-export,pending-export,pending-export,pending-export,pending-export,pending-export,pending-export,pending-export,pending-export,lang:tr,2026-09-23,keep
/tr/blog/en-iyi-ikinci-beyin-uygulamalari-2026,blog,blog,tr,index,https://www.marqly.com/tr/blog/en-iyi-ikinci-beyin-uygulamalari-2026,"2026&#39;nın En İyi İkinci Beyin Uygulamaları | Marqly","En iyi ikinci beyin aracı, ne kadar bakım zahmetine katlanabileceğinize bağlıdır: Kendi notlarınızı örmek için Notion ve Obsidian; yapay zekayla zahmetsiz topla",published,5,95,pending-export,pending-export,pending-export,pending-export,pending-export,pending-export,pending-export,pending-export,pending-export,pending-export,lang:tr,2026-09-23,keep
/tr/blog/en-iyi-instapaper-alternatifleri-2026,blog,blog,tr,index,https://www.marqly.com/tr/blog/en-iyi-instapaper-alternatifleri-2026,"En İyi Instapaper Alternatifleri 2026 — Marqly","Instapaper sade bir okuma sunuyor ancak gelişmiyor. Yapay zeka anlamsal arama ve otomatik özet özellikli en iyi 2026 alternatifleri.",published,3,96,pending-export,pending-export,pending-export,pending-export,pending-export,pending-export,pending-export,pending-export,pending-export,pending-export,lang:tr,2026-09-23,keep
/tr/blog/en-iyi-kendi-sunucunda-barindirilan-pocket-alternatifleri-2026,blog,blog,tr,index,https://www.marqly.com/tr/blog/en-iyi-kendi-sunucunda-barindirilan-pocket-alternatifleri-2026,"En İyi Self-Hosted Pocket Alternatifleri (2026) — Marqly","Açık kaynaklı Pocket alternatifleri: Wallabag, Karakeep, Linkwarden ve ArchiveBox incelemesi ile bulut yapay zeka araçlarının avantajları.",published,1,94,pending-export,pending-export,pending-export,pending-export,pending-export,pending-export,pending-export,pending-export,pending-export,pending-export,lang:tr,2026-09-23,keep
/tr/blog/en-iyi-sekme-yoneticileri-2026,blog,blog,tr,index,https://www.marqly.com/tr/blog/en-iyi-sekme-yoneticileri-2026,"2026&#39;nın En İyi Sekme Yöneticileri: OneTab, Toby, Workona ve Marqly Karşılaştırması","OneTab, Toby, Workona, Session Buddy ve Marqly detaylı incelemesi: aktif çalışma alanları ile yapay zeka destekli akıllı sekme arşivleme araçlarının farkları.",published,102,95,pending-export,pending-export,pending-export,pending-export,pending-export,pending-export,pending-export,pending-export,pending-export,pending-export,lang:tr,2026-09-23,keep
/tr/blog/en-iyi-ucretsiz-yer-imi-yoneticileri-2026,blog,blog,tr,index,https://www.marqly.com/tr/blog/en-iyi-ucretsiz-yer-imi-yoneticileri-2026,"En İyi Ücretsiz Yer İmi Yöneticileri 2026: 5 Gerçek Seçenek — Marqly","2026 yılında gerçekten ücretsiz yer imi yöneticileri: Raindrop ücretsiz planı, Marqly ücretsiz sürümü, self-hosted Linkwarden ile Karakeep ve tarayıcılar.",published,102,94,pending-export,pending-export,pending-export,pending-export,pending-export,pending-export,pending-export,pending-export,pending-export,pending-export,lang:tr,2026-09-23,keep
/tr/blog/en-iyi-web-vurgulayicilar-2026,blog,blog,tr,index,https://www.marqly.com/tr/blog/en-iyi-web-vurgulayicilar-2026,"En İyi Web Vurgulayıcı Eklentileri 2026: 6 Araç Karşılaştırması — Marqly","Web sayfalarında metin vurgulama araçlarını kalıcılık, renkler, notlar ve fiyat açısından kıyasladık: Marqly, Glasp, LINER, Weava, Hypothesis ve Readwise Reader",published,102,94,pending-export,pending-export,pending-export,pending-export,pending-export,pending-export,pending-export,pending-export,pending-export,pending-export,lang:tr,2026-09-23,keep
/tr/blog/en-iyi-yapay-zeka-yer-imi-yoneticileri-2026,blog,blog,tr,index,https://www.marqly.com/tr/blog/en-iyi-yapay-zeka-yer-imi-yoneticileri-2026,"2026&#39;nın En İyi Yapay Zeka Yer İmi Yöneticileri — Marqly","Yapay zeka destekli yer imi araçları içeriği özetliyor, otomatik etiketliyor ve anlamsal olarak arıyor. Gerçek yapay zeka standartları ve en iyi 5 araç.",published,5,96,pending-export,pending-export,pending-export,pending-export,pending-export,pending-export,pending-export,pending-export,pending-export,pending-export,lang:tr,2026-09-23,keep
/tr/blog/en-iyi-youtube-ozetleyicileri-2026,blog,blog,tr,index,https://www.marqly.com/tr/blog/en-iyi-youtube-ozetleyicileri-2026,"2026&#39;nın En İyi YouTube AI Özet Araçları: Marqly, NoteGPT, Eightify ve Diğerleri","2026'da YouTube videolarını yapay zeka ile özetleyen en iyi 6 aracın karşılaştırması: video sayfasında gösterim, transkriptler, video ile sohbet ve fiyatlar.",published,102,96,pending-export,pending-export,pending-export,pending-export,pending-export,pending-export,pending-export,pending-export,pending-export,pending-export,lang:tr,2026-09-23,keep
/tr/blog/herhangi-bir-web-sitesinde-metin-vurgulama-2026,blog,blog,tr,index,https://www.marqly.com/tr/blog/herhangi-bir-web-sitesinde-metin-vurgulama-2026,"Web Sayfalarında Metin Vurgulama ve Kaydetme | Marqly","Web vurgulayıcı tarayıcı eklentisiyle internet sayfalarındaki cümlelerin altını çizin: Sayfayı yenilediğinizde kaybolmaz ve yapay zekayla anında aranır.",published,2,97,pending-export,pending-export,pending-export,pending-export,pending-export,pending-export,pending-export,pending-export,pending-export,pending-export,lang:tr,2026-09-23,keep
/tr/blog/ikinci-beyin-nasil-olusturulur-2026,blog,blog,tr,index,https://www.marqly.com/tr/blog/ikinci-beyin-nasil-olusturulur-2026,"İkinci Beyin Nasıl Oluşturulur? (2026 Adım Adım Rehber) | Marqly","Pek çok ikinci beyin sistemi aşırı düzenleme çabası yüzünden terk edilir. Yapay zeka ile kendi kendini organize eden pratik bir sistem kurun.",published,3,95,pending-export,pending-export,pending-export,pending-export,pending-export,pending-export,pending-export,pending-export,pending-export,pending-export,lang:tr,2026-09-23,keep
/tr/blog/ikinci-beyin-uygulamasi-nedir-2026,blog,blog,tr,index,https://www.marqly.com/tr/blog/ikinci-beyin-uygulamasi-nedir-2026,"İkinci Beyin Uygulaması Nedir? (2026) | Marqly","Bir ikinci beyin uygulaması okuduklarınızı saklar ve kalıcı olarak aranabilir kılar. Yer imlerinizden yola çıkarak zahmetsizce nasıl oluşturulacağını öğrenin.",published,3,96,pending-export,pending-export,pending-export,pending-export,pending-export,pending-export,pending-export,pending-export,pending-export,pending-export,lang:tr,2026-09-23,keep
/tr/blog/instagram-kaydedilen-gonderileri-disa-aktarma-2026,blog,blog,tr,index,https://www.marqly.com/tr/blog/instagram-kaydedilen-gonderileri-disa-aktarma-2026,"Instagram Kaydedilen Gönderileri Dışa Aktarma (2026) | Marqly","Instagram'da dışa aktarma butonu yoktur. «Bilgilerini İndir» aracını kullanma, saved_posts.json içeriği ve bağlantıları işlevsel hale getirme yöntemleri.",published,102,95,pending-export,pending-export,pending-export,pending-export,pending-export,pending-export,pending-export,pending-export,pending-export,pending-export,lang:tr,2026-09-23,keep
/tr/blog/instapaper-incelemesi-2026,blog,blog,tr,index,https://www.marqly.com/tr/blog/instapaper-incelemesi-2026,"Instapaper İncelemesi 2026 — Fiyatlar ve Karar | Marqly","2026 yılı dürüst Instapaper incelemesi: Aylık 5,99 $'lık yeni fiyat, tipografi kalitesi, ücretli arama ve yapay zeka eksikliği.",published,102,97,pending-export,pending-export,pending-export,pending-export,pending-export,pending-export,pending-export,pending-export,pending-export,pending-export,lang:tr,2026-09-23,keep
/tr/blog/karakeep-incelemesi-2026,blog,blog,tr,index,https://www.marqly.com/tr/blog/karakeep-incelemesi-2026,"Karakeep İncelemesi 2026 — Açık Kaynak Yer İmi ve Yerel Yapay Zeka | Marqly","2026 yılı dürüst Karakeep (eski Hoarder) incelemesi: Ollama ile yerel yapay zeka, Docker kurulumu ve bulut karşılaştırması.",published,6,97,pending-export,pending-export,pending-export,pending-export,pending-export,pending-export,pending-export,pending-export,pending-export,pending-export,lang:tr,2026-09-23,keep
/tr/blog/kayitli-makalelerle-sohbet-etme-2026,blog,blog,tr,index,https://www.marqly.com/tr/blog/kayitli-makalelerle-sohbet-etme-2026,"Kayıtlı Makalelerle Sohbet Etme (2026) | Marqly","Kayıtlı makalelerinize doğal dille sorular sorun; yapay zeka yalnızca kendi arşivinizdeki güvenilir kaynaklardan sentezlediği doğru yanıtları sunsun.",published,3,96,pending-export,pending-export,pending-export,pending-export,pending-export,pending-export,pending-export,pending-export,pending-export,pending-export,lang:tr,2026-09-23,keep
/tr/blog/linkwarden-incelemesi-2026,blog,blog,tr,index,https://www.marqly.com/tr/blog/linkwarden-incelemesi-2026,"Linkwarden İncelemesi 2026 — Web Sayfası Arşivleme | Marqly","2026 yılı Linkwarden incelemesi: PDF ve ekran görüntüsü ile tam sayfa arşivleme, aylık 3 $ bulut ücreti ve ekip özellikleri.",published,6,97,pending-export,pending-export,pending-export,pending-export,pending-export,pending-export,pending-export,pending-export,pending-export,pending-export,lang:tr,2026-09-23,keep
/tr/blog/marqly-incelemesi-2026,blog,blog,tr,index,https://www.marqly.com/tr/blog/marqly-incelemesi-2026,"Marqly İncelemesi 2026 — Fiyatlar ve Özellikler | Marqly","2026 yılı dürüst Marqly incelemesi: Yapay zeka anlamsal arama, otomatik etiketleme, özetler, fiyatlar ve kimler için uygun olduğu.",published,1,98,pending-export,pending-export,pending-export,pending-export,pending-export,pending-export,pending-export,pending-export,pending-export,pending-export,lang:tr,2026-09-23,keep
/tr/blog/mymind-incelemesi-2026,blog,blog,tr,index,https://www.marqly.com/tr/blog/mymind-incelemesi-2026,"mymind İncelemesi 2026: Fiyatlar, Artılar ve Eksiler (3.8/5)","2026 yılı için dürüst mymind incelemesi: doğrulanmış fiyatlar, yapay zekanın gerçek marifetleri, görsel tuvalin parladığı ve yetersiz kaldığı yönler. Puan 3.8/5",published,6,100,pending-export,pending-export,pending-export,pending-export,pending-export,pending-export,pending-export,pending-export,pending-export,pending-export,lang:tr,2026-09-23,keep
/tr/blog/notion-web-clipper-alternatifi-2026,blog,blog,tr,index,https://www.marqly.com/tr/blog/notion-web-clipper-alternatifi-2026,"En İyi Notion Web Clipper Alternatifi (2026) | Marqly","Notion Web Clipper sayfaları kaydeder ancak okuma modu ve yapay zeka araması yoktur. Okuduklarınızı kolayca bulmanızı sağlayan en iyi alternatifi keşfedin.",published,1,94,pending-export,pending-export,pending-export,pending-export,pending-export,pending-export,pending-export,pending-export,pending-export,pending-export,lang:tr,2026-09-23,keep
/tr/blog/pocket-alternatifleri-2026,blog,blog,tr,index,https://www.marqly.com/tr/blog/pocket-alternatifleri-2026,"Pocket Alternatifleri 2026: En İyi 8 Uygulama — Marqly","Mozilla'nın Pocket'ı kapatmasının ardından 2026'nın en iyi daha sonra oku ve yer imi alternatiflerini yapay zeka araması, içe aktarma ve fiyat açısından inceled",published,2,94,pending-export,pending-export,pending-export,pending-export,pending-export,pending-export,pending-export,pending-export,pending-export,pending-export,lang:tr,2026-09-23,keep
/tr/blog/pocket-disa-aktarma-dosyasinda-neler-var-2026,blog,blog,tr,index,https://www.marqly.com/tr/blog/pocket-disa-aktarma-dosyasinda-neler-var-2026,"Pocket Dışa Aktarma Dosyası İncelemesi (2026) — Marqly","Pocket dışa aktarma dosyanızı açtığınızda bir CSV veya HTML ile mi karşılaştınız? URL'ler, etiketler ve aktarım detaylarını açıklıyoruz.",published,1,95,pending-export,pending-export,pending-export,pending-export,pending-export,pending-export,pending-export,pending-export,pending-export,pending-export,lang:tr,2026-09-23,keep
/tr/blog/pocket-verilerini-disa-aktarma-tasima-2026,blog,blog,tr,index,https://www.marqly.com/tr/blog/pocket-verilerini-disa-aktarma-tasima-2026,"Pocket Verilerini Dışa Aktarma ve Taşıma (2026) — Marqly","Pocket kapandı mı? Kayıtlı makalelerinizi kaybetmeden HTML yedeğini nasıl alacağınızı ve yeni bir uygulamaya nasıl aktaracağınızı öğrenin.",published,1,95,pending-export,pending-export,pending-export,pending-export,pending-export,pending-export,pending-export,pending-export,pending-export,pending-export,lang:tr,2026-09-23,keep
/tr/blog/raindrop-io-incelemesi-2026,blog,blog,tr,index,https://www.marqly.com/tr/blog/raindrop-io-incelemesi-2026,"Raindrop.io İncelemesi 2026 — Fiyatlar ve Özellikler | Marqly","2026 yılı kapsamlı Raindrop.io incelemesi: Sınırsız ücretsiz plan, Pro özellikleri, şık tasarım ve anahtar kelime aramasının sınırları.",published,5,97,pending-export,pending-export,pending-export,pending-export,pending-export,pending-export,pending-export,pending-export,pending-export,pending-export,lang:tr,2026-09-23,keep
/tr/blog/readwise-reader-incelemesi-2026,blog,blog,tr,index,https://www.marqly.com/tr/blog/readwise-reader-incelemesi-2026,"Readwise Reader İncelemesi 2026 — Fiyatlar ve Değerlendirme | Marqly","2026 yılı ayrıntılı Readwise Reader incelemesi: Yıllık 119,88 $'lık ücret, Ghostreader yapay zekası, alt çizme eşitlemesi ve alternatifler.",published,1,97,pending-export,pending-export,pending-export,pending-export,pending-export,pending-export,pending-export,pending-export,pending-export,pending-export,lang:tr,2026-09-23,keep
/tr/blog/reddit-kayitli-gonderileri-disa-aktarma-2026,blog,blog,tr,index,https://www.marqly.com/tr/blog/reddit-kayitli-gonderileri-disa-aktarma-2026,"Reddit Kayıtlı Gönderileri Dışa Aktarma (2026) | Marqly","Resmi veri talebiyle Reddit kayıtlı gönderilerini dışa aktarın: adım adım rehber, CSV içeriği, 1.000 kayıt sınırı ve bağlantıları yeniden düzenleme yolları.",published,16,95,pending-export,pending-export,pending-export,pending-export,pending-export,pending-export,pending-export,pending-export,pending-export,pending-export,lang:tr,2026-09-23,keep
/tr/blog/twitter-x-yer-imlerini-disa-aktarma-2026,blog,blog,tr,index,https://www.marqly.com/tr/blog/twitter-x-yer-imlerini-disa-aktarma-2026,"X (Twitter) Yer İmlerini Dışa Aktarma 2026 | Marqly","X'in resmi veri arşivi yer imlerini içermez! 2026 yılında Twitter yer imlerinizi nasıl dışa aktaracağınızı ve kalıcı olarak nasıl saklayacağınızı öğrenin.",published,4,95,pending-export,pending-export,pending-export,pending-export,pending-export,pending-export,pending-export,pending-export,pending-export,pending-export,lang:tr,2026-09-23,keep
/tr/blog/web-sayfasini-pdf-olarak-kaydetme-2026,blog,blog,tr,index,https://www.marqly.com/tr/blog/web-sayfasini-pdf-olarak-kaydetme-2026,"Chrome&#39;da Web Sayfasını Bozulmadan PDF Kaydetme (3 Yol) | Marqly","Ctrl+P yöntemi görseller beyaz çıkana ve metinler kesilene kadar işe yarar. Web sayfalarını ekranda gördüğünüz haliyle PDF olarak kaydetmenin 3 yolu.",published,1,95,pending-export,pending-export,pending-export,pending-export,pending-export,pending-export,pending-export,pending-export,pending-export,pending-export,lang:tr,2026-09-23,keep
/tr/blog/yapay-zeka-ikinci-beyin-nedir-2026,blog,blog,tr,index,https://www.marqly.com/tr/blog/yapay-zeka-ikinci-beyin-nedir-2026,"Yapay Zeka Destekli İkinci Beyin Nedir? (2026) | Marqly","Yapay zekalı ikinci beyin, kaydettiğiniz makale ve videoları toplayıp yapay zeka ile otomatik etiketleyen, özetleyen ve anlamsal olarak arayan dijital bilgi ban",published,5,97,pending-export,pending-export,pending-export,pending-export,pending-export,pending-export,pending-export,pending-export,pending-export,pending-export,lang:tr,2026-09-23,keep
/tr/blog/yapay-zeka-ile-yer-imi-arama-2026,blog,blog,tr,index,https://www.marqly.com/tr/blog/yapay-zeka-ile-yer-imi-arama-2026,"Yapay Zeka ile Yer İmleri Arama (Anlama Dayalı Arama) | Marqly","Yapay zeka ile yer imi aramak; tam başlığı hatırlamasanız bile hatırladığınız konuyu günlük konuşma diliyle tarif ederek içeriği anında bulmanızı sağlar.",published,7,96,pending-export,pending-export,pending-export,pending-export,pending-export,pending-export,pending-export,pending-export,pending-export,pending-export,lang:tr,2026-09-23,keep
/tr/blog/yapay-zeka-ile-youtube-videolarini-ozetleme-2026,blog,blog,tr,index,https://www.marqly.com/tr/blog/yapay-zeka-ile-youtube-videolarini-ozetleme-2026,"Yapay Zeka ile YouTube Videosu Özetleme (2026) — Marqly","Yapay zeka ile YouTube videosu özetlemenin en hızlı yolu, özeti doğrudan izleme sayfasında sunan bir tarayıcı uzantısıdır. Yöntemler ve alternatifler.",published,2,95,pending-export,pending-export,pending-export,pending-export,pending-export,pending-export,pending-export,pending-export,pending-export,pending-export,lang:tr,2026-09-23,keep
/tr/blog/yapay-zeka-yer-imi-yoneticileri-anlamsal-arama-karsilastirmasi-2026,blog,blog,tr,index,https://www.marqly.com/tr/blog/yapay-zeka-yer-imi-yoneticileri-anlamsal-arama-karsilastirmasi-2026,"Gerçek Anlamsal Arama Yapan Yapay Zeka Yer İmi Yöneticileri (2026) — Marqly","Çoğu yapay zeka aracı yalnızca otomatik etiketleme yapar. 8 popüler aracı karşılaştırdık: Hangisi gerçekten anlamsal arama sunuyor?",published,4,96,pending-export,pending-export,pending-export,pending-export,pending-export,pending-export,pending-export,pending-export,pending-export,pending-export,lang:tr,2026-09-23,keep
/tr/blog/yapay-zeka-yer-imlerimi-otomatik-duzenleyebilir-mi-2026,blog,blog,tr,index,https://www.marqly.com/tr/blog/yapay-zeka-yer-imlerimi-otomatik-duzenleyebilir-mi-2026,"Yapay Zeka Yer İmlerini Otomatik Düzenleyebilir mi? (2026) | Marqly","Evet, yapay zeka yer imlerinizi akıllı etiketler ve özetlerle otomatik olarak düzenler. Klasörleme zahmetine girmeden her şeyi anında bulun.",published,1,95,pending-export,pending-export,pending-export,pending-export,pending-export,pending-export,pending-export,pending-export,pending-export,pending-export,lang:tr,2026-09-23,keep
/tr/blog/yeni-yil-dijital-detoks-rehberi,blog,blog,tr,index,https://www.marqly.com/tr/blog/yeni-yil-dijital-detoks-rehberi,"Dijital Temizlik Kontrol Listesi: Yeni Yıl Sıfırlaması — Marqly","Yeni yıl için uygulanabilir dijital temizlik rehberi: açık sekmeleri kapatın, yer imlerini birleştirin, okunacaklar yığınını eritin ve gereksiz abonelikleri ~2 ",published,2,98,pending-export,pending-export,pending-export,pending-export,pending-export,pending-export,pending-export,pending-export,pending-export,pending-export,lang:tr,2026-09-23,keep
/tr/blog/yer-imleri-icin-para-metodu-2026,blog,blog,tr,index,https://www.marqly.com/tr/blog/yer-imleri-icin-para-metodu-2026,"Yer İmleri İçin PARA Metodu Kurulum Rehberi (2026) | Marqly","Tiago Forte'nin PARA yöntemini (Projeler, Alanlar, Kaynaklar, Arşiv) yer imlerine uyarlayın. Manuel sınıflandırmanın sınırları ve yapay zeka çözümü.",published,4,96,pending-export,pending-export,pending-export,pending-export,pending-export,pending-export,pending-export,pending-export,pending-export,pending-export,lang:tr,2026-09-23,keep
/tr/blog/yer-imlerini-duzenleme-rehberi-2026,blog,blog,tr,index,https://www.marqly.com/tr/blog/yer-imlerini-duzenleme-rehberi-2026,"Yer İmlerini Düzenleme Rehberi 2026: Tam Kılavuz — Marqly","Yer imleri arasında kaybolmaktan yoruldunuz mu? Klasörlerin neden yetersiz kaldığını ve yapay zeka ile otomatik düzeni nasıl kuracağınızı keşfedin.",published,6,97,pending-export,pending-export,pending-export,pending-export,pending-export,pending-export,pending-export,pending-export,pending-export,pending-export,lang:tr,2026-09-23,keep
/tr/blog/yer-imlerini-duzenlemeyi-birakin-klasorler-eskidi-2026,blog,blog,tr,index,https://www.marqly.com/tr/blog/yer-imlerini-duzenlemeyi-birakin-klasorler-eskidi-2026,"Yer İmi Klasörleri 2026&#39;da Neden Eskidi? | Marqly","Yer imlerini klasörlere ayırmak artık geçmişte kaldı. Klasörsüz akıllı yer imi yönetimi: tek tıkla kaydedin, yapay zeka etiketlesin ve anlamsal aramayla anında ",published,1,95,pending-export,pending-export,pending-export,pending-export,pending-export,pending-export,pending-export,pending-export,pending-export,pending-export,lang:tr,2026-09-23,keep
/tr/blog/youtube-daha-sonra-izle-disa-aktarma-2026,blog,blog,tr,index,https://www.marqly.com/tr/blog/youtube-daha-sonra-izle-disa-aktarma-2026,"YouTube Daha Sonra İzle Listesini Dışa Aktarma (2026) | Marqly","Google Takeout «Daha Sonra İzle» listesini dışa aktarmaz. 2026'da YouTube'da kayıtlı videolarınızı kurtarmanın ve arşivlemenin pratik yolları.",published,102,95,pending-export,pending-export,pending-export,pending-export,pending-export,pending-export,pending-export,pending-export,pending-export,pending-export,lang:tr,2026-09-23,keep
/tr/blog/youtube-video-transkripti-alma-2026,blog,blog,tr,index,https://www.marqly.com/tr/blog/youtube-video-transkripti-alma-2026,"YouTube Video Transkripti Alma ve Kopyalama (3 Yol) | Marqly","2026'da bir YouTube videosunun tüm transkriptini metin olarak almanın 3 yolu: dahili YouTube paneli, ücretsiz web araçları ve canlı senkronize Marqly eklentisi.",published,1,97,pending-export,pending-export,pending-export,pending-export,pending-export,pending-export,pending-export,pending-export,pending-export,pending-export,lang:tr,2026-09-23,keep
/tr/blog/youtube-videolarini-daha-sonra-izle-kaydetme-2026,blog,blog,tr,index,https://www.marqly.com/tr/blog/youtube-videolarini-daha-sonra-izle-kaydetme-2026,"YouTube Videolarını Daha Sonra İzle İçin Kaydetme Rehberi (2026) | Marqly","YouTube'un 'Daha sonra izle' listesi genellikle bir kara deliktir. Yapay zeka etiketleri ve anlamsal arama ile videolarınızı kaybetmeden yönetin.",published,2,95,pending-export,pending-export,pending-export,pending-export,pending-export,pending-export,pending-export,pending-export,pending-export,pending-export,lang:tr,2026-09-23,keep
/tr/blog/youtube-videolariyla-sohbet-etme-2026,blog,blog,tr,index,https://www.marqly.com/tr/blog/youtube-videolariyla-sohbet-etme-2026,"YouTube Videolarıyla Sohbet Etme: Yapay Zeka ile Soru-Cevap | Marqly","Evet, bir YouTube videosuyla sohbet edebilirsiniz. Sorular sorun ve oynatıcının hemen yanında gerçek transkripte dayalı cevaplar alın. 2026 rehberi.",published,1,95,pending-export,pending-export,pending-export,pending-export,pending-export,pending-export,pending-export,pending-export,pending-export,pending-export,lang:tr,2026-09-23,keep
/zh/blog,blog,blog,zh,index,https://www.marqly.com/zh/blog,"Marqly 中文博客 — AI 书签管理与第二大脑指南","书签整理、稍后读应用、AI 语义搜索与个人知识管理中文深度指南与对比。来自 Marqly 团队。",published,102,129,pending-export,pending-export,pending-export,pending-export,pending-export,pending-export,pending-export,pending-export,pending-export,pending-export,lang:zh,2026-09-23,keep
/zh/blog/ai-bookmark-managers-semantic-search-compared-2026,blog,blog,zh,index,https://www.marqly.com/zh/blog/ai-bookmark-managers-semantic-search-compared-2026,"真正支持语义搜索的 AI 书签管理器对比（2026）— Marqly","大多数 AI 书签工具仅靠自动打标签伪装智能。本文深度评测 8 款工具，揭示谁真正支持按含义搜索以及如何自行验证。",published,5,98,pending-export,pending-export,pending-export,pending-export,pending-export,pending-export,pending-export,pending-export,pending-export,pending-export,lang:zh,2026-09-23,keep
/zh/blog/ai-shuqian-sousuo-2026,blog,blog,zh,index,https://www.marqly.com/zh/blog/ai-shuqian-sousuo-2026,"如何使用AI搜索书签（按含义检索的语义搜索） | Marqly","AI书签搜索意味着用自然语言描述记忆中的碎片，让语义搜索根据含义而不是精确关键词，精准找回你收藏的内容。",published,7,96,pending-export,pending-export,pending-export,pending-export,pending-export,pending-export,pending-export,pending-export,pending-export,pending-export,lang:zh,2026-09-23,keep
/zh/blog/best-ai-bookmark-manager-2026,blog,blog,zh,index,https://www.marqly.com/zh/blog/best-ai-bookmark-manager-2026,"2026年最佳 AI 书签管理器评测 — Marqly","现代 AI 书签管理器具备自动打标签、摘要生成以及按含义检索的语义搜索能力。本文详解真正的 AI 核心标准及 2026 年最值得尝试的 5 款工具。",published,5,97,pending-export,pending-export,pending-export,pending-export,pending-export,pending-export,pending-export,pending-export,pending-export,pending-export,lang:zh,2026-09-23,keep
/zh/blog/best-free-bookmark-manager-2026,blog,blog,zh,index,https://www.marqly.com/zh/blog/best-free-bookmark-manager-2026,"2026年5款真正免费的书签管理软件测评 — Marqly","盘点2026年真正免费的书签管理工具：Raindrop免费版、Marqly免费方案、开源自建Linkwarden与Karakeep及浏览器自带书签。",published,102,95,pending-export,pending-export,pending-export,pending-export,pending-export,pending-export,pending-export,pending-export,pending-export,pending-export,lang:zh,2026-09-23,keep
/zh/blog/best-second-brain-apps-2026,blog,blog,zh,index,https://www.marqly.com/zh/blog/best-second-brain-apps-2026,"2026 最佳第二大脑应用推荐与对比 — Marqly","最适合你的第二大脑应用取决于你能忍受多少维护成本：Notion 与 Obsidian 适合手工搭建体系，Marqly 适合零门槛 AI 收集与语义调取。",published,3,95,pending-export,pending-export,pending-export,pending-export,pending-export,pending-export,pending-export,pending-export,pending-export,pending-export,lang:zh,2026-09-23,keep
/zh/blog/best-self-hosted-pocket-alternative-2026,blog,blog,zh,index,https://www.marqly.com/zh/blog/best-self-hosted-pocket-alternative-2026,"最佳自托管 Pocket 开源替代方案（2026）— Marqly","全面对比 Wallabag、Karakeep、Linkwarden 与 ArchiveBox 等开源稍后读方案，剖析自建运维成本与现代化云端 AI 书签的各自优势。",published,4,97,pending-export,pending-export,pending-export,pending-export,pending-export,pending-export,pending-export,pending-export,pending-export,pending-export,lang:zh,2026-09-23,keep
/zh/blog/best-tab-managers-2026,blog,blog,zh,index,https://www.marqly.com/zh/blog/best-tab-managers-2026,"2026年最佳标签页管理器对比：OneTab、Toby、Workona 与 Marqly","深度评测 OneTab、Toby、Workona、Session Buddy 与 Marqly：工作空间切换工具与智能 AI 书签归档工具的全面比较。",published,102,94,pending-export,pending-export,pending-export,pending-export,pending-export,pending-export,pending-export,pending-export,pending-export,pending-export,lang:zh,2026-09-23,keep
/zh/blog/best-web-highlighter-2026,blog,blog,zh,index,https://www.marqly.com/zh/blog/best-web-highlighter-2026,"2026年6大网页划线与批注工具横评 — Marqly","深度评测6款主流网页荧光笔扩展：对比划线留存持久度、色彩丰富度、行内笔记与性价比，包含Marqly、Glasp、LINER、Weava、Hypothesis与Readwise Reader。",published,102,94,pending-export,pending-export,pending-export,pending-export,pending-export,pending-export,pending-export,pending-export,pending-export,pending-export,lang:zh,2026-09-23,keep
/zh/blog/best-youtube-summarizers-2026,blog,blog,zh,index,https://www.marqly.com/zh/blog/best-youtube-summarizers-2026,"2026最佳YouTube视频AI总结工具对比：Marqly、NoteGPT、Eightify等","深度横评 2026 年 6 款主流 YouTube AI 视频提要插件：播放页即时总结、时间戳字幕转录、视频智能对话与真实订阅价格对比。",published,102,95,pending-export,pending-export,pending-export,pending-export,pending-export,pending-export,pending-export,pending-export,pending-export,pending-export,lang:zh,2026-09-23,keep
/zh/blog/can-ai-organize-my-bookmarks-automatically-2026,blog,blog,zh,index,https://www.marqly.com/zh/blog/can-ai-organize-my-bookmarks-automatically-2026,"AI能自动整理书签吗？（告别手动建文件夹・2026） | Marqly","是的，AI书签管理工具可以通过自动打标签和智能摘要，全自动整理你的收藏库。让你按含义随心调用，彻底告别手动分类。",published,1,95,pending-export,pending-export,pending-export,pending-export,pending-export,pending-export,pending-export,pending-export,pending-export,pending-export,lang:zh,2026-09-23,keep
/zh/blog/chat-with-youtube-videos-2026,blog,blog,zh,index,https://www.marqly.com/zh/blog/chat-with-youtube-videos-2026,"如何与YouTube视频进行AI对话（基于字幕真实问答） | Marqly","是的，你可以直接向YouTube视频提问。AI基于视频真实文字稿精准作答，免去拉动进度条盲猜的烦恼。2026最新实测指南。",published,1,95,pending-export,pending-export,pending-export,pending-export,pending-export,pending-export,pending-export,pending-export,pending-export,pending-export,lang:zh,2026-09-23,keep
/zh/blog/chrome-bookmarks-not-syncing-fix-2026,blog,blog,zh,index,https://www.marqly.com/zh/blog/chrome-bookmarks-not-syncing-fix-2026,"Chrome 书签无法同步：8 步快速修复（2026）— Marqly","Chrome 书签突然停止同步？按顺序排查这 8 个解决方案：同步暂停、多账号冲突、sync-internals 诊断及重置方法。",published,102,96,pending-export,pending-export,pending-export,pending-export,pending-export,pending-export,pending-export,pending-export,pending-export,pending-export,lang:zh,2026-09-23,keep
/zh/blog/chrome-shuqian-daoru-zhinan-2026,blog,blog,zh,index,https://www.marqly.com/zh/blog/chrome-shuqian-daoru-zhinan-2026,"导出Chrome书签与AI导入完整指南 (2026) — Marqly","详细讲解如何将Chrome书签导出为HTML文件，并一键导入AI书签管理工具，实现根据网页内容和自然语言智能搜索。",published,2,95,pending-export,pending-export,pending-export,pending-export,pending-export,pending-export,pending-export,pending-export,pending-export,pending-export,lang:zh,2026-09-23,keep
/zh/blog/digital-declutter-new-year,blog,blog,zh,index,https://www.marqly.com/zh/blog/digital-declutter-new-year,"数字断舍离清单：新的一年，给数字生活彻底减负 — Marqly","一份新年立即可执行的数字断舍离清单：清理开满的浏览器标签、整合多年书签、清空稍后读积压并在约2小时内退订无用扣费订阅。",published,102,99,pending-export,pending-export,pending-export,pending-export,pending-export,pending-export,pending-export,pending-export,pending-export,pending-export,lang:zh,2026-09-23,keep
/zh/blog/export-instagram-saved-posts-2026,blog,blog,zh,index,https://www.marqly.com/zh/blog/export-instagram-saved-posts-2026,"如何导出Instagram收藏帖子 (2026最新) | Marqly","Instagram应用内没有导出收藏帖的按钮！本文详解通过“下载个人信息”获取saved_posts.json的完整流程，以及如何打造可检索的灵感库。",published,102,95,pending-export,pending-export,pending-export,pending-export,pending-export,pending-export,pending-export,pending-export,pending-export,pending-export,lang:zh,2026-09-23,keep
/zh/blog/export-reddit-saved-posts-2026,blog,blog,zh,index,https://www.marqly.com/zh/blog/export-reddit-saved-posts-2026,"如何导出Reddit收藏的帖子 (2026指南) | Marqly","通过官方数据请求导出Reddit收藏贴的完整流程：申请步骤、CSV文件解析、1000条显示上限以及如何将链接转化为可用书签库。",published,13,95,pending-export,pending-export,pending-export,pending-export,pending-export,pending-export,pending-export,pending-export,pending-export,pending-export,lang:zh,2026-09-23,keep
/zh/blog/export-twitter-x-bookmarks-2026,blog,blog,zh,index,https://www.marqly.com/zh/blog/export-twitter-x-bookmarks-2026,"如何导出X (Twitter) 书签 (2026最新指南) | Marqly","X的官方数据存档并不包含书签！本文详细介绍2026年导出Twitter书签的有效途径，以及如何构建永久可检索的个人知识库。",published,5,95,pending-export,pending-export,pending-export,pending-export,pending-export,pending-export,pending-export,pending-export,pending-export,pending-export,lang:zh,2026-09-23,keep
/zh/blog/export-youtube-watch-later-2026,blog,blog,zh,index,https://www.marqly.com/zh/blog/export-youtube-watch-later-2026,"如何导出YouTube稍后观看列表 (2026最新) | Marqly","Google Takeout官方导出并不包含“稍后观看”列表。本文介绍2026年备份YouTube稍后观看视频的有效方法，以及如何通过AI管理知识视频。",published,102,95,pending-export,pending-export,pending-export,pending-export,pending-export,pending-export,pending-export,pending-export,pending-export,pending-export,lang:zh,2026-09-23,keep
/zh/blog/how-to-build-a-second-brain-2026,blog,blog,zh,index,https://www.marqly.com/zh/blog/how-to-build-a-second-brain-2026,"如何在2026年构建第二大脑（告别手动分类指南） | Marqly","多数人放弃第二大脑是因为手动分类太繁琐。本文介绍2026年借助AI自动化标签与语义搜索，构建免维护、随查随用的个人知识库。",published,3,95,pending-export,pending-export,pending-export,pending-export,pending-export,pending-export,pending-export,pending-export,pending-export,pending-export,lang:zh,2026-09-23,keep
/zh/blog/how-to-chat-with-your-saved-articles-2026,blog,blog,zh,index,https://www.marqly.com/zh/blog/how-to-chat-with-your-saved-articles-2026,"如何与保存的文章进行AI问答对话 (2026) | Marqly","用自然语言向已保存的文章提问，获取仅基于你个人收藏内容合成的精准AI回答，打造真正可问答的个人第二大脑。",published,3,96,pending-export,pending-export,pending-export,pending-export,pending-export,pending-export,pending-export,pending-export,pending-export,pending-export,lang:zh,2026-09-23,keep
/zh/blog/how-to-export-migrate-pocket-data-2026,blog,blog,zh,index,https://www.marqly.com/zh/blog/how-to-export-migrate-pocket-data-2026,"Pocket 数据导出与迁移完全指南（2026）— Marqly","Pocket 停服后大量收藏面临丢失风险。本文手把手教你如何导出备份文件并无缝迁移至现代书签工具。",published,5,97,pending-export,pending-export,pending-export,pending-export,pending-export,pending-export,pending-export,pending-export,pending-export,pending-export,lang:zh,2026-09-23,keep
/zh/blog/how-to-find-a-saved-article-you-forgot-the-title-of-2026,blog,blog,zh,index,https://www.marqly.com/zh/blog/how-to-find-a-saved-article-you-forgot-the-title-of-2026,"忘记标题如何找回收藏的书签网页 (2026) | Marqly","记不清书签标题了？使用AI语义搜索，只需用自然语言描述你记得的内容片段，就能根据文章含义极速找回任何已保存的内容。",published,3,96,pending-export,pending-export,pending-export,pending-export,pending-export,pending-export,pending-export,pending-export,pending-export,pending-export,lang:zh,2026-09-23,keep
/zh/blog/how-to-highlight-text-on-any-website-2026,blog,blog,zh,index,https://www.marqly.com/zh/blog/how-to-highlight-text-on-any-website-2026,"如何在网页上划线高亮并永久保存文本 | Marqly","使用网页荧光笔扩展在任意网站上标记重点句子：刷新页面不丢失，自动同步云端，并可通过 AI 语义搜索随时调用。",published,2,97,pending-export,pending-export,pending-export,pending-export,pending-export,pending-export,pending-export,pending-export,pending-export,pending-export,lang:zh,2026-09-23,keep
/zh/blog/instapaper-alternatives-2026,blog,blog,zh,index,https://www.marqly.com/zh/blog/instapaper-alternatives-2026,"最佳 Instapaper 替代工具推荐（2026）— Marqly","Instapaper 排版纯粹但多年未有突破。盘点 2026 年支持 AI 语义搜索、自动标签与智能摘要的现代化稍后读工具。",published,5,98,pending-export,pending-export,pending-export,pending-export,pending-export,pending-export,pending-export,pending-export,pending-export,pending-export,lang:zh,2026-09-23,keep
/zh/blog/instapaper-review-2026,blog,blog,zh,index,https://www.marqly.com/zh/blog/instapaper-review-2026,"Instapaper 评测（2026）— 价格、功能与全面解析 | Marqly","2026 年 Instapaper 详评：每月 $5.99 新定价、纯粹的阅读排版，以及搜索付费壁垒和缺乏 AI 检索的短板。",published,5,98,pending-export,pending-export,pending-export,pending-export,pending-export,pending-export,pending-export,pending-export,pending-export,pending-export,lang:zh,2026-09-23,keep
/zh/blog/karakeep-review-2026,blog,blog,zh,index,https://www.marqly.com/zh/blog/karakeep-review-2026,"Karakeep 评测（2026）— 原 Hoarder、自建与本地 AI | Marqly","2026 年 Karakeep 深度详评：对接 Ollama 本地模型自动打标、Docker 私有部署成本与托管云服务的对比分析。",published,5,98,pending-export,pending-export,pending-export,pending-export,pending-export,pending-export,pending-export,pending-export,pending-export,pending-export,lang:zh,2026-09-23,keep
/zh/blog/linkwarden-review-2026,blog,blog,zh,index,https://www.marqly.com/zh/blog/linkwarden-review-2026,"Linkwarden 评测（2026）— 开源网页存档与书签管理 | Marqly","2026 年 Linkwarden 深度评测：自动抓取 PDF/HTML/截图、每月 $3 云端方案、团队协作及检索短板分析。",published,5,98,pending-export,pending-export,pending-export,pending-export,pending-export,pending-export,pending-export,pending-export,pending-export,pending-export,lang:zh,2026-09-23,keep
/zh/blog/marqly-review-2026,blog,blog,zh,index,https://www.marqly.com/zh/blog/marqly-review-2026,"Marqly 评测（2026）— 价格、功能与全面解析 | Marqly","全面剖析 2026 年的 Marqly：AI 语义检索、自动标签、智能摘要、真实价格以及它最适合哪些人群。",published,2,98,pending-export,pending-export,pending-export,pending-export,pending-export,pending-export,pending-export,pending-export,pending-export,pending-export,lang:zh,2026-09-23,keep
/zh/blog/mymind-review-2026,blog,blog,zh,index,https://www.marqly.com/zh/blog/mymind-review-2026,"mymind 评测 2026：价格方案、优缺点与评分 (3.8/5)","2026年 mymind 客观评测：核实定价方案、AI自动打标签的实际效果、视觉画板的闪光点与长文检索的短板。综合评分 3.8/5。",published,1,97,pending-export,pending-export,pending-export,pending-export,pending-export,pending-export,pending-export,pending-export,pending-export,pending-export,lang:zh,2026-09-23,keep
/zh/blog/notion-web-clipper-alternative-2026,blog,blog,zh,index,https://www.marqly.com/zh/blog/notion-web-clipper-alternative-2026,"Notion Web Clipper 最佳替代工具 (2026最新) | Marqly","Notion剪藏缺乏阅读模式与AI搜索，容易搞乱工作区。了解2026年更适合保存网页、自动打标与语义搜索的最佳替代方案。",published,1,95,pending-export,pending-export,pending-export,pending-export,pending-export,pending-export,pending-export,pending-export,pending-export,pending-export,lang:zh,2026-09-23,keep
/zh/blog/para-method-for-bookmarks-2026,blog,blog,zh,index,https://www.marqly.com/zh/blog/para-method-for-bookmarks-2026,"书签PARA分类法实操指南（打造第二大脑・2026） | Marqly","如何将Tiago Forte的PARA方法应用于书签：四大分类容器、五步落地法、手动分类的瓶颈以及AI时代的混合破局之道。",published,4,95,pending-export,pending-export,pending-export,pending-export,pending-export,pending-export,pending-export,pending-export,pending-export,pending-export,lang:zh,2026-09-23,keep
/zh/blog/pocket-tidai-2026,blog,blog,zh,index,https://www.marqly.com/zh/blog/pocket-tidai-2026,"8 款最佳 Pocket 替代工具推荐（2026 亲测）— Marqly","Mozilla 已于 2025 年彻底关停 Pocket。本文横向对比 2026 年最佳的 8 款稍后阅读与书签工具，涵盖 AI 语义搜索、数据导入、阅读体验与价格方案。",published,6,99,pending-export,pending-export,pending-export,pending-export,pending-export,pending-export,pending-export,pending-export,pending-export,pending-export,lang:zh,2026-09-23,keep
/zh/blog/raindrop-review-2026,blog,blog,zh,index,https://www.marqly.com/zh/blog/raindrop-review-2026,"Raindrop.io 深度评测（2026）— 价格、功能与优缺点 | Marqly","2026 年最新 Raindrop.io 评测：慷慨的免费版本、Pro 进阶功能、全平台客户端体验及传统关键词搜索的瓶颈。",published,5,98,pending-export,pending-export,pending-export,pending-export,pending-export,pending-export,pending-export,pending-export,pending-export,pending-export,lang:zh,2026-09-23,keep
/zh/blog/readwise-reader-review-2026,blog,blog,zh,index,https://www.marqly.com/zh/blog/readwise-reader-review-2026,"Readwise Reader 评测（2026）— 价格、功能与全面解析 | Marqly","2026 年 Readwise Reader 深度详评：年付 $119.88 定价、Ghostreader AI 划线批注、Notion 联动及真实选型建议。",published,5,98,pending-export,pending-export,pending-export,pending-export,pending-export,pending-export,pending-export,pending-export,pending-export,pending-export,lang:zh,2026-09-23,keep
/zh/blog/save-youtube-videos-watch-later-2026,blog,blog,zh,index,https://www.marqly.com/zh/blog/save-youtube-videos-watch-later-2026,"如何保存YouTube稍后观看视频并高效检索（2026） | Marqly","YouTube的稍后观看列表往往沦为信息黑洞。了解如何结合AI自动标签与语义搜索，打造随时调取、真正能消化的视频收藏库。",published,2,95,pending-export,pending-export,pending-export,pending-export,pending-export,pending-export,pending-export,pending-export,pending-export,pending-export,lang:zh,2026-09-23,keep
/zh/blog/shaohou-yuedu-app-2026,blog,blog,zh,index,https://www.marqly.com/zh/blog/shaohou-yuedu-app-2026,"9 款最佳稍后读 App 推荐（2026 实测排行）— Marqly","2026 年最新稍后读（Read-it-Later）工具综合排名：对比 AI 语义搜索、无广告阅读器、离线阅读与各家订阅定价。",published,2,95,pending-export,pending-export,pending-export,pending-export,pending-export,pending-export,pending-export,pending-export,pending-export,pending-export,lang:zh,2026-09-23,keep
/zh/blog/shuqian-zhengli-zhinan-2026,blog,blog,zh,index,https://www.marqly.com/zh/blog/shuqian-zhengli-zhinan-2026,"如何整理浏览器书签：2026 终极整理指南 — Marqly","书签栏堆满杂乱链接？本文揭示多层文件夹必然失效的真相，教你利用 AI 自动打标与语义搜索，打造无需耗费心力维护的现代知识库。",published,4,94,pending-export,pending-export,pending-export,pending-export,pending-export,pending-export,pending-export,pending-export,pending-export,pending-export,lang:zh,2026-09-23,keep
/zh/blog/stop-organizing-bookmarks-folders-obsolete-2026,blog,blog,zh,index,https://www.marqly.com/zh/blog/stop-organizing-bookmarks-folders-obsolete-2026,"为什么书签文件夹在2026年已彻底过时 | Marqly","文件夹分类已成过去。了解如何在没有文件夹的情况下管理书签：自由保存，让AI自动打标签，通过语义理解快速找到任何文章。",published,2,95,pending-export,pending-export,pending-export,pending-export,pending-export,pending-export,pending-export,pending-export,pending-export,pending-export,lang:zh,2026-09-23,keep
/zh/blog/wangye-baocun-wei-pdf-zhinan-2026,blog,blog,zh,index,https://www.marqly.com/zh/blog/wangye-baocun-wei-pdf-zhinan-2026,"Chrome 网页保存为 PDF 完整指南（解决截断与丢图） | Marqly","Ctrl+P 经常导致图片变空白、文字被截断。详解 3 种将网页另存为 PDF 的有效方法，教你如何一比一保留屏幕真实视觉排版。",published,4,96,pending-export,pending-export,pending-export,pending-export,pending-export,pending-export,pending-export,pending-export,pending-export,pending-export,lang:zh,2026-09-23,keep
/zh/blog/what-is-a-second-brain-app-2026,blog,blog,zh,index,https://www.marqly.com/zh/blog/what-is-a-second-brain-app-2026,"什么是第二大脑应用？如何用书签快速搭建 (2026) | Marqly","第二大脑应用能捕获你的阅读成果并让知识永久可查。了解其工作原理，以及如何基于日常书签零门槛构建你的个人专属外脑。",published,3,96,pending-export,pending-export,pending-export,pending-export,pending-export,pending-export,pending-export,pending-export,pending-export,pending-export,lang:zh,2026-09-23,keep
/zh/blog/what-is-an-ai-second-brain-2026,blog,blog,zh,index,https://www.marqly.com/zh/blog/what-is-an-ai-second-brain-2026,"什么是 AI 第二大脑？个人知识库构建指南 (2026) | Marqly","AI第二大脑是一种智能个人知识库，能自动为你保存的文章打标签、生成摘要，并通过自然语言概念检索与直接问答，随时调取知识。",published,4,96,pending-export,pending-export,pending-export,pending-export,pending-export,pending-export,pending-export,pending-export,pending-export,pending-export,lang:zh,2026-09-23,keep
/zh/blog/what-is-in-your-pocket-export-file-2026,blog,blog,zh,index,https://www.marqly.com/zh/blog/what-is-in-your-pocket-export-file-2026,"Pocket 导出文件深度解析与使用指南（2026）— Marqly","打开 Pocket 导出的 CSV 或 HTML 文件一头雾水？本文拆解各项字段（URL、标签、时间戳），说明缺失内容并指导正确导入。",published,4,96,pending-export,pending-export,pending-export,pending-export,pending-export,pending-export,pending-export,pending-export,pending-export,pending-export,lang:zh,2026-09-23,keep
/zh/blog/youtube-shipin-ai-tiyao-2026,blog,blog,zh,index,https://www.marqly.com/zh/blog/youtube-shipin-ai-tiyao-2026,"AI总结YouTube视频完整指南 (2026) — Marqly","用AI提炼YouTube视频最快的方法是安装浏览器插件，直接在播放页面生成结构化摘要与时间戳。实操方法与ChatGPT对比。",published,2,95,pending-export,pending-export,pending-export,pending-export,pending-export,pending-export,pending-export,pending-export,pending-export,pending-export,lang:zh,2026-09-23,keep
/zh/blog/youtube-zimu-wenzigao-huoqu-2026,blog,blog,zh,index,https://www.marqly.com/zh/blog/youtube-zimu-wenzigao-huoqu-2026,"如何获取YouTube视频字幕文字稿（3种方法） | Marqly","2026年提取YouTube视频文字稿的3种实用方法：YouTube原生面板、免费在线工具提取，以及支持与播放实时同步的一键复制插件。",published,1,97,pending-export,pending-export,pending-export,pending-export,pending-export,pending-export,pending-export,pending-export,pending-export,pending-export,lang:zh,2026-09-23,keep
/prompt-gallery,prompt-hub,prompts,en,index,https://www.marqly.com/prompt-gallery,"AI Prompt Gallery — Copy-Paste Prompts for ChatGPT, Gemini, Midjourney &amp; More","Browse 400+ copy-pasteable AI prompts organized by category: image generation, writing, SEO, coding, productivity, social media, and prompt engineering. Each pr",published,1909,585,pending-export,pending-export,pending-export,pending-export,pending-export,pending-export,pending-export,pending-export,pending-export,pending-export,,2026-09-23,keep
/prompt-gallery/30-day-social-media-content-calendar-prompt,prompt-hub,prompts,en,index,https://www.marqly.com/prompt-gallery/30-day-social-media-content-calendar-prompt,"30-Day Social Media Content Calendar Prompt | Marqly Prompt Gallery","Build a month-long calendar with post types, topics, captions, and hashtags.",published,763,187,pending-export,pending-export,pending-export,pending-export,pending-export,pending-export,pending-export,pending-export,pending-export,pending-export,,2026-09-23,keep
/prompt-gallery/a-b-test-winner-explanation-prompt,prompt-hub,prompts,en,index,https://www.marqly.com/prompt-gallery/a-b-test-winner-explanation-prompt,"A/B Test Winner Explanation Prompt | Marqly Prompt Gallery","Copy-paste this analysis &amp; data prompt to generate a/b test winner explanation. Works with ChatGPT, Claude, Gemini, perplexity and more.",published,763,186,pending-export,pending-export,pending-export,pending-export,pending-export,pending-export,pending-export,pending-export,pending-export,pending-export,,2026-09-23,keep
/prompt-gallery/ab-test-results-analyzer-prompt,prompt-hub,prompts,en,index,https://www.marqly.com/prompt-gallery/ab-test-results-analyzer-prompt,"A/B Test Results Analyzer Prompt | Marqly Prompt Gallery","Evaluate experiment results for statistical significance, winner, and rollout plan.",published,763,186,pending-export,pending-export,pending-export,pending-export,pending-export,pending-export,pending-export,pending-export,pending-export,pending-export,,2026-09-23,keep
/prompt-gallery/abstract-gradient-background-prompt,prompt-hub,prompts,en,index,https://www.marqly.com/prompt-gallery/abstract-gradient-background-prompt,"Abstract Gradient Background Prompt | Marqly Prompt Gallery","Copy-paste this image &amp; photo prompt to generate abstract gradient background. Works with Midjourney, DALL-E, Stable Diffusion, leonardo and more.",published,763,187,pending-export,pending-export,pending-export,pending-export,pending-export,pending-export,pending-export,pending-export,pending-export,pending-export,,2026-09-23,keep
/prompt-gallery/academic-article-summary-prompt,prompt-hub,prompts,en,index,https://www.marqly.com/prompt-gallery/academic-article-summary-prompt,"Academic Article Summary Prompt | Marqly Prompt Gallery","Extract key findings, methods, and limitations from a research article without invented details.",published,763,187,pending-export,pending-export,pending-export,pending-export,pending-export,pending-export,pending-export,pending-export,pending-export,pending-export,,2026-09-23,keep
/prompt-gallery/accessibility-audit-prompt,prompt-hub,prompts,en,index,https://www.marqly.com/prompt-gallery/accessibility-audit-prompt,"Accessibility Audit Prompt | Marqly Prompt Gallery","Copy-paste this coding &amp; development prompt to generate accessibility audit. Works with ChatGPT, Claude, Gemini, copilot and more.",published,763,187,pending-export,pending-export,pending-export,pending-export,pending-export,pending-export,pending-export,pending-export,pending-export,pending-export,,2026-09-23,keep
/prompt-gallery/affiliate-product-roundup-prompt,prompt-hub,prompts,en,index,https://www.marqly.com/prompt-gallery/affiliate-product-roundup-prompt,"Affiliate Product Roundup Prompt | Marqly Prompt Gallery","Copy-paste this seo &amp; marketing prompt to generate affiliate product roundup. Works with ChatGPT, Claude, Gemini, perplexity and more.",published,41,188,pending-export,pending-export,pending-export,pending-export,pending-export,pending-export,pending-export,pending-export,pending-export,pending-export,,2026-09-23,keep
/prompt-gallery/ai-food-photography-prompt,prompt-hub,prompts,en,index,https://www.marqly.com/prompt-gallery/ai-food-photography-prompt,"AI Food Photography Prompt | Marqly Prompt Gallery","Copy-paste this image &amp; photo prompt to generate ai food photography. Works with Midjourney, DALL-E, Stable Diffusion, leonardo and more.",published,41,187,pending-export,pending-export,pending-export,pending-export,pending-export,pending-export,pending-export,pending-export,pending-export,pending-export,,2026-09-23,keep
/prompt-gallery/ambiguity-resolution-prompt,prompt-hub,prompts,en,index,https://www.marqly.com/prompt-gallery/ambiguity-resolution-prompt,"Ambiguity Resolution Prompt | Marqly Prompt Gallery","Copy-paste this prompt engineering prompt to generate ambiguity resolution. Works with ChatGPT, Claude, Gemini, DeepSeek and more.",published,41,188,pending-export,pending-export,pending-export,pending-export,pending-export,pending-export,pending-export,pending-export,pending-export,pending-export,,2026-09-23,keep
/prompt-gallery/api-documentation-from-code-prompt,prompt-hub,prompts,en,index,https://www.marqly.com/prompt-gallery/api-documentation-from-code-prompt,"API Documentation from Code Prompt | Marqly Prompt Gallery","Generate endpoint docs with method, auth, request/response schemas, and examples.",published,41,187,pending-export,pending-export,pending-export,pending-export,pending-export,pending-export,pending-export,pending-export,pending-export,pending-export,,2026-09-23,keep
/prompt-gallery/api-endpoint-design-prompt,prompt-hub,prompts,en,index,https://www.marqly.com/prompt-gallery/api-endpoint-design-prompt,"API Endpoint Design Prompt | Marqly Prompt Gallery","Copy-paste this coding &amp; development prompt to generate api endpoint design. Works with ChatGPT, Claude, Gemini, copilot and more.",published,41,187,pending-export,pending-export,pending-export,pending-export,pending-export,pending-export,pending-export,pending-export,pending-export,pending-export,,2026-09-23,keep
/prompt-gallery/architectural-rendering-prompt-for-modern-homes,prompt-hub,prompts,en,index,https://www.marqly.com/prompt-gallery/architectural-rendering-prompt-for-modern-homes,"Architectural Rendering Prompt for Modern Homes | Marqly Prompt Gallery","Copy-paste this image &amp; photo prompt to generate architectural rendering prompt for modern homes. Works with Midjourney, DALL-E, Stable Diffusion, leonardo ",published,41,187,pending-export,pending-export,pending-export,pending-export,pending-export,pending-export,pending-export,pending-export,pending-export,pending-export,,2026-09-23,keep
/prompt-gallery/argumentative-essay-outline-prompt,prompt-hub,prompts,en,index,https://www.marqly.com/prompt-gallery/argumentative-essay-outline-prompt,"Argumentative Essay Outline Prompt | Marqly Prompt Gallery","Copy-paste this research &amp; learning prompt to generate argumentative essay outline. Works with ChatGPT, Claude, Gemini, perplexity and more.",published,41,187,pending-export,pending-export,pending-export,pending-export,pending-export,pending-export,pending-export,pending-export,pending-export,pending-export,,2026-09-23,keep
/prompt-gallery/audience-adaptation-prompt,prompt-hub,prompts,en,index,https://www.marqly.com/prompt-gallery/audience-adaptation-prompt,"Audience Adaptation Prompt | Marqly Prompt Gallery","Copy-paste this prompt engineering prompt to generate audience adaptation. Works with ChatGPT, Claude, Gemini, DeepSeek and more.",published,41,188,pending-export,pending-export,pending-export,pending-export,pending-export,pending-export,pending-export,pending-export,pending-export,pending-export,,2026-09-23,keep
/prompt-gallery/automatic-prompt-evaluator-prompt,prompt-hub,prompts,en,index,https://www.marqly.com/prompt-gallery/automatic-prompt-evaluator-prompt,"Automatic Prompt Evaluator Prompt | Marqly Prompt Gallery","Copy-paste this prompt engineering prompt to generate automatic prompt evaluator. Works with ChatGPT, Claude, Gemini, DeepSeek and more.",published,41,188,pending-export,pending-export,pending-export,pending-export,pending-export,pending-export,pending-export,pending-export,pending-export,pending-export,,2026-09-23,keep
/prompt-gallery/bibliography-formatter-prompt,prompt-hub,prompts,en,index,https://www.marqly.com/prompt-gallery/bibliography-formatter-prompt,"Bibliography Formatter Prompt | Marqly Prompt Gallery","Copy-paste this research &amp; learning prompt to generate bibliography formatter. Works with ChatGPT, Claude, Gemini, perplexity and more.",published,41,187,pending-export,pending-export,pending-export,pending-export,pending-export,pending-export,pending-export,pending-export,pending-export,pending-export,,2026-09-23,keep
/prompt-gallery/board-game-concept-prompt,prompt-hub,prompts,en,index,https://www.marqly.com/prompt-gallery/board-game-concept-prompt,"Board Game Concept Prompt | Marqly Prompt Gallery","Copy-paste this personal &amp; creative prompt to generate board game concept. Works with ChatGPT, Claude, Gemini, DeepSeek and more.",published,41,188,pending-export,pending-export,pending-export,pending-export,pending-export,pending-export,pending-export,pending-export,pending-export,pending-export,,2026-09-23,keep
/prompt-gallery/book-review-prompt,prompt-hub,prompts,en,index,https://www.marqly.com/prompt-gallery/book-review-prompt,"Book Review Prompt | Marqly Prompt Gallery","Copy-paste this writing &amp; content prompt to generate book review. Works with ChatGPT, Claude, Gemini, DeepSeek and more.",published,41,188,pending-export,pending-export,pending-export,pending-export,pending-export,pending-export,pending-export,pending-export,pending-export,pending-export,,2026-09-23,keep
/prompt-gallery/brand-storytelling-framework-prompt,prompt-hub,prompts,en,index,https://www.marqly.com/prompt-gallery/brand-storytelling-framework-prompt,"Brand Storytelling Framework Prompt | Marqly Prompt Gallery","Draft a compelling brand story using a hero-driven narrative arc and emotional stakes.",published,41,188,pending-export,pending-export,pending-export,pending-export,pending-export,pending-export,pending-export,pending-export,pending-export,pending-export,,2026-09-23,keep
/prompt-gallery/brand-voice-guidelines-prompt,prompt-hub,prompts,en,index,https://www.marqly.com/prompt-gallery/brand-voice-guidelines-prompt,"Brand Voice Guidelines Prompt | Marqly Prompt Gallery","Copy-paste this seo &amp; marketing prompt to generate brand voice guidelines. Works with ChatGPT, Claude, Gemini, perplexity and more.",published,41,188,pending-export,pending-export,pending-export,pending-export,pending-export,pending-export,pending-export,pending-export,pending-export,pending-export,,2026-09-23,keep
/prompt-gallery/budget-variance-report-prompt,prompt-hub,prompts,en,index,https://www.marqly.com/prompt-gallery/budget-variance-report-prompt,"Budget Variance Report Prompt | Marqly Prompt Gallery","Copy-paste this analysis &amp; data prompt to generate budget variance report. Works with ChatGPT, Claude, Gemini, perplexity and more.",published,41,186,pending-export,pending-export,pending-export,pending-export,pending-export,pending-export,pending-export,pending-export,pending-export,pending-export,,2026-09-23,keep
/prompt-gallery/build-a-crud-app-prompt,prompt-hub,prompts,en,index,https://www.marqly.com/prompt-gallery/build-a-crud-app-prompt,"Build a CRUD App Prompt | Marqly Prompt Gallery","Copy-paste this coding &amp; development prompt to generate build a crud app. Works with ChatGPT, Claude, Gemini, copilot and more.",published,41,187,pending-export,pending-export,pending-export,pending-export,pending-export,pending-export,pending-export,pending-export,pending-export,pending-export,,2026-09-23,keep
/prompt-gallery/buyer-persona-interview-prompt,prompt-hub,prompts,en,index,https://www.marqly.com/prompt-gallery/buyer-persona-interview-prompt,"Buyer Persona Interview Prompt | Marqly Prompt Gallery","Copy-paste this seo &amp; marketing prompt to generate buyer persona interview. Works with ChatGPT, Claude, Gemini, perplexity and more.",published,41,188,pending-export,pending-export,pending-export,pending-export,pending-export,pending-export,pending-export,pending-export,pending-export,pending-export,,2026-09-23,keep
/prompt-gallery/case-study-framework-prompt,prompt-hub,prompts,en,index,https://www.marqly.com/prompt-gallery/case-study-framework-prompt,"Case Study Framework Prompt | Marqly Prompt Gallery","Copy-paste this writing &amp; content prompt to generate case study framework. Works with ChatGPT, Claude, Gemini, DeepSeek and more.",published,41,188,pending-export,pending-export,pending-export,pending-export,pending-export,pending-export,pending-export,pending-export,pending-export,pending-export,,2026-09-23,keep
/prompt-gallery/category,prompt-hub,prompts,en,index,https://www.marqly.com/prompt-gallery/category,"AI Prompt Categories — Browse by Use Case | Marqly Prompt Gallery","Browse AI prompt categories: image generation, writing, SEO, coding, productivity, social media, research, and prompt engineering.",published,1,191,pending-export,pending-export,pending-export,pending-export,pending-export,pending-export,pending-export,pending-export,pending-export,pending-export,,2026-09-23,keep
/prompt-gallery/category/analysis-data,prompt-hub,prompts,en,index,https://www.marqly.com/prompt-gallery/category/analysis-data,"Analysis &amp; Data AI Prompts — Copy-Paste for ChatGPT, Gemini, DeepSeek &amp; More | Marqly","Browse 40 copy-pasteable analysis &amp; data prompts. Works with ChatGPT, Claude, Gemini, DeepSeek, Kimi, and more.",published,42,219,pending-export,pending-export,pending-export,pending-export,pending-export,pending-export,pending-export,pending-export,pending-export,pending-export,,2026-09-23,keep
/prompt-gallery/category/coding-development,prompt-hub,prompts,en,index,https://www.marqly.com/prompt-gallery/category/coding-development,"Coding &amp; Development AI Prompts — Copy-Paste for ChatGPT, Gemini, DeepSeek &amp; More | Marqly","Browse 40 copy-pasteable coding &amp; development prompts. Works with ChatGPT, Claude, Gemini, DeepSeek, Kimi, and more.",published,42,220,pending-export,pending-export,pending-export,pending-export,pending-export,pending-export,pending-export,pending-export,pending-export,pending-export,,2026-09-23,keep
/prompt-gallery/category/image-photo,prompt-hub,prompts,en,index,https://www.marqly.com/prompt-gallery/category/image-photo,"Image &amp; Photo AI Prompts — Copy-Paste for ChatGPT, Gemini, DeepSeek &amp; More | Marqly","Browse 40 copy-pasteable image &amp; photo prompts. Works with ChatGPT, Claude, Gemini, DeepSeek, Kimi, and more.",published,42,220,pending-export,pending-export,pending-export,pending-export,pending-export,pending-export,pending-export,pending-export,pending-export,pending-export,,2026-09-23,keep
/prompt-gallery/category/personal-creative,prompt-hub,prompts,en,index,https://www.marqly.com/prompt-gallery/category/personal-creative,"Personal &amp; Creative AI Prompts — Copy-Paste for ChatGPT, Gemini, DeepSeek &amp; More | Marqly","Browse 40 copy-pasteable personal &amp; creative prompts. Works with ChatGPT, Claude, Gemini, DeepSeek, Kimi, and more.",published,42,221,pending-export,pending-export,pending-export,pending-export,pending-export,pending-export,pending-export,pending-export,pending-export,pending-export,,2026-09-23,keep
/prompt-gallery/category/prompt-engineering,prompt-hub,prompts,en,index,https://www.marqly.com/prompt-gallery/category/prompt-engineering,"Prompt Engineering AI Prompts — Copy-Paste for ChatGPT, Gemini, DeepSeek &amp; More | Marqly","Browse 40 copy-pasteable prompt engineering prompts. Works with ChatGPT, Claude, Gemini, DeepSeek, Kimi, and more.",published,42,221,pending-export,pending-export,pending-export,pending-export,pending-export,pending-export,pending-export,pending-export,pending-export,pending-export,,2026-09-23,keep
/prompt-gallery/category/research-learning,prompt-hub,prompts,en,index,https://www.marqly.com/prompt-gallery/category/research-learning,"Research &amp; Learning AI Prompts — Copy-Paste for ChatGPT, Gemini, DeepSeek &amp; More | Marqly","Browse 40 copy-pasteable research &amp; learning prompts. Works with ChatGPT, Claude, Gemini, DeepSeek, Kimi, and more.",published,42,220,pending-export,pending-export,pending-export,pending-export,pending-export,pending-export,pending-export,pending-export,pending-export,pending-export,,2026-09-23,keep
/prompt-gallery/category/seo-marketing,prompt-hub,prompts,en,index,https://www.marqly.com/prompt-gallery/category/seo-marketing,"SEO &amp; Marketing AI Prompts — Copy-Paste for ChatGPT, Gemini, DeepSeek &amp; More | Marqly","Browse 40 copy-pasteable seo &amp; marketing prompts. Works with ChatGPT, Claude, Gemini, DeepSeek, Kimi, and more.",published,42,221,pending-export,pending-export,pending-export,pending-export,pending-export,pending-export,pending-export,pending-export,pending-export,pending-export,,2026-09-23,keep
/prompt-gallery/category/social-media,prompt-hub,prompts,en,index,https://www.marqly.com/prompt-gallery/category/social-media,"Social Media AI Prompts — Copy-Paste for ChatGPT, Gemini, DeepSeek &amp; More | Marqly","Browse 40 copy-pasteable social media prompts. Works with ChatGPT, Claude, Gemini, DeepSeek, Kimi, and more.",published,42,220,pending-export,pending-export,pending-export,pending-export,pending-export,pending-export,pending-export,pending-export,pending-export,pending-export,,2026-09-23,keep
/prompt-gallery/category/work-productivity,prompt-hub,prompts,en,index,https://www.marqly.com/prompt-gallery/category/work-productivity,"Work &amp; Productivity AI Prompts — Copy-Paste for ChatGPT, Gemini, DeepSeek &amp; More | Marqly","Browse 40 copy-pasteable work &amp; productivity prompts. Works with ChatGPT, Claude, Gemini, DeepSeek, Kimi, and more.",published,42,221,pending-export,pending-export,pending-export,pending-export,pending-export,pending-export,pending-export,pending-export,pending-export,pending-export,,2026-09-23,keep
/prompt-gallery/category/writing-content,prompt-hub,prompts,en,index,https://www.marqly.com/prompt-gallery/category/writing-content,"Writing &amp; Content AI Prompts — Copy-Paste for ChatGPT, Gemini, DeepSeek &amp; More | Marqly","Browse 40 copy-pasteable writing &amp; content prompts. Works with ChatGPT, Claude, Gemini, DeepSeek, Kimi, and more.",published,42,221,pending-export,pending-export,pending-export,pending-export,pending-export,pending-export,pending-export,pending-export,pending-export,pending-export,,2026-09-23,keep
/prompt-gallery/chain-of-thought-reasoning-prompt,prompt-hub,prompts,en,index,https://www.marqly.com/prompt-gallery/chain-of-thought-reasoning-prompt,"Chain-of-Thought Reasoning Prompt | Marqly Prompt Gallery","Force step-by-step reasoning before answering to improve accuracy on complex problems.",published,41,188,pending-export,pending-export,pending-export,pending-export,pending-export,pending-export,pending-export,pending-export,pending-export,pending-export,,2026-09-23,keep
/prompt-gallery/chain-of-verification-prompt,prompt-hub,prompts,en,index,https://www.marqly.com/prompt-gallery/chain-of-verification-prompt,"Chain-of-Verification Prompt | Marqly Prompt Gallery","Copy-paste this prompt engineering prompt to generate chain-of-verification. Works with ChatGPT, Claude, Gemini, DeepSeek and more.",published,41,188,pending-export,pending-export,pending-export,pending-export,pending-export,pending-export,pending-export,pending-export,pending-export,pending-export,,2026-09-23,keep
/prompt-gallery/character-backstory-prompt,prompt-hub,prompts,en,index,https://www.marqly.com/prompt-gallery/character-backstory-prompt,"Character Backstory Prompt | Marqly Prompt Gallery","Copy-paste this personal &amp; creative prompt to generate character backstory. Works with ChatGPT, Claude, Gemini, DeepSeek and more.",published,41,188,pending-export,pending-export,pending-export,pending-export,pending-export,pending-export,pending-export,pending-export,pending-export,pending-export,,2026-09-23,keep
/prompt-gallery/chatgpt-prompt-for-ambiguity-resolution,prompt-hub,prompts,en,index,https://www.marqly.com/prompt-gallery/chatgpt-prompt-for-ambiguity-resolution,"ChatGPT Prompt for Ambiguity Resolution | Marqly Prompt Gallery","Copy-paste this prompt engineering prompt to generate chatgpt prompt for ambiguity resolution. Works with ChatGPT, Claude, Gemini, DeepSeek and more.",published,41,188,pending-export,pending-export,pending-export,pending-export,pending-export,pending-export,pending-export,pending-export,pending-export,pending-export,,2026-09-23,keep
/prompt-gallery/chatgpt-prompt-for-api-documentation,prompt-hub,prompts,en,index,https://www.marqly.com/prompt-gallery/chatgpt-prompt-for-api-documentation,"ChatGPT Prompt for API Documentation | Marqly Prompt Gallery","Copy-paste this coding &amp; development prompt to generate chatgpt prompt for api documentation. Works with ChatGPT, Claude, Gemini, copilot and more.",published,41,187,pending-export,pending-export,pending-export,pending-export,pending-export,pending-export,pending-export,pending-export,pending-export,pending-export,,2026-09-23,keep
/prompt-gallery/chatgpt-prompt-for-blog-post-outlines,prompt-hub,prompts,en,index,https://www.marqly.com/prompt-gallery/chatgpt-prompt-for-blog-post-outlines,"ChatGPT Prompt for Blog Post Outlines | Marqly Prompt Gallery","Copy-paste this writing &amp; content prompt to generate chatgpt prompt for blog post outlines. Works with ChatGPT, Claude, Gemini, DeepSeek and more.",published,41,188,pending-export,pending-export,pending-export,pending-export,pending-export,pending-export,pending-export,pending-export,pending-export,pending-export,,2026-09-23,keep
/prompt-gallery/chatgpt-prompt-for-chain-of-thought,prompt-hub,prompts,en,index,https://www.marqly.com/prompt-gallery/chatgpt-prompt-for-chain-of-thought,"ChatGPT Prompt for Chain-of-Thought | Marqly Prompt Gallery","Copy-paste this prompt engineering prompt to generate chatgpt prompt for chain-of-thought. Works with ChatGPT, Claude, Gemini, DeepSeek and more.",published,8,188,pending-export,pending-export,pending-export,pending-export,pending-export,pending-export,pending-export,pending-export,pending-export,pending-export,,2026-09-23,keep
/prompt-gallery/chatgpt-prompt-for-character-development,prompt-hub,prompts,en,index,https://www.marqly.com/prompt-gallery/chatgpt-prompt-for-character-development,"ChatGPT Prompt for Character Development | Marqly Prompt Gallery","Copy-paste this personal &amp; creative prompt to generate chatgpt prompt for character development. Works with ChatGPT, Claude, Gemini, Kimi and more.",published,41,188,pending-export,pending-export,pending-export,pending-export,pending-export,pending-export,pending-export,pending-export,pending-export,pending-export,,2026-09-23,keep
/prompt-gallery/chatgpt-prompt-for-client-proposals,prompt-hub,prompts,en,index,https://www.marqly.com/prompt-gallery/chatgpt-prompt-for-client-proposals,"ChatGPT Prompt for Client Proposals | Marqly Prompt Gallery","Copy-paste this work &amp; productivity prompt to generate chatgpt prompt for client proposals. Works with ChatGPT, Claude, copy-ai, DeepSeek and more.",published,41,188,pending-export,pending-export,pending-export,pending-export,pending-export,pending-export,pending-export,pending-export,pending-export,pending-export,,2026-09-23,keep
/prompt-gallery/chatgpt-prompt-for-community-engagement-replies,prompt-hub,prompts,en,index,https://www.marqly.com/prompt-gallery/chatgpt-prompt-for-community-engagement-replies,"ChatGPT Prompt for Community Engagement Replies | Marqly Prompt Gallery","Copy-paste this social media prompt to generate chatgpt prompt for community engagement replies. Works with ChatGPT, Claude, Gemini, copy-ai and more.",published,41,187,pending-export,pending-export,pending-export,pending-export,pending-export,pending-export,pending-export,pending-export,pending-export,pending-export,,2026-09-23,keep
/prompt-gallery/chatgpt-prompt-for-compare-and-contrast-essays,prompt-hub,prompts,en,index,https://www.marqly.com/prompt-gallery/chatgpt-prompt-for-compare-and-contrast-essays,"ChatGPT Prompt for Compare and Contrast Essays | Marqly Prompt Gallery","Copy-paste this research &amp; learning prompt to generate chatgpt prompt for compare and contrast essays. Works with ChatGPT, Claude, Gemini, DeepSeek and more",published,41,187,pending-export,pending-export,pending-export,pending-export,pending-export,pending-export,pending-export,pending-export,pending-export,pending-export,,2026-09-23,keep
/prompt-gallery/chatgpt-prompt-for-competitor-benchmarking,prompt-hub,prompts,en,index,https://www.marqly.com/prompt-gallery/chatgpt-prompt-for-competitor-benchmarking,"ChatGPT Prompt for Competitor Benchmarking | Marqly Prompt Gallery","Copy-paste this analysis &amp; data prompt to generate chatgpt prompt for competitor benchmarking. Works with ChatGPT, Claude, perplexity, DeepSeek and more.",published,41,186,pending-export,pending-export,pending-export,pending-export,pending-export,pending-export,pending-export,pending-export,pending-export,pending-export,,2026-09-23,keep
/prompt-gallery/chatgpt-prompt-for-constraint-based-outputs,prompt-hub,prompts,en,index,https://www.marqly.com/prompt-gallery/chatgpt-prompt-for-constraint-based-outputs,"ChatGPT Prompt for Constraint-Based Outputs | Marqly Prompt Gallery","Copy-paste this prompt engineering prompt to generate chatgpt prompt for constraint-based outputs. Works with ChatGPT, Claude, Gemini, DeepSeek and more.",published,2,188,pending-export,pending-export,pending-export,pending-export,pending-export,pending-export,pending-export,pending-export,pending-export,pending-export,,2026-09-23,keep
/prompt-gallery/chatgpt-prompt-for-content-gap-analysis,prompt-hub,prompts,en,index,https://www.marqly.com/prompt-gallery/chatgpt-prompt-for-content-gap-analysis,"ChatGPT Prompt for Content Gap Analysis | Marqly Prompt Gallery","Copy-paste this seo &amp; marketing prompt to generate chatgpt prompt for content gap analysis. Works with ChatGPT, Claude, perplexity, DeepSeek and more.",published,41,188,pending-export,pending-export,pending-export,pending-export,pending-export,pending-export,pending-export,pending-export,pending-export,pending-export,,2026-09-23,keep
/prompt-gallery/chatgpt-prompt-for-creating-study-guides,prompt-hub,prompts,en,index,https://www.marqly.com/prompt-gallery/chatgpt-prompt-for-creating-study-guides,"ChatGPT Prompt for Creating Study Guides | Marqly Prompt Gallery","Copy-paste this research &amp; learning prompt to generate chatgpt prompt for creating study guides. Works with ChatGPT, Claude, Gemini, DeepSeek and more.",published,41,187,pending-export,pending-export,pending-export,pending-export,pending-export,pending-export,pending-export,pending-export,pending-export,pending-export,,2026-09-23,keep
/prompt-gallery/chatgpt-prompt-for-daily-planning,prompt-hub,prompts,en,index,https://www.marqly.com/prompt-gallery/chatgpt-prompt-for-daily-planning,"ChatGPT Prompt for Daily Planning | Marqly Prompt Gallery","Copy-paste this work &amp; productivity prompt to generate chatgpt prompt for daily planning. Works with ChatGPT, Claude, Gemini, copilot and more.",published,41,188,pending-export,pending-export,pending-export,pending-export,pending-export,pending-export,pending-export,pending-export,pending-export,pending-export,,2026-09-23,keep
/prompt-gallery/chatgpt-prompt-for-data-cleaning,prompt-hub,prompts,en,index,https://www.marqly.com/prompt-gallery/chatgpt-prompt-for-data-cleaning,"ChatGPT Prompt for Data Cleaning | Marqly Prompt Gallery","Copy-paste this analysis &amp; data prompt to generate chatgpt prompt for data cleaning. Works with ChatGPT, Claude, Gemini, DeepSeek and more.",published,41,186,pending-export,pending-export,pending-export,pending-export,pending-export,pending-export,pending-export,pending-export,pending-export,pending-export,,2026-09-23,keep
/prompt-gallery/chatgpt-prompt-for-data-visualization,prompt-hub,prompts,en,index,https://www.marqly.com/prompt-gallery/chatgpt-prompt-for-data-visualization,"ChatGPT Prompt for Data Visualization | Marqly Prompt Gallery","Copy-paste this analysis &amp; data prompt to generate chatgpt prompt for data visualization. Works with ChatGPT, Claude, Gemini, DeepSeek and more.",published,41,186,pending-export,pending-export,pending-export,pending-export,pending-export,pending-export,pending-export,pending-export,pending-export,pending-export,,2026-09-23,keep
/prompt-gallery/chatgpt-prompt-for-date-night-ideas,prompt-hub,prompts,en,index,https://www.marqly.com/prompt-gallery/chatgpt-prompt-for-date-night-ideas,"ChatGPT Prompt for Date Night Ideas | Marqly Prompt Gallery","Copy-paste this personal &amp; creative prompt to generate chatgpt prompt for date night ideas. Works with ChatGPT, Claude, Gemini, Kimi and more.",published,41,188,pending-export,pending-export,pending-export,pending-export,pending-export,pending-export,pending-export,pending-export,pending-export,pending-export,,2026-09-23,keep
/prompt-gallery/chatgpt-prompt-for-email-drafting,prompt-hub,prompts,en,index,https://www.marqly.com/prompt-gallery/chatgpt-prompt-for-email-drafting,"ChatGPT Prompt for Email Drafting | Marqly Prompt Gallery","Copy-paste this work &amp; productivity prompt to generate chatgpt prompt for email drafting. Works with ChatGPT, Claude, Gemini, copilot and more.",published,41,188,pending-export,pending-export,pending-export,pending-export,pending-export,pending-export,pending-export,pending-export,pending-export,pending-export,,2026-09-23,keep
/prompt-gallery/chatgpt-prompt-for-email-newsletters,prompt-hub,prompts,en,index,https://www.marqly.com/prompt-gallery/chatgpt-prompt-for-email-newsletters,"ChatGPT Prompt for Email Newsletters | Marqly Prompt Gallery","Copy-paste this writing &amp; content prompt to generate chatgpt prompt for email newsletters. Works with ChatGPT, Claude, Gemini, copy-ai and more.",published,41,188,pending-export,pending-export,pending-export,pending-export,pending-export,pending-export,pending-export,pending-export,pending-export,pending-export,,2026-09-23,keep
/prompt-gallery/chatgpt-prompt-for-explaining-complex-topics,prompt-hub,prompts,en,index,https://www.marqly.com/prompt-gallery/chatgpt-prompt-for-explaining-complex-topics,"ChatGPT Prompt for Explaining Complex Topics | Marqly Prompt Gallery","Copy-paste this research &amp; learning prompt to generate chatgpt prompt for explaining complex topics. Works with ChatGPT, Claude, Gemini, Kimi and more.",published,41,187,pending-export,pending-export,pending-export,pending-export,pending-export,pending-export,pending-export,pending-export,pending-export,pending-export,,2026-09-23,keep
/prompt-gallery/chatgpt-prompt-for-exploratory-data-analysis,prompt-hub,prompts,en,index,https://www.marqly.com/prompt-gallery/chatgpt-prompt-for-exploratory-data-analysis,"ChatGPT Prompt for Exploratory Data Analysis | Marqly Prompt Gallery","Copy-paste this analysis &amp; data prompt to generate chatgpt prompt for exploratory data analysis. Works with ChatGPT, Claude, Gemini, Kimi and more.",published,8,186,pending-export,pending-export,pending-export,pending-export,pending-export,pending-export,pending-export,pending-export,pending-export,pending-export,,2026-09-23,keep
/prompt-gallery/chatgpt-prompt-for-few-shot-examples,prompt-hub,prompts,en,index,https://www.marqly.com/prompt-gallery/chatgpt-prompt-for-few-shot-examples,"ChatGPT Prompt for Few-Shot Examples | Marqly Prompt Gallery","Copy-paste this prompt engineering prompt to generate chatgpt prompt for few-shot examples. Works with ChatGPT, Claude, Gemini, Kimi and more.",published,2,188,pending-export,pending-export,pending-export,pending-export,pending-export,pending-export,pending-export,pending-export,pending-export,pending-export,,2026-09-23,keep
/prompt-gallery/chatgpt-prompt-for-goal-setting,prompt-hub,prompts,en,index,https://www.marqly.com/prompt-gallery/chatgpt-prompt-for-goal-setting,"ChatGPT Prompt for Goal Setting | Marqly Prompt Gallery","Copy-paste this work &amp; productivity prompt to generate chatgpt prompt for goal setting. Works with ChatGPT, Claude, Gemini, DeepSeek and more.",published,41,188,pending-export,pending-export,pending-export,pending-export,pending-export,pending-export,pending-export,pending-export,pending-export,pending-export,,2026-09-23,keep
/prompt-gallery/chatgpt-prompt-for-influencer-outreach,prompt-hub,prompts,en,index,https://www.marqly.com/prompt-gallery/chatgpt-prompt-for-influencer-outreach,"ChatGPT Prompt for Influencer Outreach | Marqly Prompt Gallery","Copy-paste this seo &amp; marketing prompt to generate chatgpt prompt for influencer outreach. Works with ChatGPT, Claude, copy-ai, jasper and more.",published,41,188,pending-export,pending-export,pending-export,pending-export,pending-export,pending-export,pending-export,pending-export,pending-export,pending-export,,2026-09-23,keep
/prompt-gallery/chatgpt-prompt-for-instagram-captions,prompt-hub,prompts,en,index,https://www.marqly.com/prompt-gallery/chatgpt-prompt-for-instagram-captions,"ChatGPT Prompt for Instagram Captions | Marqly Prompt Gallery","Copy-paste this social media prompt to generate chatgpt prompt for instagram captions. Works with ChatGPT, Claude, Gemini, copy-ai and more.",published,41,187,pending-export,pending-export,pending-export,pending-export,pending-export,pending-export,pending-export,pending-export,pending-export,pending-export,,2026-09-23,keep
/prompt-gallery/chatgpt-prompt-for-instagram-reels-scripts,prompt-hub,prompts,en,index,https://www.marqly.com/prompt-gallery/chatgpt-prompt-for-instagram-reels-scripts,"ChatGPT Prompt for Instagram Reels Scripts | Marqly Prompt Gallery","Copy-paste this social media prompt to generate chatgpt prompt for instagram reels scripts. Works with ChatGPT, Claude, Gemini, copy-ai and more.",published,41,187,pending-export,pending-export,pending-export,pending-export,pending-export,pending-export,pending-export,pending-export,pending-export,pending-export,,2026-09-23,keep
/prompt-gallery/chatgpt-prompt-for-javascript-functions,prompt-hub,prompts,en,index,https://www.marqly.com/prompt-gallery/chatgpt-prompt-for-javascript-functions,"ChatGPT Prompt for JavaScript Functions | Marqly Prompt Gallery","Copy-paste this coding &amp; development prompt to generate chatgpt prompt for javascript functions. Works with ChatGPT, Claude, Gemini, DeepSeek and more.",published,41,187,pending-export,pending-export,pending-export,pending-export,pending-export,pending-export,pending-export,pending-export,pending-export,pending-export,,2026-09-23,keep
/prompt-gallery/chatgpt-prompt-for-keyword-research,prompt-hub,prompts,en,index,https://www.marqly.com/prompt-gallery/chatgpt-prompt-for-keyword-research,"ChatGPT Prompt for Keyword Research | Marqly Prompt Gallery","Copy-paste this seo &amp; marketing prompt to generate chatgpt prompt for keyword research. Works with ChatGPT, Claude, Gemini, perplexity and more.",published,41,188,pending-export,pending-export,pending-export,pending-export,pending-export,pending-export,pending-export,pending-export,pending-export,pending-export,,2026-09-23,keep
/prompt-gallery/chatgpt-prompt-for-landing-page-optimization,prompt-hub,prompts,en,index,https://www.marqly.com/prompt-gallery/chatgpt-prompt-for-landing-page-optimization,"ChatGPT Prompt for Landing Page Optimization | Marqly Prompt Gallery","Copy-paste this seo &amp; marketing prompt to generate chatgpt prompt for landing page optimization. Works with ChatGPT, Claude, copy-ai, jasper and more.",published,8,188,pending-export,pending-export,pending-export,pending-export,pending-export,pending-export,pending-export,pending-export,pending-export,pending-export,,2026-09-23,keep
/prompt-gallery/chatgpt-prompt-for-language-learning,prompt-hub,prompts,en,index,https://www.marqly.com/prompt-gallery/chatgpt-prompt-for-language-learning,"ChatGPT Prompt for Language Learning | Marqly Prompt Gallery","Copy-paste this research &amp; learning prompt to generate chatgpt prompt for language learning. Works with ChatGPT, Claude, Gemini, Kimi and more.",published,8,187,pending-export,pending-export,pending-export,pending-export,pending-export,pending-export,pending-export,pending-export,pending-export,pending-export,,2026-09-23,keep
/prompt-gallery/chatgpt-prompt-for-linkedin-posts,prompt-hub,prompts,en,index,https://www.marqly.com/prompt-gallery/chatgpt-prompt-for-linkedin-posts,"ChatGPT Prompt for LinkedIn Posts | Marqly Prompt Gallery","Copy-paste this social media prompt to generate chatgpt prompt for linkedin posts. Works with ChatGPT, Claude, Gemini, copy-ai and more.",published,41,187,pending-export,pending-export,pending-export,pending-export,pending-export,pending-export,pending-export,pending-export,pending-export,pending-export,,2026-09-23,keep
/prompt-gallery/chatgpt-prompt-for-long-form-articles,prompt-hub,prompts,en,index,https://www.marqly.com/prompt-gallery/chatgpt-prompt-for-long-form-articles,"ChatGPT Prompt for Long-Form Articles | Marqly Prompt Gallery","Copy-paste this writing &amp; content prompt to generate chatgpt prompt for long-form articles. Works with ChatGPT, Claude, Gemini, Kimi and more.",published,41,188,pending-export,pending-export,pending-export,pending-export,pending-export,pending-export,pending-export,pending-export,pending-export,pending-export,,2026-09-23,keep
/prompt-gallery/chatgpt-prompt-for-meeting-agendas,prompt-hub,prompts,en,index,https://www.marqly.com/prompt-gallery/chatgpt-prompt-for-meeting-agendas,"ChatGPT Prompt for Meeting Agendas | Marqly Prompt Gallery","Copy-paste this work &amp; productivity prompt to generate chatgpt prompt for meeting agendas. Works with ChatGPT, Claude, Gemini, DeepSeek and more.",published,41,188,pending-export,pending-export,pending-export,pending-export,pending-export,pending-export,pending-export,pending-export,pending-export,pending-export,,2026-09-23,keep
/prompt-gallery/chatgpt-prompt-for-memoir-writing,prompt-hub,prompts,en,index,https://www.marqly.com/prompt-gallery/chatgpt-prompt-for-memoir-writing,"ChatGPT Prompt for Memoir Writing | Marqly Prompt Gallery","Copy-paste this personal &amp; creative prompt to generate chatgpt prompt for memoir writing. Works with ChatGPT, Claude, Gemini, DeepSeek and more.",published,41,188,pending-export,pending-export,pending-export,pending-export,pending-export,pending-export,pending-export,pending-export,pending-export,pending-export,,2026-09-23,keep
/prompt-gallery/chatgpt-prompt-for-meta-description-generator,prompt-hub,prompts,en,index,https://www.marqly.com/prompt-gallery/chatgpt-prompt-for-meta-description-generator,"ChatGPT Prompt for Meta Description Generator | Marqly Prompt Gallery","Copy-paste this seo &amp; marketing prompt to generate chatgpt prompt for meta description generator. Works with ChatGPT, Claude, copy-ai, jasper and more.",published,2,188,pending-export,pending-export,pending-export,pending-export,pending-export,pending-export,pending-export,pending-export,pending-export,pending-export,,2026-09-23,keep
/prompt-gallery/chatgpt-prompt-for-meta-prompting,prompt-hub,prompts,en,index,https://www.marqly.com/prompt-gallery/chatgpt-prompt-for-meta-prompting,"ChatGPT Prompt for Meta Prompting | Marqly Prompt Gallery","Copy-paste this prompt engineering prompt to generate chatgpt prompt for meta prompting. Works with ChatGPT, Claude, Gemini, DeepSeek and more.",published,2,188,pending-export,pending-export,pending-export,pending-export,pending-export,pending-export,pending-export,pending-export,pending-export,pending-export,,2026-09-23,keep
/prompt-gallery/chatgpt-prompt-for-mobile-app-features,prompt-hub,prompts,en,index,https://www.marqly.com/prompt-gallery/chatgpt-prompt-for-mobile-app-features,"ChatGPT Prompt for Mobile App Features | Marqly Prompt Gallery","Copy-paste this coding &amp; development prompt to generate chatgpt prompt for mobile app features. Works with ChatGPT, Claude, Gemini, copilot and more.",published,8,187,pending-export,pending-export,pending-export,pending-export,pending-export,pending-export,pending-export,pending-export,pending-export,pending-export,,2026-09-23,keep
/prompt-gallery/chatgpt-prompt-for-personal-brand-statements,prompt-hub,prompts,en,index,https://www.marqly.com/prompt-gallery/chatgpt-prompt-for-personal-brand-statements,"ChatGPT Prompt for Personal Brand Statements | Marqly Prompt Gallery","Copy-paste this personal &amp; creative prompt to generate chatgpt prompt for personal brand statements. Works with ChatGPT, Claude, Gemini, copy-ai and more.",published,41,188,pending-export,pending-export,pending-export,pending-export,pending-export,pending-export,pending-export,pending-export,pending-export,pending-export,,2026-09-23,keep
/prompt-gallery/chatgpt-prompt-for-poetry-writing,prompt-hub,prompts,en,index,https://www.marqly.com/prompt-gallery/chatgpt-prompt-for-poetry-writing,"ChatGPT Prompt for Poetry Writing | Marqly Prompt Gallery","Copy-paste this personal &amp; creative prompt to generate chatgpt prompt for poetry writing. Works with ChatGPT, Claude, Gemini, DeepSeek and more.",published,8,188,pending-export,pending-export,pending-export,pending-export,pending-export,pending-export,pending-export,pending-export,pending-export,pending-export,,2026-09-23,keep
/prompt-gallery/chatgpt-prompt-for-poll-questions,prompt-hub,prompts,en,index,https://www.marqly.com/prompt-gallery/chatgpt-prompt-for-poll-questions,"ChatGPT Prompt for Poll Questions | Marqly Prompt Gallery","Copy-paste this social media prompt to generate chatgpt prompt for poll questions. Works with ChatGPT, Claude, Gemini, copy-ai and more.",published,41,187,pending-export,pending-export,pending-export,pending-export,pending-export,pending-export,pending-export,pending-export,pending-export,pending-export,,2026-09-23,keep
/prompt-gallery/chatgpt-prompt-for-product-descriptions,prompt-hub,prompts,en,index,https://www.marqly.com/prompt-gallery/chatgpt-prompt-for-product-descriptions,"ChatGPT Prompt for Product Descriptions | Marqly Prompt Gallery","Copy-paste this writing &amp; content prompt to generate chatgpt prompt for product descriptions. Works with ChatGPT, copy-ai, jasper, DeepSeek and more.",published,8,188,pending-export,pending-export,pending-export,pending-export,pending-export,pending-export,pending-export,pending-export,pending-export,pending-export,,2026-09-23,keep
/prompt-gallery/chatgpt-prompt-for-prompt-compression,prompt-hub,prompts,en,index,https://www.marqly.com/prompt-gallery/chatgpt-prompt-for-prompt-compression,"ChatGPT Prompt for Prompt Compression | Marqly Prompt Gallery","Copy-paste this prompt engineering prompt to generate chatgpt prompt for prompt compression. Works with ChatGPT, Claude, Gemini, DeepSeek and more.",published,2,188,pending-export,pending-export,pending-export,pending-export,pending-export,pending-export,pending-export,pending-export,pending-export,pending-export,,2026-09-23,keep
/prompt-gallery/chatgpt-prompt-for-python-scripts,prompt-hub,prompts,en,index,https://www.marqly.com/prompt-gallery/chatgpt-prompt-for-python-scripts,"ChatGPT Prompt for Python Scripts | Marqly Prompt Gallery","Copy-paste this coding &amp; development prompt to generate chatgpt prompt for python scripts. Works with ChatGPT, Claude, Gemini, DeepSeek and more.",published,2,187,pending-export,pending-export,pending-export,pending-export,pending-export,pending-export,pending-export,pending-export,pending-export,pending-export,,2026-09-23,keep
/prompt-gallery/chatgpt-prompt-for-react-components,prompt-hub,prompts,en,index,https://www.marqly.com/prompt-gallery/chatgpt-prompt-for-react-components,"ChatGPT Prompt for React Components | Marqly Prompt Gallery","Copy-paste this coding &amp; development prompt to generate chatgpt prompt for react components. Works with ChatGPT, Claude, Gemini, copilot and more.",published,2,187,pending-export,pending-export,pending-export,pending-export,pending-export,pending-export,pending-export,pending-export,pending-export,pending-export,,2026-09-23,keep
/prompt-gallery/chatgpt-prompt-for-sales-page-copy,prompt-hub,prompts,en,index,https://www.marqly.com/prompt-gallery/chatgpt-prompt-for-sales-page-copy,"ChatGPT Prompt for Sales Page Copy | Marqly Prompt Gallery","Copy-paste this writing &amp; content prompt to generate chatgpt prompt for sales page copy. Works with ChatGPT, Claude, copy-ai, jasper and more.",published,2,188,pending-export,pending-export,pending-export,pending-export,pending-export,pending-export,pending-export,pending-export,pending-export,pending-export,,2026-09-23,keep
/prompt-gallery/chatgpt-prompt-for-scenario-planning,prompt-hub,prompts,en,index,https://www.marqly.com/prompt-gallery/chatgpt-prompt-for-scenario-planning,"ChatGPT Prompt for Scenario Planning | Marqly Prompt Gallery","Copy-paste this analysis &amp; data prompt to generate chatgpt prompt for scenario planning. Works with ChatGPT, Claude, Gemini, DeepSeek and more.",published,2,186,pending-export,pending-export,pending-export,pending-export,pending-export,pending-export,pending-export,pending-export,pending-export,pending-export,,2026-09-23,keep
/prompt-gallery/chatgpt-prompt-for-seo-content-briefs,prompt-hub,prompts,en,index,https://www.marqly.com/prompt-gallery/chatgpt-prompt-for-seo-content-briefs,"ChatGPT Prompt for SEO Content Briefs | Marqly Prompt Gallery","Copy-paste this seo &amp; marketing prompt to generate chatgpt prompt for seo content briefs. Works with ChatGPT, Claude, DeepSeek, Kimi and more.",published,2,188,pending-export,pending-export,pending-export,pending-export,pending-export,pending-export,pending-export,pending-export,pending-export,pending-export,,2026-09-23,keep
/prompt-gallery/chatgpt-prompt-for-seo-title-tags,prompt-hub,prompts,en,index,https://www.marqly.com/prompt-gallery/chatgpt-prompt-for-seo-title-tags,"ChatGPT Prompt for SEO Title Tags | Marqly Prompt Gallery","Copy-paste this seo &amp; marketing prompt to generate chatgpt prompt for seo title tags. Works with ChatGPT, Claude, Gemini, DeepSeek and more.",published,2,188,pending-export,pending-export,pending-export,pending-export,pending-export,pending-export,pending-export,pending-export,pending-export,pending-export,,2026-09-23,keep
/prompt-gallery/chatgpt-prompt-for-sql-queries,prompt-hub,prompts,en,index,https://www.marqly.com/prompt-gallery/chatgpt-prompt-for-sql-queries,"ChatGPT Prompt for SQL Queries | Marqly Prompt Gallery","Copy-paste this coding &amp; development prompt to generate chatgpt prompt for sql queries. Works with ChatGPT, Claude, Gemini, DeepSeek and more.",published,2,187,pending-export,pending-export,pending-export,pending-export,pending-export,pending-export,pending-export,pending-export,pending-export,pending-export,,2026-09-23,keep
/prompt-gallery/chatgpt-prompt-for-story-ideas,prompt-hub,prompts,en,index,https://www.marqly.com/prompt-gallery/chatgpt-prompt-for-story-ideas,"ChatGPT Prompt for Story Ideas | Marqly Prompt Gallery","Copy-paste this personal &amp; creative prompt to generate chatgpt prompt for story ideas. Works with ChatGPT, Claude, Gemini, DeepSeek and more.",published,2,188,pending-export,pending-export,pending-export,pending-export,pending-export,pending-export,pending-export,pending-export,pending-export,pending-export,,2026-09-23,keep
/prompt-gallery/chatgpt-prompt-for-summarizing-research-papers,prompt-hub,prompts,en,index,https://www.marqly.com/prompt-gallery/chatgpt-prompt-for-summarizing-research-papers,"ChatGPT Prompt for Summarizing Research Papers | Marqly Prompt Gallery","Copy-paste this research &amp; learning prompt to generate chatgpt prompt for summarizing research papers. Works with ChatGPT, Claude, Gemini, Kimi and more.",published,2,187,pending-export,pending-export,pending-export,pending-export,pending-export,pending-export,pending-export,pending-export,pending-export,pending-export,,2026-09-23,keep
/prompt-gallery/chatgpt-prompt-for-survey-analysis,prompt-hub,prompts,en,index,https://www.marqly.com/prompt-gallery/chatgpt-prompt-for-survey-analysis,"ChatGPT Prompt for Survey Analysis | Marqly Prompt Gallery","Copy-paste this analysis &amp; data prompt to generate chatgpt prompt for survey analysis. Works with ChatGPT, Claude, Gemini, DeepSeek and more.",published,2,186,pending-export,pending-export,pending-export,pending-export,pending-export,pending-export,pending-export,pending-export,pending-export,pending-export,,2026-09-23,keep
/prompt-gallery/chatgpt-prompt-for-tiktok-video-scripts,prompt-hub,prompts,en,index,https://www.marqly.com/prompt-gallery/chatgpt-prompt-for-tiktok-video-scripts,"ChatGPT Prompt for TikTok Video Scripts | Marqly Prompt Gallery","Copy-paste this social media prompt to generate chatgpt prompt for tiktok video scripts. Works with ChatGPT, Claude, Gemini, copy-ai and more.",published,8,187,pending-export,pending-export,pending-export,pending-export,pending-export,pending-export,pending-export,pending-export,pending-export,pending-export,,2026-09-23,keep
/prompt-gallery/chatgpt-prompt-for-travel-itineraries,prompt-hub,prompts,en,index,https://www.marqly.com/prompt-gallery/chatgpt-prompt-for-travel-itineraries,"ChatGPT Prompt for Travel Itineraries | Marqly Prompt Gallery","Copy-paste this work &amp; productivity prompt to generate chatgpt prompt for travel itineraries. Works with ChatGPT, Claude, Gemini, Kimi and more.",published,41,188,pending-export,pending-export,pending-export,pending-export,pending-export,pending-export,pending-export,pending-export,pending-export,pending-export,,2026-09-23,keep
/prompt-gallery/chatgpt-prompt-for-twitter-x-threads,prompt-hub,prompts,en,index,https://www.marqly.com/prompt-gallery/chatgpt-prompt-for-twitter-x-threads,"ChatGPT Prompt for Twitter/X Threads | Marqly Prompt Gallery","Copy-paste this social media prompt to generate chatgpt prompt for twitter/x threads. Works with ChatGPT, Claude, Gemini, DeepSeek and more.",published,2,187,pending-export,pending-export,pending-export,pending-export,pending-export,pending-export,pending-export,pending-export,pending-export,pending-export,,2026-09-23,keep
/prompt-gallery/chatgpt-prompt-for-website-copywriting,prompt-hub,prompts,en,index,https://www.marqly.com/prompt-gallery/chatgpt-prompt-for-website-copywriting,"ChatGPT Prompt for Website Copywriting | Marqly Prompt Gallery","Copy-paste this writing &amp; content prompt to generate chatgpt prompt for website copywriting. Works with ChatGPT, Claude, copy-ai, jasper and more.",published,2,188,pending-export,pending-export,pending-export,pending-export,pending-export,pending-export,pending-export,pending-export,pending-export,pending-export,,2026-09-23,keep
/prompt-gallery/chatgpt-prompt-for-white-paper-sections,prompt-hub,prompts,en,index,https://www.marqly.com/prompt-gallery/chatgpt-prompt-for-white-paper-sections,"ChatGPT Prompt for White Paper Sections | Marqly Prompt Gallery","Copy-paste this writing &amp; content prompt to generate chatgpt prompt for white paper sections. Works with ChatGPT, Claude, DeepSeek, Kimi and more.",published,2,188,pending-export,pending-export,pending-export,pending-export,pending-export,pending-export,pending-export,pending-export,pending-export,pending-export,,2026-09-23,keep
/prompt-gallery/chatgpt-prompt-for-writing-dockerfiles,prompt-hub,prompts,en,index,https://www.marqly.com/prompt-gallery/chatgpt-prompt-for-writing-dockerfiles,"ChatGPT Prompt for Writing Dockerfiles | Marqly Prompt Gallery","Copy-paste this coding &amp; development prompt to generate chatgpt prompt for writing dockerfiles. Works with ChatGPT, Claude, DeepSeek, copilot and more.",published,2,187,pending-export,pending-export,pending-export,pending-export,pending-export,pending-export,pending-export,pending-export,pending-export,pending-export,,2026-09-23,keep
/prompt-gallery/children-book-illustration-prompt,prompt-hub,prompts,en,index,https://www.marqly.com/prompt-gallery/children-book-illustration-prompt,"Children Book Illustration Prompt | Marqly Prompt Gallery","Copy-paste this image &amp; photo prompt to generate children book illustration. Works with Midjourney, DALL-E, Stable Diffusion, leonardo and more.",published,41,187,pending-export,pending-export,pending-export,pending-export,pending-export,pending-export,pending-export,pending-export,pending-export,pending-export,,2026-09-23,keep
/prompt-gallery/churn-prediction-explanation-prompt,prompt-hub,prompts,en,index,https://www.marqly.com/prompt-gallery/churn-prediction-explanation-prompt,"Churn Prediction Explanation Prompt | Marqly Prompt Gallery","Copy-paste this analysis &amp; data prompt to generate churn prediction explanation. Works with ChatGPT, Claude, Gemini, perplexity and more.",published,2,186,pending-export,pending-export,pending-export,pending-export,pending-export,pending-export,pending-export,pending-export,pending-export,pending-export,,2026-09-23,keep
/prompt-gallery/ci-cd-pipeline-generator-prompt,prompt-hub,prompts,en,index,https://www.marqly.com/prompt-gallery/ci-cd-pipeline-generator-prompt,"CI/CD Pipeline Generator Prompt | Marqly Prompt Gallery","Copy-paste this coding &amp; development prompt to generate ci/cd pipeline generator. Works with ChatGPT, Claude, Gemini, copilot and more.",published,2,187,pending-export,pending-export,pending-export,pending-export,pending-export,pending-export,pending-export,pending-export,pending-export,pending-export,,2026-09-23,keep
/prompt-gallery/cinematic-portrait-prompt-with-rim-lighting,prompt-hub,prompts,en,index,https://www.marqly.com/prompt-gallery/cinematic-portrait-prompt-with-rim-lighting,"Cinematic Portrait Prompt with Rim Lighting | Marqly Prompt Gallery","Create a dramatic cinematic portrait using controlled rim light, shallow depth of field, and film-like color grading.",published,41,187,pending-export,pending-export,pending-export,pending-export,pending-export,pending-export,pending-export,pending-export,pending-export,pending-export,,2026-09-23,keep
/prompt-gallery/claude-prompt-for-a-b-test-analysis,prompt-hub,prompts,en,index,https://www.marqly.com/prompt-gallery/claude-prompt-for-a-b-test-analysis,"Claude Prompt for A/B Test Analysis | Marqly Prompt Gallery","Copy-paste this analysis &amp; data prompt to generate claude prompt for a/b test analysis. Works with Claude, ChatGPT, Gemini, DeepSeek and more.",published,2,186,pending-export,pending-export,pending-export,pending-export,pending-export,pending-export,pending-export,pending-export,pending-export,pending-export,,2026-09-23,keep
/prompt-gallery/claude-prompt-for-anomaly-detection,prompt-hub,prompts,en,index,https://www.marqly.com/prompt-gallery/claude-prompt-for-anomaly-detection,"Claude Prompt for Anomaly Detection | Marqly Prompt Gallery","Copy-paste this analysis &amp; data prompt to generate claude prompt for anomaly detection. Works with Claude, ChatGPT, Gemini, DeepSeek and more.",published,2,186,pending-export,pending-export,pending-export,pending-export,pending-export,pending-export,pending-export,pending-export,pending-export,pending-export,,2026-09-23,keep
/prompt-gallery/claude-prompt-for-brand-voice-guidelines,prompt-hub,prompts,en,index,https://www.marqly.com/prompt-gallery/claude-prompt-for-brand-voice-guidelines,"Claude Prompt for Brand Voice Guidelines | Marqly Prompt Gallery","Copy-paste this writing &amp; content prompt to generate claude prompt for brand voice guidelines. Works with Claude, ChatGPT, Gemini, DeepSeek and more.",published,2,188,pending-export,pending-export,pending-export,pending-export,pending-export,pending-export,pending-export,pending-export,pending-export,pending-export,,2026-09-23,keep
/prompt-gallery/claude-prompt-for-case-study-writing,prompt-hub,prompts,en,index,https://www.marqly.com/prompt-gallery/claude-prompt-for-case-study-writing,"Claude Prompt for Case Study Writing | Marqly Prompt Gallery","Copy-paste this writing &amp; content prompt to generate claude prompt for case study writing. Works with Claude, ChatGPT, DeepSeek, Kimi and more.",published,2,188,pending-export,pending-export,pending-export,pending-export,pending-export,pending-export,pending-export,pending-export,pending-export,pending-export,,2026-09-23,keep
/prompt-gallery/claude-prompt-for-cohort-analysis,prompt-hub,prompts,en,index,https://www.marqly.com/prompt-gallery/claude-prompt-for-cohort-analysis,"Claude Prompt for Cohort Analysis | Marqly Prompt Gallery","Copy-paste this analysis &amp; data prompt to generate claude prompt for cohort analysis. Works with Claude, ChatGPT, Gemini, DeepSeek and more.",published,2,186,pending-export,pending-export,pending-export,pending-export,pending-export,pending-export,pending-export,pending-export,pending-export,pending-export,,2026-09-23,keep
/prompt-gallery/claude-prompt-for-facebook-posts,prompt-hub,prompts,en,index,https://www.marqly.com/prompt-gallery/claude-prompt-for-facebook-posts,"Claude Prompt for Facebook Posts | Marqly Prompt Gallery","Copy-paste this social media prompt to generate claude prompt for facebook posts. Works with Claude, ChatGPT, Gemini, copy-ai and more.",published,2,187,pending-export,pending-export,pending-export,pending-export,pending-export,pending-export,pending-export,pending-export,pending-export,pending-export,,2026-09-23,keep
/prompt-gallery/claude-prompt-for-financial-modeling,prompt-hub,prompts,en,index,https://www.marqly.com/prompt-gallery/claude-prompt-for-financial-modeling,"Claude Prompt for Financial Modeling | Marqly Prompt Gallery","Copy-paste this analysis &amp; data prompt to generate claude prompt for financial modeling. Works with Claude, ChatGPT, Gemini, DeepSeek and more.",published,2,186,pending-export,pending-export,pending-export,pending-export,pending-export,pending-export,pending-export,pending-export,pending-export,pending-export,,2026-09-23,keep
/prompt-gallery/claude-prompt-for-flashcards,prompt-hub,prompts,en,index,https://www.marqly.com/prompt-gallery/claude-prompt-for-flashcards,"Claude Prompt for Flashcards | Marqly Prompt Gallery","Copy-paste this research &amp; learning prompt to generate claude prompt for flashcards. Works with Claude, ChatGPT, Gemini, DeepSeek and more.",published,2,187,pending-export,pending-export,pending-export,pending-export,pending-export,pending-export,pending-export,pending-export,pending-export,pending-export,,2026-09-23,keep
/prompt-gallery/claude-prompt-for-historical-analysis,prompt-hub,prompts,en,index,https://www.marqly.com/prompt-gallery/claude-prompt-for-historical-analysis,"Claude Prompt for Historical Analysis | Marqly Prompt Gallery","Copy-paste this research &amp; learning prompt to generate claude prompt for historical analysis. Works with Claude, ChatGPT, Gemini, perplexity and more.",published,2,187,pending-export,pending-export,pending-export,pending-export,pending-export,pending-export,pending-export,pending-export,pending-export,pending-export,,2026-09-23,keep
/prompt-gallery/claude-prompt-for-home-decor-ideas,prompt-hub,prompts,en,index,https://www.marqly.com/prompt-gallery/claude-prompt-for-home-decor-ideas,"Claude Prompt for Home Decor Ideas | Marqly Prompt Gallery","Copy-paste this personal &amp; creative prompt to generate claude prompt for home decor ideas. Works with Claude, ChatGPT, Gemini, DeepSeek and more.",published,2,188,pending-export,pending-export,pending-export,pending-export,pending-export,pending-export,pending-export,pending-export,pending-export,pending-export,,2026-09-23,keep
/prompt-gallery/claude-prompt-for-influencer-collaboration-pitches,prompt-hub,prompts,en,index,https://www.marqly.com/prompt-gallery/claude-prompt-for-influencer-collaboration-pitches,"Claude Prompt for Influencer Collaboration Pitches | Marqly Prompt Gallery","Copy-paste this social media prompt to generate claude prompt for influencer collaboration pitches. Works with Claude, ChatGPT, copy-ai, jasper and more.",published,2,187,pending-export,pending-export,pending-export,pending-export,pending-export,pending-export,pending-export,pending-export,pending-export,pending-export,,2026-09-23,keep
/prompt-gallery/claude-prompt-for-interview-preparation,prompt-hub,prompts,en,index,https://www.marqly.com/prompt-gallery/claude-prompt-for-interview-preparation,"Claude Prompt for Interview Preparation | Marqly Prompt Gallery","Copy-paste this research &amp; learning prompt to generate claude prompt for interview preparation. Works with Claude, ChatGPT, Gemini, DeepSeek and more.",published,2,187,pending-export,pending-export,pending-export,pending-export,pending-export,pending-export,pending-export,pending-export,pending-export,pending-export,,2026-09-23,keep
/prompt-gallery/claude-prompt-for-iterative-refinement-loops,prompt-hub,prompts,en,index,https://www.marqly.com/prompt-gallery/claude-prompt-for-iterative-refinement-loops,"Claude Prompt for Iterative Refinement Loops | Marqly Prompt Gallery","Copy-paste this prompt engineering prompt to generate claude prompt for iterative refinement loops. Works with Claude, ChatGPT, Gemini, Kimi and more.",published,2,188,pending-export,pending-export,pending-export,pending-export,pending-export,pending-export,pending-export,pending-export,pending-export,pending-export,,2026-09-23,keep
/prompt-gallery/claude-prompt-for-meditation-scripts,prompt-hub,prompts,en,index,https://www.marqly.com/prompt-gallery/claude-prompt-for-meditation-scripts,"Claude Prompt for Meditation Scripts | Marqly Prompt Gallery","Copy-paste this personal &amp; creative prompt to generate claude prompt for meditation scripts. Works with Claude, ChatGPT, Gemini, DeepSeek and more.",published,2,188,pending-export,pending-export,pending-export,pending-export,pending-export,pending-export,pending-export,pending-export,pending-export,pending-export,,2026-09-23,keep
/prompt-gallery/claude-prompt-for-negative-prompt-building,prompt-hub,prompts,en,index,https://www.marqly.com/prompt-gallery/claude-prompt-for-negative-prompt-building,"Claude Prompt for Negative Prompt Building | Marqly Prompt Gallery","Copy-paste this prompt engineering prompt to generate claude prompt for negative prompt building. Works with Claude, ChatGPT, Gemini, DeepSeek and more.",published,2,188,pending-export,pending-export,pending-export,pending-export,pending-export,pending-export,pending-export,pending-export,pending-export,pending-export,,2026-09-23,keep
/prompt-gallery/claude-prompt-for-note-taking-templates,prompt-hub,prompts,en,index,https://www.marqly.com/prompt-gallery/claude-prompt-for-note-taking-templates,"Claude Prompt for Note-Taking Templates | Marqly Prompt Gallery","Copy-paste this research &amp; learning prompt to generate claude prompt for note-taking templates. Works with Claude, ChatGPT, Gemini, Kimi and more.",published,2,187,pending-export,pending-export,pending-export,pending-export,pending-export,pending-export,pending-export,pending-export,pending-export,pending-export,,2026-09-23,keep
/prompt-gallery/claude-prompt-for-output-schema-enforcement,prompt-hub,prompts,en,index,https://www.marqly.com/prompt-gallery/claude-prompt-for-output-schema-enforcement,"Claude Prompt for Output Schema Enforcement | Marqly Prompt Gallery","Copy-paste this prompt engineering prompt to generate claude prompt for output schema enforcement. Works with Claude, ChatGPT, Gemini, DeepSeek and more.",published,2,188,pending-export,pending-export,pending-export,pending-export,pending-export,pending-export,pending-export,pending-export,pending-export,pending-export,,2026-09-23,keep
/prompt-gallery/claude-prompt-for-react-problem-solving,prompt-hub,prompts,en,index,https://www.marqly.com/prompt-gallery/claude-prompt-for-react-problem-solving,"Claude Prompt for ReAct Problem Solving | Marqly Prompt Gallery","Copy-paste this prompt engineering prompt to generate claude prompt for react problem solving. Works with Claude, ChatGPT, Gemini, DeepSeek and more.",published,2,188,pending-export,pending-export,pending-export,pending-export,pending-export,pending-export,pending-export,pending-export,pending-export,pending-export,,2026-09-23,keep
/prompt-gallery/claude-prompt-for-rewriting-technical-jargon,prompt-hub,prompts,en,index,https://www.marqly.com/prompt-gallery/claude-prompt-for-rewriting-technical-jargon,"Claude Prompt for Rewriting Technical Jargon | Marqly Prompt Gallery","Copy-paste this writing &amp; content prompt to generate claude prompt for rewriting technical jargon. Works with Claude, ChatGPT, Gemini, DeepSeek and more.",published,2,188,pending-export,pending-export,pending-export,pending-export,pending-export,pending-export,pending-export,pending-export,pending-export,pending-export,,2026-09-23,keep
/prompt-gallery/claude-prompt-for-role-based-prompts,prompt-hub,prompts,en,index,https://www.marqly.com/prompt-gallery/claude-prompt-for-role-based-prompts,"Claude Prompt for Role-Based Prompts | Marqly Prompt Gallery","Copy-paste this prompt engineering prompt to generate claude prompt for role-based prompts. Works with Claude, ChatGPT, Gemini, DeepSeek and more.",published,2,188,pending-export,pending-export,pending-export,pending-export,pending-export,pending-export,pending-export,pending-export,pending-export,pending-export,,2026-09-23,keep
/prompt-gallery/claude-prompt-for-song-lyrics,prompt-hub,prompts,en,index,https://www.marqly.com/prompt-gallery/claude-prompt-for-song-lyrics,"Claude Prompt for Song Lyrics | Marqly Prompt Gallery","Copy-paste this personal &amp; creative prompt to generate claude prompt for song lyrics. Works with Claude, ChatGPT, Gemini, DeepSeek and more.",published,2,188,pending-export,pending-export,pending-export,pending-export,pending-export,pending-export,pending-export,pending-export,pending-export,pending-export,,2026-09-23,keep
/prompt-gallery/claude-prompt-for-storytelling-posts,prompt-hub,prompts,en,index,https://www.marqly.com/prompt-gallery/claude-prompt-for-storytelling-posts,"Claude Prompt for Storytelling Posts | Marqly Prompt Gallery","Copy-paste this social media prompt to generate claude prompt for storytelling posts. Works with Claude, ChatGPT, Gemini, DeepSeek and more.",published,2,187,pending-export,pending-export,pending-export,pending-export,pending-export,pending-export,pending-export,pending-export,pending-export,pending-export,,2026-09-23,keep
/prompt-gallery/claude-prompt-for-tone-and-style-editing,prompt-hub,prompts,en,index,https://www.marqly.com/prompt-gallery/claude-prompt-for-tone-and-style-editing,"Claude Prompt for Tone and Style Editing | Marqly Prompt Gallery","Copy-paste this writing &amp; content prompt to generate claude prompt for tone and style editing. Works with Claude, ChatGPT, Gemini, Kimi and more.",published,2,188,pending-export,pending-export,pending-export,pending-export,pending-export,pending-export,pending-export,pending-export,pending-export,pending-export,,2026-09-23,keep
/prompt-gallery/claude-prompt-for-travel-bucket-lists,prompt-hub,prompts,en,index,https://www.marqly.com/prompt-gallery/claude-prompt-for-travel-bucket-lists,"Claude Prompt for Travel Bucket Lists | Marqly Prompt Gallery","Copy-paste this personal &amp; creative prompt to generate claude prompt for travel bucket lists. Works with Claude, ChatGPT, Gemini, Kimi and more.",published,2,188,pending-export,pending-export,pending-export,pending-export,pending-export,pending-export,pending-export,pending-export,pending-export,pending-export,,2026-09-23,keep
/prompt-gallery/claude-prompt-for-youtube-shorts-scripts,prompt-hub,prompts,en,index,https://www.marqly.com/prompt-gallery/claude-prompt-for-youtube-shorts-scripts,"Claude Prompt for YouTube Shorts Scripts | Marqly Prompt Gallery","Copy-paste this social media prompt to generate claude prompt for youtube shorts scripts. Works with Claude, ChatGPT, Gemini, copy-ai and more.",published,2,187,pending-export,pending-export,pending-export,pending-export,pending-export,pending-export,pending-export,pending-export,pending-export,pending-export,,2026-09-23,keep
/prompt-gallery/client-onboarding-email-sequence-prompt,prompt-hub,prompts,en,index,https://www.marqly.com/prompt-gallery/client-onboarding-email-sequence-prompt,"Client onboarding Email Sequence Prompt | Marqly Prompt Gallery","Copy-paste this work &amp; productivity prompt to generate client onboarding email sequence. Works with ChatGPT, Claude, Gemini, copilot and more.",published,8,188,pending-export,pending-export,pending-export,pending-export,pending-export,pending-export,pending-export,pending-export,pending-export,pending-export,,2026-09-23,keep
/prompt-gallery/code-migration-assistant-prompt,prompt-hub,prompts,en,index,https://www.marqly.com/prompt-gallery/code-migration-assistant-prompt,"Code Migration Assistant Prompt | Marqly Prompt Gallery","Copy-paste this coding &amp; development prompt to generate code migration assistant. Works with ChatGPT, Claude, Gemini, copilot and more.",published,2,187,pending-export,pending-export,pending-export,pending-export,pending-export,pending-export,pending-export,pending-export,pending-export,pending-export,,2026-09-23,keep
/prompt-gallery/cohort-retention-analysis-prompt,prompt-hub,prompts,en,index,https://www.marqly.com/prompt-gallery/cohort-retention-analysis-prompt,"Cohort Retention Analysis Prompt | Marqly Prompt Gallery","Copy-paste this analysis &amp; data prompt to generate cohort retention analysis. Works with ChatGPT, Claude, Gemini, perplexity and more.",published,2,186,pending-export,pending-export,pending-export,pending-export,pending-export,pending-export,pending-export,pending-export,pending-export,pending-export,,2026-09-23,keep
/prompt-gallery/cold-outreach-email-prompt,prompt-hub,prompts,en,index,https://www.marqly.com/prompt-gallery/cold-outreach-email-prompt,"Cold Outreach Email Prompt | Marqly Prompt Gallery","Copy-paste this writing &amp; content prompt to generate cold outreach email. Works with ChatGPT, Claude, Gemini, DeepSeek and more.",published,2,188,pending-export,pending-export,pending-export,pending-export,pending-export,pending-export,pending-export,pending-export,pending-export,pending-export,,2026-09-23,keep
/prompt-gallery/community-engagement-reply-prompt,prompt-hub,prompts,en,index,https://www.marqly.com/prompt-gallery/community-engagement-reply-prompt,"Community Engagement Reply Prompt | Marqly Prompt Gallery","Copy-paste this social media prompt to generate community engagement reply. Works with ChatGPT, Claude, Gemini, copy-ai and more.",published,2,187,pending-export,pending-export,pending-export,pending-export,pending-export,pending-export,pending-export,pending-export,pending-export,pending-export,,2026-09-23,keep
/prompt-gallery/compare-two-concepts-or-theories-prompt,prompt-hub,prompts,en,index,https://www.marqly.com/prompt-gallery/compare-two-concepts-or-theories-prompt,"Compare Two Concepts or Theories Prompt | Marqly Prompt Gallery","Create a side-by-side comparison of two theories, frameworks, or tools with use cases.",published,2,187,pending-export,pending-export,pending-export,pending-export,pending-export,pending-export,pending-export,pending-export,pending-export,pending-export,,2026-09-23,keep
/prompt-gallery/competitor-backlink-opportunity-prompt,prompt-hub,prompts,en,index,https://www.marqly.com/prompt-gallery/competitor-backlink-opportunity-prompt,"Competitor Backlink Opportunity Prompt | Marqly Prompt Gallery","Find realistic backlink opportunities by analyzing competitor referrers and industry targets.",published,2,188,pending-export,pending-export,pending-export,pending-export,pending-export,pending-export,pending-export,pending-export,pending-export,pending-export,,2026-09-23,keep
/prompt-gallery/competitor-benchmark-analysis-prompt,prompt-hub,prompts,en,index,https://www.marqly.com/prompt-gallery/competitor-benchmark-analysis-prompt,"Competitor Benchmark Analysis Prompt | Marqly Prompt Gallery","Benchmark competitors across features, pricing, messaging, and positioning.",published,2,186,pending-export,pending-export,pending-export,pending-export,pending-export,pending-export,pending-export,pending-export,pending-export,pending-export,,2026-09-23,keep
/prompt-gallery/competitor-content-gap-analysis-prompt,prompt-hub,prompts,en,index,https://www.marqly.com/prompt-gallery/competitor-content-gap-analysis-prompt,"Competitor Content Gap Analysis Prompt | Marqly Prompt Gallery","Identify missing subtopics and angles by comparing your content to top-ranking competitors.",published,2,188,pending-export,pending-export,pending-export,pending-export,pending-export,pending-export,pending-export,pending-export,pending-export,pending-export,,2026-09-23,keep
/prompt-gallery/competitor-feature-comparison-prompt,prompt-hub,prompts,en,index,https://www.marqly.com/prompt-gallery/competitor-feature-comparison-prompt,"Competitor Feature Comparison Prompt | Marqly Prompt Gallery","Copy-paste this analysis &amp; data prompt to generate competitor feature comparison. Works with ChatGPT, Claude, Gemini, perplexity and more.",published,2,186,pending-export,pending-export,pending-export,pending-export,pending-export,pending-export,pending-export,pending-export,pending-export,pending-export,,2026-09-23,keep
/prompt-gallery/competitor-pricing-analysis-prompt,prompt-hub,prompts,en,index,https://www.marqly.com/prompt-gallery/competitor-pricing-analysis-prompt,"Competitor Pricing Analysis Prompt | Marqly Prompt Gallery","Copy-paste this seo &amp; marketing prompt to generate competitor pricing analysis. Works with ChatGPT, Claude, Gemini, perplexity and more.",published,2,188,pending-export,pending-export,pending-export,pending-export,pending-export,pending-export,pending-export,pending-export,pending-export,pending-export,,2026-09-23,keep
/prompt-gallery/concept-definition-prompt,prompt-hub,prompts,en,index,https://www.marqly.com/prompt-gallery/concept-definition-prompt,"Concept Definition Prompt | Marqly Prompt Gallery","Copy-paste this research &amp; learning prompt to generate concept definition. Works with ChatGPT, Claude, Gemini, perplexity and more.",published,2,187,pending-export,pending-export,pending-export,pending-export,pending-export,pending-export,pending-export,pending-export,pending-export,pending-export,,2026-09-23,keep
/prompt-gallery/conference-talk-proposal-prompt,prompt-hub,prompts,en,index,https://www.marqly.com/prompt-gallery/conference-talk-proposal-prompt,"Conference Talk Proposal Prompt | Marqly Prompt Gallery","Copy-paste this work &amp; productivity prompt to generate conference talk proposal. Works with ChatGPT, Claude, Gemini, copilot and more.",published,2,188,pending-export,pending-export,pending-export,pending-export,pending-export,pending-export,pending-export,pending-export,pending-export,pending-export,,2026-09-23,keep
/prompt-gallery/constraint-based-output-prompt,prompt-hub,prompts,en,index,https://www.marqly.com/prompt-gallery/constraint-based-output-prompt,"Constraint-Based Output Prompt | Marqly Prompt Gallery","Specify hard limits on length, format, tone, and content to control output.",published,2,188,pending-export,pending-export,pending-export,pending-export,pending-export,pending-export,pending-export,pending-export,pending-export,pending-export,,2026-09-23,keep
/prompt-gallery/content-repurposing-plan-prompt,prompt-hub,prompts,en,index,https://www.marqly.com/prompt-gallery/content-repurposing-plan-prompt,"Content Repurposing Plan Prompt | Marqly Prompt Gallery","Copy-paste this seo &amp; marketing prompt to generate content repurposing plan. Works with ChatGPT, Claude, Gemini, perplexity and more.",published,2,188,pending-export,pending-export,pending-export,pending-export,pending-export,pending-export,pending-export,pending-export,pending-export,pending-export,,2026-09-23,keep
/prompt-gallery/conversion-focused-homepage-rewrite-prompt,prompt-hub,prompts,en,index,https://www.marqly.com/prompt-gallery/conversion-focused-homepage-rewrite-prompt,"Conversion-Focused Homepage Rewrite Prompt | Marqly Prompt Gallery","Copy-paste this seo &amp; marketing prompt to generate conversion-focused homepage rewrite. Works with ChatGPT, Claude, Gemini, perplexity and more.",published,2,188,pending-export,pending-export,pending-export,pending-export,pending-export,pending-export,pending-export,pending-export,pending-export,pending-export,,2026-09-23,keep
/prompt-gallery/copilot-prompt-for-ci-cd-pipelines,prompt-hub,prompts,en,index,https://www.marqly.com/prompt-gallery/copilot-prompt-for-ci-cd-pipelines,"Copilot Prompt for CI/CD Pipelines | Marqly Prompt Gallery","Copy-paste this coding &amp; development prompt to generate copilot prompt for ci/cd pipelines. Works with copilot, ChatGPT, Claude, DeepSeek and more.",published,2,187,pending-export,pending-export,pending-export,pending-export,pending-export,pending-export,pending-export,pending-export,pending-export,pending-export,,2026-09-23,keep
/prompt-gallery/copilot-prompt-for-cloud-infrastructure,prompt-hub,prompts,en,index,https://www.marqly.com/prompt-gallery/copilot-prompt-for-cloud-infrastructure,"Copilot Prompt for Cloud Infrastructure | Marqly Prompt Gallery","Copy-paste this coding &amp; development prompt to generate copilot prompt for cloud infrastructure. Works with copilot, ChatGPT, Claude, DeepSeek and more.",published,2,187,pending-export,pending-export,pending-export,pending-export,pending-export,pending-export,pending-export,pending-export,pending-export,pending-export,,2026-09-23,keep
/prompt-gallery/copilot-prompt-for-habit-tracking,prompt-hub,prompts,en,index,https://www.marqly.com/prompt-gallery/copilot-prompt-for-habit-tracking,"Copilot Prompt for Habit Tracking | Marqly Prompt Gallery","Copy-paste this work &amp; productivity prompt to generate copilot prompt for habit tracking. Works with copilot, ChatGPT, Claude, Gemini and more.",published,2,188,pending-export,pending-export,pending-export,pending-export,pending-export,pending-export,pending-export,pending-export,pending-export,pending-export,,2026-09-23,keep
/prompt-gallery/copilot-prompt-for-presentation-outlines,prompt-hub,prompts,en,index,https://www.marqly.com/prompt-gallery/copilot-prompt-for-presentation-outlines,"Copilot Prompt for Presentation Outlines | Marqly Prompt Gallery","Copy-paste this work &amp; productivity prompt to generate copilot prompt for presentation outlines. Works with copilot, ChatGPT, Claude, Gemini and more.",published,2,188,pending-export,pending-export,pending-export,pending-export,pending-export,pending-export,pending-export,pending-export,pending-export,pending-export,,2026-09-23,keep
/prompt-gallery/copilot-prompt-for-project-timelines,prompt-hub,prompts,en,index,https://www.marqly.com/prompt-gallery/copilot-prompt-for-project-timelines,"Copilot Prompt for Project Timelines | Marqly Prompt Gallery","Copy-paste this work &amp; productivity prompt to generate copilot prompt for project timelines. Works with copilot, ChatGPT, Claude, DeepSeek and more.",published,2,188,pending-export,pending-export,pending-export,pending-export,pending-export,pending-export,pending-export,pending-export,pending-export,pending-export,,2026-09-23,keep
/prompt-gallery/copilot-prompt-for-task-prioritization,prompt-hub,prompts,en,index,https://www.marqly.com/prompt-gallery/copilot-prompt-for-task-prioritization,"Copilot Prompt for Task Prioritization | Marqly Prompt Gallery","Copy-paste this work &amp; productivity prompt to generate copilot prompt for task prioritization. Works with copilot, ChatGPT, Claude, Gemini and more.",published,2,188,pending-export,pending-export,pending-export,pending-export,pending-export,pending-export,pending-export,pending-export,pending-export,pending-export,,2026-09-23,keep
/prompt-gallery/copilot-prompt-for-unit-tests,prompt-hub,prompts,en,index,https://www.marqly.com/prompt-gallery/copilot-prompt-for-unit-tests,"Copilot Prompt for Unit Tests | Marqly Prompt Gallery","Copy-paste this coding &amp; development prompt to generate copilot prompt for unit tests. Works with copilot, ChatGPT, Claude, DeepSeek and more.",published,2,187,pending-export,pending-export,pending-export,pending-export,pending-export,pending-export,pending-export,pending-export,pending-export,pending-export,,2026-09-23,keep
/prompt-gallery/copy-ai-prompt-for-affiliate-marketing-content,prompt-hub,prompts,en,index,https://www.marqly.com/prompt-gallery/copy-ai-prompt-for-affiliate-marketing-content,"Copy.ai Prompt for Affiliate Marketing Content | Marqly Prompt Gallery","Copy-paste this seo &amp; marketing prompt to generate copy.ai prompt for affiliate marketing content. Works with copy-ai, ChatGPT, Claude, jasper and more.",published,2,188,pending-export,pending-export,pending-export,pending-export,pending-export,pending-export,pending-export,pending-export,pending-export,pending-export,,2026-09-23,keep
/prompt-gallery/copy-ai-prompt-for-facebook-ad-copy,prompt-hub,prompts,en,index,https://www.marqly.com/prompt-gallery/copy-ai-prompt-for-facebook-ad-copy,"Copy.ai Prompt for Facebook Ad Copy | Marqly Prompt Gallery","Copy-paste this seo &amp; marketing prompt to generate copy.ai prompt for facebook ad copy. Works with copy-ai, ChatGPT, Claude, jasper and more.",published,2,188,pending-export,pending-export,pending-export,pending-export,pending-export,pending-export,pending-export,pending-export,pending-export,pending-export,,2026-09-23,keep
/prompt-gallery/copy-ai-prompt-for-google-ads-copy,prompt-hub,prompts,en,index,https://www.marqly.com/prompt-gallery/copy-ai-prompt-for-google-ads-copy,"Copy.ai Prompt for Google Ads Copy | Marqly Prompt Gallery","Copy-paste this seo &amp; marketing prompt to generate copy.ai prompt for google ads copy. Works with copy-ai, ChatGPT, Claude, jasper and more.",published,2,188,pending-export,pending-export,pending-export,pending-export,pending-export,pending-export,pending-export,pending-export,pending-export,pending-export,,2026-09-23,keep
/prompt-gallery/copy-ai-prompt-for-pinterest-descriptions,prompt-hub,prompts,en,index,https://www.marqly.com/prompt-gallery/copy-ai-prompt-for-pinterest-descriptions,"Copy.ai Prompt for Pinterest Descriptions | Marqly Prompt Gallery","Copy-paste this social media prompt to generate copy.ai prompt for pinterest descriptions. Works with copy-ai, ChatGPT, Claude, jasper and more.",published,2,187,pending-export,pending-export,pending-export,pending-export,pending-export,pending-export,pending-export,pending-export,pending-export,pending-export,,2026-09-23,keep
/prompt-gallery/copy-ai-prompt-for-user-generated-content-campaigns,prompt-hub,prompts,en,index,https://www.marqly.com/prompt-gallery/copy-ai-prompt-for-user-generated-content-campaigns,"Copy.ai Prompt for User-Generated Content Campaigns | Marqly Prompt Gallery","Copy-paste this social media prompt to generate copy.ai prompt for user-generated content campaigns. Works with copy-ai, ChatGPT, Claude, jasper and more.",published,2,187,pending-export,pending-export,pending-export,pending-export,pending-export,pending-export,pending-export,pending-export,pending-export,pending-export,,2026-09-23,keep
/prompt-gallery/copy-ai-prompt-for-youtube-video-titles,prompt-hub,prompts,en,index,https://www.marqly.com/prompt-gallery/copy-ai-prompt-for-youtube-video-titles,"Copy.ai Prompt for YouTube Video Titles | Marqly Prompt Gallery","Copy-paste this social media prompt to generate copy.ai prompt for youtube video titles. Works with copy-ai, ChatGPT, Claude, jasper and more.",published,2,187,pending-export,pending-export,pending-export,pending-export,pending-export,pending-export,pending-export,pending-export,pending-export,pending-export,,2026-09-23,keep
/prompt-gallery/cozy-book-nook-digital-art-prompt,prompt-hub,prompts,en,index,https://www.marqly.com/prompt-gallery/cozy-book-nook-digital-art-prompt,"Cozy Book Nook Digital Art Prompt | Marqly Prompt Gallery","Copy-paste this image &amp; photo prompt to generate cozy book nook digital art. Works with Midjourney, DALL-E, Stable Diffusion, leonardo and more.",published,41,187,pending-export,pending-export,pending-export,pending-export,pending-export,pending-export,pending-export,pending-export,pending-export,pending-export,,2026-09-23,keep
/prompt-gallery/creative-date-night-ideas-prompt,prompt-hub,prompts,en,index,https://www.marqly.com/prompt-gallery/creative-date-night-ideas-prompt,"Creative Date Night Ideas Prompt | Marqly Prompt Gallery","Copy-paste this personal &amp; creative prompt to generate creative date night ideas. Works with ChatGPT, Claude, Gemini, DeepSeek and more.",published,2,188,pending-export,pending-export,pending-export,pending-export,pending-export,pending-export,pending-export,pending-export,pending-export,pending-export,,2026-09-23,keep
/prompt-gallery/creative-writing-story-starter-prompt,prompt-hub,prompts,en,index,https://www.marqly.com/prompt-gallery/creative-writing-story-starter-prompt,"Creative Writing Story Starter Prompt | Marqly Prompt Gallery","Kickstart a short story with character, setting, conflict, and a twist constraint.",published,2,188,pending-export,pending-export,pending-export,pending-export,pending-export,pending-export,pending-export,pending-export,pending-export,pending-export,,2026-09-23,keep
/prompt-gallery/custom-workout-plan-builder-prompt,prompt-hub,prompts,en,index,https://www.marqly.com/prompt-gallery/custom-workout-plan-builder-prompt,"Custom Workout Plan Builder Prompt | Marqly Prompt Gallery","Design a progressive workout plan based on goals, equipment, and schedule.",published,2,188,pending-export,pending-export,pending-export,pending-export,pending-export,pending-export,pending-export,pending-export,pending-export,pending-export,,2026-09-23,keep
/prompt-gallery/customer-feedback-theme-extraction-prompt,prompt-hub,prompts,en,index,https://www.marqly.com/prompt-gallery/customer-feedback-theme-extraction-prompt,"Customer Feedback Theme Extraction Prompt | Marqly Prompt Gallery","Group qualitative feedback into themes and rank by frequency and urgency.",published,2,186,pending-export,pending-export,pending-export,pending-export,pending-export,pending-export,pending-export,pending-export,pending-export,pending-export,,2026-09-23,keep
/prompt-gallery/customer-review-sentiment-analysis-prompt,prompt-hub,prompts,en,index,https://www.marqly.com/prompt-gallery/customer-review-sentiment-analysis-prompt,"Customer Review Sentiment Analysis Prompt | Marqly Prompt Gallery","Classify reviews by sentiment, extract themes, and surface actionable insights.",published,2,186,pending-export,pending-export,pending-export,pending-export,pending-export,pending-export,pending-export,pending-export,pending-export,pending-export,,2026-09-23,keep
/prompt-gallery/customer-segmentation-prompt,prompt-hub,prompts,en,index,https://www.marqly.com/prompt-gallery/customer-segmentation-prompt,"Customer Segmentation Prompt | Marqly Prompt Gallery","Copy-paste this analysis &amp; data prompt to generate customer segmentation. Works with ChatGPT, Claude, Gemini, perplexity and more.",published,2,186,pending-export,pending-export,pending-export,pending-export,pending-export,pending-export,pending-export,pending-export,pending-export,pending-export,,2026-09-23,keep
/prompt-gallery/customer-testimonial-request-prompt,prompt-hub,prompts,en,index,https://www.marqly.com/prompt-gallery/customer-testimonial-request-prompt,"Customer Testimonial Request Prompt | Marqly Prompt Gallery","Copy-paste this seo &amp; marketing prompt to generate customer testimonial request. Works with ChatGPT, Claude, Gemini, perplexity and more.",published,2,188,pending-export,pending-export,pending-export,pending-export,pending-export,pending-export,pending-export,pending-export,pending-export,pending-export,,2026-09-23,keep
/prompt-gallery/d-d-campaign-hook-prompt,prompt-hub,prompts,en,index,https://www.marqly.com/prompt-gallery/d-d-campaign-hook-prompt,"D&amp;D Campaign Hook Prompt | Marqly Prompt Gallery","Copy-paste this personal &amp; creative prompt to generate d&amp;d campaign hook. Works with ChatGPT, Claude, Gemini, DeepSeek and more.",published,2,188,pending-export,pending-export,pending-export,pending-export,pending-export,pending-export,pending-export,pending-export,pending-export,pending-export,,2026-09-23,keep
/prompt-gallery/daily-standup-summary-prompt,prompt-hub,prompts,en,index,https://www.marqly.com/prompt-gallery/daily-standup-summary-prompt,"Daily Standup Summary Prompt | Marqly Prompt Gallery","Copy-paste this work &amp; productivity prompt to generate daily standup summary. Works with ChatGPT, Claude, Gemini, copilot and more.",published,2,188,pending-export,pending-export,pending-export,pending-export,pending-export,pending-export,pending-export,pending-export,pending-export,pending-export,,2026-09-23,keep
/prompt-gallery/dall-e-prompt-for-cinematic-landscapes,prompt-hub,prompts,en,index,https://www.marqly.com/prompt-gallery/dall-e-prompt-for-cinematic-landscapes,"DALL-E Prompt for Cinematic Landscapes | Marqly Prompt Gallery","Copy-paste this image &amp; photo prompt to generate dall-e prompt for cinematic landscapes. Works with DALL-E, Midjourney, Stable Diffusion, bing-image-creator",published,8,187,pending-export,pending-export,pending-export,pending-export,pending-export,pending-export,pending-export,pending-export,pending-export,pending-export,,2026-09-23,keep
/prompt-gallery/dall-e-prompt-for-isometric-illustrations,prompt-hub,prompts,en,index,https://www.marqly.com/prompt-gallery/dall-e-prompt-for-isometric-illustrations,"DALL-E Prompt for Isometric Illustrations | Marqly Prompt Gallery","Copy-paste this image &amp; photo prompt to generate dall-e prompt for isometric illustrations. Works with DALL-E, Midjourney, Stable Diffusion, ideogram and mo",published,2,187,pending-export,pending-export,pending-export,pending-export,pending-export,pending-export,pending-export,pending-export,pending-export,pending-export,,2026-09-23,keep
/prompt-gallery/dataset-insights-extraction-prompt,prompt-hub,prompts,en,index,https://www.marqly.com/prompt-gallery/dataset-insights-extraction-prompt,"Dataset Insights Extraction Prompt | Marqly Prompt Gallery","Turn raw data into trends, outliers, correlations, and recommendations.",published,2,186,pending-export,pending-export,pending-export,pending-export,pending-export,pending-export,pending-export,pending-export,pending-export,pending-export,,2026-09-23,keep
/prompt-gallery/debug-a-stack-trace-prompt,prompt-hub,prompts,en,index,https://www.marqly.com/prompt-gallery/debug-a-stack-trace-prompt,"Debug a Stack Trace Prompt | Marqly Prompt Gallery","Diagnose the root cause of an error using the stack trace, code, and context.",published,2,187,pending-export,pending-export,pending-export,pending-export,pending-export,pending-export,pending-export,pending-export,pending-export,pending-export,,2026-09-23,keep
/prompt-gallery/decision-log-prompt,prompt-hub,prompts,en,index,https://www.marqly.com/prompt-gallery/decision-log-prompt,"Decision Log Prompt | Marqly Prompt Gallery","Copy-paste this work &amp; productivity prompt to generate decision log. Works with ChatGPT, Claude, Gemini, copilot and more.",published,2,188,pending-export,pending-export,pending-export,pending-export,pending-export,pending-export,pending-export,pending-export,pending-export,pending-export,,2026-09-23,keep
/prompt-gallery/deepseek-prompt-for-automatic-prompt-evaluation,prompt-hub,prompts,en,index,https://www.marqly.com/prompt-gallery/deepseek-prompt-for-automatic-prompt-evaluation,"DeepSeek Prompt for Automatic Prompt Evaluation | Marqly Prompt Gallery","Copy-paste this prompt engineering prompt to generate deepseek prompt for automatic prompt evaluation. Works with DeepSeek, ChatGPT, Claude, Gemini and more.",published,2,188,pending-export,pending-export,pending-export,pending-export,pending-export,pending-export,pending-export,pending-export,pending-export,pending-export,,2026-09-23,keep
/prompt-gallery/deepseek-prompt-for-backlink-outreach-emails,prompt-hub,prompts,en,index,https://www.marqly.com/prompt-gallery/deepseek-prompt-for-backlink-outreach-emails,"DeepSeek Prompt for Backlink Outreach Emails | Marqly Prompt Gallery","Copy-paste this seo &amp; marketing prompt to generate deepseek prompt for backlink outreach emails. Works with DeepSeek, ChatGPT, Claude, copy-ai and more.",published,2,188,pending-export,pending-export,pending-export,pending-export,pending-export,pending-export,pending-export,pending-export,pending-export,pending-export,,2026-09-23,keep
/prompt-gallery/deepseek-prompt-for-churn-analysis,prompt-hub,prompts,en,index,https://www.marqly.com/prompt-gallery/deepseek-prompt-for-churn-analysis,"DeepSeek Prompt for Churn Analysis | Marqly Prompt Gallery","Copy-paste this analysis &amp; data prompt to generate deepseek prompt for churn analysis. Works with DeepSeek, ChatGPT, Claude, Kimi and more.",published,2,186,pending-export,pending-export,pending-export,pending-export,pending-export,pending-export,pending-export,pending-export,pending-export,pending-export,,2026-09-23,keep
/prompt-gallery/deepseek-prompt-for-code-refactoring,prompt-hub,prompts,en,index,https://www.marqly.com/prompt-gallery/deepseek-prompt-for-code-refactoring,"DeepSeek Prompt for Code Refactoring | Marqly Prompt Gallery","Copy-paste this coding &amp; development prompt to generate deepseek prompt for code refactoring. Works with DeepSeek, ChatGPT, Claude, Kimi and more.",published,2,187,pending-export,pending-export,pending-export,pending-export,pending-export,pending-export,pending-export,pending-export,pending-export,pending-export,,2026-09-23,keep
/prompt-gallery/deepseek-prompt-for-crm-data-cleanup,prompt-hub,prompts,en,index,https://www.marqly.com/prompt-gallery/deepseek-prompt-for-crm-data-cleanup,"DeepSeek Prompt for CRM Data Cleanup | Marqly Prompt Gallery","Copy-paste this work &amp; productivity prompt to generate deepseek prompt for crm data cleanup. Works with DeepSeek, ChatGPT, Claude, copilot and more.",published,2,188,pending-export,pending-export,pending-export,pending-export,pending-export,pending-export,pending-export,pending-export,pending-export,pending-export,,2026-09-23,keep
/prompt-gallery/deepseek-prompt-for-customer-journey-mapping,prompt-hub,prompts,en,index,https://www.marqly.com/prompt-gallery/deepseek-prompt-for-customer-journey-mapping,"DeepSeek Prompt for Customer Journey Mapping | Marqly Prompt Gallery","Copy-paste this seo &amp; marketing prompt to generate deepseek prompt for customer journey mapping. Works with DeepSeek, ChatGPT, Claude, Gemini and more.",published,2,188,pending-export,pending-export,pending-export,pending-export,pending-export,pending-export,pending-export,pending-export,pending-export,pending-export,,2026-09-23,keep
/prompt-gallery/deepseek-prompt-for-data-structure-algorithms,prompt-hub,prompts,en,index,https://www.marqly.com/prompt-gallery/deepseek-prompt-for-data-structure-algorithms,"DeepSeek Prompt for Data Structure Algorithms | Marqly Prompt Gallery","Copy-paste this coding &amp; development prompt to generate deepseek prompt for data structure algorithms. Works with DeepSeek, ChatGPT, Claude, Kimi and more.",published,2,187,pending-export,pending-export,pending-export,pending-export,pending-export,pending-export,pending-export,pending-export,pending-export,pending-export,,2026-09-23,keep
/prompt-gallery/deepseek-prompt-for-debugging-code,prompt-hub,prompts,en,index,https://www.marqly.com/prompt-gallery/deepseek-prompt-for-debugging-code,"DeepSeek Prompt for Debugging Code | Marqly Prompt Gallery","Copy-paste this coding &amp; development prompt to generate deepseek prompt for debugging code. Works with DeepSeek, ChatGPT, Claude, Kimi and more.",published,2,187,pending-export,pending-export,pending-export,pending-export,pending-export,pending-export,pending-export,pending-export,pending-export,pending-export,,2026-09-23,keep
/prompt-gallery/deepseek-prompt-for-decision-making,prompt-hub,prompts,en,index,https://www.marqly.com/prompt-gallery/deepseek-prompt-for-decision-making,"DeepSeek Prompt for Decision Making | Marqly Prompt Gallery","Copy-paste this work &amp; productivity prompt to generate deepseek prompt for decision making. Works with DeepSeek, ChatGPT, Claude, Kimi and more.",published,2,188,pending-export,pending-export,pending-export,pending-export,pending-export,pending-export,pending-export,pending-export,pending-export,pending-export,,2026-09-23,keep
/prompt-gallery/deepseek-prompt-for-delegation-briefs,prompt-hub,prompts,en,index,https://www.marqly.com/prompt-gallery/deepseek-prompt-for-delegation-briefs,"DeepSeek Prompt for Delegation Briefs | Marqly Prompt Gallery","Copy-paste this work &amp; productivity prompt to generate deepseek prompt for delegation briefs. Works with DeepSeek, ChatGPT, Claude, Kimi and more.",published,2,188,pending-export,pending-export,pending-export,pending-export,pending-export,pending-export,pending-export,pending-export,pending-export,pending-export,,2026-09-23,keep
/prompt-gallery/deepseek-prompt-for-ebook-chapter-drafts,prompt-hub,prompts,en,index,https://www.marqly.com/prompt-gallery/deepseek-prompt-for-ebook-chapter-drafts,"DeepSeek Prompt for Ebook Chapter Drafts | Marqly Prompt Gallery","Copy-paste this writing &amp; content prompt to generate deepseek prompt for ebook chapter drafts. Works with DeepSeek, ChatGPT, Claude, Kimi and more.",published,2,188,pending-export,pending-export,pending-export,pending-export,pending-export,pending-export,pending-export,pending-export,pending-export,pending-export,,2026-09-23,keep
/prompt-gallery/deepseek-prompt-for-funnel-analysis,prompt-hub,prompts,en,index,https://www.marqly.com/prompt-gallery/deepseek-prompt-for-funnel-analysis,"DeepSeek Prompt for Funnel Analysis | Marqly Prompt Gallery","Copy-paste this analysis &amp; data prompt to generate deepseek prompt for funnel analysis. Works with DeepSeek, ChatGPT, Claude, Kimi and more.",published,2,186,pending-export,pending-export,pending-export,pending-export,pending-export,pending-export,pending-export,pending-export,pending-export,pending-export,,2026-09-23,keep
/prompt-gallery/deepseek-prompt-for-kpi-dashboards,prompt-hub,prompts,en,index,https://www.marqly.com/prompt-gallery/deepseek-prompt-for-kpi-dashboards,"DeepSeek Prompt for KPI Dashboards | Marqly Prompt Gallery","Copy-paste this analysis &amp; data prompt to generate deepseek prompt for kpi dashboards. Works with DeepSeek, ChatGPT, Claude, Kimi and more.",published,2,186,pending-export,pending-export,pending-export,pending-export,pending-export,pending-export,pending-export,pending-export,pending-export,pending-export,,2026-09-23,keep
/prompt-gallery/deepseek-prompt-for-landing-page-headlines,prompt-hub,prompts,en,index,https://www.marqly.com/prompt-gallery/deepseek-prompt-for-landing-page-headlines,"DeepSeek Prompt for Landing Page Headlines | Marqly Prompt Gallery","Copy-paste this writing &amp; content prompt to generate deepseek prompt for landing page headlines. Works with DeepSeek, ChatGPT, Claude, copy-ai and more.",published,2,188,pending-export,pending-export,pending-export,pending-export,pending-export,pending-export,pending-export,pending-export,pending-export,pending-export,,2026-09-23,keep
/prompt-gallery/deepseek-prompt-for-marketing-funnel-strategy,prompt-hub,prompts,en,index,https://www.marqly.com/prompt-gallery/deepseek-prompt-for-marketing-funnel-strategy,"DeepSeek Prompt for Marketing Funnel Strategy | Marqly Prompt Gallery","Copy-paste this seo &amp; marketing prompt to generate deepseek prompt for marketing funnel strategy. Works with DeepSeek, ChatGPT, Claude, Gemini and more.",published,2,188,pending-export,pending-export,pending-export,pending-export,pending-export,pending-export,pending-export,pending-export,pending-export,pending-export,,2026-09-23,keep
/prompt-gallery/deepseek-prompt-for-performance-reviews,prompt-hub,prompts,en,index,https://www.marqly.com/prompt-gallery/deepseek-prompt-for-performance-reviews,"DeepSeek Prompt for Performance Reviews | Marqly Prompt Gallery","Copy-paste this work &amp; productivity prompt to generate deepseek prompt for performance reviews. Works with DeepSeek, ChatGPT, Claude, Gemini and more.",published,2,188,pending-export,pending-export,pending-export,pending-export,pending-export,pending-export,pending-export,pending-export,pending-export,pending-export,,2026-09-23,keep
/prompt-gallery/deepseek-prompt-for-persona-prompt-building,prompt-hub,prompts,en,index,https://www.marqly.com/prompt-gallery/deepseek-prompt-for-persona-prompt-building,"DeepSeek Prompt for Persona Prompt Building | Marqly Prompt Gallery","Copy-paste this prompt engineering prompt to generate deepseek prompt for persona prompt building. Works with DeepSeek, ChatGPT, Claude, Kimi and more.",published,2,188,pending-export,pending-export,pending-export,pending-export,pending-export,pending-export,pending-export,pending-export,pending-export,pending-export,,2026-09-23,keep
/prompt-gallery/deepseek-prompt-for-persuasive-sales-emails,prompt-hub,prompts,en,index,https://www.marqly.com/prompt-gallery/deepseek-prompt-for-persuasive-sales-emails,"DeepSeek Prompt for Persuasive Sales Emails | Marqly Prompt Gallery","Copy-paste this writing &amp; content prompt to generate deepseek prompt for persuasive sales emails. Works with DeepSeek, ChatGPT, Claude, copy-ai and more.",published,2,188,pending-export,pending-export,pending-export,pending-export,pending-export,pending-export,pending-export,pending-export,pending-export,pending-export,,2026-09-23,keep
/prompt-gallery/deepseek-prompt-for-prompt-chaining,prompt-hub,prompts,en,index,https://www.marqly.com/prompt-gallery/deepseek-prompt-for-prompt-chaining,"DeepSeek Prompt for Prompt Chaining | Marqly Prompt Gallery","Copy-paste this prompt engineering prompt to generate deepseek prompt for prompt chaining. Works with DeepSeek, ChatGPT, Claude, Kimi and more.",published,2,188,pending-export,pending-export,pending-export,pending-export,pending-export,pending-export,pending-export,pending-export,pending-export,pending-export,,2026-09-23,keep
/prompt-gallery/deepseek-prompt-for-sales-forecasting,prompt-hub,prompts,en,index,https://www.marqly.com/prompt-gallery/deepseek-prompt-for-sales-forecasting,"DeepSeek Prompt for Sales Forecasting | Marqly Prompt Gallery","Copy-paste this analysis &amp; data prompt to generate deepseek prompt for sales forecasting. Works with DeepSeek, ChatGPT, Claude, Gemini and more.",published,2,186,pending-export,pending-export,pending-export,pending-export,pending-export,pending-export,pending-export,pending-export,pending-export,pending-export,,2026-09-23,keep
/prompt-gallery/deepseek-prompt-for-search-intent-analysis,prompt-hub,prompts,en,index,https://www.marqly.com/prompt-gallery/deepseek-prompt-for-search-intent-analysis,"DeepSeek Prompt for Search Intent Analysis | Marqly Prompt Gallery","Copy-paste this seo &amp; marketing prompt to generate deepseek prompt for search intent analysis. Works with DeepSeek, ChatGPT, Claude, perplexity and more.",published,2,188,pending-export,pending-export,pending-export,pending-export,pending-export,pending-export,pending-export,pending-export,pending-export,pending-export,,2026-09-23,keep
/prompt-gallery/deepseek-prompt-for-self-consistency-checks,prompt-hub,prompts,en,index,https://www.marqly.com/prompt-gallery/deepseek-prompt-for-self-consistency-checks,"DeepSeek Prompt for Self-Consistency Checks | Marqly Prompt Gallery","Copy-paste this prompt engineering prompt to generate deepseek prompt for self-consistency checks. Works with DeepSeek, ChatGPT, Claude, Gemini and more.",published,2,188,pending-export,pending-export,pending-export,pending-export,pending-export,pending-export,pending-export,pending-export,pending-export,pending-export,,2026-09-23,keep
/prompt-gallery/deepseek-prompt-for-seo-friendly-product-copy,prompt-hub,prompts,en,index,https://www.marqly.com/prompt-gallery/deepseek-prompt-for-seo-friendly-product-copy,"DeepSeek Prompt for SEO-Friendly Product Copy | Marqly Prompt Gallery","Copy-paste this writing &amp; content prompt to generate deepseek prompt for seo-friendly product copy. Works with DeepSeek, ChatGPT, Claude, copy-ai and more.",published,2,188,pending-export,pending-export,pending-export,pending-export,pending-export,pending-export,pending-export,pending-export,pending-export,pending-export,,2026-09-23,keep
/prompt-gallery/deepseek-prompt-for-system-design,prompt-hub,prompts,en,index,https://www.marqly.com/prompt-gallery/deepseek-prompt-for-system-design,"DeepSeek Prompt for System Design | Marqly Prompt Gallery","Copy-paste this coding &amp; development prompt to generate deepseek prompt for system design. Works with DeepSeek, ChatGPT, Claude, Kimi and more.",published,2,187,pending-export,pending-export,pending-export,pending-export,pending-export,pending-export,pending-export,pending-export,pending-export,pending-export,,2026-09-23,keep
/prompt-gallery/deepseek-prompt-for-writing-regex,prompt-hub,prompts,en,index,https://www.marqly.com/prompt-gallery/deepseek-prompt-for-writing-regex,"DeepSeek Prompt for Writing Regex | Marqly Prompt Gallery","Copy-paste this coding &amp; development prompt to generate deepseek prompt for writing regex. Works with DeepSeek, ChatGPT, Claude, Gemini and more.",published,2,187,pending-export,pending-export,pending-export,pending-export,pending-export,pending-export,pending-export,pending-export,pending-export,pending-export,,2026-09-23,keep
/prompt-gallery/delegation-brief-prompt,prompt-hub,prompts,en,index,https://www.marqly.com/prompt-gallery/delegation-brief-prompt,"Delegation Brief Prompt | Marqly Prompt Gallery","Copy-paste this work &amp; productivity prompt to generate delegation brief. Works with ChatGPT, Claude, Gemini, copilot and more.",published,2,188,pending-export,pending-export,pending-export,pending-export,pending-export,pending-export,pending-export,pending-export,pending-export,pending-export,,2026-09-23,keep
/prompt-gallery/dockerfile-generator-prompt,prompt-hub,prompts,en,index,https://www.marqly.com/prompt-gallery/dockerfile-generator-prompt,"Dockerfile Generator Prompt | Marqly Prompt Gallery","Copy-paste this coding &amp; development prompt to generate dockerfile generator. Works with ChatGPT, Claude, Gemini, copilot and more.",published,2,187,pending-export,pending-export,pending-export,pending-export,pending-export,pending-export,pending-export,pending-export,pending-export,pending-export,,2026-09-23,keep
/prompt-gallery/e-commerce-product-description-prompt,prompt-hub,prompts,en,index,https://www.marqly.com/prompt-gallery/e-commerce-product-description-prompt,"E-commerce Product Description Prompt | Marqly Prompt Gallery","Write a benefit-driven product description that balances SEO keywords and conversion copy.",published,2,188,pending-export,pending-export,pending-export,pending-export,pending-export,pending-export,pending-export,pending-export,pending-export,pending-export,,2026-09-23,keep
/prompt-gallery/email-subject-line-tester-prompt,prompt-hub,prompts,en,index,https://www.marqly.com/prompt-gallery/email-subject-line-tester-prompt,"Email Subject Line Tester Prompt | Marqly Prompt Gallery","Copy-paste this seo &amp; marketing prompt to generate email subject line tester. Works with ChatGPT, Claude, Gemini, perplexity and more.",published,2,188,pending-export,pending-export,pending-export,pending-export,pending-export,pending-export,pending-export,pending-export,pending-export,pending-export,,2026-09-23,keep
/prompt-gallery/error-log-analyzer-prompt,prompt-hub,prompts,en,index,https://www.marqly.com/prompt-gallery/error-log-analyzer-prompt,"Error Log Analyzer Prompt | Marqly Prompt Gallery","Copy-paste this coding &amp; development prompt to generate error log analyzer. Works with ChatGPT, Claude, Gemini, copilot and more.",published,2,187,pending-export,pending-export,pending-export,pending-export,pending-export,pending-export,pending-export,pending-export,pending-export,pending-export,,2026-09-23,keep
/prompt-gallery/event-planning-checklist-prompt,prompt-hub,prompts,en,index,https://www.marqly.com/prompt-gallery/event-planning-checklist-prompt,"Event Planning Checklist Prompt | Marqly Prompt Gallery","Copy-paste this work &amp; productivity prompt to generate event planning checklist. Works with ChatGPT, Claude, Gemini, copilot and more.",published,2,188,pending-export,pending-export,pending-export,pending-export,pending-export,pending-export,pending-export,pending-export,pending-export,pending-export,,2026-09-23,keep
/prompt-gallery/executive-summary-prompt,prompt-hub,prompts,en,index,https://www.marqly.com/prompt-gallery/executive-summary-prompt,"Executive Summary Prompt | Marqly Prompt Gallery","Copy-paste this writing &amp; content prompt to generate executive summary. Works with ChatGPT, Claude, Gemini, DeepSeek and more.",published,2,188,pending-export,pending-export,pending-export,pending-export,pending-export,pending-export,pending-export,pending-export,pending-export,pending-export,,2026-09-23,keep
/prompt-gallery/explain-complex-code-prompt,prompt-hub,prompts,en,index,https://www.marqly.com/prompt-gallery/explain-complex-code-prompt,"Explain Complex Code Prompt | Marqly Prompt Gallery","Get a plain-English explanation of unfamiliar code with potential bug flags.",published,2,187,pending-export,pending-export,pending-export,pending-export,pending-export,pending-export,pending-export,pending-export,pending-export,pending-export,,2026-09-23,keep
/prompt-gallery/explain-like-im-five-prompt,prompt-hub,prompts,en,index,https://www.marqly.com/prompt-gallery/explain-like-im-five-prompt,"Explain Like I&#39;m Five Prompt | Marqly Prompt Gallery","Break down a complex topic into a simple, playful analogy a child could understand.",published,2,187,pending-export,pending-export,pending-export,pending-export,pending-export,pending-export,pending-export,pending-export,pending-export,pending-export,,2026-09-23,keep
/prompt-gallery/facebook-google-ad-copy-variations-prompt,prompt-hub,prompts,en,index,https://www.marqly.com/prompt-gallery/facebook-google-ad-copy-variations-prompt,"Facebook &amp; Google Ad Copy Variations Prompt | Marqly Prompt Gallery","Produce multiple ad copy angles for A/B testing across emotional, logical, and urgency hooks.",published,2,188,pending-export,pending-export,pending-export,pending-export,pending-export,pending-export,pending-export,pending-export,pending-export,pending-export,,2026-09-23,keep
/prompt-gallery/facebook-group-post-prompt,prompt-hub,prompts,en,index,https://www.marqly.com/prompt-gallery/facebook-group-post-prompt,"Facebook Group Post Prompt | Marqly Prompt Gallery","Copy-paste this social media prompt to generate facebook group post. Works with ChatGPT, Claude, Gemini, copy-ai and more.",published,2,187,pending-export,pending-export,pending-export,pending-export,pending-export,pending-export,pending-export,pending-export,pending-export,pending-export,,2026-09-23,keep
/prompt-gallery/fantasy-rpg-avatar-character-prompt,prompt-hub,prompts,en,index,https://www.marqly.com/prompt-gallery/fantasy-rpg-avatar-character-prompt,"Fantasy RPG Avatar Character Prompt | Marqly Prompt Gallery","Generate a stylized fantasy RPG avatar with detailed costume, dramatic lighting, and painterly rendering.",published,2,187,pending-export,pending-export,pending-export,pending-export,pending-export,pending-export,pending-export,pending-export,pending-export,pending-export,,2026-09-23,keep
/prompt-gallery/faq-page-generator-prompt,prompt-hub,prompts,en,index,https://www.marqly.com/prompt-gallery/faq-page-generator-prompt,"FAQ Page Generator Prompt | Marqly Prompt Gallery","Copy-paste this writing &amp; content prompt to generate faq page generator. Works with ChatGPT, Claude, Gemini, DeepSeek and more.",published,2,188,pending-export,pending-export,pending-export,pending-export,pending-export,pending-export,pending-export,pending-export,pending-export,pending-export,,2026-09-23,keep
/prompt-gallery/fashion-editorial-photography-prompt,prompt-hub,prompts,en,index,https://www.marqly.com/prompt-gallery/fashion-editorial-photography-prompt,"Fashion Editorial Photography Prompt | Marqly Prompt Gallery","Copy-paste this image &amp; photo prompt to generate fashion editorial photography. Works with Midjourney, DALL-E, Stable Diffusion, leonardo and more.",published,2,187,pending-export,pending-export,pending-export,pending-export,pending-export,pending-export,pending-export,pending-export,pending-export,pending-export,,2026-09-23,keep
/prompt-gallery/featured-snippet-optimization-prompt,prompt-hub,prompts,en,index,https://www.marqly.com/prompt-gallery/featured-snippet-optimization-prompt,"Featured Snippet Optimization Prompt | Marqly Prompt Gallery","Rewrite a section to win a paragraph, list, or table featured snippet for a target keyword.",published,2,188,pending-export,pending-export,pending-export,pending-export,pending-export,pending-export,pending-export,pending-export,pending-export,pending-export,,2026-09-23,keep
/prompt-gallery/few-shot-examples-prompt,prompt-hub,prompts,en,index,https://www.marqly.com/prompt-gallery/few-shot-examples-prompt,"Few-Shot Examples Prompt | Marqly Prompt Gallery","Teach the model a pattern by showing 2-5 input-output examples first.",published,2,188,pending-export,pending-export,pending-export,pending-export,pending-export,pending-export,pending-export,pending-export,pending-export,pending-export,,2026-09-23,keep
/prompt-gallery/fiction-plot-twist-prompt,prompt-hub,prompts,en,index,https://www.marqly.com/prompt-gallery/fiction-plot-twist-prompt,"Fiction Plot Twist Prompt | Marqly Prompt Gallery","Copy-paste this personal &amp; creative prompt to generate fiction plot twist. Works with ChatGPT, Claude, Gemini, DeepSeek and more.",published,2,188,pending-export,pending-export,pending-export,pending-export,pending-export,pending-export,pending-export,pending-export,pending-export,pending-export,,2026-09-23,keep
/prompt-gallery/flashcard-generator-prompt,prompt-hub,prompts,en,index,https://www.marqly.com/prompt-gallery/flashcard-generator-prompt,"Flashcard Generator Prompt | Marqly Prompt Gallery","Copy-paste this research &amp; learning prompt to generate flashcard generator. Works with ChatGPT, Claude, Gemini, perplexity and more.",published,2,187,pending-export,pending-export,pending-export,pending-export,pending-export,pending-export,pending-export,pending-export,pending-export,pending-export,,2026-09-23,keep
/prompt-gallery/frontend-component-prompt,prompt-hub,prompts,en,index,https://www.marqly.com/prompt-gallery/frontend-component-prompt,"Frontend Component Prompt | Marqly Prompt Gallery","Copy-paste this coding &amp; development prompt to generate frontend component. Works with ChatGPT, Claude, Gemini, copilot and more.",published,2,187,pending-export,pending-export,pending-export,pending-export,pending-export,pending-export,pending-export,pending-export,pending-export,pending-export,,2026-09-23,keep
/prompt-gallery/gemini-prompt-for-brand-positioning,prompt-hub,prompts,en,index,https://www.marqly.com/prompt-gallery/gemini-prompt-for-brand-positioning,"Gemini Prompt for Brand Positioning | Marqly Prompt Gallery","Copy-paste this seo &amp; marketing prompt to generate gemini prompt for brand positioning. Works with Gemini, ChatGPT, Claude, DeepSeek and more.",published,2,188,pending-export,pending-export,pending-export,pending-export,pending-export,pending-export,pending-export,pending-export,pending-export,pending-export,,2026-09-23,keep
/prompt-gallery/gemini-prompt-for-budget-planning,prompt-hub,prompts,en,index,https://www.marqly.com/prompt-gallery/gemini-prompt-for-budget-planning,"Gemini Prompt for Budget Planning | Marqly Prompt Gallery","Copy-paste this personal &amp; creative prompt to generate gemini prompt for budget planning. Works with Gemini, ChatGPT, Claude, DeepSeek and more.",published,2,188,pending-export,pending-export,pending-export,pending-export,pending-export,pending-export,pending-export,pending-export,pending-export,pending-export,,2026-09-23,keep
/prompt-gallery/gemini-prompt-for-competitor-keyword-mapping,prompt-hub,prompts,en,index,https://www.marqly.com/prompt-gallery/gemini-prompt-for-competitor-keyword-mapping,"Gemini Prompt for Competitor Keyword Mapping | Marqly Prompt Gallery","Copy-paste this seo &amp; marketing prompt to generate gemini prompt for competitor keyword mapping. Works with Gemini, ChatGPT, Claude, perplexity and more.",published,2,188,pending-export,pending-export,pending-export,pending-export,pending-export,pending-export,pending-export,pending-export,pending-export,pending-export,,2026-09-23,keep
/prompt-gallery/gemini-prompt-for-conversion-rate-optimization,prompt-hub,prompts,en,index,https://www.marqly.com/prompt-gallery/gemini-prompt-for-conversion-rate-optimization,"Gemini Prompt for Conversion Rate Optimization | Marqly Prompt Gallery","Copy-paste this seo &amp; marketing prompt to generate gemini prompt for conversion rate optimization. Works with Gemini, ChatGPT, Claude, DeepSeek and more.",published,2,188,pending-export,pending-export,pending-export,pending-export,pending-export,pending-export,pending-export,pending-export,pending-export,pending-export,,2026-09-23,keep
/prompt-gallery/gemini-prompt-for-hobby-project-ideas,prompt-hub,prompts,en,index,https://www.marqly.com/prompt-gallery/gemini-prompt-for-hobby-project-ideas,"Gemini Prompt for Hobby Project Ideas | Marqly Prompt Gallery","Copy-paste this personal &amp; creative prompt to generate gemini prompt for hobby project ideas. Works with Gemini, ChatGPT, Claude, DeepSeek and more.",published,2,188,pending-export,pending-export,pending-export,pending-export,pending-export,pending-export,pending-export,pending-export,pending-export,pending-export,,2026-09-23,keep
/prompt-gallery/gemini-prompt-for-journaling-prompts,prompt-hub,prompts,en,index,https://www.marqly.com/prompt-gallery/gemini-prompt-for-journaling-prompts,"Gemini Prompt for Journaling Prompts | Marqly Prompt Gallery","Copy-paste this personal &amp; creative prompt to generate gemini prompt for journaling prompts. Works with Gemini, ChatGPT, Claude, Kimi and more.",published,2,188,pending-export,pending-export,pending-export,pending-export,pending-export,pending-export,pending-export,pending-export,pending-export,pending-export,,2026-09-23,keep
/prompt-gallery/gemini-prompt-for-local-seo-optimization,prompt-hub,prompts,en,index,https://www.marqly.com/prompt-gallery/gemini-prompt-for-local-seo-optimization,"Gemini Prompt for Local SEO Optimization | Marqly Prompt Gallery","Copy-paste this seo &amp; marketing prompt to generate gemini prompt for local seo optimization. Works with Gemini, ChatGPT, Claude, copilot and more.",published,2,188,pending-export,pending-export,pending-export,pending-export,pending-export,pending-export,pending-export,pending-export,pending-export,pending-export,,2026-09-23,keep
/prompt-gallery/gemini-prompt-for-personalized-greetings,prompt-hub,prompts,en,index,https://www.marqly.com/prompt-gallery/gemini-prompt-for-personalized-greetings,"Gemini Prompt for Personalized Greetings | Marqly Prompt Gallery","Copy-paste this personal &amp; creative prompt to generate gemini prompt for personalized greetings. Works with Gemini, ChatGPT, Claude, Kimi and more.",published,2,188,pending-export,pending-export,pending-export,pending-export,pending-export,pending-export,pending-export,pending-export,pending-export,pending-export,,2026-09-23,keep
/prompt-gallery/generate-a-code-snippet-prompt,prompt-hub,prompts,en,index,https://www.marqly.com/prompt-gallery/generate-a-code-snippet-prompt,"Generate a Code Snippet Prompt | Marqly Prompt Gallery","Generate a focused, well-named function with inputs, outputs, and error handling.",published,2,187,pending-export,pending-export,pending-export,pending-export,pending-export,pending-export,pending-export,pending-export,pending-export,pending-export,,2026-09-23,keep
/prompt-gallery/gift-ideas-generator-prompt,prompt-hub,prompts,en,index,https://www.marqly.com/prompt-gallery/gift-ideas-generator-prompt,"Gift Ideas Generator Prompt | Marqly Prompt Gallery","Curate personalized gift ideas across budgets, interests, and occasions.",published,2,188,pending-export,pending-export,pending-export,pending-export,pending-export,pending-export,pending-export,pending-export,pending-export,pending-export,,2026-09-23,keep
/prompt-gallery/google-ads-keyword-expansion-prompt,prompt-hub,prompts,en,index,https://www.marqly.com/prompt-gallery/google-ads-keyword-expansion-prompt,"Google Ads Keyword Expansion Prompt | Marqly Prompt Gallery","Copy-paste this seo &amp; marketing prompt to generate google ads keyword expansion. Works with ChatGPT, Claude, Gemini, perplexity and more.",published,2,188,pending-export,pending-export,pending-export,pending-export,pending-export,pending-export,pending-export,pending-export,pending-export,pending-export,,2026-09-23,keep
/prompt-gallery/graphql-schema-prompt,prompt-hub,prompts,en,index,https://www.marqly.com/prompt-gallery/graphql-schema-prompt,"GraphQL Schema Prompt | Marqly Prompt Gallery","Copy-paste this coding &amp; development prompt to generate graphql schema. Works with ChatGPT, Claude, Gemini, copilot and more.",published,2,187,pending-export,pending-export,pending-export,pending-export,pending-export,pending-export,pending-export,pending-export,pending-export,pending-export,,2026-09-23,keep
/prompt-gallery/gratitude-letter-prompt,prompt-hub,prompts,en,index,https://www.marqly.com/prompt-gallery/gratitude-letter-prompt,"Gratitude Letter Prompt | Marqly Prompt Gallery","Copy-paste this personal &amp; creative prompt to generate gratitude letter. Works with ChatGPT, Claude, Gemini, DeepSeek and more.",published,2,188,pending-export,pending-export,pending-export,pending-export,pending-export,pending-export,pending-export,pending-export,pending-export,pending-export,,2026-09-23,keep
/prompt-gallery/guest-post-pitch-prompt,prompt-hub,prompts,en,index,https://www.marqly.com/prompt-gallery/guest-post-pitch-prompt,"Guest Post Pitch Prompt | Marqly Prompt Gallery","Copy-paste this writing &amp; content prompt to generate guest post pitch. Works with ChatGPT, Claude, Gemini, DeepSeek and more.",published,2,188,pending-export,pending-export,pending-export,pending-export,pending-export,pending-export,pending-export,pending-export,pending-export,pending-export,,2026-09-23,keep
/prompt-gallery/habit-tracker-setup-prompt,prompt-hub,prompts,en,index,https://www.marqly.com/prompt-gallery/habit-tracker-setup-prompt,"Habit Tracker Setup Prompt | Marqly Prompt Gallery","Copy-paste this work &amp; productivity prompt to generate habit tracker setup. Works with ChatGPT, Claude, Gemini, copilot and more.",published,2,188,pending-export,pending-export,pending-export,pending-export,pending-export,pending-export,pending-export,pending-export,pending-export,pending-export,,2026-09-23,keep
/prompt-gallery/hashtag-strategy-prompt,prompt-hub,prompts,en,index,https://www.marqly.com/prompt-gallery/hashtag-strategy-prompt,"Hashtag Strategy Prompt | Marqly Prompt Gallery","Copy-paste this social media prompt to generate hashtag strategy. Works with ChatGPT, Claude, Gemini, copy-ai and more.",published,2,187,pending-export,pending-export,pending-export,pending-export,pending-export,pending-export,pending-export,pending-export,pending-export,pending-export,,2026-09-23,keep
/prompt-gallery/historical-event-analysis-prompt,prompt-hub,prompts,en,index,https://www.marqly.com/prompt-gallery/historical-event-analysis-prompt,"Historical Event Analysis Prompt | Marqly Prompt Gallery","Copy-paste this research &amp; learning prompt to generate historical event analysis. Works with ChatGPT, Claude, Gemini, perplexity and more.",published,2,187,pending-export,pending-export,pending-export,pending-export,pending-export,pending-export,pending-export,pending-export,pending-export,pending-export,,2026-09-23,keep
/prompt-gallery/hobby-project-brainstorm-prompt,prompt-hub,prompts,en,index,https://www.marqly.com/prompt-gallery/hobby-project-brainstorm-prompt,"Hobby Project Brainstorm Prompt | Marqly Prompt Gallery","Copy-paste this personal &amp; creative prompt to generate hobby project brainstorm. Works with ChatGPT, Claude, Gemini, DeepSeek and more.",published,2,188,pending-export,pending-export,pending-export,pending-export,pending-export,pending-export,pending-export,pending-export,pending-export,pending-export,,2026-09-23,keep
/prompt-gallery/home-workout-routine-prompt,prompt-hub,prompts,en,index,https://www.marqly.com/prompt-gallery/home-workout-routine-prompt,"Home Workout Routine Prompt | Marqly Prompt Gallery","Copy-paste this personal &amp; creative prompt to generate home workout routine. Works with ChatGPT, Claude, Gemini, DeepSeek and more.",published,2,188,pending-export,pending-export,pending-export,pending-export,pending-export,pending-export,pending-export,pending-export,pending-export,pending-export,,2026-09-23,keep
/prompt-gallery/hyperrealistic-pet-portrait-prompt,prompt-hub,prompts,en,index,https://www.marqly.com/prompt-gallery/hyperrealistic-pet-portrait-prompt,"Hyperrealistic Pet Portrait Prompt | Marqly Prompt Gallery","Copy-paste this image &amp; photo prompt to generate hyperrealistic pet portrait. Works with Midjourney, DALL-E, Stable Diffusion, leonardo and more.",published,2,187,pending-export,pending-export,pending-export,pending-export,pending-export,pending-export,pending-export,pending-export,pending-export,pending-export,,2026-09-23,keep
/prompt-gallery/hypothesis-testing-prompt,prompt-hub,prompts,en,index,https://www.marqly.com/prompt-gallery/hypothesis-testing-prompt,"Hypothesis Testing Prompt | Marqly Prompt Gallery","Copy-paste this prompt engineering prompt to generate hypothesis testing. Works with ChatGPT, Claude, Gemini, DeepSeek and more.",published,2,188,pending-export,pending-export,pending-export,pending-export,pending-export,pending-export,pending-export,pending-export,pending-export,pending-export,,2026-09-23,keep
/prompt-gallery/ideogram-prompt-for-3d-icons,prompt-hub,prompts,en,index,https://www.marqly.com/prompt-gallery/ideogram-prompt-for-3d-icons,"Ideogram Prompt for 3D Icons | Marqly Prompt Gallery","Copy-paste this image &amp; photo prompt to generate ideogram prompt for 3d icons. Works with ideogram, Midjourney, DALL-E, Stable Diffusion and more.",published,2,187,pending-export,pending-export,pending-export,pending-export,pending-export,pending-export,pending-export,pending-export,pending-export,pending-export,,2026-09-23,keep
/prompt-gallery/ideogram-prompt-for-watercolor-art,prompt-hub,prompts,en,index,https://www.marqly.com/prompt-gallery/ideogram-prompt-for-watercolor-art,"Ideogram Prompt for Watercolor Art | Marqly Prompt Gallery","Copy-paste this image &amp; photo prompt to generate ideogram prompt for watercolor art. Works with ideogram, Midjourney, DALL-E, leonardo and more.",published,2,187,pending-export,pending-export,pending-export,pending-export,pending-export,pending-export,pending-export,pending-export,pending-export,pending-export,,2026-09-23,keep
/prompt-gallery/inbox-zero-assistant-prompt,prompt-hub,prompts,en,index,https://www.marqly.com/prompt-gallery/inbox-zero-assistant-prompt,"Inbox Zero Assistant Prompt | Marqly Prompt Gallery","Copy-paste this work &amp; productivity prompt to generate inbox zero assistant. Works with ChatGPT, Claude, Gemini, copilot and more.",published,2,188,pending-export,pending-export,pending-export,pending-export,pending-export,pending-export,pending-export,pending-export,pending-export,pending-export,,2026-09-23,keep
/prompt-gallery/industry-trend-summary-prompt,prompt-hub,prompts,en,index,https://www.marqly.com/prompt-gallery/industry-trend-summary-prompt,"Industry Trend Summary Prompt | Marqly Prompt Gallery","Synthesize multiple reports into a concise trend summary with implications.",published,2,186,pending-export,pending-export,pending-export,pending-export,pending-export,pending-export,pending-export,pending-export,pending-export,pending-export,,2026-09-23,keep
/prompt-gallery/influencer-brief-prompt,prompt-hub,prompts,en,index,https://www.marqly.com/prompt-gallery/influencer-brief-prompt,"Influencer Brief Prompt | Marqly Prompt Gallery","Copy-paste this seo &amp; marketing prompt to generate influencer brief. Works with ChatGPT, Claude, Gemini, perplexity and more.",published,2,188,pending-export,pending-export,pending-export,pending-export,pending-export,pending-export,pending-export,pending-export,pending-export,pending-export,,2026-09-23,keep
/prompt-gallery/influencer-outreach-dm-prompt,prompt-hub,prompts,en,index,https://www.marqly.com/prompt-gallery/influencer-outreach-dm-prompt,"Influencer Outreach DM Prompt | Marqly Prompt Gallery","Copy-paste this social media prompt to generate influencer outreach dm. Works with ChatGPT, Claude, Gemini, copy-ai and more.",published,2,187,pending-export,pending-export,pending-export,pending-export,pending-export,pending-export,pending-export,pending-export,pending-export,pending-export,,2026-09-23,keep
/prompt-gallery/instagram-carousel-caption-prompt,prompt-hub,prompts,en,index,https://www.marqly.com/prompt-gallery/instagram-carousel-caption-prompt,"Instagram Carousel Caption Prompt | Marqly Prompt Gallery","Generate an engaging carousel caption with a hook, slide breakdown, and save-worthy CTA.",published,2,188,pending-export,pending-export,pending-export,pending-export,pending-export,pending-export,pending-export,pending-export,pending-export,pending-export,,2026-09-23,keep
/prompt-gallery/instagram-reel-script-prompt,prompt-hub,prompts,en,index,https://www.marqly.com/prompt-gallery/instagram-reel-script-prompt,"Instagram Reel Script Prompt | Marqly Prompt Gallery","Create a short-form Reel script with hook, pacing, on-screen text, and CTA.",published,2,187,pending-export,pending-export,pending-export,pending-export,pending-export,pending-export,pending-export,pending-export,pending-export,pending-export,,2026-09-23,keep
/prompt-gallery/instagram-story-poll-prompt,prompt-hub,prompts,en,index,https://www.marqly.com/prompt-gallery/instagram-story-poll-prompt,"Instagram Story Poll Prompt | Marqly Prompt Gallery","Copy-paste this social media prompt to generate instagram story poll. Works with ChatGPT, Claude, Gemini, copy-ai and more.",published,2,187,pending-export,pending-export,pending-export,pending-export,pending-export,pending-export,pending-export,pending-export,pending-export,pending-export,,2026-09-23,keep
/prompt-gallery/interview-question-generator-prompt,prompt-hub,prompts,en,index,https://www.marqly.com/prompt-gallery/interview-question-generator-prompt,"Interview Question Generator Prompt | Marqly Prompt Gallery","Copy-paste this research &amp; learning prompt to generate interview question generator. Works with ChatGPT, Claude, Gemini, perplexity and more.",published,2,187,pending-export,pending-export,pending-export,pending-export,pending-export,pending-export,pending-export,pending-export,pending-export,pending-export,,2026-09-23,keep
/prompt-gallery/isometric-3d-icon-set-prompt,prompt-hub,prompts,en,index,https://www.marqly.com/prompt-gallery/isometric-3d-icon-set-prompt,"Isometric 3D Icon Set Prompt | Marqly Prompt Gallery","Copy-paste this image &amp; photo prompt to generate isometric 3d icon set. Works with Midjourney, DALL-E, Stable Diffusion, leonardo and more.",published,2,187,pending-export,pending-export,pending-export,pending-export,pending-export,pending-export,pending-export,pending-export,pending-export,pending-export,,2026-09-23,keep
/prompt-gallery/iterative-refinement-loop-prompt,prompt-hub,prompts,en,index,https://www.marqly.com/prompt-gallery/iterative-refinement-loop-prompt,"Iterative Refinement Loop Prompt | Marqly Prompt Gallery","Copy-paste this prompt engineering prompt to generate iterative refinement loop. Works with ChatGPT, Claude, Gemini, DeepSeek and more.",published,2,188,pending-export,pending-export,pending-export,pending-export,pending-export,pending-export,pending-export,pending-export,pending-export,pending-export,,2026-09-23,keep
/prompt-gallery/jasper-prompt-for-giveaway-announcements,prompt-hub,prompts,en,index,https://www.marqly.com/prompt-gallery/jasper-prompt-for-giveaway-announcements,"Jasper Prompt for Giveaway Announcements | Marqly Prompt Gallery","Copy-paste this social media prompt to generate jasper prompt for giveaway announcements. Works with jasper, ChatGPT, Claude, copy-ai and more.",published,2,187,pending-export,pending-export,pending-export,pending-export,pending-export,pending-export,pending-export,pending-export,pending-export,pending-export,,2026-09-23,keep
/prompt-gallery/jasper-prompt-for-social-media-content-calendars,prompt-hub,prompts,en,index,https://www.marqly.com/prompt-gallery/jasper-prompt-for-social-media-content-calendars,"Jasper Prompt for Social Media Content Calendars | Marqly Prompt Gallery","Copy-paste this social media prompt to generate jasper prompt for social media content calendars. Works with jasper, ChatGPT, Claude, copy-ai and more.",published,2,187,pending-export,pending-export,pending-export,pending-export,pending-export,pending-export,pending-export,pending-export,pending-export,pending-export,,2026-09-23,keep
/prompt-gallery/jasper-prompt-for-social-media-hashtag-strategy,prompt-hub,prompts,en,index,https://www.marqly.com/prompt-gallery/jasper-prompt-for-social-media-hashtag-strategy,"Jasper Prompt for Social Media Hashtag Strategy | Marqly Prompt Gallery","Copy-paste this social media prompt to generate jasper prompt for social media hashtag strategy. Works with jasper, ChatGPT, Claude, copy-ai and more.",published,2,187,pending-export,pending-export,pending-export,pending-export,pending-export,pending-export,pending-export,pending-export,pending-export,pending-export,,2026-09-23,keep
/prompt-gallery/jasper-prompt-for-youtube-video-descriptions,prompt-hub,prompts,en,index,https://www.marqly.com/prompt-gallery/jasper-prompt-for-youtube-video-descriptions,"Jasper Prompt for YouTube Video Descriptions | Marqly Prompt Gallery","Copy-paste this social media prompt to generate jasper prompt for youtube video descriptions. Works with jasper, ChatGPT, Claude, copy-ai and more.",published,2,187,pending-export,pending-export,pending-export,pending-export,pending-export,pending-export,pending-export,pending-export,pending-export,pending-export,,2026-09-23,keep
/prompt-gallery/keyword-clustering-topic-map-prompt,prompt-hub,prompts,en,index,https://www.marqly.com/prompt-gallery/keyword-clustering-topic-map-prompt,"Keyword Clustering &amp; Topic Map Prompt | Marqly Prompt Gallery","Group related keywords into clusters and map them to page types and funnel stages.",published,2,188,pending-export,pending-export,pending-export,pending-export,pending-export,pending-export,pending-export,pending-export,pending-export,pending-export,,2026-09-23,keep
/prompt-gallery/keyword-ranking-tracker-prompt,prompt-hub,prompts,en,index,https://www.marqly.com/prompt-gallery/keyword-ranking-tracker-prompt,"Keyword Ranking Tracker Prompt | Marqly Prompt Gallery","Copy-paste this analysis &amp; data prompt to generate keyword ranking tracker. Works with ChatGPT, Claude, Gemini, perplexity and more.",published,2,186,pending-export,pending-export,pending-export,pending-export,pending-export,pending-export,pending-export,pending-export,pending-export,pending-export,,2026-09-23,keep
/prompt-gallery/kimi-prompt-for-academic-writing,prompt-hub,prompts,en,index,https://www.marqly.com/prompt-gallery/kimi-prompt-for-academic-writing,"Kimi Prompt for Academic Writing | Marqly Prompt Gallery","Copy-paste this research &amp; learning prompt to generate kimi prompt for academic writing. Works with Kimi, ChatGPT, Claude, DeepSeek and more.",published,2,187,pending-export,pending-export,pending-export,pending-export,pending-export,pending-export,pending-export,pending-export,pending-export,pending-export,,2026-09-23,keep
/prompt-gallery/kimi-prompt-for-bash-scripts,prompt-hub,prompts,en,index,https://www.marqly.com/prompt-gallery/kimi-prompt-for-bash-scripts,"Kimi Prompt for Bash Scripts | Marqly Prompt Gallery","Copy-paste this coding &amp; development prompt to generate kimi prompt for bash scripts. Works with Kimi, ChatGPT, Claude, DeepSeek and more.",published,2,187,pending-export,pending-export,pending-export,pending-export,pending-export,pending-export,pending-export,pending-export,pending-export,pending-export,,2026-09-23,keep
/prompt-gallery/kimi-prompt-for-concept-mapping,prompt-hub,prompts,en,index,https://www.marqly.com/prompt-gallery/kimi-prompt-for-concept-mapping,"Kimi Prompt for Concept Mapping | Marqly Prompt Gallery","Copy-paste this research &amp; learning prompt to generate kimi prompt for concept mapping. Works with Kimi, ChatGPT, Claude, Gemini and more.",published,2,187,pending-export,pending-export,pending-export,pending-export,pending-export,pending-export,pending-export,pending-export,pending-export,pending-export,,2026-09-23,keep
/prompt-gallery/kimi-prompt-for-content-repurposing,prompt-hub,prompts,en,index,https://www.marqly.com/prompt-gallery/kimi-prompt-for-content-repurposing,"Kimi Prompt for Content Repurposing | Marqly Prompt Gallery","Copy-paste this writing &amp; content prompt to generate kimi prompt for content repurposing. Works with Kimi, ChatGPT, Claude, Gemini and more.",published,2,188,pending-export,pending-export,pending-export,pending-export,pending-export,pending-export,pending-export,pending-export,pending-export,pending-export,,2026-09-23,keep
/prompt-gallery/kimi-prompt-for-css-layouts,prompt-hub,prompts,en,index,https://www.marqly.com/prompt-gallery/kimi-prompt-for-css-layouts,"Kimi Prompt for CSS Layouts | Marqly Prompt Gallery","Copy-paste this coding &amp; development prompt to generate kimi prompt for css layouts. Works with Kimi, ChatGPT, Claude, Gemini and more.",published,2,187,pending-export,pending-export,pending-export,pending-export,pending-export,pending-export,pending-export,pending-export,pending-export,pending-export,,2026-09-23,keep
/prompt-gallery/kimi-prompt-for-customer-segmentation,prompt-hub,prompts,en,index,https://www.marqly.com/prompt-gallery/kimi-prompt-for-customer-segmentation,"Kimi Prompt for Customer Segmentation | Marqly Prompt Gallery","Copy-paste this analysis &amp; data prompt to generate kimi prompt for customer segmentation. Works with Kimi, ChatGPT, Claude, DeepSeek and more.",published,2,186,pending-export,pending-export,pending-export,pending-export,pending-export,pending-export,pending-export,pending-export,pending-export,pending-export,,2026-09-23,keep
/prompt-gallery/kimi-prompt-for-fitness-plans,prompt-hub,prompts,en,index,https://www.marqly.com/prompt-gallery/kimi-prompt-for-fitness-plans,"Kimi Prompt for Fitness Plans | Marqly Prompt Gallery","Copy-paste this personal &amp; creative prompt to generate kimi prompt for fitness plans. Works with Kimi, ChatGPT, Claude, Gemini and more.",published,2,188,pending-export,pending-export,pending-export,pending-export,pending-export,pending-export,pending-export,pending-export,pending-export,pending-export,,2026-09-23,keep
/prompt-gallery/kimi-prompt-for-gift-recommendations,prompt-hub,prompts,en,index,https://www.marqly.com/prompt-gallery/kimi-prompt-for-gift-recommendations,"Kimi Prompt for Gift Recommendations | Marqly Prompt Gallery","Copy-paste this personal &amp; creative prompt to generate kimi prompt for gift recommendations. Works with Kimi, ChatGPT, Claude, Gemini and more.",published,2,188,pending-export,pending-export,pending-export,pending-export,pending-export,pending-export,pending-export,pending-export,pending-export,pending-export,,2026-09-23,keep
/prompt-gallery/kimi-prompt-for-inbox-management,prompt-hub,prompts,en,index,https://www.marqly.com/prompt-gallery/kimi-prompt-for-inbox-management,"Kimi Prompt for Inbox Management | Marqly Prompt Gallery","Copy-paste this work &amp; productivity prompt to generate kimi prompt for inbox management. Works with Kimi, ChatGPT, Claude, copilot and more.",published,2,188,pending-export,pending-export,pending-export,pending-export,pending-export,pending-export,pending-export,pending-export,pending-export,pending-export,,2026-09-23,keep
/prompt-gallery/kimi-prompt-for-long-context-document-summaries,prompt-hub,prompts,en,index,https://www.marqly.com/prompt-gallery/kimi-prompt-for-long-context-document-summaries,"Kimi Prompt for Long-Context Document Summaries | Marqly Prompt Gallery","Copy-paste this writing &amp; content prompt to generate kimi prompt for long-context document summaries. Works with Kimi, ChatGPT, Claude, DeepSeek and more.",published,2,188,pending-export,pending-export,pending-export,pending-export,pending-export,pending-export,pending-export,pending-export,pending-export,pending-export,,2026-09-23,keep
/prompt-gallery/kimi-prompt-for-meeting-summaries,prompt-hub,prompts,en,index,https://www.marqly.com/prompt-gallery/kimi-prompt-for-meeting-summaries,"Kimi Prompt for Meeting Summaries | Marqly Prompt Gallery","Copy-paste this work &amp; productivity prompt to generate kimi prompt for meeting summaries. Works with Kimi, ChatGPT, Claude, copilot and more.",published,2,188,pending-export,pending-export,pending-export,pending-export,pending-export,pending-export,pending-export,pending-export,pending-export,pending-export,,2026-09-23,keep
/prompt-gallery/kimi-prompt-for-multi-agent-debate,prompt-hub,prompts,en,index,https://www.marqly.com/prompt-gallery/kimi-prompt-for-multi-agent-debate,"Kimi Prompt for Multi-Agent Debate | Marqly Prompt Gallery","Copy-paste this prompt engineering prompt to generate kimi prompt for multi-agent debate. Works with Kimi, ChatGPT, Claude, DeepSeek and more.",published,2,188,pending-export,pending-export,pending-export,pending-export,pending-export,pending-export,pending-export,pending-export,pending-export,pending-export,,2026-09-23,keep
/prompt-gallery/kimi-prompt-for-multilingual-content-adaptation,prompt-hub,prompts,en,index,https://www.marqly.com/prompt-gallery/kimi-prompt-for-multilingual-content-adaptation,"Kimi Prompt for Multilingual Content Adaptation | Marqly Prompt Gallery","Copy-paste this writing &amp; content prompt to generate kimi prompt for multilingual content adaptation. Works with Kimi, ChatGPT, Claude, Gemini and more.",published,2,188,pending-export,pending-export,pending-export,pending-export,pending-export,pending-export,pending-export,pending-export,pending-export,pending-export,,2026-09-23,keep
/prompt-gallery/kimi-prompt-for-pricing-analysis,prompt-hub,prompts,en,index,https://www.marqly.com/prompt-gallery/kimi-prompt-for-pricing-analysis,"Kimi Prompt for Pricing Analysis | Marqly Prompt Gallery","Copy-paste this analysis &amp; data prompt to generate kimi prompt for pricing analysis. Works with Kimi, ChatGPT, Claude, DeepSeek and more.",published,2,186,pending-export,pending-export,pending-export,pending-export,pending-export,pending-export,pending-export,pending-export,pending-export,pending-export,,2026-09-23,keep
/prompt-gallery/kimi-prompt-for-recipe-ideas,prompt-hub,prompts,en,index,https://www.marqly.com/prompt-gallery/kimi-prompt-for-recipe-ideas,"Kimi Prompt for Recipe Ideas | Marqly Prompt Gallery","Copy-paste this personal &amp; creative prompt to generate kimi prompt for recipe ideas. Works with Kimi, ChatGPT, Claude, Gemini and more.",published,2,188,pending-export,pending-export,pending-export,pending-export,pending-export,pending-export,pending-export,pending-export,pending-export,pending-export,,2026-09-23,keep
/prompt-gallery/kimi-prompt-for-research-proposals,prompt-hub,prompts,en,index,https://www.marqly.com/prompt-gallery/kimi-prompt-for-research-proposals,"Kimi Prompt for Research Proposals | Marqly Prompt Gallery","Copy-paste this research &amp; learning prompt to generate kimi prompt for research proposals. Works with Kimi, ChatGPT, Claude, Gemini and more.",published,2,187,pending-export,pending-export,pending-export,pending-export,pending-export,pending-export,pending-export,pending-export,pending-export,pending-export,,2026-09-23,keep
/prompt-gallery/kimi-prompt-for-root-cause-analysis,prompt-hub,prompts,en,index,https://www.marqly.com/prompt-gallery/kimi-prompt-for-root-cause-analysis,"Kimi Prompt for Root Cause Analysis | Marqly Prompt Gallery","Copy-paste this analysis &amp; data prompt to generate kimi prompt for root cause analysis. Works with Kimi, ChatGPT, Claude, DeepSeek and more.",published,2,186,pending-export,pending-export,pending-export,pending-export,pending-export,pending-export,pending-export,pending-export,pending-export,pending-export,,2026-09-23,keep
/prompt-gallery/kimi-prompt-for-science-experiments,prompt-hub,prompts,en,index,https://www.marqly.com/prompt-gallery/kimi-prompt-for-science-experiments,"Kimi Prompt for Science Experiments | Marqly Prompt Gallery","Copy-paste this research &amp; learning prompt to generate kimi prompt for science experiments. Works with Kimi, ChatGPT, Claude, Gemini and more.",published,2,187,pending-export,pending-export,pending-export,pending-export,pending-export,pending-export,pending-export,pending-export,pending-export,pending-export,,2026-09-23,keep
/prompt-gallery/kimi-prompt-for-sentiment-analysis,prompt-hub,prompts,en,index,https://www.marqly.com/prompt-gallery/kimi-prompt-for-sentiment-analysis,"Kimi Prompt for Sentiment Analysis | Marqly Prompt Gallery","Copy-paste this analysis &amp; data prompt to generate kimi prompt for sentiment analysis. Works with Kimi, ChatGPT, Claude, Gemini and more.",published,2,186,pending-export,pending-export,pending-export,pending-export,pending-export,pending-export,pending-export,pending-export,pending-export,pending-export,,2026-09-23,keep
/prompt-gallery/kimi-prompt-for-system-prompt-hardening,prompt-hub,prompts,en,index,https://www.marqly.com/prompt-gallery/kimi-prompt-for-system-prompt-hardening,"Kimi Prompt for System Prompt Hardening | Marqly Prompt Gallery","Copy-paste this prompt engineering prompt to generate kimi prompt for system prompt hardening. Works with Kimi, ChatGPT, Claude, DeepSeek and more.",published,2,188,pending-export,pending-export,pending-export,pending-export,pending-export,pending-export,pending-export,pending-export,pending-export,pending-export,,2026-09-23,keep
/prompt-gallery/kimi-prompt-for-time-blocking,prompt-hub,prompts,en,index,https://www.marqly.com/prompt-gallery/kimi-prompt-for-time-blocking,"Kimi Prompt for Time Blocking | Marqly Prompt Gallery","Copy-paste this work &amp; productivity prompt to generate kimi prompt for time blocking. Works with Kimi, ChatGPT, Claude, Gemini and more.",published,2,188,pending-export,pending-export,pending-export,pending-export,pending-export,pending-export,pending-export,pending-export,pending-export,pending-export,,2026-09-23,keep
/prompt-gallery/kimi-prompt-for-tree-of-thoughts,prompt-hub,prompts,en,index,https://www.marqly.com/prompt-gallery/kimi-prompt-for-tree-of-thoughts,"Kimi Prompt for Tree of Thoughts | Marqly Prompt Gallery","Copy-paste this prompt engineering prompt to generate kimi prompt for tree of thoughts. Works with Kimi, ChatGPT, Claude, DeepSeek and more.",published,2,188,pending-export,pending-export,pending-export,pending-export,pending-export,pending-export,pending-export,pending-export,pending-export,pending-export,,2026-09-23,keep
/prompt-gallery/kimi-prompt-for-typescript-types,prompt-hub,prompts,en,index,https://www.marqly.com/prompt-gallery/kimi-prompt-for-typescript-types,"Kimi Prompt for TypeScript Types | Marqly Prompt Gallery","Copy-paste this coding &amp; development prompt to generate kimi prompt for typescript types. Works with Kimi, ChatGPT, Claude, copilot and more.",published,2,187,pending-export,pending-export,pending-export,pending-export,pending-export,pending-export,pending-export,pending-export,pending-export,pending-export,,2026-09-23,keep
/prompt-gallery/kimi-prompt-for-workflow-automation,prompt-hub,prompts,en,index,https://www.marqly.com/prompt-gallery/kimi-prompt-for-workflow-automation,"Kimi Prompt for Workflow Automation | Marqly Prompt Gallery","Copy-paste this work &amp; productivity prompt to generate kimi prompt for workflow automation. Works with Kimi, ChatGPT, Claude, copilot and more.",published,2,188,pending-export,pending-export,pending-export,pending-export,pending-export,pending-export,pending-export,pending-export,pending-export,pending-export,,2026-09-23,keep
/prompt-gallery/kimi-prompt-for-writing-prompts,prompt-hub,prompts,en,index,https://www.marqly.com/prompt-gallery/kimi-prompt-for-writing-prompts,"Kimi Prompt for Writing Prompts | Marqly Prompt Gallery","Copy-paste this personal &amp; creative prompt to generate kimi prompt for writing prompts. Works with Kimi, ChatGPT, Claude, Gemini and more.",published,2,188,pending-export,pending-export,pending-export,pending-export,pending-export,pending-export,pending-export,pending-export,pending-export,pending-export,,2026-09-23,keep
/prompt-gallery/landing-page-copy-generator-prompt,prompt-hub,prompts,en,index,https://www.marqly.com/prompt-gallery/landing-page-copy-generator-prompt,"Landing Page Copy Generator Prompt | Marqly Prompt Gallery","Copy-paste this seo &amp; marketing prompt to generate landing page copy generator. Works with ChatGPT, Claude, Gemini, perplexity and more.",published,2,188,pending-export,pending-export,pending-export,pending-export,pending-export,pending-export,pending-export,pending-export,pending-export,pending-export,,2026-09-23,keep
/prompt-gallery/language-learning-conversation-prompt,prompt-hub,prompts,en,index,https://www.marqly.com/prompt-gallery/language-learning-conversation-prompt,"Language Learning Conversation Prompt | Marqly Prompt Gallery","Copy-paste this research &amp; learning prompt to generate language learning conversation. Works with ChatGPT, Claude, Gemini, perplexity and more.",published,2,187,pending-export,pending-export,pending-export,pending-export,pending-export,pending-export,pending-export,pending-export,pending-export,pending-export,,2026-09-23,keep
/prompt-gallery/lead-magnet-outline-prompt,prompt-hub,prompts,en,index,https://www.marqly.com/prompt-gallery/lead-magnet-outline-prompt,"Lead Magnet Outline Prompt | Marqly Prompt Gallery","Copy-paste this seo &amp; marketing prompt to generate lead magnet outline. Works with ChatGPT, Claude, Gemini, perplexity and more.",published,2,188,pending-export,pending-export,pending-export,pending-export,pending-export,pending-export,pending-export,pending-export,pending-export,pending-export,,2026-09-23,keep
/prompt-gallery/linkedin-about-section-rewrite-prompt,prompt-hub,prompts,en,index,https://www.marqly.com/prompt-gallery/linkedin-about-section-rewrite-prompt,"LinkedIn About Section Rewrite Prompt | Marqly Prompt Gallery","Copy-paste this writing &amp; content prompt to generate linkedin about section rewrite. Works with ChatGPT, Claude, Gemini, DeepSeek and more.",published,2,188,pending-export,pending-export,pending-export,pending-export,pending-export,pending-export,pending-export,pending-export,pending-export,pending-export,,2026-09-23,keep
/prompt-gallery/linkedin-headshot-prompt-for-corporate-executives,prompt-hub,prompts,en,index,https://www.marqly.com/prompt-gallery/linkedin-headshot-prompt-for-corporate-executives,"LinkedIn Headshot Prompt for Corporate Executives | Marqly Prompt Gallery","Generate a polished, recruiter-ready AI corporate headshot with studio lighting and a neutral background.",published,2,187,pending-export,pending-export,pending-export,pending-export,pending-export,pending-export,pending-export,pending-export,pending-export,pending-export,,2026-09-23,keep
/prompt-gallery/linkedin-newsletter-prompt,prompt-hub,prompts,en,index,https://www.marqly.com/prompt-gallery/linkedin-newsletter-prompt,"LinkedIn Newsletter Prompt | Marqly Prompt Gallery","Copy-paste this social media prompt to generate linkedin newsletter. Works with ChatGPT, Claude, Gemini, copy-ai and more.",published,2,187,pending-export,pending-export,pending-export,pending-export,pending-export,pending-export,pending-export,pending-export,pending-export,pending-export,,2026-09-23,keep
/prompt-gallery/linkedin-thought-leadership-post-prompt,prompt-hub,prompts,en,index,https://www.marqly.com/prompt-gallery/linkedin-thought-leadership-post-prompt,"LinkedIn Thought Leadership Post Prompt | Marqly Prompt Gallery","Write a professional LinkedIn post with a story, insight, and engagement CTA.",published,2,187,pending-export,pending-export,pending-export,pending-export,pending-export,pending-export,pending-export,pending-export,pending-export,pending-export,,2026-09-23,keep
/prompt-gallery/literature-review-synthesis-prompt,prompt-hub,prompts,en,index,https://www.marqly.com/prompt-gallery/literature-review-synthesis-prompt,"Literature Review Synthesis Prompt | Marqly Prompt Gallery","Organize paper notes into thematic literature review sections with gaps and synthesis.",published,2,187,pending-export,pending-export,pending-export,pending-export,pending-export,pending-export,pending-export,pending-export,pending-export,pending-export,,2026-09-23,keep
/prompt-gallery/local-seo-faq-schema-gmb-post-prompt,prompt-hub,prompts,en,index,https://www.marqly.com/prompt-gallery/local-seo-faq-schema-gmb-post-prompt,"Local SEO FAQ Schema &amp; GMB Post Prompt | Marqly Prompt Gallery","Generate local SEO FAQ content and a Google Business Profile post for a service-area business.",published,2,188,pending-export,pending-export,pending-export,pending-export,pending-export,pending-export,pending-export,pending-export,pending-export,pending-export,,2026-09-23,keep
/prompt-gallery/long-form-thought-leadership-article-prompt,prompt-hub,prompts,en,index,https://www.marqly.com/prompt-gallery/long-form-thought-leadership-article-prompt,"Long-Form Thought Leadership Article Prompt | Marqly Prompt Gallery","Draft a credible thought leadership article with data, expert framing, and a sharp point of view.",published,2,188,pending-export,pending-export,pending-export,pending-export,pending-export,pending-export,pending-export,pending-export,pending-export,pending-export,,2026-09-23,keep
/prompt-gallery/luxury-cosmetics-product-shot-prompt,prompt-hub,prompts,en,index,https://www.marqly.com/prompt-gallery/luxury-cosmetics-product-shot-prompt,"Luxury Cosmetics Product Shot Prompt | Marqly Prompt Gallery","Copy-paste this image &amp; photo prompt to generate luxury cosmetics product shot. Works with Midjourney, DALL-E, Stable Diffusion, leonardo and more.",published,2,187,pending-export,pending-export,pending-export,pending-export,pending-export,pending-export,pending-export,pending-export,pending-export,pending-export,,2026-09-23,keep
/prompt-gallery/luxury-product-photography-prompt-for-watches,prompt-hub,prompts,en,index,https://www.marqly.com/prompt-gallery/luxury-product-photography-prompt-for-watches,"Luxury Product Photography Prompt for Watches | Marqly Prompt Gallery","Generate a high-end catalog-style product shot with macro detail, controlled reflections, and clean studio lighting.",published,2,187,pending-export,pending-export,pending-export,pending-export,pending-export,pending-export,pending-export,pending-export,pending-export,pending-export,,2026-09-23,keep
/prompt-gallery/marketing-funnel-metrics-prompt,prompt-hub,prompts,en,index,https://www.marqly.com/prompt-gallery/marketing-funnel-metrics-prompt,"Marketing Funnel Metrics Prompt | Marqly Prompt Gallery","Copy-paste this analysis &amp; data prompt to generate marketing funnel metrics. Works with ChatGPT, Claude, Gemini, perplexity and more.",published,2,186,pending-export,pending-export,pending-export,pending-export,pending-export,pending-export,pending-export,pending-export,pending-export,pending-export,,2026-09-23,keep
/prompt-gallery/meal-prep-planner-prompt,prompt-hub,prompts,en,index,https://www.marqly.com/prompt-gallery/meal-prep-planner-prompt,"Meal Prep Planner Prompt | Marqly Prompt Gallery","Copy-paste this work &amp; productivity prompt to generate meal prep planner. Works with ChatGPT, Claude, Gemini, copilot and more.",published,2,188,pending-export,pending-export,pending-export,pending-export,pending-export,pending-export,pending-export,pending-export,pending-export,pending-export,,2026-09-23,keep
/prompt-gallery/meeting-agenda-builder-prompt,prompt-hub,prompts,en,index,https://www.marqly.com/prompt-gallery/meeting-agenda-builder-prompt,"Meeting Agenda Builder Prompt | Marqly Prompt Gallery","Create a focused meeting agenda with objectives, timeboxes, and pre-read materials.",published,2,188,pending-export,pending-export,pending-export,pending-export,pending-export,pending-export,pending-export,pending-export,pending-export,pending-export,,2026-09-23,keep
/prompt-gallery/meeting-minutes-formatter-prompt,prompt-hub,prompts,en,index,https://www.marqly.com/prompt-gallery/meeting-minutes-formatter-prompt,"Meeting Minutes Formatter Prompt | Marqly Prompt Gallery","Copy-paste this work &amp; productivity prompt to generate meeting minutes formatter. Works with ChatGPT, Claude, Gemini, copilot and more.",published,2,188,pending-export,pending-export,pending-export,pending-export,pending-export,pending-export,pending-export,pending-export,pending-export,pending-export,,2026-09-23,keep
/prompt-gallery/memoir-story-prompt,prompt-hub,prompts,en,index,https://www.marqly.com/prompt-gallery/memoir-story-prompt,"Memoir Story Prompt | Marqly Prompt Gallery","Copy-paste this personal &amp; creative prompt to generate memoir story. Works with ChatGPT, Claude, Gemini, DeepSeek and more.",published,2,188,pending-export,pending-export,pending-export,pending-export,pending-export,pending-export,pending-export,pending-export,pending-export,pending-export,,2026-09-23,keep
/prompt-gallery/meta-prompt-to-improve-prompts,prompt-hub,prompts,en,index,https://www.marqly.com/prompt-gallery/meta-prompt-to-improve-prompts,"Meta Prompt to Improve Prompts | Marqly Prompt Gallery","Ask the AI to rewrite your prompt for clarity, specificity, and better output.",published,2,188,pending-export,pending-export,pending-export,pending-export,pending-export,pending-export,pending-export,pending-export,pending-export,pending-export,,2026-09-23,keep
/prompt-gallery/meta-title-description-generator-prompt,prompt-hub,prompts,en,index,https://www.marqly.com/prompt-gallery/meta-title-description-generator-prompt,"Meta Title &amp; Description Generator Prompt | Marqly Prompt Gallery","Generate click-optimized meta titles and descriptions within SERP character limits.",published,2,188,pending-export,pending-export,pending-export,pending-export,pending-export,pending-export,pending-export,pending-export,pending-export,pending-export,,2026-09-23,keep
/prompt-gallery/microservices-breakdown-prompt,prompt-hub,prompts,en,index,https://www.marqly.com/prompt-gallery/microservices-breakdown-prompt,"Microservices Breakdown Prompt | Marqly Prompt Gallery","Copy-paste this coding &amp; development prompt to generate microservices breakdown. Works with ChatGPT, Claude, Gemini, copilot and more.",published,2,187,pending-export,pending-export,pending-export,pending-export,pending-export,pending-export,pending-export,pending-export,pending-export,pending-export,,2026-09-23,keep
/prompt-gallery/midjourney-prompt-for-anime-characters,prompt-hub,prompts,en,index,https://www.marqly.com/prompt-gallery/midjourney-prompt-for-anime-characters,"Midjourney Prompt for Anime Characters | Marqly Prompt Gallery","Copy-paste this image &amp; photo prompt to generate midjourney prompt for anime characters. Works with Midjourney, DALL-E, Stable Diffusion, leonardo and more.",published,2,187,pending-export,pending-export,pending-export,pending-export,pending-export,pending-export,pending-export,pending-export,pending-export,pending-export,,2026-09-23,keep
/prompt-gallery/midjourney-prompt-for-architecture-visualization,prompt-hub,prompts,en,index,https://www.marqly.com/prompt-gallery/midjourney-prompt-for-architecture-visualization,"Midjourney Prompt for Architecture Visualization | Marqly Prompt Gallery","Copy-paste this image &amp; photo prompt to generate midjourney prompt for architecture visualization. Works with Midjourney, DALL-E, Stable Diffusion, leonardo",published,2,187,pending-export,pending-export,pending-export,pending-export,pending-export,pending-export,pending-export,pending-export,pending-export,pending-export,,2026-09-23,keep
/prompt-gallery/midjourney-prompt-for-book-covers,prompt-hub,prompts,en,index,https://www.marqly.com/prompt-gallery/midjourney-prompt-for-book-covers,"Midjourney Prompt for Book Covers | Marqly Prompt Gallery","Copy-paste this image &amp; photo prompt to generate midjourney prompt for book covers. Works with Midjourney, DALL-E, ideogram, leonardo and more.",published,2,187,pending-export,pending-export,pending-export,pending-export,pending-export,pending-export,pending-export,pending-export,pending-export,pending-export,,2026-09-23,keep
/prompt-gallery/midjourney-prompt-for-fantasy-characters,prompt-hub,prompts,en,index,https://www.marqly.com/prompt-gallery/midjourney-prompt-for-fantasy-characters,"Midjourney Prompt for Fantasy Characters | Marqly Prompt Gallery","Copy-paste this image &amp; photo prompt to generate midjourney prompt for fantasy characters. Works with Midjourney, DALL-E, Stable Diffusion, leonardo and mor",published,2,187,pending-export,pending-export,pending-export,pending-export,pending-export,pending-export,pending-export,pending-export,pending-export,pending-export,,2026-09-23,keep
/prompt-gallery/midjourney-prompt-for-fashion-editorial,prompt-hub,prompts,en,index,https://www.marqly.com/prompt-gallery/midjourney-prompt-for-fashion-editorial,"Midjourney Prompt for Fashion Editorial | Marqly Prompt Gallery","Copy-paste this image &amp; photo prompt to generate midjourney prompt for fashion editorial. Works with Midjourney, DALL-E, Stable Diffusion, leonardo and more",published,2,187,pending-export,pending-export,pending-export,pending-export,pending-export,pending-export,pending-export,pending-export,pending-export,pending-export,,2026-09-23,keep
/prompt-gallery/midjourney-prompt-for-food-photography,prompt-hub,prompts,en,index,https://www.marqly.com/prompt-gallery/midjourney-prompt-for-food-photography,"Midjourney Prompt for Food Photography | Marqly Prompt Gallery","Copy-paste this image &amp; photo prompt to generate midjourney prompt for food photography. Works with Midjourney, DALL-E, Stable Diffusion, leonardo and more.",published,2,187,pending-export,pending-export,pending-export,pending-export,pending-export,pending-export,pending-export,pending-export,pending-export,pending-export,,2026-09-23,keep
/prompt-gallery/midjourney-prompt-for-interior-design,prompt-hub,prompts,en,index,https://www.marqly.com/prompt-gallery/midjourney-prompt-for-interior-design,"Midjourney Prompt for Interior Design | Marqly Prompt Gallery","Copy-paste this image &amp; photo prompt to generate midjourney prompt for interior design. Works with Midjourney, DALL-E, Stable Diffusion, leonardo and more.",published,2,187,pending-export,pending-export,pending-export,pending-export,pending-export,pending-export,pending-export,pending-export,pending-export,pending-export,,2026-09-23,keep
/prompt-gallery/midjourney-prompt-for-logo-design,prompt-hub,prompts,en,index,https://www.marqly.com/prompt-gallery/midjourney-prompt-for-logo-design,"Midjourney Prompt for Logo Design | Marqly Prompt Gallery","Copy-paste this image &amp; photo prompt to generate midjourney prompt for logo design. Works with Midjourney, DALL-E, ideogram, leonardo and more.",published,2,187,pending-export,pending-export,pending-export,pending-export,pending-export,pending-export,pending-export,pending-export,pending-export,pending-export,,2026-09-23,keep
/prompt-gallery/midjourney-prompt-for-portrait-photography,prompt-hub,prompts,en,index,https://www.marqly.com/prompt-gallery/midjourney-prompt-for-portrait-photography,"Midjourney Prompt for Portrait Photography | Marqly Prompt Gallery","Copy-paste this image &amp; photo prompt to generate midjourney prompt for portrait photography. Works with Midjourney, DALL-E, Stable Diffusion, leonardo and m",published,2,187,pending-export,pending-export,pending-export,pending-export,pending-export,pending-export,pending-export,pending-export,pending-export,pending-export,,2026-09-23,keep
/prompt-gallery/midjourney-prompt-for-product-photography,prompt-hub,prompts,en,index,https://www.marqly.com/prompt-gallery/midjourney-prompt-for-product-photography,"Midjourney Prompt for Product Photography | Marqly Prompt Gallery","Copy-paste this image &amp; photo prompt to generate midjourney prompt for product photography. Works with Midjourney, DALL-E, Stable Diffusion, leonardo and mo",published,2,187,pending-export,pending-export,pending-export,pending-export,pending-export,pending-export,pending-export,pending-export,pending-export,pending-export,,2026-09-23,keep
/prompt-gallery/midjourney-prompt-for-t-shirt-designs,prompt-hub,prompts,en,index,https://www.marqly.com/prompt-gallery/midjourney-prompt-for-t-shirt-designs,"Midjourney Prompt for T-Shirt Designs | Marqly Prompt Gallery","Copy-paste this image &amp; photo prompt to generate midjourney prompt for t-shirt designs. Works with Midjourney, DALL-E, Stable Diffusion, leonardo and more.",published,2,187,pending-export,pending-export,pending-export,pending-export,pending-export,pending-export,pending-export,pending-export,pending-export,pending-export,,2026-09-23,keep
/prompt-gallery/midjourney-prompt-for-tattoo-designs,prompt-hub,prompts,en,index,https://www.marqly.com/prompt-gallery/midjourney-prompt-for-tattoo-designs,"Midjourney Prompt for Tattoo Designs | Marqly Prompt Gallery","Copy-paste this image &amp; photo prompt to generate midjourney prompt for tattoo designs. Works with Midjourney, DALL-E, Stable Diffusion, leonardo and more.",published,2,187,pending-export,pending-export,pending-export,pending-export,pending-export,pending-export,pending-export,pending-export,pending-export,pending-export,,2026-09-23,keep
/prompt-gallery/mind-map-from-textbook-prompt,prompt-hub,prompts,en,index,https://www.marqly.com/prompt-gallery/mind-map-from-textbook-prompt,"Mind Map from Textbook Prompt | Marqly Prompt Gallery","Copy-paste this research &amp; learning prompt to generate mind map from textbook. Works with ChatGPT, Claude, Gemini, perplexity and more.",published,2,187,pending-export,pending-export,pending-export,pending-export,pending-export,pending-export,pending-export,pending-export,pending-export,pending-export,,2026-09-23,keep
/prompt-gallery/minimalist-tech-startup-logo-prompt,prompt-hub,prompts,en,index,https://www.marqly.com/prompt-gallery/minimalist-tech-startup-logo-prompt,"Minimalist Tech Startup Logo Prompt | Marqly Prompt Gallery","Generate a clean, modern logo mark for a technology startup with geometric shapes and a limited palette.",published,2,187,pending-export,pending-export,pending-export,pending-export,pending-export,pending-export,pending-export,pending-export,pending-export,pending-export,,2026-09-23,keep
/prompt-gallery/mock-exam-question-prompt,prompt-hub,prompts,en,index,https://www.marqly.com/prompt-gallery/mock-exam-question-prompt,"Mock Exam Question Prompt | Marqly Prompt Gallery","Copy-paste this research &amp; learning prompt to generate mock exam question. Works with ChatGPT, Claude, Gemini, perplexity and more.",published,2,187,pending-export,pending-export,pending-export,pending-export,pending-export,pending-export,pending-export,pending-export,pending-export,pending-export,,2026-09-23,keep
/prompt-gallery/moody-cafe-lifestyle-photo-prompt,prompt-hub,prompts,en,index,https://www.marqly.com/prompt-gallery/moody-cafe-lifestyle-photo-prompt,"Moody Cafe Lifestyle Photo Prompt | Marqly Prompt Gallery","Copy-paste this image &amp; photo prompt to generate moody cafe lifestyle photo. Works with Midjourney, DALL-E, Stable Diffusion, leonardo and more.",published,2,187,pending-export,pending-export,pending-export,pending-export,pending-export,pending-export,pending-export,pending-export,pending-export,pending-export,,2026-09-23,keep
/prompt-gallery/multi-agent-debate-prompt,prompt-hub,prompts,en,index,https://www.marqly.com/prompt-gallery/multi-agent-debate-prompt,"Multi-Agent Debate Prompt | Marqly Prompt Gallery","Copy-paste this prompt engineering prompt to generate multi-agent debate. Works with ChatGPT, Claude, Gemini, DeepSeek and more.",published,2,188,pending-export,pending-export,pending-export,pending-export,pending-export,pending-export,pending-export,pending-export,pending-export,pending-export,,2026-09-23,keep
/prompt-gallery/negative-prompt-builder-prompt,prompt-hub,prompts,en,index,https://www.marqly.com/prompt-gallery/negative-prompt-builder-prompt,"Negative Prompt Builder Prompt | Marqly Prompt Gallery","Copy-paste this prompt engineering prompt to generate negative prompt builder. Works with ChatGPT, Claude, Gemini, DeepSeek and more.",published,2,188,pending-export,pending-export,pending-export,pending-export,pending-export,pending-export,pending-export,pending-export,pending-export,pending-export,,2026-09-23,keep
/prompt-gallery/neon-cyberpunk-street-cinematic-scene-prompt,prompt-hub,prompts,en,index,https://www.marqly.com/prompt-gallery/neon-cyberpunk-street-cinematic-scene-prompt,"Neon Cyberpunk Street Cinematic Scene Prompt | Marqly Prompt Gallery","Create a moody cyberpunk street scene with neon reflections, atmospheric haze, and cinematic composition.",published,2,187,pending-export,pending-export,pending-export,pending-export,pending-export,pending-export,pending-export,pending-export,pending-export,pending-export,,2026-09-23,keep
/prompt-gallery/okr-goal-setting-prompt,prompt-hub,prompts,en,index,https://www.marqly.com/prompt-gallery/okr-goal-setting-prompt,"OKR Goal Setting Prompt | Marqly Prompt Gallery","Copy-paste this work &amp; productivity prompt to generate okr goal setting. Works with ChatGPT, Claude, Gemini, copilot and more.",published,2,188,pending-export,pending-export,pending-export,pending-export,pending-export,pending-export,pending-export,pending-export,pending-export,pending-export,,2026-09-23,keep
/prompt-gallery/open-source-contribution-prompt,prompt-hub,prompts,en,index,https://www.marqly.com/prompt-gallery/open-source-contribution-prompt,"Open Source Contribution Prompt | Marqly Prompt Gallery","Copy-paste this coding &amp; development prompt to generate open source contribution. Works with ChatGPT, Claude, Gemini, copilot and more.",published,2,187,pending-export,pending-export,pending-export,pending-export,pending-export,pending-export,pending-export,pending-export,pending-export,pending-export,,2026-09-23,keep
/prompt-gallery/output-schema-enforcer-prompt,prompt-hub,prompts,en,index,https://www.marqly.com/prompt-gallery/output-schema-enforcer-prompt,"Output Schema Enforcer Prompt | Marqly Prompt Gallery","Copy-paste this prompt engineering prompt to generate output schema enforcer. Works with ChatGPT, Claude, Gemini, DeepSeek and more.",published,2,188,pending-export,pending-export,pending-export,pending-export,pending-export,pending-export,pending-export,pending-export,pending-export,pending-export,,2026-09-23,keep
/prompt-gallery/performance-bottleneck-finder-prompt,prompt-hub,prompts,en,index,https://www.marqly.com/prompt-gallery/performance-bottleneck-finder-prompt,"Performance Bottleneck Finder Prompt | Marqly Prompt Gallery","Copy-paste this coding &amp; development prompt to generate performance bottleneck finder. Works with ChatGPT, Claude, Gemini, copilot and more.",published,2,187,pending-export,pending-export,pending-export,pending-export,pending-export,pending-export,pending-export,pending-export,pending-export,pending-export,,2026-09-23,keep
/prompt-gallery/perplexity-prompt-for-book-summaries,prompt-hub,prompts,en,index,https://www.marqly.com/prompt-gallery/perplexity-prompt-for-book-summaries,"Perplexity Prompt for Book Summaries | Marqly Prompt Gallery","Copy-paste this research &amp; learning prompt to generate perplexity prompt for book summaries. Works with perplexity, ChatGPT, Claude, Kimi and more.",published,2,187,pending-export,pending-export,pending-export,pending-export,pending-export,pending-export,pending-export,pending-export,pending-export,pending-export,,2026-09-23,keep
/prompt-gallery/perplexity-prompt-for-debate-arguments,prompt-hub,prompts,en,index,https://www.marqly.com/prompt-gallery/perplexity-prompt-for-debate-arguments,"Perplexity Prompt for Debate Arguments | Marqly Prompt Gallery","Copy-paste this research &amp; learning prompt to generate perplexity prompt for debate arguments. Works with perplexity, ChatGPT, Claude, Gemini and more.",published,2,187,pending-export,pending-export,pending-export,pending-export,pending-export,pending-export,pending-export,pending-export,pending-export,pending-export,,2026-09-23,keep
/prompt-gallery/perplexity-prompt-for-generating-quiz-questions,prompt-hub,prompts,en,index,https://www.marqly.com/prompt-gallery/perplexity-prompt-for-generating-quiz-questions,"Perplexity Prompt for Generating Quiz Questions | Marqly Prompt Gallery","Copy-paste this research &amp; learning prompt to generate perplexity prompt for generating quiz questions. Works with perplexity, ChatGPT, Claude, Gemini and m",published,2,187,pending-export,pending-export,pending-export,pending-export,pending-export,pending-export,pending-export,pending-export,pending-export,pending-export,,2026-09-23,keep
/prompt-gallery/perplexity-prompt-for-learning-roadmaps,prompt-hub,prompts,en,index,https://www.marqly.com/prompt-gallery/perplexity-prompt-for-learning-roadmaps,"Perplexity Prompt for Learning Roadmaps | Marqly Prompt Gallery","Copy-paste this research &amp; learning prompt to generate perplexity prompt for learning roadmaps. Works with perplexity, ChatGPT, Claude, Gemini and more.",published,2,187,pending-export,pending-export,pending-export,pending-export,pending-export,pending-export,pending-export,pending-export,pending-export,pending-export,,2026-09-23,keep
/prompt-gallery/perplexity-prompt-for-literature-review,prompt-hub,prompts,en,index,https://www.marqly.com/prompt-gallery/perplexity-prompt-for-literature-review,"Perplexity Prompt for Literature Review | Marqly Prompt Gallery","Copy-paste this research &amp; learning prompt to generate perplexity prompt for literature review. Works with perplexity, ChatGPT, Claude, Kimi and more.",published,2,187,pending-export,pending-export,pending-export,pending-export,pending-export,pending-export,pending-export,pending-export,pending-export,pending-export,,2026-09-23,keep
/prompt-gallery/personal-manifesto-writer-prompt,prompt-hub,prompts,en,index,https://www.marqly.com/prompt-gallery/personal-manifesto-writer-prompt,"Personal Manifesto Writer Prompt | Marqly Prompt Gallery","Copy-paste this personal &amp; creative prompt to generate personal manifesto writer. Works with ChatGPT, Claude, Gemini, DeepSeek and more.",published,2,188,pending-export,pending-export,pending-export,pending-export,pending-export,pending-export,pending-export,pending-export,pending-export,pending-export,,2026-09-23,keep
/prompt-gallery/personal-monthly-budget-planner-prompt,prompt-hub,prompts,en,index,https://www.marqly.com/prompt-gallery/personal-monthly-budget-planner-prompt,"Personal Monthly Budget Planner Prompt | Marqly Prompt Gallery","Build a zero-based monthly budget with categories, savings goals, and spend alerts.",published,2,188,pending-export,pending-export,pending-export,pending-export,pending-export,pending-export,pending-export,pending-export,pending-export,pending-export,,2026-09-23,keep
/prompt-gallery/personalized-study-plan-generator-prompt,prompt-hub,prompts,en,index,https://www.marqly.com/prompt-gallery/personalized-study-plan-generator-prompt,"Personalized Study Plan Generator Prompt | Marqly Prompt Gallery","Build a spaced-repetition study schedule with resources, milestones, and review days.",published,2,187,pending-export,pending-export,pending-export,pending-export,pending-export,pending-export,pending-export,pending-export,pending-export,pending-export,,2026-09-23,keep
/prompt-gallery/personalized-travel-itinerary-prompt,prompt-hub,prompts,en,index,https://www.marqly.com/prompt-gallery/personalized-travel-itinerary-prompt,"Personalized Travel Itinerary Prompt | Marqly Prompt Gallery","Build a day-by-day travel itinerary tailored to budget, pace, and interests.",published,2,188,pending-export,pending-export,pending-export,pending-export,pending-export,pending-export,pending-export,pending-export,pending-export,pending-export,,2026-09-23,keep
/prompt-gallery/persuasive-email-newsletter-prompt,prompt-hub,prompts,en,index,https://www.marqly.com/prompt-gallery/persuasive-email-newsletter-prompt,"Persuasive Email Newsletter Prompt | Marqly Prompt Gallery","Write a high-converting email newsletter with a strong hook, value block, and clear CTA.",published,2,188,pending-export,pending-export,pending-export,pending-export,pending-export,pending-export,pending-export,pending-export,pending-export,pending-export,,2026-09-23,keep
/prompt-gallery/pinterest-pin-description-prompt,prompt-hub,prompts,en,index,https://www.marqly.com/prompt-gallery/pinterest-pin-description-prompt,"Pinterest Pin Description Prompt | Marqly Prompt Gallery","Copy-paste this social media prompt to generate pinterest pin description. Works with ChatGPT, Claude, Gemini, copy-ai and more.",published,2,187,pending-export,pending-export,pending-export,pending-export,pending-export,pending-export,pending-export,pending-export,pending-export,pending-export,,2026-09-23,keep
/prompt-gallery/podcast-ad-script-prompt,prompt-hub,prompts,en,index,https://www.marqly.com/prompt-gallery/podcast-ad-script-prompt,"Podcast Ad Script Prompt | Marqly Prompt Gallery","Copy-paste this seo &amp; marketing prompt to generate podcast ad script. Works with ChatGPT, Claude, Gemini, perplexity and more.",published,2,188,pending-export,pending-export,pending-export,pending-export,pending-export,pending-export,pending-export,pending-export,pending-export,pending-export,,2026-09-23,keep
/prompt-gallery/podcast-show-notes-prompt,prompt-hub,prompts,en,index,https://www.marqly.com/prompt-gallery/podcast-show-notes-prompt,"Podcast Show Notes Prompt | Marqly Prompt Gallery","Copy-paste this writing &amp; content prompt to generate podcast show notes. Works with ChatGPT, Claude, Gemini, DeepSeek and more.",published,2,188,pending-export,pending-export,pending-export,pending-export,pending-export,pending-export,pending-export,pending-export,pending-export,pending-export,,2026-09-23,keep
/prompt-gallery/poetry-generator-prompt,prompt-hub,prompts,en,index,https://www.marqly.com/prompt-gallery/poetry-generator-prompt,"Poetry Generator Prompt | Marqly Prompt Gallery","Copy-paste this personal &amp; creative prompt to generate poetry generator. Works with ChatGPT, Claude, Gemini, DeepSeek and more.",published,2,188,pending-export,pending-export,pending-export,pending-export,pending-export,pending-export,pending-export,pending-export,pending-export,pending-export,,2026-09-23,keep
/prompt-gallery/press-release-generator-prompt,prompt-hub,prompts,en,index,https://www.marqly.com/prompt-gallery/press-release-generator-prompt,"Press Release Generator Prompt | Marqly Prompt Gallery","Copy-paste this writing &amp; content prompt to generate press release generator. Works with ChatGPT, Claude, Gemini, DeepSeek and more.",published,2,188,pending-export,pending-export,pending-export,pending-export,pending-export,pending-export,pending-export,pending-export,pending-export,pending-export,,2026-09-23,keep
/prompt-gallery/pricing-sensitivity-analyzer-prompt,prompt-hub,prompts,en,index,https://www.marqly.com/prompt-gallery/pricing-sensitivity-analyzer-prompt,"Pricing Sensitivity Analyzer Prompt | Marqly Prompt Gallery","Copy-paste this analysis &amp; data prompt to generate pricing sensitivity analyzer. Works with ChatGPT, Claude, Gemini, perplexity and more.",published,2,186,pending-export,pending-export,pending-export,pending-export,pending-export,pending-export,pending-export,pending-export,pending-export,pending-export,,2026-09-23,keep
/prompt-gallery/product-comparison-article-prompt,prompt-hub,prompts,en,index,https://www.marqly.com/prompt-gallery/product-comparison-article-prompt,"Product Comparison Article Prompt | Marqly Prompt Gallery","Copy-paste this writing &amp; content prompt to generate product comparison article. Works with ChatGPT, Claude, Gemini, DeepSeek and more.",published,2,188,pending-export,pending-export,pending-export,pending-export,pending-export,pending-export,pending-export,pending-export,pending-export,pending-export,,2026-09-23,keep
/prompt-gallery/project-plan-with-milestones-prompt,prompt-hub,prompts,en,index,https://www.marqly.com/prompt-gallery/project-plan-with-milestones-prompt,"Project Plan with Milestones Prompt | Marqly Prompt Gallery","Draft a project plan with scope, milestones, owners, risks, and success metrics.",published,2,188,pending-export,pending-export,pending-export,pending-export,pending-export,pending-export,pending-export,pending-export,pending-export,pending-export,,2026-09-23,keep
/prompt-gallery/prompt-chaining-workflow-prompt,prompt-hub,prompts,en,index,https://www.marqly.com/prompt-gallery/prompt-chaining-workflow-prompt,"Prompt Chaining Workflow Prompt | Marqly Prompt Gallery","Break a complex task into a sequence of smaller prompts with outputs feeding the next step.",published,2,188,pending-export,pending-export,pending-export,pending-export,pending-export,pending-export,pending-export,pending-export,pending-export,pending-export,,2026-09-23,keep
/prompt-gallery/prompt-compression-prompt,prompt-hub,prompts,en,index,https://www.marqly.com/prompt-gallery/prompt-compression-prompt,"Prompt Compression Prompt | Marqly Prompt Gallery","Copy-paste this prompt engineering prompt to generate prompt compression. Works with ChatGPT, Claude, Gemini, DeepSeek and more.",published,2,188,pending-export,pending-export,pending-export,pending-export,pending-export,pending-export,pending-export,pending-export,pending-export,pending-export,,2026-09-23,keep
/prompt-gallery/pull-request-code-review-prompt,prompt-hub,prompts,en,index,https://www.marqly.com/prompt-gallery/pull-request-code-review-prompt,"Pull Request Code Review Prompt | Marqly Prompt Gallery","Review a PR diff for bugs, style issues, missing tests, and security concerns.",published,2,187,pending-export,pending-export,pending-export,pending-export,pending-export,pending-export,pending-export,pending-export,pending-export,pending-export,,2026-09-23,keep
/prompt-gallery/quarterly-review-prompt,prompt-hub,prompts,en,index,https://www.marqly.com/prompt-gallery/quarterly-review-prompt,"Quarterly Review Prompt | Marqly Prompt Gallery","Copy-paste this work &amp; productivity prompt to generate quarterly review. Works with ChatGPT, Claude, Gemini, copilot and more.",published,2,188,pending-export,pending-export,pending-export,pending-export,pending-export,pending-export,pending-export,pending-export,pending-export,pending-export,,2026-09-23,keep
/prompt-gallery/quiz-generator-from-notes-prompt,prompt-hub,prompts,en,index,https://www.marqly.com/prompt-gallery/quiz-generator-from-notes-prompt,"Quiz Generator from Notes Prompt | Marqly Prompt Gallery","Turn study notes into multiple-choice, short-answer, and scenario-based quiz questions.",published,2,187,pending-export,pending-export,pending-export,pending-export,pending-export,pending-export,pending-export,pending-export,pending-export,pending-export,,2026-09-23,keep
/prompt-gallery/react-problem-solving-prompt,prompt-hub,prompts,en,index,https://www.marqly.com/prompt-gallery/react-problem-solving-prompt,"ReAct Problem Solving Prompt | Marqly Prompt Gallery","Copy-paste this prompt engineering prompt to generate react problem solving. Works with ChatGPT, Claude, Gemini, DeepSeek and more.",published,2,188,pending-export,pending-export,pending-export,pending-export,pending-export,pending-export,pending-export,pending-export,pending-export,pending-export,,2026-09-23,keep
/prompt-gallery/recipe-inventor-prompt,prompt-hub,prompts,en,index,https://www.marqly.com/prompt-gallery/recipe-inventor-prompt,"Recipe Inventor Prompt | Marqly Prompt Gallery","Copy-paste this personal &amp; creative prompt to generate recipe inventor. Works with ChatGPT, Claude, Gemini, DeepSeek and more.",published,2,188,pending-export,pending-export,pending-export,pending-export,pending-export,pending-export,pending-export,pending-export,pending-export,pending-export,,2026-09-23,keep
/prompt-gallery/reddit-ama-outline-prompt,prompt-hub,prompts,en,index,https://www.marqly.com/prompt-gallery/reddit-ama-outline-prompt,"Reddit AMA Outline Prompt | Marqly Prompt Gallery","Copy-paste this social media prompt to generate reddit ama outline. Works with ChatGPT, Claude, Gemini, copy-ai and more.",published,2,187,pending-export,pending-export,pending-export,pending-export,pending-export,pending-export,pending-export,pending-export,pending-export,pending-export,,2026-09-23,keep
/prompt-gallery/refactor-for-readability-prompt,prompt-hub,prompts,en,index,https://www.marqly.com/prompt-gallery/refactor-for-readability-prompt,"Refactor for Readability Prompt | Marqly Prompt Gallery","Refactor messy code to improve clarity while preserving behavior and tests.",published,2,187,pending-export,pending-export,pending-export,pending-export,pending-export,pending-export,pending-export,pending-export,pending-export,pending-export,,2026-09-23,keep
/prompt-gallery/reflective-journaling-prompt,prompt-hub,prompts,en,index,https://www.marqly.com/prompt-gallery/reflective-journaling-prompt,"Reflective Journaling Prompt | Marqly Prompt Gallery","Get a deep, open-ended journaling prompt to process a theme or decision.",published,2,188,pending-export,pending-export,pending-export,pending-export,pending-export,pending-export,pending-export,pending-export,pending-export,pending-export,,2026-09-23,keep
/prompt-gallery/regex-generator-prompt,prompt-hub,prompts,en,index,https://www.marqly.com/prompt-gallery/regex-generator-prompt,"Regex Generator Prompt | Marqly Prompt Gallery","Copy-paste this coding &amp; development prompt to generate regex generator. Works with ChatGPT, Claude, Gemini, copilot and more.",published,2,187,pending-export,pending-export,pending-export,pending-export,pending-export,pending-export,pending-export,pending-export,pending-export,pending-export,,2026-09-23,keep
/prompt-gallery/remote-team-icebreaker-prompt,prompt-hub,prompts,en,index,https://www.marqly.com/prompt-gallery/remote-team-icebreaker-prompt,"Remote Team Icebreaker Prompt | Marqly Prompt Gallery","Copy-paste this work &amp; productivity prompt to generate remote team icebreaker. Works with ChatGPT, Claude, Gemini, copilot and more.",published,2,188,pending-export,pending-export,pending-export,pending-export,pending-export,pending-export,pending-export,pending-export,pending-export,pending-export,,2026-09-23,keep
/prompt-gallery/research-gap-finder-prompt,prompt-hub,prompts,en,index,https://www.marqly.com/prompt-gallery/research-gap-finder-prompt,"Research Gap Finder Prompt | Marqly Prompt Gallery","Copy-paste this research &amp; learning prompt to generate research gap finder. Works with ChatGPT, Claude, Gemini, perplexity and more.",published,2,187,pending-export,pending-export,pending-export,pending-export,pending-export,pending-export,pending-export,pending-export,pending-export,pending-export,,2026-09-23,keep
/prompt-gallery/research-paper-critique-prompt,prompt-hub,prompts,en,index,https://www.marqly.com/prompt-gallery/research-paper-critique-prompt,"Research Paper Critique Prompt | Marqly Prompt Gallery","Copy-paste this research &amp; learning prompt to generate research paper critique. Works with ChatGPT, Claude, Gemini, perplexity and more.",published,2,187,pending-export,pending-export,pending-export,pending-export,pending-export,pending-export,pending-export,pending-export,pending-export,pending-export,,2026-09-23,keep
/prompt-gallery/research-source-verification-checklist-prompt,prompt-hub,prompts,en,index,https://www.marqly.com/prompt-gallery/research-source-verification-checklist-prompt,"Research Source Verification Checklist Prompt | Marqly Prompt Gallery","Build a checklist to verify paper metadata, retractions, and citation accuracy.",published,2,187,pending-export,pending-export,pending-export,pending-export,pending-export,pending-export,pending-export,pending-export,pending-export,pending-export,,2026-09-23,keep
/prompt-gallery/resume-bullet-optimizer-prompt,prompt-hub,prompts,en,index,https://www.marqly.com/prompt-gallery/resume-bullet-optimizer-prompt,"Resume Bullet Optimizer Prompt | Marqly Prompt Gallery","Turn job responsibilities into achievement-focused resume bullets with metrics.",published,2,188,pending-export,pending-export,pending-export,pending-export,pending-export,pending-export,pending-export,pending-export,pending-export,pending-export,,2026-09-23,keep
/prompt-gallery/retargeting-ad-copy-prompt,prompt-hub,prompts,en,index,https://www.marqly.com/prompt-gallery/retargeting-ad-copy-prompt,"Retargeting Ad Copy Prompt | Marqly Prompt Gallery","Copy-paste this seo &amp; marketing prompt to generate retargeting ad copy. Works with ChatGPT, Claude, Gemini, perplexity and more.",published,2,188,pending-export,pending-export,pending-export,pending-export,pending-export,pending-export,pending-export,pending-export,pending-export,pending-export,,2026-09-23,keep
/prompt-gallery/risk-assessment-matrix-prompt,prompt-hub,prompts,en,index,https://www.marqly.com/prompt-gallery/risk-assessment-matrix-prompt,"Risk Assessment Matrix Prompt | Marqly Prompt Gallery","Copy-paste this analysis &amp; data prompt to generate risk assessment matrix. Works with ChatGPT, Claude, Gemini, perplexity and more.",published,2,186,pending-export,pending-export,pending-export,pending-export,pending-export,pending-export,pending-export,pending-export,pending-export,pending-export,,2026-09-23,keep
/prompt-gallery/role-or-persona-prompt-template,prompt-hub,prompts,en,index,https://www.marqly.com/prompt-gallery/role-or-persona-prompt-template,"Role or Persona Prompt Template | Marqly Prompt Gallery","Assign a clear expert role, tone, and constraints to shape the response.",published,2,188,pending-export,pending-export,pending-export,pending-export,pending-export,pending-export,pending-export,pending-export,pending-export,pending-export,,2026-09-23,keep
/prompt-gallery/root-cause-analysis-prompt,prompt-hub,prompts,en,index,https://www.marqly.com/prompt-gallery/root-cause-analysis-prompt,"Root Cause Analysis Prompt | Marqly Prompt Gallery","Copy-paste this analysis &amp; data prompt to generate root cause analysis. Works with ChatGPT, Claude, Gemini, perplexity and more.",published,2,186,pending-export,pending-export,pending-export,pending-export,pending-export,pending-export,pending-export,pending-export,pending-export,pending-export,,2026-09-23,keep
/prompt-gallery/sales-forecast-from-historical-data-prompt,prompt-hub,prompts,en,index,https://www.marqly.com/prompt-gallery/sales-forecast-from-historical-data-prompt,"Sales Forecast from Historical Data Prompt | Marqly Prompt Gallery","Copy-paste this analysis &amp; data prompt to generate sales forecast from historical data. Works with ChatGPT, Claude, Gemini, perplexity and more.",published,2,186,pending-export,pending-export,pending-export,pending-export,pending-export,pending-export,pending-export,pending-export,pending-export,pending-export,,2026-09-23,keep
/prompt-gallery/scandinavian-interior-design-visualization-prompt,prompt-hub,prompts,en,index,https://www.marqly.com/prompt-gallery/scandinavian-interior-design-visualization-prompt,"Scandinavian Interior Design Visualization Prompt | Marqly Prompt Gallery","Create a bright, airy Scandinavian living room render with natural materials and soft daylight.",published,2,187,pending-export,pending-export,pending-export,pending-export,pending-export,pending-export,pending-export,pending-export,pending-export,pending-export,,2026-09-23,keep
/prompt-gallery/sci-fi-spaceship-interior-prompt,prompt-hub,prompts,en,index,https://www.marqly.com/prompt-gallery/sci-fi-spaceship-interior-prompt,"Sci-Fi Spaceship Interior Prompt | Marqly Prompt Gallery","Copy-paste this image &amp; photo prompt to generate sci-fi spaceship interior. Works with Midjourney, DALL-E, Stable Diffusion, leonardo and more.",published,2,187,pending-export,pending-export,pending-export,pending-export,pending-export,pending-export,pending-export,pending-export,pending-export,pending-export,,2026-09-23,keep
/prompt-gallery/seasonal-campaign-brief-prompt,prompt-hub,prompts,en,index,https://www.marqly.com/prompt-gallery/seasonal-campaign-brief-prompt,"Seasonal Campaign Brief Prompt | Marqly Prompt Gallery","Copy-paste this seo &amp; marketing prompt to generate seasonal campaign brief. Works with ChatGPT, Claude, Gemini, perplexity and more.",published,2,188,pending-export,pending-export,pending-export,pending-export,pending-export,pending-export,pending-export,pending-export,pending-export,pending-export,,2026-09-23,keep
/prompt-gallery/security-audit-checklist-prompt,prompt-hub,prompts,en,index,https://www.marqly.com/prompt-gallery/security-audit-checklist-prompt,"Security Audit Checklist Prompt | Marqly Prompt Gallery","Copy-paste this coding &amp; development prompt to generate security audit checklist. Works with ChatGPT, Claude, Gemini, copilot and more.",published,2,187,pending-export,pending-export,pending-export,pending-export,pending-export,pending-export,pending-export,pending-export,pending-export,pending-export,,2026-09-23,keep
/prompt-gallery/self-consistency-check-prompt,prompt-hub,prompts,en,index,https://www.marqly.com/prompt-gallery/self-consistency-check-prompt,"Self-Consistency Check Prompt | Marqly Prompt Gallery","Copy-paste this prompt engineering prompt to generate self-consistency check. Works with ChatGPT, Claude, Gemini, DeepSeek and more.",published,2,188,pending-export,pending-export,pending-export,pending-export,pending-export,pending-export,pending-export,pending-export,pending-export,pending-export,,2026-09-23,keep
/prompt-gallery/sentiment-trend-over-time-prompt,prompt-hub,prompts,en,index,https://www.marqly.com/prompt-gallery/sentiment-trend-over-time-prompt,"Sentiment Trend Over Time Prompt | Marqly Prompt Gallery","Copy-paste this analysis &amp; data prompt to generate sentiment trend over time. Works with ChatGPT, Claude, Gemini, perplexity and more.",published,2,186,pending-export,pending-export,pending-export,pending-export,pending-export,pending-export,pending-export,pending-export,pending-export,pending-export,,2026-09-23,keep
/prompt-gallery/seo-blog-post-outline-generator-prompt,prompt-hub,prompts,en,index,https://www.marqly.com/prompt-gallery/seo-blog-post-outline-generator-prompt,"SEO Blog Post Outline Generator Prompt | Marqly Prompt Gallery","Build a search-optimized blog outline with H1/H2s, search intent, and content gaps for any keyword.",published,2,188,pending-export,pending-export,pending-export,pending-export,pending-export,pending-export,pending-export,pending-export,pending-export,pending-export,,2026-09-23,keep
/prompt-gallery/seo-content-brief-builder-prompt,prompt-hub,prompts,en,index,https://www.marqly.com/prompt-gallery/seo-content-brief-builder-prompt,"SEO Content Brief Builder Prompt | Marqly Prompt Gallery","Build a complete content brief with audience, structure, keywords, and success metrics.",published,2,188,pending-export,pending-export,pending-export,pending-export,pending-export,pending-export,pending-export,pending-export,pending-export,pending-export,,2026-09-23,keep
/prompt-gallery/social-media-bio-rewrite-prompt,prompt-hub,prompts,en,index,https://www.marqly.com/prompt-gallery/social-media-bio-rewrite-prompt,"Social Media Bio Rewrite Prompt | Marqly Prompt Gallery","Copy-paste this social media prompt to generate social media bio rewrite. Works with ChatGPT, Claude, Gemini, copy-ai and more.",published,2,187,pending-export,pending-export,pending-export,pending-export,pending-export,pending-export,pending-export,pending-export,pending-export,pending-export,,2026-09-23,keep
/prompt-gallery/social-media-crisis-response-prompt,prompt-hub,prompts,en,index,https://www.marqly.com/prompt-gallery/social-media-crisis-response-prompt,"Social Media Crisis Response Prompt | Marqly Prompt Gallery","Copy-paste this social media prompt to generate social media crisis response. Works with ChatGPT, Claude, Gemini, copy-ai and more.",published,2,187,pending-export,pending-export,pending-export,pending-export,pending-export,pending-export,pending-export,pending-export,pending-export,pending-export,,2026-09-23,keep
/prompt-gallery/song-lyrics-prompt,prompt-hub,prompts,en,index,https://www.marqly.com/prompt-gallery/song-lyrics-prompt,"Song Lyrics Prompt | Marqly Prompt Gallery","Copy-paste this personal &amp; creative prompt to generate song lyrics. Works with ChatGPT, Claude, Gemini, DeepSeek and more.",published,2,188,pending-export,pending-export,pending-export,pending-export,pending-export,pending-export,pending-export,pending-export,pending-export,pending-export,,2026-09-23,keep
/prompt-gallery/source-synthesis-matrix-prompt,prompt-hub,prompts,en,index,https://www.marqly.com/prompt-gallery/source-synthesis-matrix-prompt,"Source Synthesis Matrix Prompt | Marqly Prompt Gallery","Copy-paste this research &amp; learning prompt to generate source synthesis matrix. Works with ChatGPT, Claude, Gemini, perplexity and more.",published,2,187,pending-export,pending-export,pending-export,pending-export,pending-export,pending-export,pending-export,pending-export,pending-export,pending-export,,2026-09-23,keep
/prompt-gallery/speech-opening-prompt,prompt-hub,prompts,en,index,https://www.marqly.com/prompt-gallery/speech-opening-prompt,"Speech Opening Prompt | Marqly Prompt Gallery","Copy-paste this writing &amp; content prompt to generate speech opening. Works with ChatGPT, Claude, Gemini, DeepSeek and more.",published,2,188,pending-export,pending-export,pending-export,pending-export,pending-export,pending-export,pending-export,pending-export,pending-export,pending-export,,2026-09-23,keep
/prompt-gallery/sports-action-hero-poster-prompt,prompt-hub,prompts,en,index,https://www.marqly.com/prompt-gallery/sports-action-hero-poster-prompt,"Sports Action Hero Poster Prompt | Marqly Prompt Gallery","Copy-paste this image &amp; photo prompt to generate sports action hero poster. Works with Midjourney, DALL-E, Stable Diffusion, leonardo and more.",published,2,187,pending-export,pending-export,pending-export,pending-export,pending-export,pending-export,pending-export,pending-export,pending-export,pending-export,,2026-09-23,keep
/prompt-gallery/sql-query-optimizer-prompt,prompt-hub,prompts,en,index,https://www.marqly.com/prompt-gallery/sql-query-optimizer-prompt,"SQL Query Optimizer Prompt | Marqly Prompt Gallery","Copy-paste this coding &amp; development prompt to generate sql query optimizer. Works with ChatGPT, Claude, Gemini, copilot and more.",published,2,187,pending-export,pending-export,pending-export,pending-export,pending-export,pending-export,pending-export,pending-export,pending-export,pending-export,,2026-09-23,keep
/prompt-gallery/stable-diffusion-prompt-for-minimalist-wallpapers,prompt-hub,prompts,en,index,https://www.marqly.com/prompt-gallery/stable-diffusion-prompt-for-minimalist-wallpapers,"Stable Diffusion Prompt for Minimalist Wallpapers | Marqly Prompt Gallery","Copy-paste this image &amp; photo prompt to generate stable diffusion prompt for minimalist wallpapers. Works with Stable Diffusion, Midjourney, DALL-E, leonard",published,2,187,pending-export,pending-export,pending-export,pending-export,pending-export,pending-export,pending-export,pending-export,pending-export,pending-export,,2026-09-23,keep
/prompt-gallery/stable-diffusion-prompt-for-neon-cyberpunk-scenes,prompt-hub,prompts,en,index,https://www.marqly.com/prompt-gallery/stable-diffusion-prompt-for-neon-cyberpunk-scenes,"Stable Diffusion Prompt for Neon Cyberpunk Scenes | Marqly Prompt Gallery","Copy-paste this image &amp; photo prompt to generate stable diffusion prompt for neon cyberpunk scenes. Works with Stable Diffusion, Midjourney, DALL-E, leonard",published,2,187,pending-export,pending-export,pending-export,pending-export,pending-export,pending-export,pending-export,pending-export,pending-export,pending-export,,2026-09-23,keep
/prompt-gallery/standard-operating-procedure-sop-writer-prompt,prompt-hub,prompts,en,index,https://www.marqly.com/prompt-gallery/standard-operating-procedure-sop-writer-prompt,"Standard Operating Procedure (SOP) Writer Prompt | Marqly Prompt Gallery","Document a repeatable process with purpose, steps, exceptions, and quality checks.",published,2,188,pending-export,pending-export,pending-export,pending-export,pending-export,pending-export,pending-export,pending-export,pending-export,pending-export,,2026-09-23,keep
/prompt-gallery/statistical-concept-explainer-prompt,prompt-hub,prompts,en,index,https://www.marqly.com/prompt-gallery/statistical-concept-explainer-prompt,"Statistical Concept Explainer Prompt | Marqly Prompt Gallery","Copy-paste this research &amp; learning prompt to generate statistical concept explainer. Works with ChatGPT, Claude, Gemini, perplexity and more.",published,2,187,pending-export,pending-export,pending-export,pending-export,pending-export,pending-export,pending-export,pending-export,pending-export,pending-export,,2026-09-23,keep
/prompt-gallery/step-by-step-tutorial-prompt,prompt-hub,prompts,en,index,https://www.marqly.com/prompt-gallery/step-by-step-tutorial-prompt,"Step-by-Step Tutorial Prompt | Marqly Prompt Gallery","Generate a beginner-friendly tutorial with prerequisites, steps, and checkpoints.",published,2,188,pending-export,pending-export,pending-export,pending-export,pending-export,pending-export,pending-export,pending-export,pending-export,pending-export,,2026-09-23,keep
/prompt-gallery/study-timetable-builder-prompt,prompt-hub,prompts,en,index,https://www.marqly.com/prompt-gallery/study-timetable-builder-prompt,"Study Timetable Builder Prompt | Marqly Prompt Gallery","Copy-paste this research &amp; learning prompt to generate study timetable builder. Works with ChatGPT, Claude, Gemini, perplexity and more.",published,2,187,pending-export,pending-export,pending-export,pending-export,pending-export,pending-export,pending-export,pending-export,pending-export,pending-export,,2026-09-23,keep
/prompt-gallery/style-transfer-rewrite-prompt,prompt-hub,prompts,en,index,https://www.marqly.com/prompt-gallery/style-transfer-rewrite-prompt,"Style Transfer Rewrite Prompt | Marqly Prompt Gallery","Copy-paste this prompt engineering prompt to generate style transfer rewrite. Works with ChatGPT, Claude, Gemini, DeepSeek and more.",published,2,188,pending-export,pending-export,pending-export,pending-export,pending-export,pending-export,pending-export,pending-export,pending-export,pending-export,,2026-09-23,keep
/prompt-gallery/survey-results-summarizer-prompt,prompt-hub,prompts,en,index,https://www.marqly.com/prompt-gallery/survey-results-summarizer-prompt,"Survey Results Summarizer Prompt | Marqly Prompt Gallery","Copy-paste this analysis &amp; data prompt to generate survey results summarizer. Works with ChatGPT, Claude, Gemini, perplexity and more.",published,2,186,pending-export,pending-export,pending-export,pending-export,pending-export,pending-export,pending-export,pending-export,pending-export,pending-export,,2026-09-23,keep
/prompt-gallery/swot-analysis-generator-prompt,prompt-hub,prompts,en,index,https://www.marqly.com/prompt-gallery/swot-analysis-generator-prompt,"SWOT Analysis Generator Prompt | Marqly Prompt Gallery","Generate a structured SWOT for a company, product, or project with evidence.",published,2,186,pending-export,pending-export,pending-export,pending-export,pending-export,pending-export,pending-export,pending-export,pending-export,pending-export,,2026-09-23,keep
/prompt-gallery/system-prompt-hardening-prompt,prompt-hub,prompts,en,index,https://www.marqly.com/prompt-gallery/system-prompt-hardening-prompt,"System Prompt Hardening Prompt | Marqly Prompt Gallery","Copy-paste this prompt engineering prompt to generate system prompt hardening. Works with ChatGPT, Claude, Gemini, DeepSeek and more.",published,2,188,pending-export,pending-export,pending-export,pending-export,pending-export,pending-export,pending-export,pending-export,pending-export,pending-export,,2026-09-23,keep
/prompt-gallery/tailored-cover-letter-prompt,prompt-hub,prompts,en,index,https://www.marqly.com/prompt-gallery/tailored-cover-letter-prompt,"Tailored Cover Letter Prompt | Marqly Prompt Gallery","Write a customized cover letter that connects your experience to a specific job posting.",published,2,188,pending-export,pending-export,pending-export,pending-export,pending-export,pending-export,pending-export,pending-export,pending-export,pending-export,,2026-09-23,keep
/prompt-gallery/tech-gadget-mockup-prompt,prompt-hub,prompts,en,index,https://www.marqly.com/prompt-gallery/tech-gadget-mockup-prompt,"Tech Gadget Mockup Prompt | Marqly Prompt Gallery","Copy-paste this image &amp; photo prompt to generate tech gadget mockup. Works with Midjourney, DALL-E, Stable Diffusion, leonardo and more.",published,2,187,pending-export,pending-export,pending-export,pending-export,pending-export,pending-export,pending-export,pending-export,pending-export,pending-export,,2026-09-23,keep
/prompt-gallery/technical-documentation-rewrite-prompt,prompt-hub,prompts,en,index,https://www.marqly.com/prompt-gallery/technical-documentation-rewrite-prompt,"Technical Documentation Rewrite Prompt | Marqly Prompt Gallery","Copy-paste this writing &amp; content prompt to generate technical documentation rewrite. Works with ChatGPT, Claude, Gemini, DeepSeek and more.",published,2,188,pending-export,pending-export,pending-export,pending-export,pending-export,pending-export,pending-export,pending-export,pending-export,pending-export,,2026-09-23,keep
/prompt-gallery/text-classification-labels-prompt,prompt-hub,prompts,en,index,https://www.marqly.com/prompt-gallery/text-classification-labels-prompt,"Text Classification Labels Prompt | Marqly Prompt Gallery","Copy-paste this analysis &amp; data prompt to generate text classification labels. Works with ChatGPT, Claude, Gemini, perplexity and more.",published,2,186,pending-export,pending-export,pending-export,pending-export,pending-export,pending-export,pending-export,pending-export,pending-export,pending-export,,2026-09-23,keep
/prompt-gallery/thesis-statement-refiner-prompt,prompt-hub,prompts,en,index,https://www.marqly.com/prompt-gallery/thesis-statement-refiner-prompt,"Thesis Statement Refiner Prompt | Marqly Prompt Gallery","Copy-paste this research &amp; learning prompt to generate thesis statement refiner. Works with ChatGPT, Claude, Gemini, perplexity and more.",published,2,187,pending-export,pending-export,pending-export,pending-export,pending-export,pending-export,pending-export,pending-export,pending-export,pending-export,,2026-09-23,keep
/prompt-gallery/tiktok-hook-generator-prompt,prompt-hub,prompts,en,index,https://www.marqly.com/prompt-gallery/tiktok-hook-generator-prompt,"TikTok Hook Generator Prompt | Marqly Prompt Gallery","Generate scroll-stopping TikTok hooks optimized for retention and replay.",published,2,187,pending-export,pending-export,pending-export,pending-export,pending-export,pending-export,pending-export,pending-export,pending-export,pending-export,,2026-09-23,keep
/prompt-gallery/tiktok-script-outline-prompt,prompt-hub,prompts,en,index,https://www.marqly.com/prompt-gallery/tiktok-script-outline-prompt,"TikTok Script Outline Prompt | Marqly Prompt Gallery","Copy-paste this social media prompt to generate tiktok script outline. Works with ChatGPT, Claude, Gemini, copy-ai and more.",published,2,187,pending-export,pending-export,pending-export,pending-export,pending-export,pending-export,pending-export,pending-export,pending-export,pending-export,,2026-09-23,keep
/prompt-gallery/time-blocking-schedule-prompt,prompt-hub,prompts,en,index,https://www.marqly.com/prompt-gallery/time-blocking-schedule-prompt,"Time Blocking Schedule Prompt | Marqly Prompt Gallery","Copy-paste this work &amp; productivity prompt to generate time blocking schedule. Works with ChatGPT, Claude, Gemini, copilot and more.",published,2,188,pending-export,pending-export,pending-export,pending-export,pending-export,pending-export,pending-export,pending-export,pending-export,pending-export,,2026-09-23,keep
/prompt-gallery/travel-bucket-list-prompt,prompt-hub,prompts,en,index,https://www.marqly.com/prompt-gallery/travel-bucket-list-prompt,"Travel Bucket List Prompt | Marqly Prompt Gallery","Copy-paste this personal &amp; creative prompt to generate travel bucket list. Works with ChatGPT, Claude, Gemini, DeepSeek and more.",published,2,188,pending-export,pending-export,pending-export,pending-export,pending-export,pending-export,pending-export,pending-export,pending-export,pending-export,,2026-09-23,keep
/prompt-gallery/travel-itinerary-optimizer-prompt,prompt-hub,prompts,en,index,https://www.marqly.com/prompt-gallery/travel-itinerary-optimizer-prompt,"Travel Itinerary Optimizer Prompt | Marqly Prompt Gallery","Copy-paste this work &amp; productivity prompt to generate travel itinerary optimizer. Works with ChatGPT, Claude, Gemini, copilot and more.",published,2,188,pending-export,pending-export,pending-export,pending-export,pending-export,pending-export,pending-export,pending-export,pending-export,pending-export,,2026-09-23,keep
/prompt-gallery/tree-of-thoughts-decision-prompt,prompt-hub,prompts,en,index,https://www.marqly.com/prompt-gallery/tree-of-thoughts-decision-prompt,"Tree of Thoughts Decision Prompt | Marqly Prompt Gallery","Copy-paste this prompt engineering prompt to generate tree of thoughts decision. Works with ChatGPT, Claude, Gemini, DeepSeek and more.",published,2,188,pending-export,pending-export,pending-export,pending-export,pending-export,pending-export,pending-export,pending-export,pending-export,pending-export,,2026-09-23,keep
/prompt-gallery/twitter-x-poll-thread-prompt,prompt-hub,prompts,en,index,https://www.marqly.com/prompt-gallery/twitter-x-poll-thread-prompt,"Twitter/X Poll Thread Prompt | Marqly Prompt Gallery","Copy-paste this social media prompt to generate twitter/x poll thread. Works with ChatGPT, Claude, Gemini, copy-ai and more.",published,2,187,pending-export,pending-export,pending-export,pending-export,pending-export,pending-export,pending-export,pending-export,pending-export,pending-export,,2026-09-23,keep
/prompt-gallery/twitterx-thread-prompt,prompt-hub,prompts,en,index,https://www.marqly.com/prompt-gallery/twitterx-thread-prompt,"Twitter/X Thread Prompt | Marqly Prompt Gallery","Turn one idea into a concise, shareable Twitter/X thread with a strong opener.",published,2,187,pending-export,pending-export,pending-export,pending-export,pending-export,pending-export,pending-export,pending-export,pending-export,pending-export,,2026-09-23,keep
/prompt-gallery/unit-test-suite-generator-prompt,prompt-hub,prompts,en,index,https://www.marqly.com/prompt-gallery/unit-test-suite-generator-prompt,"Unit Test Suite Generator Prompt | Marqly Prompt Gallery","Generate comprehensive unit tests covering happy path, edge cases, and errors.",published,2,187,pending-export,pending-export,pending-export,pending-export,pending-export,pending-export,pending-export,pending-export,pending-export,pending-export,,2026-09-23,keep
/prompt-gallery/user-generated-content-reshare-caption-prompt,prompt-hub,prompts,en,index,https://www.marqly.com/prompt-gallery/user-generated-content-reshare-caption-prompt,"User-Generated Content Reshare Caption Prompt | Marqly Prompt Gallery","Draft captions that thank creators, build trust, and encourage more submissions.",published,2,187,pending-export,pending-export,pending-export,pending-export,pending-export,pending-export,pending-export,pending-export,pending-export,pending-export,,2026-09-23,keep
/prompt-gallery/video-script-hook-prompt,prompt-hub,prompts,en,index,https://www.marqly.com/prompt-gallery/video-script-hook-prompt,"Video Script Hook Prompt | Marqly Prompt Gallery","Copy-paste this writing &amp; content prompt to generate video script hook. Works with ChatGPT, Claude, Gemini, DeepSeek and more.",published,2,188,pending-export,pending-export,pending-export,pending-export,pending-export,pending-export,pending-export,pending-export,pending-export,pending-export,,2026-09-23,keep
/prompt-gallery/vintage-movie-poster-prompt,prompt-hub,prompts,en,index,https://www.marqly.com/prompt-gallery/vintage-movie-poster-prompt,"Vintage Movie Poster Prompt | Marqly Prompt Gallery","Copy-paste this image &amp; photo prompt to generate vintage movie poster. Works with Midjourney, DALL-E, Stable Diffusion, leonardo and more.",published,2,187,pending-export,pending-export,pending-export,pending-export,pending-export,pending-export,pending-export,pending-export,pending-export,pending-export,,2026-09-23,keep
/prompt-gallery/viral-meme-caption-prompt,prompt-hub,prompts,en,index,https://www.marqly.com/prompt-gallery/viral-meme-caption-prompt,"Viral Meme Caption Prompt | Marqly Prompt Gallery","Copy-paste this social media prompt to generate viral meme caption. Works with ChatGPT, Claude, Gemini, copy-ai and more.",published,2,187,pending-export,pending-export,pending-export,pending-export,pending-export,pending-export,pending-export,pending-export,pending-export,pending-export,,2026-09-23,keep
/prompt-gallery/vision-board-description-prompt,prompt-hub,prompts,en,index,https://www.marqly.com/prompt-gallery/vision-board-description-prompt,"Vision Board Description Prompt | Marqly Prompt Gallery","Copy-paste this personal &amp; creative prompt to generate vision board description. Works with ChatGPT, Claude, Gemini, DeepSeek and more.",published,2,188,pending-export,pending-export,pending-export,pending-export,pending-export,pending-export,pending-export,pending-export,pending-export,pending-export,,2026-09-23,keep
/prompt-gallery/watercolor-botanical-print-prompt,prompt-hub,prompts,en,index,https://www.marqly.com/prompt-gallery/watercolor-botanical-print-prompt,"Watercolor Botanical Print Prompt | Marqly Prompt Gallery","Copy-paste this image &amp; photo prompt to generate watercolor botanical print. Works with Midjourney, DALL-E, Stable Diffusion, leonardo and more.",published,2,187,pending-export,pending-export,pending-export,pending-export,pending-export,pending-export,pending-export,pending-export,pending-export,pending-export,,2026-09-23,keep
/prompt-gallery/weekly-meal-plan-grocery-list-prompt,prompt-hub,prompts,en,index,https://www.marqly.com/prompt-gallery/weekly-meal-plan-grocery-list-prompt,"Weekly Meal Plan &amp; Grocery List Prompt | Marqly Prompt Gallery","Generate a balanced weekly meal plan with recipes and a consolidated shopping list.",published,2,188,pending-export,pending-export,pending-export,pending-export,pending-export,pending-export,pending-export,pending-export,pending-export,pending-export,,2026-09-23,keep
/prompt-gallery/weekly-review-prioritization-prompt,prompt-hub,prompts,en,index,https://www.marqly.com/prompt-gallery/weekly-review-prioritization-prompt,"Weekly Review &amp; Prioritization Prompt | Marqly Prompt Gallery","Reflect on the past week and prioritize the next week's goals, blockers, and energy.",published,2,188,pending-export,pending-export,pending-export,pending-export,pending-export,pending-export,pending-export,pending-export,pending-export,pending-export,,2026-09-23,keep
/prompt-gallery/weighted-decision-matrix-prompt,prompt-hub,prompts,en,index,https://www.marqly.com/prompt-gallery/weighted-decision-matrix-prompt,"Weighted Decision Matrix Prompt | Marqly Prompt Gallery","Score options against weighted criteria to make a confident, transparent choice.",published,2,188,pending-export,pending-export,pending-export,pending-export,pending-export,pending-export,pending-export,pending-export,pending-export,pending-export,,2026-09-23,keep
/prompt-gallery/white-paper-outline-prompt,prompt-hub,prompts,en,index,https://www.marqly.com/prompt-gallery/white-paper-outline-prompt,"White Paper Outline Prompt | Marqly Prompt Gallery","Copy-paste this writing &amp; content prompt to generate white paper outline. Works with ChatGPT, Claude, Gemini, DeepSeek and more.",published,2,188,pending-export,pending-export,pending-export,pending-export,pending-export,pending-export,pending-export,pending-export,pending-export,pending-export,,2026-09-23,keep
/prompt-gallery/year-in-review-blog-post-prompt,prompt-hub,prompts,en,index,https://www.marqly.com/prompt-gallery/year-in-review-blog-post-prompt,"Year in Review Blog Post Prompt | Marqly Prompt Gallery","Copy-paste this writing &amp; content prompt to generate year in review blog post. Works with ChatGPT, Claude, Gemini, DeepSeek and more.",published,2,188,pending-export,pending-export,pending-export,pending-export,pending-export,pending-export,pending-export,pending-export,pending-export,pending-export,,2026-09-23,keep
/prompt-gallery/youtube-shorts-script-prompt,prompt-hub,prompts,en,index,https://www.marqly.com/prompt-gallery/youtube-shorts-script-prompt,"YouTube Shorts Script Prompt | Marqly Prompt Gallery","Copy-paste this social media prompt to generate youtube shorts script. Works with ChatGPT, Claude, Gemini, copy-ai and more.",published,2,187,pending-export,pending-export,pending-export,pending-export,pending-export,pending-export,pending-export,pending-export,pending-export,pending-export,,2026-09-23,keep
/prompt-gallery/youtube-thumbnail-title-prompt,prompt-hub,prompts,en,index,https://www.marqly.com/prompt-gallery/youtube-thumbnail-title-prompt,"YouTube Thumbnail Title Prompt | Marqly Prompt Gallery","Copy-paste this social media prompt to generate youtube thumbnail title. Works with ChatGPT, Claude, Gemini, copy-ai and more.",published,2,187,pending-export,pending-export,pending-export,pending-export,pending-export,pending-export,pending-export,pending-export,pending-export,pending-export,,2026-09-23,keep
/prompt-gallery/youtube-video-script-prompt,prompt-hub,prompts,en,index,https://www.marqly.com/prompt-gallery/youtube-video-script-prompt,"YouTube Video Script Prompt | Marqly Prompt Gallery","Outline a YouTube video with hook, structure, retention beats, and CTA.",published,2,187,pending-export,pending-export,pending-export,pending-export,pending-export,pending-export,pending-export,pending-export,pending-export,pending-export,,2026-09-23,keep
