path,url,status,lang,template,title_len,desc_len,units,thin,parity,stub,unpaired_locale,canonical_ok,noindex,hreflang_count,has_xdefault,schema_types,author_types,internal_out,inbound,external_links,images,img_missing_alt,og_image,jsonld_dates,h1
"/","https://www.marqly.com","200","en","home","60","145","3353","false","","false","false","true","false","21","true","AggregateOffer|Answer|ContactPoint|FAQPage|Organization|Question|SoftwareApplication|WebSite","Organization","186","1913","27","103","0","true","{}","You'll actually find it again."
"/alternatives","https://www.marqly.com/alternatives","200","en","alternatives-index","65","156","489","false","","false","false","true","false","0","false","BreadcrumbList|ContactPoint|ItemList|ListItem|Organization|WebSite","","184","1913","19","9","0","true","{}","Find your next tool."
"/alternatives/anybox","https://www.marqly.com/alternatives/anybox","200","en","alternatives","50","119","1920","false","","false","false","true","false","0","false","AggregateOffer|Answer|BreadcrumbList|ContactPoint|FAQPage|ItemList|ListItem|Organization|Question|SoftwareApplication|WebSite","Organization","187","767","26","9","0","true","{}","Best Anybox alternatives (2026)"
"/alternatives/diigo","https://www.marqly.com/alternatives/diigo","200","en","alternatives","49","118","1918","false","","false","false","true","false","0","false","AggregateOffer|Answer|BreadcrumbList|ContactPoint|FAQPage|ItemList|ListItem|Organization|Question|SoftwareApplication|WebSite","Organization","187","767","26","9","0","true","{}","Best Diigo alternatives (2026)"
"/alternatives/evernote-web-clipper","https://www.marqly.com/alternatives/evernote-web-clipper","200","en","alternatives","64","133","1935","false","","false","false","true","false","21","true","AggregateOffer|Answer|BreadcrumbList|ContactPoint|FAQPage|ItemList|ListItem|Organization|Question|SoftwareApplication|WebSite","Organization","187","767","26","9","0","true","{}","Best Evernote Web Clipper alternatives (2026)"
"/alternatives/glasp","https://www.marqly.com/alternatives/glasp","200","en","alternatives","49","118","1931","false","","false","false","true","false","0","false","AggregateOffer|Answer|BreadcrumbList|ContactPoint|FAQPage|ItemList|ListItem|Organization|Question|SoftwareApplication|WebSite","Organization","187","767","26","9","0","true","{}","Best Glasp alternatives (2026)"
"/alternatives/goodlinks","https://www.marqly.com/alternatives/goodlinks","200","en","alternatives","53","122","1912","false","","false","false","true","false","0","false","AggregateOffer|Answer|BreadcrumbList|ContactPoint|FAQPage|ItemList|ListItem|Organization|Question|SoftwareApplication|WebSite","Organization","187","767","26","9","0","true","{}","Best GoodLinks alternatives (2026)"
"/alternatives/instapaper","https://www.marqly.com/alternatives/instapaper","200","en","alternatives","54","123","1916","false","","false","false","true","false","21","true","AggregateOffer|Answer|BreadcrumbList|ContactPoint|FAQPage|ItemList|ListItem|Organization|Question|SoftwareApplication|WebSite","Organization","187","767","26","9","0","true","{}","Best Instapaper alternatives (2026)"
"/alternatives/karakeep","https://www.marqly.com/alternatives/karakeep","200","en","alternatives","52","121","1905","false","","false","false","true","false","0","false","AggregateOffer|Answer|BreadcrumbList|ContactPoint|FAQPage|ItemList|ListItem|Organization|Question|SoftwareApplication|WebSite","Organization","187","767","26","9","0","true","{}","Best Karakeep alternatives (2026)"
"/alternatives/liner","https://www.marqly.com/alternatives/liner","200","en","alternatives","49","118","1974","false","","false","false","true","false","0","false","AggregateOffer|Answer|BreadcrumbList|ContactPoint|FAQPage|ItemList|ListItem|Organization|Question|SoftwareApplication|WebSite","Organization","187","767","26","9","0","true","{}","Best LINER alternatives (2026)"
"/alternatives/linkwarden","https://www.marqly.com/alternatives/linkwarden","200","en","alternatives","54","123","1908","false","","false","false","true","false","0","false","AggregateOffer|Answer|BreadcrumbList|ContactPoint|FAQPage|ItemList|ListItem|Organization|Question|SoftwareApplication|WebSite","Organization","187","767","26","9","0","true","{}","Best Linkwarden alternatives (2026)"
"/alternatives/matter","https://www.marqly.com/alternatives/matter","200","en","alternatives","50","119","1901","false","","false","false","true","false","0","false","AggregateOffer|Answer|BreadcrumbList|ContactPoint|FAQPage|ItemList|ListItem|Organization|Question|SoftwareApplication|WebSite","Organization","187","767","26","9","0","true","{}","Best Matter alternatives (2026)"
"/alternatives/mymind","https://www.marqly.com/alternatives/mymind","200","en","alternatives","50","119","1893","false","","false","false","true","false","0","false","AggregateOffer|Answer|BreadcrumbList|ContactPoint|FAQPage|ItemList|ListItem|Organization|Question|SoftwareApplication|WebSite","Organization","187","767","26","9","0","true","{}","Best mymind alternatives (2026)"
"/alternatives/notion-web-clipper","https://www.marqly.com/alternatives/notion-web-clipper","200","en","alternatives","62","131","1954","false","","false","false","true","false","21","true","AggregateOffer|Answer|BreadcrumbList|ContactPoint|FAQPage|ItemList|ListItem|Organization|Question|SoftwareApplication|WebSite","Organization","187","767","26","9","0","true","{}","Best Notion Web Clipper alternatives (2026)"
"/alternatives/obsidian-web-clipper","https://www.marqly.com/alternatives/obsidian-web-clipper","200","en","alternatives","64","133","1948","false","","false","false","true","false","0","false","AggregateOffer|Answer|BreadcrumbList|ContactPoint|FAQPage|ItemList|ListItem|Organization|Question|SoftwareApplication|WebSite","Organization","187","767","26","9","0","true","{}","Best Obsidian Web Clipper alternatives (2026)"
"/alternatives/omnivore","https://www.marqly.com/alternatives/omnivore","200","en","alternatives","52","118","1666","false","","false","false","true","false","0","false","AggregateOffer|Answer|BreadcrumbList|ContactPoint|FAQPage|ItemList|ListItem|Organization|Question|SoftwareApplication|WebSite","Organization","187","767","26","9","0","true","{}","Best Omnivore alternatives (2026)"
"/alternatives/onetab","https://www.marqly.com/alternatives/onetab","200","en","alternatives","50","119","1989","false","","false","false","true","false","0","false","AggregateOffer|Answer|BreadcrumbList|ContactPoint|FAQPage|ItemList|ListItem|Organization|Question|SoftwareApplication|WebSite","Organization","187","767","26","9","0","true","{}","Best OneTab alternatives (2026)"
"/alternatives/pinboard","https://www.marqly.com/alternatives/pinboard","200","en","alternatives","52","121","1913","false","","false","false","true","false","0","false","AggregateOffer|Answer|BreadcrumbList|ContactPoint|FAQPage|ItemList|ListItem|Organization|Question|SoftwareApplication|WebSite","Organization","187","767","26","9","0","true","{}","Best Pinboard alternatives (2026)"
"/alternatives/pinterest","https://www.marqly.com/alternatives/pinterest","200","en","alternatives","53","122","1904","false","","false","false","true","false","0","false","AggregateOffer|Answer|BreadcrumbList|ContactPoint|FAQPage|ItemList|ListItem|Organization|Question|SoftwareApplication|WebSite","Organization","187","767","26","9","0","true","{}","Best Pinterest alternatives (2026)"
"/alternatives/pocket","https://www.marqly.com/alternatives/pocket","200","en","alternatives","50","114","1645","false","","false","false","true","false","21","true","AggregateOffer|Answer|BreadcrumbList|ContactPoint|FAQPage|ItemList|ListItem|Organization|Question|SoftwareApplication|WebSite","Organization","187","767","26","9","0","true","{}","Best Pocket alternatives (2026)"
"/alternatives/raindrop","https://www.marqly.com/alternatives/raindrop","200","en","alternatives","55","124","2024","false","","false","false","true","false","21","true","AggregateOffer|Answer|BreadcrumbList|ContactPoint|FAQPage|ItemList|ListItem|Organization|Question|SoftwareApplication|WebSite","Organization","187","767","26","9","0","true","{}","Best Raindrop.io alternatives (2026)"
"/alternatives/readwise","https://www.marqly.com/alternatives/readwise","200","en","alternatives","52","121","1806","false","","false","false","true","false","0","false","AggregateOffer|Answer|BreadcrumbList|ContactPoint|FAQPage|ItemList|ListItem|Organization|Question|SoftwareApplication|WebSite","Organization","187","767","26","9","0","true","{}","Best Readwise alternatives (2026)"
"/alternatives/readwise-reader","https://www.marqly.com/alternatives/readwise-reader","200","en","alternatives","59","128","1904","false","","false","false","true","false","0","false","AggregateOffer|Answer|BreadcrumbList|ContactPoint|FAQPage|ItemList|ListItem|Organization|Question|SoftwareApplication|WebSite","Organization","187","767","26","9","0","true","{}","Best Readwise Reader alternatives (2026)"
"/alternatives/session-buddy","https://www.marqly.com/alternatives/session-buddy","200","en","alternatives","57","126","2022","false","","false","false","true","false","0","false","AggregateOffer|Answer|BreadcrumbList|ContactPoint|FAQPage|ItemList|ListItem|Organization|Question|SoftwareApplication|WebSite","Organization","187","767","26","9","0","true","{}","Best Session Buddy alternatives (2026)"
"/alternatives/toby","https://www.marqly.com/alternatives/toby","200","en","alternatives","48","117","1982","false","","false","false","true","false","0","false","AggregateOffer|Answer|BreadcrumbList|ContactPoint|FAQPage|ItemList|ListItem|Organization|Question|SoftwareApplication|WebSite","Organization","187","767","26","9","0","true","{}","Best Toby alternatives (2026)"
"/alternatives/wallabag","https://www.marqly.com/alternatives/wallabag","200","en","alternatives","52","121","1915","false","","false","false","true","false","0","false","AggregateOffer|Answer|BreadcrumbList|ContactPoint|FAQPage|ItemList|ListItem|Organization|Question|SoftwareApplication|WebSite","Organization","187","767","26","9","0","true","{}","Best Wallabag alternatives (2026)"
"/alternatives/weava","https://www.marqly.com/alternatives/weava","200","en","alternatives","49","118","1926","false","","false","false","true","false","0","false","AggregateOffer|Answer|BreadcrumbList|ContactPoint|FAQPage|ItemList|ListItem|Organization|Question|SoftwareApplication|WebSite","Organization","187","767","26","9","0","true","{}","Best Weava alternatives (2026)"
"/alternatives/workona","https://www.marqly.com/alternatives/workona","200","en","alternatives","51","120","1987","false","","false","false","true","false","0","false","AggregateOffer|Answer|BreadcrumbList|ContactPoint|FAQPage|ItemList|ListItem|Organization|Question|SoftwareApplication|WebSite","Organization","187","767","26","9","0","true","{}","Best Workona alternatives (2026)"
"/best-bookmark-manager","https://www.marqly.com/best-bookmark-manager","200","en","root-lander","46","153","1982","false","","false","false","true","false","0","false","Answer|BreadcrumbList|ContactPoint|FAQPage|ListItem|Organization|Question|WebSite","","184","767","20","9","0","true","{}","Best Bookmark Managers in 2026"
"/blog","https://www.marqly.com/blog","200","en","blog","54","143","776","false","","false","false","true","false","21","true","Blog|BlogPosting","","220","1913","17","38","0","true","{""datePublished"":""2026-08-02""}","Save smarter. Find anything."
"/blog/ai-bookmark-managers-semantic-search-compared","https://www.marqly.com/blog/ai-bookmark-managers-semantic-search-compared","200","en","blog","55","150","2283","false","","false","false","true","false","21","true","AggregateOffer|Answer|BlogPosting|BreadcrumbList|ContactPoint|FAQPage|ImageObject|ListItem|Organization|Question|SoftwareApplication|WebPage","Organization","190","767","19","10","0","true","{""datePublished"":""2026-06-23"",""dateModified"":""2026-06-23""}","Which AI Bookmark Managers Actually Search by Meaning? (8 Compared)"
"/blog/ai-bookmark-retrieval-benchmark-2026","https://www.marqly.com/blog/ai-bookmark-retrieval-benchmark-2026","200","en","blog","71","251","1592","false","","false","false","true","false","0","false","AggregateOffer|Answer|BlogPosting|BreadcrumbList|ContactPoint|FAQPage|ImageObject|ListItem|Organization|Question|SoftwareApplication|WebPage","Organization","186","767","18","10","0","true","{""datePublished"":""2026-09-12"",""dateModified"":""2026-09-23""}","AI Bookmark Retrieval Benchmark 2026: The Test Protocol (and What Each Tool Documents)"
"/blog/best-ai-bookmark-manager-2026","https://www.marqly.com/blog/best-ai-bookmark-manager-2026","200","en","blog","57","152","2817","false","","false","false","true","false","21","true","AggregateOffer|Answer|BlogPosting|BreadcrumbList|ContactPoint|FAQPage|ImageObject|ListItem|Organization|Question|SoftwareApplication|WebPage","Organization","191","777","20","10","0","true","{""datePublished"":""2026-05-05"",""dateModified"":""2026-06-23""}","The Best AI Bookmark Manager in 2026: What to Look For (and 5 to Try)"
"/blog/best-free-bookmark-managers-2026","https://www.marqly.com/blog/best-free-bookmark-managers-2026","200","en","blog","48","154","1978","false","","false","false","true","false","21","true","AggregateOffer|Answer|BlogPosting|BreadcrumbList|ContactPoint|FAQPage|ImageObject|ListItem|Organization|Question|SoftwareApplication|WebPage","Organization","187","10","19","9","0","true","{""datePublished"":""2026-08-02"",""dateModified"":""2026-08-02""}","The 5 Best Free Bookmark Managers in 2026 (Actually Free)"
"/blog/best-pocket-alternatives-2026","https://www.marqly.com/blog/best-pocket-alternatives-2026","200","en","blog","52","145","3187","false","","false","false","true","false","21","true","AggregateOffer|Answer|BlogPosting|BreadcrumbList|ContactPoint|FAQPage|ImageObject|ListItem|Organization|Question|SoftwareApplication|WebPage","Organization","190","767","20","10","0","true","{""datePublished"":""2026-05-12"",""dateModified"":""2026-06-23""}","The 8 Best Pocket Alternatives in 2026 (After Mozilla Shut It Down)"
"/blog/best-read-it-later-apps-2026","https://www.marqly.com/blog/best-read-it-later-apps-2026","200","en","blog","60","145","1048","false","","false","false","true","false","21","true","AggregateOffer|Answer|BlogPosting|BreadcrumbList|ContactPoint|FAQPage|ImageObject|ListItem|Organization|Question|SoftwareApplication|WebPage","Organization","190","772","20","10","0","true","{""datePublished"":""2026-03-19"",""dateModified"":""2026-03-19""}","The 9 Best Read-It-Later Apps in 2026 (Tested & Ranked)"
"/blog/best-second-brain-apps-2026","https://www.marqly.com/blog/best-second-brain-apps-2026","200","en","blog","50","154","2448","false","","false","false","true","false","21","true","AggregateOffer|Answer|BlogPosting|BreadcrumbList|ContactPoint|FAQPage|ImageObject|ListItem|Organization|Question|SoftwareApplication|WebPage","Organization","189","3","19","10","0","true","{""datePublished"":""2026-06-23"",""dateModified"":""2026-06-23""}","The 7 Best Second Brain Apps in 2026 (Compared)"
"/blog/best-self-hosted-pocket-alternative","https://www.marqly.com/blog/best-self-hosted-pocket-alternative","200","en","blog","49","159","2323","false","","false","false","true","false","21","true","AggregateOffer|Answer|BlogPosting|BreadcrumbList|ContactPoint|FAQPage|ImageObject|ListItem|Organization|Question|SoftwareApplication|WebPage","Organization","189","15","19","10","0","true","{""datePublished"":""2026-06-23"",""dateModified"":""2026-06-23""}","The Best Self-Hosted Pocket Alternative in 2026 (and When a Hosted App Wins)"
"/blog/best-tab-managers-2026","https://www.marqly.com/blog/best-tab-managers-2026","200","en","blog","52","152","1787","false","","false","false","true","false","21","true","AggregateOffer|Answer|BlogPosting|BreadcrumbList|ContactPoint|FAQPage|ImageObject|ListItem|Organization|Question|SoftwareApplication|WebPage","Organization","187","7","19","9","0","true","{""datePublished"":""2026-08-02"",""dateModified"":""2026-08-02""}","The 5 Best Tab Managers in 2026 (Pick by the Job, Not the Hype)"
"/blog/best-web-highlighters-2026","https://www.marqly.com/blog/best-web-highlighters-2026","200","en","blog","44","155","1806","false","","false","false","true","false","21","true","AggregateOffer|Answer|BlogPosting|BreadcrumbList|ContactPoint|FAQPage|ImageObject|ListItem|Organization|Question|SoftwareApplication|WebPage","Organization","188","3","19","9","0","true","{""datePublished"":""2026-08-02"",""dateModified"":""2026-08-02""}","The 6 Best Web Highlighters in 2026 (Tested on Real Pages)"
"/blog/best-youtube-summarizers-2026","https://www.marqly.com/blog/best-youtube-summarizers-2026","200","en","blog","47","157","1865","false","","false","false","true","false","21","true","AggregateOffer|Answer|BlogPosting|BreadcrumbList|ContactPoint|FAQPage|ImageObject|ListItem|Organization|Question|SoftwareApplication|WebPage","Organization","188","1","19","9","0","true","{""datePublished"":""2026-08-02"",""dateModified"":""2026-08-02""}","The 6 Best YouTube Summarizers in 2026 (Compared Honestly)"
"/blog/can-ai-organize-my-bookmarks-automatically","https://www.marqly.com/blog/can-ai-organize-my-bookmarks-automatically","200","en","blog","59","154","986","false","","false","false","true","false","21","true","AggregateOffer|Answer|BlogPosting|BreadcrumbList|ContactPoint|FAQPage|ImageObject|ListItem|Organization|Question|SoftwareApplication|WebPage","Organization","190","7","20","10","0","true","{""datePublished"":""2026-05-16"",""dateModified"":""2026-05-16""}","Can AI Organize My Bookmarks Automatically? Yes — Here's How"
"/blog/chat-with-youtube-videos","https://www.marqly.com/blog/chat-with-youtube-videos","200","en","blog","52","153","2028","false","","false","false","true","false","21","true","AggregateOffer|Answer|BlogPosting|BreadcrumbList|ContactPoint|FAQPage|ImageObject|ListItem|Organization|Question|SoftwareApplication|WebPage","Organization","192","12","20","10","0","true","{""datePublished"":""2026-07-04"",""dateModified"":""2026-07-04""}","How to Chat With a YouTube Video (Ask Questions, Get Real Answers)"
"/blog/chrome-bookmarks-not-syncing-fix","https://www.marqly.com/blog/chrome-bookmarks-not-syncing-fix","200","en","blog","58","157","1718","false","","false","false","true","false","21","true","AggregateOffer|Answer|BlogPosting|BreadcrumbList|ContactPoint|FAQPage|ImageObject|ListItem|Organization|Question|SoftwareApplication|WebPage","Organization","191","20","19","9","0","true","{""datePublished"":""2026-08-02"",""dateModified"":""2026-08-02""}","Chrome Bookmarks Not Syncing? 8 Fixes That Actually Work (2026)"
"/blog/digital-declutter-new-year","https://www.marqly.com/blog/digital-declutter-new-year","200","en","blog","54","160","1655","false","","false","false","true","false","21","true","AggregateOffer|Answer|BlogPosting|BreadcrumbList|ContactPoint|FAQPage|ImageObject|ListItem|Organization|Question|SoftwareApplication|WebPage","Organization","191","16","19","9","0","true","{""datePublished"":""2026-08-02"",""dateModified"":""2026-08-02""}","The New-Year Digital Declutter Checklist: Tabs, Bookmarks, Backlogs, Subscriptions"
"/blog/export-instagram-saved-posts","https://www.marqly.com/blog/export-instagram-saved-posts","200","en","blog","52","162","1782","false","","false","false","true","false","21","true","AggregateOffer|Answer|BlogPosting|BreadcrumbList|ContactPoint|FAQPage|ImageObject|ListItem|Organization|Question|SoftwareApplication|WebPage","Organization","193","23","20","9","0","true","{""datePublished"":""2026-08-16"",""dateModified"":""2026-08-16""}","How to Export Your Instagram Saved Posts in 2026 (Download Your Information, Step by Step)"
"/blog/export-reddit-saved-posts","https://www.marqly.com/blog/export-reddit-saved-posts","200","en","blog","49","155","1694","false","","false","false","true","false","21","true","AggregateOffer|Answer|BlogPosting|BreadcrumbList|ContactPoint|FAQPage|ImageObject|ListItem|Organization|Question|SoftwareApplication|WebPage","Organization","191","5","19","9","0","true","{""datePublished"":""2026-08-02"",""dateModified"":""2026-08-02""}","How to Export Your Reddit Saved Posts in 2026 (Data Request, Step by Step)"
"/blog/export-twitter-x-bookmarks","https://www.marqly.com/blog/export-twitter-x-bookmarks","200","en","blog","52","158","1780","false","","false","false","true","false","21","true","AggregateOffer|Answer|BlogPosting|BreadcrumbList|ContactPoint|FAQPage|ImageObject|ListItem|Organization|Question|SoftwareApplication|WebPage","Organization","191","3","19","9","0","true","{""datePublished"":""2026-08-02"",""dateModified"":""2026-08-02""}","How to Export Your X (Twitter) Bookmarks in 2026 (Every Route That Works)"
"/blog/export-youtube-watch-later","https://www.marqly.com/blog/export-youtube-watch-later","200","en","blog","50","163","1774","false","","false","false","true","false","21","true","AggregateOffer|Answer|BlogPosting|BreadcrumbList|ContactPoint|FAQPage|ImageObject|ListItem|Organization|Question|SoftwareApplication|WebPage","Organization","193","22","19","9","0","true","{""datePublished"":""2026-08-16"",""dateModified"":""2026-08-16""}","How to Export Your YouTube Watch Later in 2026 (Takeout Doesn't Include It)"
"/blog/how-to-build-a-second-brain","https://www.marqly.com/blog/how-to-build-a-second-brain","200","en","blog","59","143","1094","false","","false","false","true","false","21","true","AggregateOffer|Answer|BlogPosting|BreadcrumbList|ContactPoint|FAQPage|ImageObject|ListItem|Organization|Question|SoftwareApplication|WebPage","Organization","190","767","19","10","0","true","{""datePublished"":""2026-03-13"",""dateModified"":""2026-03-13""}","How to Build a Second Brain in 2026 (Without the Maintenance)"
"/blog/how-to-chat-with-your-saved-articles","https://www.marqly.com/blog/how-to-chat-with-your-saved-articles","200","en","blog","52","146","1107","false","","false","false","true","false","21","true","AggregateOffer|Answer|BlogPosting|BreadcrumbList|ContactPoint|FAQPage|ImageObject|ListItem|Organization|Question|SoftwareApplication|WebPage","Organization","188","10","20","10","0","true","{""datePublished"":""2026-05-14"",""dateModified"":""2026-05-14""}","How to Chat With Your Saved Articles and Bookmarks"
"/blog/how-to-export-migrate-pocket-data","https://www.marqly.com/blog/how-to-export-migrate-pocket-data","200","en","blog","62","145","1003","false","","false","false","true","false","21","true","AggregateOffer|Answer|BlogPosting|BreadcrumbList|ContactPoint|FAQPage|ImageObject|ListItem|Organization|Question|SoftwareApplication|WebPage","Organization","189","20","19","10","0","true","{""datePublished"":""2026-05-08"",""dateModified"":""2026-05-08""}","How to Export and Migrate Your Pocket Data in 2026 (Step-by-Step)"
"/blog/how-to-find-a-saved-article-you-forgot-the-title-of","https://www.marqly.com/blog/how-to-find-a-saved-article-you-forgot-the-title-of","200","en","blog","50","147","1043","false","","false","false","true","false","21","true","AggregateOffer|Answer|BlogPosting|BreadcrumbList|ContactPoint|FAQPage|ImageObject|ListItem|Organization|Question|SoftwareApplication|WebPage","Organization","186","9","20","10","0","true","{""datePublished"":""2026-05-22"",""dateModified"":""2026-05-22""}","How to Find a Saved Article When You Forgot the Title"
"/blog/how-to-get-youtube-video-transcript","https://www.marqly.com/blog/how-to-get-youtube-video-transcript","200","en","blog","55","159","1975","false","","false","false","true","false","21","true","AggregateOffer|Answer|BlogPosting|BreadcrumbList|ContactPoint|FAQPage|ImageObject|ListItem|Organization|Question|SoftwareApplication|WebPage","Organization","190","7","20","10","0","true","{""datePublished"":""2026-07-04"",""dateModified"":""2026-07-04""}","How to Get the Transcript of a YouTube Video (3 Ways, 2026)"
"/blog/how-to-highlight-text-on-any-website","https://www.marqly.com/blog/how-to-highlight-text-on-any-website","200","en","blog","52","155","1948","false","","false","false","true","false","21","true","AggregateOffer|Answer|BlogPosting|BreadcrumbList|ContactPoint|FAQPage|ImageObject|ListItem|Organization|Question|SoftwareApplication|WebPage","Organization","190","21","19","10","0","true","{""datePublished"":""2026-07-04"",""dateModified"":""2026-07-04""}","How to Highlight Text on Any Website (and Actually Keep It)"
"/blog/how-to-import-chrome-bookmarks-to-ai","https://www.marqly.com/blog/how-to-import-chrome-bookmarks-to-ai","200","en","blog","56","151","2448","false","","false","false","true","false","21","true","AggregateOffer|Answer|BlogPosting|BreadcrumbList|ContactPoint|FAQPage|ImageObject|ListItem|Organization|Question|SoftwareApplication|WebPage","Organization","191","18","19","10","0","true","{""datePublished"":""2026-06-23"",""dateModified"":""2026-06-23""}","How to Import Your Chrome Bookmarks Into an AI Bookmark Manager (2026)"
"/blog/how-to-organize-bookmarks","https://www.marqly.com/blog/how-to-organize-bookmarks","200","en","blog","63","149","3312","false","","false","false","true","false","21","true","AggregateOffer|Answer|BlogPosting|BreadcrumbList|ContactPoint|FAQPage|ImageObject|ListItem|Organization|Question|SoftwareApplication|WebPage","Organization","194","30","19","10","0","true","{""datePublished"":""2026-03-24"",""dateModified"":""2026-06-23""}","How to Organize Your Bookmarks in 2026 (The Complete Guide)"
"/blog/how-to-search-bookmarks-with-ai","https://www.marqly.com/blog/how-to-search-bookmarks-with-ai","200","en","blog","47","148","1110","false","","false","false","true","false","21","true","AggregateOffer|Answer|BlogPosting|BreadcrumbList|ContactPoint|FAQPage|ImageObject|ListItem|Organization|Question|SoftwareApplication|WebPage","Organization","187","767","20","10","0","true","{""datePublished"":""2026-05-18"",""dateModified"":""2026-05-18""}","How to Search Your Bookmarks With AI (Semantic Search)"
"/blog/instapaper-alternatives-2026","https://www.marqly.com/blog/instapaper-alternatives-2026","200","en","blog","66","149","785","false","","false","false","true","false","21","true","AggregateOffer|Answer|BlogPosting|BreadcrumbList|ContactPoint|FAQPage|ImageObject|ListItem|Organization|Question|SoftwareApplication|WebPage","Organization","186","20","20","10","0","true","{""datePublished"":""2026-04-09"",""dateModified"":""2026-04-09""}","The Best Instapaper Alternatives in 2026 (When Minimalist Isn't Enough)"
"/blog/instapaper-review-2026","https://www.marqly.com/blog/instapaper-review-2026","200","en","blog","54","155","1711","false","","false","false","true","false","21","true","AggregateOffer|Answer|BlogPosting|BreadcrumbList|ContactPoint|FAQPage|ImageObject|ListItem|Organization|Question|SoftwareApplication|WebPage","Organization","188","6","20","9","0","true","{""datePublished"":""2026-08-02"",""dateModified"":""2026-08-02""}","Instapaper Review 2026: Still the Calmest Reader, Now Twice the Price"
"/blog/karakeep-review-2026","https://www.marqly.com/blog/karakeep-review-2026","200","en","blog","53","155","1650","false","","false","false","true","false","21","true","AggregateOffer|Answer|BlogPosting|BreadcrumbList|ContactPoint|FAQPage|ImageObject|ListItem|Organization|Question|SoftwareApplication|WebPage","Organization","188","6","20","9","0","true","{""datePublished"":""2026-08-02"",""dateModified"":""2026-08-02""}","Karakeep Review 2026: The Self-Hosted Bookmark App With Real AI"
"/blog/linkwarden-review-2026","https://www.marqly.com/blog/linkwarden-review-2026","200","en","blog","55","157","1645","false","","false","false","true","false","21","true","AggregateOffer|Answer|BlogPosting|BreadcrumbList|ContactPoint|FAQPage|ImageObject|ListItem|Organization|Question|SoftwareApplication|WebPage","Organization","188","6","20","9","0","true","{""datePublished"":""2026-08-02"",""dateModified"":""2026-08-02""}","Linkwarden Review 2026: The Archivist's Open-Source Bookmark Manager"
"/blog/marqly-ai-vs-readwise-ghostreader","https://www.marqly.com/blog/marqly-ai-vs-readwise-ghostreader","200","en","blog","53","158","1151","false","","false","false","true","false","0","false","AggregateOffer|Answer|BlogPosting|BreadcrumbList|ContactPoint|FAQPage|ImageObject|ListItem|Organization|Question|SoftwareApplication|WebPage","Organization","186","17","18","9","0","true","{""datePublished"":""2026-09-12"",""dateModified"":""2026-09-12""}","Marqly AI vs Readwise Ghostreader: Which AI Assistant Wins in 2026?"
"/blog/marqly-review-2026","https://www.marqly.com/blog/marqly-review-2026","200","en","blog","60","148","982","false","","false","false","true","false","21","true","AggregateOffer|Answer|BlogPosting|BreadcrumbList|ContactPoint|FAQPage|ImageObject|ListItem|Organization|Question|SoftwareApplication|WebPage","Organization","186","5","19","10","0","true","{""datePublished"":""2026-02-26"",""dateModified"":""2026-02-26""}","Marqly Review 2026: Features, Pricing, Pros & Cons"
"/blog/mymind-review-2026","https://www.marqly.com/blog/mymind-review-2026","200","en","blog","48","154","1797","false","","false","false","true","false","21","true","AggregateOffer|Answer|BlogPosting|BreadcrumbList|ContactPoint|FAQPage|ImageObject|ListItem|Organization|Question|SoftwareApplication|WebPage","Organization","190","767","19","9","0","true","{""datePublished"":""2026-08-02"",""dateModified"":""2026-08-02""}","mymind Review 2026: Beautiful, Private, and Not for Everyone"
"/blog/notion-web-clipper-alternative","https://www.marqly.com/blog/notion-web-clipper-alternative","200","en","blog","51","142","868","false","","false","false","true","false","21","true","AggregateOffer|Answer|BlogPosting|BreadcrumbList|ContactPoint|FAQPage|ImageObject|ListItem|Organization|Question|SoftwareApplication|WebPage","Organization","187","10","20","10","0","true","{""datePublished"":""2026-04-04"",""dateModified"":""2026-04-04""}","The Best Notion Web Clipper Alternative for Saving & Finding Articles"
"/blog/para-method-for-bookmarks","https://www.marqly.com/blog/para-method-for-bookmarks","200","en","blog","54","153","1719","false","","false","false","true","false","21","true","AggregateOffer|Answer|BlogPosting|BreadcrumbList|ContactPoint|FAQPage|ImageObject|ListItem|Organization|Question|SoftwareApplication|WebPage","Organization","189","2","19","9","0","true","{""datePublished"":""2026-08-02"",""dateModified"":""2026-08-02""}","The PARA Method for Bookmarks: How to Set It Up (and Where It Breaks)"
"/blog/pocket-replacements-2026","https://www.marqly.com/blog/pocket-replacements-2026","200","en","blog","60","155","1580","false","","false","false","true","false","0","false","AggregateOffer|Answer|BlogPosting|BreadcrumbList|ContactPoint|FAQPage|ImageObject|ListItem|Organization|Question|SoftwareApplication|WebPage","Organization","188","767","19","10","0","true","{""datePublished"":""2026-09-12"",""dateModified"":""2026-09-12""}","Pocket Is Gone: The Best Replacements in 2026 (Tested on Import, Reading & AI Search)"
"/blog/raindrop-review-2026","https://www.marqly.com/blog/raindrop-review-2026","200","en","blog","55","154","1856","false","","false","false","true","false","21","true","AggregateOffer|Answer|BlogPosting|BreadcrumbList|ContactPoint|FAQPage|ImageObject|ListItem|Organization|Question|SoftwareApplication|WebPage","Organization","187","4","20","9","0","true","{""datePublished"":""2026-08-02"",""dateModified"":""2026-08-02""}","Raindrop.io Review 2026: The Best Bookmark Manager Money Barely Buys"
"/blog/readwise-reader-review-2026","https://www.marqly.com/blog/readwise-reader-review-2026","200","en","blog","56","154","1691","false","","false","false","true","false","21","true","AggregateOffer|Answer|BlogPosting|BreadcrumbList|ContactPoint|FAQPage|ImageObject|ListItem|Organization|Question|SoftwareApplication|WebPage","Organization","187","2","20","9","0","true","{""datePublished"":""2026-08-02"",""dateModified"":""2026-08-02""}","Readwise Reader Review 2026: The Power Tool for People Who Read Everything"
"/blog/save-webpage-as-pdf","https://www.marqly.com/blog/save-webpage-as-pdf","200","en","blog","53","156","1960","false","","false","false","true","false","21","true","AggregateOffer|Answer|BlogPosting|BreadcrumbList|ContactPoint|FAQPage|ImageObject|ListItem|Organization|Question|SoftwareApplication|WebPage","Organization","190","767","20","10","0","true","{""datePublished"":""2026-07-04"",""dateModified"":""2026-07-04""}","How to Save a Webpage as a PDF (Without the Usual Mess)"
"/blog/save-youtube-videos-watch-later","https://www.marqly.com/blog/save-youtube-videos-watch-later","200","en","blog","57","148","1039","false","","false","false","true","false","21","true","AggregateOffer|Answer|BlogPosting|BreadcrumbList|ContactPoint|FAQPage|ImageObject|ListItem|Organization|Question|SoftwareApplication|WebPage","Organization","191","17","19","10","0","true","{""datePublished"":""2026-03-08"",""dateModified"":""2026-07-04""}","How to Save YouTube Videos to Watch Later (and Actually Find Them)"
"/blog/stop-organizing-bookmarks-folders-obsolete","https://www.marqly.com/blog/stop-organizing-bookmarks-folders-obsolete","200","en","blog","50","157","2179","false","","false","false","true","false","21","true","AggregateOffer|Answer|BlogPosting|BreadcrumbList|ContactPoint|FAQPage|ImageObject|ListItem|Organization|Question|SoftwareApplication|WebPage","Organization","191","12","19","10","0","true","{""datePublished"":""2026-06-23"",""dateModified"":""2026-06-23""}","Stop Organizing Bookmarks: Why Folders Are Obsolete in 2026"
"/blog/summarize-youtube-videos-with-ai","https://www.marqly.com/blog/summarize-youtube-videos-with-ai","200","en","blog","54","154","2000","false","","false","false","true","false","21","true","AggregateOffer|Answer|BlogPosting|BreadcrumbList|ContactPoint|FAQPage|ImageObject|ListItem|Organization|Question|SoftwareApplication|WebPage","Organization","191","767","19","10","0","true","{""datePublished"":""2026-07-04"",""dateModified"":""2026-07-04""}","How to Summarize YouTube Videos with AI (Right on the Watch Page)"
"/blog/what-is-a-second-brain-app","https://www.marqly.com/blog/what-is-a-second-brain-app","200","en","blog","61","153","2829","false","","false","false","true","false","21","true","AggregateOffer|Answer|BlogPosting|BreadcrumbList|ContactPoint|FAQPage|ImageObject|ListItem|Organization|Question|SoftwareApplication|WebPage","Organization","189","10","19","10","0","true","{""datePublished"":""2026-04-28"",""dateModified"":""2026-06-23""}","What Is a Second Brain App? (And How to Build One From Your Bookmarks)"
"/blog/what-is-an-ai-second-brain","https://www.marqly.com/blog/what-is-an-ai-second-brain","200","en","blog","43","145","1023","false","","false","false","true","false","21","true","AggregateOffer|Answer|BlogPosting|BreadcrumbList|ContactPoint|FAQPage|ImageObject|ListItem|Organization|Question|SoftwareApplication|WebPage","Organization","189","9","20","10","0","true","{""datePublished"":""2026-05-20"",""dateModified"":""2026-05-20""}","What Is an AI Second Brain? A Plain-English Guide"
"/blog/what-is-in-your-pocket-export-file","https://www.marqly.com/blog/what-is-in-your-pocket-export-file","200","en","blog","58","157","2366","false","","false","false","true","false","21","true","AggregateOffer|Answer|BlogPosting|BreadcrumbList|ContactPoint|FAQPage|ImageObject|ListItem|Organization|Question|SoftwareApplication|WebPage","Organization","190","10","20","10","0","true","{""datePublished"":""2026-06-23"",""dateModified"":""2026-06-23""}","What's Actually Inside Your Pocket Export File (and How to Use It)"
"/bookmark-manager-for-chrome","https://www.marqly.com/bookmark-manager-for-chrome","200","en","root-lander","51","158","1133","false","","false","false","true","false","21","true","AggregateOffer|Answer|BreadcrumbList|ContactPoint|FAQPage|ListItem|Organization|Question|SoftwareApplication|WebSite","Organization","186","767","24","9","0","true","{}","Chrome bookmarks that find themselves"
"/bookmark-manager-for-edge","https://www.marqly.com/bookmark-manager-for-edge","200","en","root-lander","54","157","1106","false","","false","false","true","false","21","true","AggregateOffer|Answer|BreadcrumbList|ContactPoint|FAQPage|ListItem|Organization|Question|SoftwareApplication|WebSite","Organization","185","767","24","9","0","true","{}","Give Edge favorites an AI upgrade"
"/bookmark-manager-for-firefox","https://www.marqly.com/bookmark-manager-for-firefox","200","en","root-lander","49","153","1112","false","","false","false","true","false","21","true","AggregateOffer|Answer|BreadcrumbList|ContactPoint|FAQPage|ListItem|Organization|Question|SoftwareApplication|WebSite","Organization","186","767","24","9","0","true","{}","Firefox bookmarks, tagged and searchable by meaning"
"/bookmark-manager-for-iphone","https://www.marqly.com/bookmark-manager-for-iphone","200","en","root-lander","51","157","1078","false","","false","false","true","false","21","true","AggregateOffer|Answer|BreadcrumbList|ContactPoint|FAQPage|ListItem|Organization|Question|SoftwareApplication|WebSite","Organization","185","767","24","9","0","true","{}","Your whole bookmark library, in your pocket"
"/bookmark-manager-for-safari","https://www.marqly.com/bookmark-manager-for-safari","200","en","root-lander","42","155","1115","false","","false","false","true","false","21","true","AggregateOffer|Answer|BreadcrumbList|ContactPoint|FAQPage|ListItem|Organization|Question|SoftwareApplication|WebSite","Organization","185","767","25","9","0","true","{}","Your Safari saves, on every device you own"
"/bookmark-organizer","https://www.marqly.com/bookmark-organizer","200","en","root-lander","54","152","1085","false","","false","false","true","false","21","true","AggregateOffer|Answer|BreadcrumbList|ContactPoint|FAQPage|ListItem|Organization|Question|SoftwareApplication|WebSite","Organization","186","767","22","9","0","true","{}","Stop filing bookmarks. AI tags every save and finds it by meaning"
"/bookmark-sync","https://www.marqly.com/bookmark-sync","200","en","root-lander","49","154","1128","false","","false","false","true","false","21","true","AggregateOffer|Answer|BreadcrumbList|ContactPoint|FAQPage|ListItem|Organization|Question|SoftwareApplication|WebSite","Organization","186","767","27","9","0","true","{}","Save in one browser. Find it in all of them."
"/clipboard-history","https://www.marqly.com/clipboard-history","200","en","root-lander","55","149","1336","false","","false","false","true","false","21","true","AggregateOffer|Answer|BreadcrumbList|ContactPoint|FAQPage|ListItem|Organization|Question|SoftwareApplication|WebSite","Organization","189","767","22","9","0","true","{}","Your clipboard remembers one thing. Marqly remembers all of them"
"/compare","https://www.marqly.com/compare","200","en","compare-index","53","138","1876","false","","false","false","true","false","0","false","BreadcrumbList|ContactPoint|ItemList|ListItem|Organization|WebSite","","295","1913","19","9","0","true","{}","Compare the tools, honestly."
"/compare/evernote-web-clipper-vs-notion-web-clipper","https://www.marqly.com/compare/evernote-web-clipper-vs-notion-web-clipper","200","en","compare","67","159","1638","false","","false","false","true","false","0","false","AggregateOffer|Answer|BreadcrumbList|ContactPoint|FAQPage|ListItem|Organization|Question|SoftwareApplication|WebSite","Organization","201","23","22","9","0","true","{}","Evernote Web Clipper vs Notion Web Clipper: Which is better? (2026)"
"/compare/evernote-web-clipper-vs-obsidian-web-clipper","https://www.marqly.com/compare/evernote-web-clipper-vs-obsidian-web-clipper","200","en","compare","69","161","1600","false","","false","false","true","false","0","false","AggregateOffer|Answer|BreadcrumbList|ContactPoint|FAQPage|ListItem|Organization|Question|SoftwareApplication|WebSite","Organization","200","24","22","9","0","true","{}","Evernote Web Clipper vs Obsidian Web Clipper: Which is better? (2026)"
"/compare/evernote-web-clipper-vs-onetab","https://www.marqly.com/compare/evernote-web-clipper-vs-onetab","200","en","compare","55","147","1526","false","","false","false","true","false","0","false","AggregateOffer|Answer|BreadcrumbList|ContactPoint|FAQPage|ListItem|Organization|Question|SoftwareApplication|WebSite","Organization","200","25","22","9","0","true","{}","Evernote Web Clipper vs OneTab: Which is better? (2026)"
"/compare/evernote-web-clipper-vs-toby","https://www.marqly.com/compare/evernote-web-clipper-vs-toby","200","en","compare","53","145","1574","false","","false","false","true","false","0","false","AggregateOffer|Answer|BreadcrumbList|ContactPoint|FAQPage|ListItem|Organization|Question|SoftwareApplication|WebSite","Organization","200","26","22","9","0","true","{}","Evernote Web Clipper vs Toby: Which is better? (2026)"
"/compare/instapaper-vs-evernote-web-clipper","https://www.marqly.com/compare/instapaper-vs-evernote-web-clipper","200","en","compare","59","151","1569","false","","false","false","true","false","0","false","AggregateOffer|Answer|BreadcrumbList|ContactPoint|FAQPage|ListItem|Organization|Question|SoftwareApplication|WebSite","Organization","200","14","22","9","0","true","{}","Instapaper vs Evernote Web Clipper: Which is better? (2026)"
"/compare/instapaper-vs-karakeep","https://www.marqly.com/compare/instapaper-vs-karakeep","200","en","compare","47","139","1524","false","","false","false","true","false","0","false","AggregateOffer|Answer|BreadcrumbList|ContactPoint|FAQPage|ListItem|Organization|Question|SoftwareApplication|WebSite","Organization","201","12","22","9","0","true","{}","Instapaper vs Karakeep: Which is better? (2026)"
"/compare/instapaper-vs-linkwarden","https://www.marqly.com/compare/instapaper-vs-linkwarden","200","en","compare","49","141","1546","false","","false","false","true","false","0","false","AggregateOffer|Answer|BreadcrumbList|ContactPoint|FAQPage|ListItem|Organization|Question|SoftwareApplication|WebSite","Organization","200","11","22","9","0","true","{}","Instapaper vs Linkwarden: Which is better? (2026)"
"/compare/instapaper-vs-matter","https://www.marqly.com/compare/instapaper-vs-matter","200","en","compare","45","137","1520","false","","false","false","true","false","0","false","AggregateOffer|Answer|BreadcrumbList|ContactPoint|FAQPage|ListItem|Organization|Question|SoftwareApplication|WebSite","Organization","200","8","22","9","0","true","{}","Instapaper vs Matter: Which is better? (2026)"
"/compare/instapaper-vs-mymind","https://www.marqly.com/compare/instapaper-vs-mymind","200","en","compare","45","137","1539","false","","false","false","true","false","0","false","AggregateOffer|Answer|BreadcrumbList|ContactPoint|FAQPage|ListItem|Organization|Question|SoftwareApplication|WebSite","Organization","201","13","22","9","0","true","{}","Instapaper vs mymind: Which is better? (2026)"
"/compare/instapaper-vs-notion-web-clipper","https://www.marqly.com/compare/instapaper-vs-notion-web-clipper","200","en","compare","57","149","1580","false","","false","false","true","false","0","false","AggregateOffer|Answer|BreadcrumbList|ContactPoint|FAQPage|ListItem|Organization|Question|SoftwareApplication|WebSite","Organization","201","15","22","9","0","true","{}","Instapaper vs Notion Web Clipper: Which is better? (2026)"
"/compare/instapaper-vs-obsidian-web-clipper","https://www.marqly.com/compare/instapaper-vs-obsidian-web-clipper","200","en","compare","59","151","1533","false","","false","false","true","false","0","false","AggregateOffer|Answer|BreadcrumbList|ContactPoint|FAQPage|ListItem|Organization|Question|SoftwareApplication|WebSite","Organization","200","16","22","9","0","true","{}","Instapaper vs Obsidian Web Clipper: Which is better? (2026)"
"/compare/instapaper-vs-omnivore","https://www.marqly.com/compare/instapaper-vs-omnivore","200","en","compare","47","139","1484","false","","false","false","true","false","0","false","AggregateOffer|Answer|BreadcrumbList|ContactPoint|FAQPage|ListItem|Organization|Question|SoftwareApplication|WebSite","Organization","200","9","22","9","0","true","{}","Instapaper vs Omnivore: Which is better? (2026)"
"/compare/instapaper-vs-onetab","https://www.marqly.com/compare/instapaper-vs-onetab","200","en","compare","45","137","1476","false","","false","false","true","false","0","false","AggregateOffer|Answer|BreadcrumbList|ContactPoint|FAQPage|ListItem|Organization|Question|SoftwareApplication|WebSite","Organization","200","17","22","9","0","true","{}","Instapaper vs OneTab: Which is better? (2026)"
"/compare/instapaper-vs-readwise-reader","https://www.marqly.com/compare/instapaper-vs-readwise-reader","200","en","compare","54","146","1553","false","","false","false","true","false","0","false","AggregateOffer|Answer|BreadcrumbList|ContactPoint|FAQPage|ListItem|Organization|Question|SoftwareApplication|WebSite","Organization","202","8","22","9","0","true","{}","Instapaper vs Readwise Reader: Which is better? (2026)"
"/compare/instapaper-vs-toby","https://www.marqly.com/compare/instapaper-vs-toby","200","en","compare","43","135","1539","false","","false","false","true","false","0","false","AggregateOffer|Answer|BreadcrumbList|ContactPoint|FAQPage|ListItem|Organization|Question|SoftwareApplication|WebSite","Organization","200","18","22","9","0","true","{}","Instapaper vs Toby: Which is better? (2026)"
"/compare/instapaper-vs-wallabag","https://www.marqly.com/compare/instapaper-vs-wallabag","200","en","compare","47","139","1509","false","","false","false","true","false","0","false","AggregateOffer|Answer|BreadcrumbList|ContactPoint|FAQPage|ListItem|Organization|Question|SoftwareApplication|WebSite","Organization","200","10","22","9","0","true","{}","Instapaper vs Wallabag: Which is better? (2026)"
"/compare/karakeep-vs-anybox","https://www.marqly.com/compare/karakeep-vs-anybox","200","en","compare","43","135","1197","false","","false","false","true","false","0","false","AggregateOffer|Answer|BreadcrumbList|ContactPoint|FAQPage|ListItem|Organization|Question|SoftwareApplication|WebSite","Organization","191","15","22","9","0","true","{}","Karakeep vs Anybox: Which is better? (2026)"
"/compare/karakeep-vs-evernote-web-clipper","https://www.marqly.com/compare/karakeep-vs-evernote-web-clipper","200","en","compare","57","149","1613","false","","false","false","true","false","0","false","AggregateOffer|Answer|BreadcrumbList|ContactPoint|FAQPage|ListItem|Organization|Question|SoftwareApplication|WebSite","Organization","200","20","22","9","0","true","{}","Karakeep vs Evernote Web Clipper: Which is better? (2026)"
"/compare/karakeep-vs-mymind","https://www.marqly.com/compare/karakeep-vs-mymind","200","en","compare","43","135","1595","false","","false","false","true","false","0","false","AggregateOffer|Answer|BreadcrumbList|ContactPoint|FAQPage|ListItem|Organization|Question|SoftwareApplication|WebSite","Organization","201","19","22","9","0","true","{}","Karakeep vs mymind: Which is better? (2026)"
"/compare/karakeep-vs-notion-web-clipper","https://www.marqly.com/compare/karakeep-vs-notion-web-clipper","200","en","compare","55","147","1617","false","","false","false","true","false","0","false","AggregateOffer|Answer|BreadcrumbList|ContactPoint|FAQPage|ListItem|Organization|Question|SoftwareApplication|WebSite","Organization","201","21","22","9","0","true","{}","Karakeep vs Notion Web Clipper: Which is better? (2026)"
"/compare/karakeep-vs-obsidian-web-clipper","https://www.marqly.com/compare/karakeep-vs-obsidian-web-clipper","200","en","compare","57","149","1565","false","","false","false","true","false","0","false","AggregateOffer|Answer|BreadcrumbList|ContactPoint|FAQPage|ListItem|Organization|Question|SoftwareApplication|WebSite","Organization","200","22","22","9","0","true","{}","Karakeep vs Obsidian Web Clipper: Which is better? (2026)"
"/compare/karakeep-vs-onetab","https://www.marqly.com/compare/karakeep-vs-onetab","200","en","compare","43","135","1509","false","","false","false","true","false","0","false","AggregateOffer|Answer|BreadcrumbList|ContactPoint|FAQPage|ListItem|Organization|Question|SoftwareApplication|WebSite","Organization","200","23","22","9","0","true","{}","Karakeep vs OneTab: Which is better? (2026)"
"/compare/karakeep-vs-toby","https://www.marqly.com/compare/karakeep-vs-toby","200","en","compare","41","133","1554","false","","false","false","true","false","0","false","AggregateOffer|Answer|BreadcrumbList|ContactPoint|FAQPage|ListItem|Organization|Question|SoftwareApplication|WebSite","Organization","200","24","22","9","0","true","{}","Karakeep vs Toby: Which is better? (2026)"
"/compare/linkwarden-vs-evernote-web-clipper","https://www.marqly.com/compare/linkwarden-vs-evernote-web-clipper","200","en","compare","59","151","1616","false","","false","false","true","false","0","false","AggregateOffer|Answer|BreadcrumbList|ContactPoint|FAQPage|ListItem|Organization|Question|SoftwareApplication|WebSite","Organization","200","19","22","9","0","true","{}","Linkwarden vs Evernote Web Clipper: Which is better? (2026)"
"/compare/linkwarden-vs-karakeep","https://www.marqly.com/compare/linkwarden-vs-karakeep","200","en","compare","47","139","1557","false","","false","false","true","false","0","false","AggregateOffer|Answer|BreadcrumbList|ContactPoint|FAQPage|ListItem|Organization|Question|SoftwareApplication|WebSite","Organization","201","18","22","9","0","true","{}","Linkwarden vs Karakeep: Which is better? (2026)"
"/compare/linkwarden-vs-mymind","https://www.marqly.com/compare/linkwarden-vs-mymind","200","en","compare","45","137","1579","false","","false","false","true","false","0","false","AggregateOffer|Answer|BreadcrumbList|ContactPoint|FAQPage|ListItem|Organization|Question|SoftwareApplication|WebSite","Organization","201","18","22","9","0","true","{}","Linkwarden vs mymind: Which is better? (2026)"
"/compare/linkwarden-vs-notion-web-clipper","https://www.marqly.com/compare/linkwarden-vs-notion-web-clipper","200","en","compare","57","149","1630","false","","false","false","true","false","0","false","AggregateOffer|Answer|BreadcrumbList|ContactPoint|FAQPage|ListItem|Organization|Question|SoftwareApplication|WebSite","Organization","201","20","22","9","0","true","{}","Linkwarden vs Notion Web Clipper: Which is better? (2026)"
"/compare/linkwarden-vs-obsidian-web-clipper","https://www.marqly.com/compare/linkwarden-vs-obsidian-web-clipper","200","en","compare","59","151","1563","false","","false","false","true","false","0","false","AggregateOffer|Answer|BreadcrumbList|ContactPoint|FAQPage|ListItem|Organization|Question|SoftwareApplication|WebSite","Organization","200","21","22","9","0","true","{}","Linkwarden vs Obsidian Web Clipper: Which is better? (2026)"
"/compare/linkwarden-vs-onetab","https://www.marqly.com/compare/linkwarden-vs-onetab","200","en","compare","45","137","1513","false","","false","false","true","false","0","false","AggregateOffer|Answer|BreadcrumbList|ContactPoint|FAQPage|ListItem|Organization|Question|SoftwareApplication|WebSite","Organization","200","22","22","9","0","true","{}","Linkwarden vs OneTab: Which is better? (2026)"
"/compare/linkwarden-vs-toby","https://www.marqly.com/compare/linkwarden-vs-toby","200","en","compare","43","135","1573","false","","false","false","true","false","0","false","AggregateOffer|Answer|BreadcrumbList|ContactPoint|FAQPage|ListItem|Organization|Question|SoftwareApplication|WebSite","Organization","200","23","22","9","0","true","{}","Linkwarden vs Toby: Which is better? (2026)"
"/compare/marqly-vs-anybox","https://www.marqly.com/compare/marqly-vs-anybox","200","en","compare","41","147","1706","false","","false","false","true","false","0","false","AggregateOffer|Answer|BreadcrumbList|ContactPoint|FAQPage|ListItem|Organization|Question|SoftwareApplication|WebSite","Organization","192","767","21","9","0","true","{}","Marqly vs Anybox: Which is better? (2026)"
"/compare/marqly-vs-diigo","https://www.marqly.com/compare/marqly-vs-diigo","200","en","compare","40","146","1724","false","","false","false","true","false","0","false","AggregateOffer|Answer|BreadcrumbList|ContactPoint|FAQPage|ListItem|Organization|Question|SoftwareApplication|WebSite","Organization","187","767","21","9","0","true","{}","Marqly vs Diigo: Which is better? (2026)"
"/compare/marqly-vs-evernote-web-clipper","https://www.marqly.com/compare/marqly-vs-evernote-web-clipper","200","en","compare","55","161","1731","false","","false","false","true","false","21","true","AggregateOffer|Answer|BreadcrumbList|ContactPoint|FAQPage|ListItem|Organization|Question|SoftwareApplication|WebSite","Organization","201","767","21","9","0","true","{}","Marqly vs Evernote Web Clipper: Which is better? (2026)"
"/compare/marqly-vs-glasp","https://www.marqly.com/compare/marqly-vs-glasp","200","en","compare","40","146","1769","false","","false","false","true","false","0","false","AggregateOffer|Answer|BreadcrumbList|ContactPoint|FAQPage|ListItem|Organization|Question|SoftwareApplication|WebSite","Organization","187","767","21","9","0","true","{}","Marqly vs Glasp: Which is better? (2026)"
"/compare/marqly-vs-goodlinks","https://www.marqly.com/compare/marqly-vs-goodlinks","200","en","compare","44","150","1694","false","","false","false","true","false","0","false","AggregateOffer|Answer|BreadcrumbList|ContactPoint|FAQPage|ListItem|Organization|Question|SoftwareApplication|WebSite","Organization","187","767","21","9","0","true","{}","Marqly vs GoodLinks: Which is better? (2026)"
"/compare/marqly-vs-instapaper","https://www.marqly.com/compare/marqly-vs-instapaper","200","en","compare","45","151","1711","false","","false","false","true","false","21","true","AggregateOffer|Answer|BreadcrumbList|ContactPoint|FAQPage|ListItem|Organization|Question|SoftwareApplication|WebSite","Organization","201","767","21","9","0","true","{}","Marqly vs Instapaper: Which is better? (2026)"
"/compare/marqly-vs-karakeep","https://www.marqly.com/compare/marqly-vs-karakeep","200","en","compare","43","149","1623","false","","false","false","true","false","0","false","AggregateOffer|Answer|BreadcrumbList|ContactPoint|FAQPage|ListItem|Organization|Question|SoftwareApplication|WebSite","Organization","202","767","21","9","0","true","{}","Marqly vs Karakeep: Which is better? (2026)"
"/compare/marqly-vs-liner","https://www.marqly.com/compare/marqly-vs-liner","200","en","compare","40","146","1780","false","","false","false","true","false","0","false","AggregateOffer|Answer|BreadcrumbList|ContactPoint|FAQPage|ListItem|Organization|Question|SoftwareApplication|WebSite","Organization","187","767","21","9","0","true","{}","Marqly vs LINER: Which is better? (2026)"
"/compare/marqly-vs-linkwarden","https://www.marqly.com/compare/marqly-vs-linkwarden","200","en","compare","45","151","1786","false","","false","false","true","false","0","false","AggregateOffer|Answer|BreadcrumbList|ContactPoint|FAQPage|ListItem|Organization|Question|SoftwareApplication|WebSite","Organization","201","767","21","9","0","true","{}","Marqly vs Linkwarden: Which is better? (2026)"
"/compare/marqly-vs-matter","https://www.marqly.com/compare/marqly-vs-matter","200","en","compare","41","147","1787","false","","false","false","true","false","21","true","AggregateOffer|Answer|BreadcrumbList|ContactPoint|FAQPage|ListItem|Organization|Question|SoftwareApplication|WebSite","Organization","201","767","21","9","0","true","{}","Marqly vs Matter: Which is better? (2026)"
"/compare/marqly-vs-mymind","https://www.marqly.com/compare/marqly-vs-mymind","200","en","compare","41","147","1668","false","","false","false","true","false","0","false","AggregateOffer|Answer|BreadcrumbList|ContactPoint|FAQPage|ListItem|Organization|Question|SoftwareApplication|WebSite","Organization","202","1913","21","9","0","true","{}","Marqly vs mymind: Which is better? (2026)"
"/compare/marqly-vs-notion-web-clipper","https://www.marqly.com/compare/marqly-vs-notion-web-clipper","200","en","compare","53","159","1722","false","","false","false","true","false","21","true","AggregateOffer|Answer|BreadcrumbList|ContactPoint|FAQPage|ListItem|Organization|Question|SoftwareApplication|WebSite","Organization","202","1913","21","9","0","true","{}","Marqly vs Notion Web Clipper: Which is better? (2026)"
"/compare/marqly-vs-obsidian-web-clipper","https://www.marqly.com/compare/marqly-vs-obsidian-web-clipper","200","en","compare","55","161","1813","false","","false","false","true","false","21","true","AggregateOffer|Answer|BreadcrumbList|ContactPoint|FAQPage|ListItem|Organization|Question|SoftwareApplication|WebSite","Organization","201","767","21","9","0","true","{}","Marqly vs Obsidian Web Clipper: Which is better? (2026)"
"/compare/marqly-vs-omnivore","https://www.marqly.com/compare/marqly-vs-omnivore","200","en","compare","43","149","1718","false","","false","false","true","false","0","false","AggregateOffer|Answer|BreadcrumbList|ContactPoint|FAQPage|ListItem|Organization|Question|SoftwareApplication|WebSite","Organization","201","767","21","9","0","true","{}","Marqly vs Omnivore: Which is better? (2026)"
"/compare/marqly-vs-onetab","https://www.marqly.com/compare/marqly-vs-onetab","200","en","compare","41","147","1766","false","","false","false","true","false","0","false","AggregateOffer|Answer|BreadcrumbList|ContactPoint|FAQPage|ListItem|Organization|Question|SoftwareApplication|WebSite","Organization","201","767","21","9","0","true","{}","Marqly vs OneTab: Which is better? (2026)"
"/compare/marqly-vs-pinboard","https://www.marqly.com/compare/marqly-vs-pinboard","200","en","compare","43","149","1687","false","","false","false","true","false","0","false","AggregateOffer|Answer|BreadcrumbList|ContactPoint|FAQPage|ListItem|Organization|Question|SoftwareApplication|WebSite","Organization","187","767","21","9","0","true","{}","Marqly vs Pinboard: Which is better? (2026)"
"/compare/marqly-vs-pinterest","https://www.marqly.com/compare/marqly-vs-pinterest","200","en","compare","44","150","1700","false","","false","false","true","false","0","false","AggregateOffer|Answer|BreadcrumbList|ContactPoint|FAQPage|ListItem|Organization|Question|SoftwareApplication|WebSite","Organization","187","767","21","9","0","true","{}","Marqly vs Pinterest: Which is better? (2026)"
"/compare/marqly-vs-pocket","https://www.marqly.com/compare/marqly-vs-pocket","200","en","compare","41","147","1729","false","","false","false","true","false","21","true","AggregateOffer|Answer|BreadcrumbList|ContactPoint|FAQPage|ListItem|Organization|Question|SoftwareApplication|WebSite","Organization","201","1913","21","9","0","true","{}","Marqly vs Pocket: Which is better? (2026)"
"/compare/marqly-vs-raindrop","https://www.marqly.com/compare/marqly-vs-raindrop","200","en","compare","46","152","1827","false","","false","false","true","false","21","true","AggregateOffer|Answer|BreadcrumbList|ContactPoint|FAQPage|ListItem|Organization|Question|SoftwareApplication|WebSite","Organization","202","1913","21","9","0","true","{}","Marqly vs Raindrop.io: Which is better? (2026)"
"/compare/marqly-vs-readwise","https://www.marqly.com/compare/marqly-vs-readwise","200","en","compare","43","149","1646","false","","false","false","true","false","0","false","AggregateOffer|Answer|BreadcrumbList|ContactPoint|FAQPage|ListItem|Organization|Question|SoftwareApplication|WebSite","Organization","188","767","21","9","0","true","{}","Marqly vs Readwise: Which is better? (2026)"
"/compare/marqly-vs-readwise-reader","https://www.marqly.com/compare/marqly-vs-readwise-reader","200","en","compare","50","156","1803","false","","false","false","true","false","21","true","AggregateOffer|Answer|BreadcrumbList|ContactPoint|FAQPage|ListItem|Organization|Question|SoftwareApplication|WebSite","Organization","203","1913","21","9","0","true","{}","Marqly vs Readwise Reader: Which is better? (2026)"
"/compare/marqly-vs-session-buddy","https://www.marqly.com/compare/marqly-vs-session-buddy","200","en","compare","48","154","1827","false","","false","false","true","false","0","false","AggregateOffer|Answer|BreadcrumbList|ContactPoint|FAQPage|ListItem|Organization|Question|SoftwareApplication|WebSite","Organization","187","767","21","9","0","true","{}","Marqly vs Session Buddy: Which is better? (2026)"
"/compare/marqly-vs-toby","https://www.marqly.com/compare/marqly-vs-toby","200","en","compare","39","145","1862","false","","false","false","true","false","0","false","AggregateOffer|Answer|BreadcrumbList|ContactPoint|FAQPage|ListItem|Organization|Question|SoftwareApplication|WebSite","Organization","201","767","21","9","0","true","{}","Marqly vs Toby: Which is better? (2026)"
"/compare/marqly-vs-wallabag","https://www.marqly.com/compare/marqly-vs-wallabag","200","en","compare","43","149","1740","false","","false","false","true","false","0","false","AggregateOffer|Answer|BreadcrumbList|ContactPoint|FAQPage|ListItem|Organization|Question|SoftwareApplication|WebSite","Organization","201","767","21","9","0","true","{}","Marqly vs Wallabag: Which is better? (2026)"
"/compare/marqly-vs-weava","https://www.marqly.com/compare/marqly-vs-weava","200","en","compare","40","146","1747","false","","false","false","true","false","0","false","AggregateOffer|Answer|BreadcrumbList|ContactPoint|FAQPage|ListItem|Organization|Question|SoftwareApplication|WebSite","Organization","187","767","21","9","0","true","{}","Marqly vs Weava: Which is better? (2026)"
"/compare/marqly-vs-workona","https://www.marqly.com/compare/marqly-vs-workona","200","en","compare","42","148","1828","false","","false","false","true","false","0","false","AggregateOffer|Answer|BreadcrumbList|ContactPoint|FAQPage|ListItem|Organization|Question|SoftwareApplication|WebSite","Organization","187","767","21","9","0","true","{}","Marqly vs Workona: Which is better? (2026)"
"/compare/matter-vs-evernote-web-clipper","https://www.marqly.com/compare/matter-vs-evernote-web-clipper","200","en","compare","55","147","1576","false","","false","false","true","false","0","false","AggregateOffer|Answer|BreadcrumbList|ContactPoint|FAQPage|ListItem|Organization|Question|SoftwareApplication|WebSite","Organization","200","16","22","9","0","true","{}","Matter vs Evernote Web Clipper: Which is better? (2026)"
"/compare/matter-vs-karakeep","https://www.marqly.com/compare/matter-vs-karakeep","200","en","compare","43","135","1520","false","","false","false","true","false","0","false","AggregateOffer|Answer|BreadcrumbList|ContactPoint|FAQPage|ListItem|Organization|Question|SoftwareApplication|WebSite","Organization","201","14","22","9","0","true","{}","Matter vs Karakeep: Which is better? (2026)"
"/compare/matter-vs-linkwarden","https://www.marqly.com/compare/matter-vs-linkwarden","200","en","compare","45","137","1528","false","","false","false","true","false","0","false","AggregateOffer|Answer|BreadcrumbList|ContactPoint|FAQPage|ListItem|Organization|Question|SoftwareApplication|WebSite","Organization","200","13","22","9","0","true","{}","Matter vs Linkwarden: Which is better? (2026)"
"/compare/matter-vs-mymind","https://www.marqly.com/compare/matter-vs-mymind","200","en","compare","41","133","1543","false","","false","false","true","false","0","false","AggregateOffer|Answer|BreadcrumbList|ContactPoint|FAQPage|ListItem|Organization|Question|SoftwareApplication|WebSite","Organization","201","15","22","9","0","true","{}","Matter vs mymind: Which is better? (2026)"
"/compare/matter-vs-notion-web-clipper","https://www.marqly.com/compare/matter-vs-notion-web-clipper","200","en","compare","53","145","1599","false","","false","false","true","false","0","false","AggregateOffer|Answer|BreadcrumbList|ContactPoint|FAQPage|ListItem|Organization|Question|SoftwareApplication|WebSite","Organization","201","17","22","9","0","true","{}","Matter vs Notion Web Clipper: Which is better? (2026)"
"/compare/matter-vs-obsidian-web-clipper","https://www.marqly.com/compare/matter-vs-obsidian-web-clipper","200","en","compare","55","147","1567","false","","false","false","true","false","0","false","AggregateOffer|Answer|BreadcrumbList|ContactPoint|FAQPage|ListItem|Organization|Question|SoftwareApplication|WebSite","Organization","200","18","22","9","0","true","{}","Matter vs Obsidian Web Clipper: Which is better? (2026)"
"/compare/matter-vs-omnivore","https://www.marqly.com/compare/matter-vs-omnivore","200","en","compare","43","135","1493","false","","false","false","true","false","0","false","AggregateOffer|Answer|BreadcrumbList|ContactPoint|FAQPage|ListItem|Organization|Question|SoftwareApplication|WebSite","Organization","200","11","22","9","0","true","{}","Matter vs Omnivore: Which is better? (2026)"
"/compare/matter-vs-onetab","https://www.marqly.com/compare/matter-vs-onetab","200","en","compare","41","133","1487","false","","false","false","true","false","0","false","AggregateOffer|Answer|BreadcrumbList|ContactPoint|FAQPage|ListItem|Organization|Question|SoftwareApplication|WebSite","Organization","200","19","22","9","0","true","{}","Matter vs OneTab: Which is better? (2026)"
"/compare/matter-vs-toby","https://www.marqly.com/compare/matter-vs-toby","200","en","compare","39","131","1545","false","","false","false","true","false","0","false","AggregateOffer|Answer|BreadcrumbList|ContactPoint|FAQPage|ListItem|Organization|Question|SoftwareApplication|WebSite","Organization","200","20","22","9","0","true","{}","Matter vs Toby: Which is better? (2026)"
"/compare/matter-vs-wallabag","https://www.marqly.com/compare/matter-vs-wallabag","200","en","compare","43","135","1534","false","","false","false","true","false","0","false","AggregateOffer|Answer|BreadcrumbList|ContactPoint|FAQPage|ListItem|Organization|Question|SoftwareApplication|WebSite","Organization","200","12","22","9","0","true","{}","Matter vs Wallabag: Which is better? (2026)"
"/compare/mymind-vs-anybox","https://www.marqly.com/compare/mymind-vs-anybox","200","en","compare","41","133","1397","false","","false","false","true","false","0","false","AggregateOffer|Answer|BreadcrumbList|ContactPoint|FAQPage|ListItem|Organization|Question|SoftwareApplication|WebSite","Organization","191","17","22","9","0","true","{}","mymind vs Anybox: Which is better? (2026)"
"/compare/mymind-vs-evernote-web-clipper","https://www.marqly.com/compare/mymind-vs-evernote-web-clipper","200","en","compare","55","147","1617","false","","false","false","true","false","0","false","AggregateOffer|Answer|BreadcrumbList|ContactPoint|FAQPage|ListItem|Organization|Question|SoftwareApplication|WebSite","Organization","200","21","22","9","0","true","{}","mymind vs Evernote Web Clipper: Which is better? (2026)"
"/compare/mymind-vs-notion-web-clipper","https://www.marqly.com/compare/mymind-vs-notion-web-clipper","200","en","compare","53","145","1639","false","","false","false","true","false","0","false","AggregateOffer|Answer|BreadcrumbList|ContactPoint|FAQPage|ListItem|Organization|Question|SoftwareApplication|WebSite","Organization","201","22","22","9","0","true","{}","mymind vs Notion Web Clipper: Which is better? (2026)"
"/compare/mymind-vs-obsidian-web-clipper","https://www.marqly.com/compare/mymind-vs-obsidian-web-clipper","200","en","compare","55","147","1589","false","","false","false","true","false","0","false","AggregateOffer|Answer|BreadcrumbList|ContactPoint|FAQPage|ListItem|Organization|Question|SoftwareApplication|WebSite","Organization","200","23","22","9","0","true","{}","mymind vs Obsidian Web Clipper: Which is better? (2026)"
"/compare/mymind-vs-onetab","https://www.marqly.com/compare/mymind-vs-onetab","200","en","compare","41","133","1515","false","","false","false","true","false","0","false","AggregateOffer|Answer|BreadcrumbList|ContactPoint|FAQPage|ListItem|Organization|Question|SoftwareApplication|WebSite","Organization","200","24","22","9","0","true","{}","mymind vs OneTab: Which is better? (2026)"
"/compare/mymind-vs-toby","https://www.marqly.com/compare/mymind-vs-toby","200","en","compare","39","131","1580","false","","false","false","true","false","0","false","AggregateOffer|Answer|BreadcrumbList|ContactPoint|FAQPage|ListItem|Organization|Question|SoftwareApplication|WebSite","Organization","200","25","22","9","0","true","{}","mymind vs Toby: Which is better? (2026)"
"/compare/notion-web-clipper-vs-anybox","https://www.marqly.com/compare/notion-web-clipper-vs-anybox","200","en","compare","53","145","1318","false","","false","false","true","false","0","false","AggregateOffer|Answer|BreadcrumbList|ContactPoint|FAQPage|ListItem|Organization|Question|SoftwareApplication|WebSite","Organization","191","18","22","9","0","true","{}","Notion Web Clipper vs Anybox: Which is better? (2026)"
"/compare/notion-web-clipper-vs-obsidian-web-clipper","https://www.marqly.com/compare/notion-web-clipper-vs-obsidian-web-clipper","200","en","compare","67","159","1602","false","","false","false","true","false","0","false","AggregateOffer|Answer|BreadcrumbList|ContactPoint|FAQPage|ListItem|Organization|Question|SoftwareApplication|WebSite","Organization","200","25","22","9","0","true","{}","Notion Web Clipper vs Obsidian Web Clipper: Which is better? (2026)"
"/compare/notion-web-clipper-vs-onetab","https://www.marqly.com/compare/notion-web-clipper-vs-onetab","200","en","compare","53","145","1540","false","","false","false","true","false","0","false","AggregateOffer|Answer|BreadcrumbList|ContactPoint|FAQPage|ListItem|Organization|Question|SoftwareApplication|WebSite","Organization","200","26","22","9","0","true","{}","Notion Web Clipper vs OneTab: Which is better? (2026)"
"/compare/notion-web-clipper-vs-toby","https://www.marqly.com/compare/notion-web-clipper-vs-toby","200","en","compare","51","143","1604","false","","false","false","true","false","0","false","AggregateOffer|Answer|BreadcrumbList|ContactPoint|FAQPage|ListItem|Organization|Question|SoftwareApplication|WebSite","Organization","200","27","22","9","0","true","{}","Notion Web Clipper vs Toby: Which is better? (2026)"
"/compare/obsidian-web-clipper-vs-onetab","https://www.marqly.com/compare/obsidian-web-clipper-vs-onetab","200","en","compare","55","147","1507","false","","false","false","true","false","0","false","AggregateOffer|Answer|BreadcrumbList|ContactPoint|FAQPage|ListItem|Organization|Question|SoftwareApplication|WebSite","Organization","200","27","22","9","0","true","{}","Obsidian Web Clipper vs OneTab: Which is better? (2026)"
"/compare/obsidian-web-clipper-vs-toby","https://www.marqly.com/compare/obsidian-web-clipper-vs-toby","200","en","compare","53","145","1552","false","","false","false","true","false","0","false","AggregateOffer|Answer|BreadcrumbList|ContactPoint|FAQPage|ListItem|Organization|Question|SoftwareApplication|WebSite","Organization","200","28","22","9","0","true","{}","Obsidian Web Clipper vs Toby: Which is better? (2026)"
"/compare/omnivore-vs-evernote-web-clipper","https://www.marqly.com/compare/omnivore-vs-evernote-web-clipper","200","en","compare","57","149","1573","false","","false","false","true","false","0","false","AggregateOffer|Answer|BreadcrumbList|ContactPoint|FAQPage|ListItem|Organization|Question|SoftwareApplication|WebSite","Organization","200","17","22","9","0","true","{}","Omnivore vs Evernote Web Clipper: Which is better? (2026)"
"/compare/omnivore-vs-karakeep","https://www.marqly.com/compare/omnivore-vs-karakeep","200","en","compare","45","137","1488","false","","false","false","true","false","0","false","AggregateOffer|Answer|BreadcrumbList|ContactPoint|FAQPage|ListItem|Organization|Question|SoftwareApplication|WebSite","Organization","201","15","22","9","0","true","{}","Omnivore vs Karakeep: Which is better? (2026)"
"/compare/omnivore-vs-linkwarden","https://www.marqly.com/compare/omnivore-vs-linkwarden","200","en","compare","47","139","1501","false","","false","false","true","false","0","false","AggregateOffer|Answer|BreadcrumbList|ContactPoint|FAQPage|ListItem|Organization|Question|SoftwareApplication|WebSite","Organization","200","14","22","9","0","true","{}","Omnivore vs Linkwarden: Which is better? (2026)"
"/compare/omnivore-vs-mymind","https://www.marqly.com/compare/omnivore-vs-mymind","200","en","compare","43","135","1530","false","","false","false","true","false","0","false","AggregateOffer|Answer|BreadcrumbList|ContactPoint|FAQPage|ListItem|Organization|Question|SoftwareApplication|WebSite","Organization","201","16","22","9","0","true","{}","Omnivore vs mymind: Which is better? (2026)"
"/compare/omnivore-vs-notion-web-clipper","https://www.marqly.com/compare/omnivore-vs-notion-web-clipper","200","en","compare","55","147","1585","false","","false","false","true","false","0","false","AggregateOffer|Answer|BreadcrumbList|ContactPoint|FAQPage|ListItem|Organization|Question|SoftwareApplication|WebSite","Organization","201","18","22","9","0","true","{}","Omnivore vs Notion Web Clipper: Which is better? (2026)"
"/compare/omnivore-vs-obsidian-web-clipper","https://www.marqly.com/compare/omnivore-vs-obsidian-web-clipper","200","en","compare","57","149","1534","false","","false","false","true","false","0","false","AggregateOffer|Answer|BreadcrumbList|ContactPoint|FAQPage|ListItem|Organization|Question|SoftwareApplication|WebSite","Organization","200","19","22","9","0","true","{}","Omnivore vs Obsidian Web Clipper: Which is better? (2026)"
"/compare/omnivore-vs-onetab","https://www.marqly.com/compare/omnivore-vs-onetab","200","en","compare","43","135","1479","false","","false","false","true","false","0","false","AggregateOffer|Answer|BreadcrumbList|ContactPoint|FAQPage|ListItem|Organization|Question|SoftwareApplication|WebSite","Organization","200","20","22","9","0","true","{}","Omnivore vs OneTab: Which is better? (2026)"
"/compare/omnivore-vs-toby","https://www.marqly.com/compare/omnivore-vs-toby","200","en","compare","41","133","1535","false","","false","false","true","false","0","false","AggregateOffer|Answer|BreadcrumbList|ContactPoint|FAQPage|ListItem|Organization|Question|SoftwareApplication|WebSite","Organization","200","21","22","9","0","true","{}","Omnivore vs Toby: Which is better? (2026)"
"/compare/omnivore-vs-wallabag","https://www.marqly.com/compare/omnivore-vs-wallabag","200","en","compare","45","137","1484","false","","false","false","true","false","0","false","AggregateOffer|Answer|BreadcrumbList|ContactPoint|FAQPage|ListItem|Organization|Question|SoftwareApplication|WebSite","Organization","200","13","22","9","0","true","{}","Omnivore vs Wallabag: Which is better? (2026)"
"/compare/onetab-vs-toby","https://www.marqly.com/compare/onetab-vs-toby","200","en","compare","39","131","1518","false","","false","false","true","false","0","false","AggregateOffer|Answer|BreadcrumbList|ContactPoint|FAQPage|ListItem|Organization|Question|SoftwareApplication|WebSite","Organization","200","29","22","9","0","true","{}","OneTab vs Toby: Which is better? (2026)"
"/compare/pocket-vs-evernote-web-clipper","https://www.marqly.com/compare/pocket-vs-evernote-web-clipper","200","en","compare","55","147","1570","false","","false","false","true","false","0","false","AggregateOffer|Answer|BreadcrumbList|ContactPoint|FAQPage|ListItem|Organization|Question|SoftwareApplication|WebSite","Organization","200","12","22","9","0","true","{}","Pocket vs Evernote Web Clipper: Which is better? (2026)"
"/compare/pocket-vs-instapaper","https://www.marqly.com/compare/pocket-vs-instapaper","200","en","compare","45","137","1490","false","","false","false","true","false","0","false","AggregateOffer|Answer|BreadcrumbList|ContactPoint|FAQPage|ListItem|Organization|Question|SoftwareApplication|WebSite","Organization","200","4","22","9","0","true","{}","Pocket vs Instapaper: Which is better? (2026)"
"/compare/pocket-vs-karakeep","https://www.marqly.com/compare/pocket-vs-karakeep","200","en","compare","43","135","1498","false","","false","false","true","false","0","false","AggregateOffer|Answer|BreadcrumbList|ContactPoint|FAQPage|ListItem|Organization|Question|SoftwareApplication|WebSite","Organization","201","10","22","9","0","true","{}","Pocket vs Karakeep: Which is better? (2026)"
"/compare/pocket-vs-linkwarden","https://www.marqly.com/compare/pocket-vs-linkwarden","200","en","compare","45","137","1550","false","","false","false","true","false","0","false","AggregateOffer|Answer|BreadcrumbList|ContactPoint|FAQPage|ListItem|Organization|Question|SoftwareApplication|WebSite","Organization","200","9","22","9","0","true","{}","Pocket vs Linkwarden: Which is better? (2026)"
"/compare/pocket-vs-matter","https://www.marqly.com/compare/pocket-vs-matter","200","en","compare","41","133","1525","false","","false","false","true","false","0","false","AggregateOffer|Answer|BreadcrumbList|ContactPoint|FAQPage|ListItem|Organization|Question|SoftwareApplication|WebSite","Organization","200","6","22","9","0","true","{}","Pocket vs Matter: Which is better? (2026)"
"/compare/pocket-vs-mymind","https://www.marqly.com/compare/pocket-vs-mymind","200","en","compare","41","133","1557","false","","false","false","true","false","0","false","AggregateOffer|Answer|BreadcrumbList|ContactPoint|FAQPage|ListItem|Organization|Question|SoftwareApplication|WebSite","Organization","201","11","22","9","0","true","{}","Pocket vs mymind: Which is better? (2026)"
"/compare/pocket-vs-notion-web-clipper","https://www.marqly.com/compare/pocket-vs-notion-web-clipper","200","en","compare","53","145","1598","false","","false","false","true","false","0","false","AggregateOffer|Answer|BreadcrumbList|ContactPoint|FAQPage|ListItem|Organization|Question|SoftwareApplication|WebSite","Organization","201","13","22","9","0","true","{}","Pocket vs Notion Web Clipper: Which is better? (2026)"
"/compare/pocket-vs-obsidian-web-clipper","https://www.marqly.com/compare/pocket-vs-obsidian-web-clipper","200","en","compare","55","147","1532","false","","false","false","true","false","0","false","AggregateOffer|Answer|BreadcrumbList|ContactPoint|FAQPage|ListItem|Organization|Question|SoftwareApplication|WebSite","Organization","200","14","22","9","0","true","{}","Pocket vs Obsidian Web Clipper: Which is better? (2026)"
"/compare/pocket-vs-omnivore","https://www.marqly.com/compare/pocket-vs-omnivore","200","en","compare","43","135","1504","false","","false","false","true","false","0","false","AggregateOffer|Answer|BreadcrumbList|ContactPoint|FAQPage|ListItem|Organization|Question|SoftwareApplication|WebSite","Organization","200","7","22","9","0","true","{}","Pocket vs Omnivore: Which is better? (2026)"
"/compare/pocket-vs-onetab","https://www.marqly.com/compare/pocket-vs-onetab","200","en","compare","41","133","1474","false","","false","false","true","false","0","false","AggregateOffer|Answer|BreadcrumbList|ContactPoint|FAQPage|ListItem|Organization|Question|SoftwareApplication|WebSite","Organization","200","15","22","9","0","true","{}","Pocket vs OneTab: Which is better? (2026)"
"/compare/pocket-vs-raindrop","https://www.marqly.com/compare/pocket-vs-raindrop","200","en","compare","46","138","1536","false","","false","false","true","false","0","false","AggregateOffer|Answer|BreadcrumbList|ContactPoint|FAQPage|ListItem|Organization|Question|SoftwareApplication|WebSite","Organization","201","3","22","9","0","true","{}","Pocket vs Raindrop.io: Which is better? (2026)"
"/compare/pocket-vs-readwise-reader","https://www.marqly.com/compare/pocket-vs-readwise-reader","200","en","compare","50","142","1535","false","","false","false","true","false","0","false","AggregateOffer|Answer|BreadcrumbList|ContactPoint|FAQPage|ListItem|Organization|Question|SoftwareApplication|WebSite","Organization","202","6","22","9","0","true","{}","Pocket vs Readwise Reader: Which is better? (2026)"
"/compare/pocket-vs-toby","https://www.marqly.com/compare/pocket-vs-toby","200","en","compare","39","131","1519","false","","false","false","true","false","0","false","AggregateOffer|Answer|BreadcrumbList|ContactPoint|FAQPage|ListItem|Organization|Question|SoftwareApplication|WebSite","Organization","200","16","22","9","0","true","{}","Pocket vs Toby: Which is better? (2026)"
"/compare/pocket-vs-wallabag","https://www.marqly.com/compare/pocket-vs-wallabag","200","en","compare","43","135","1511","false","","false","false","true","false","0","false","AggregateOffer|Answer|BreadcrumbList|ContactPoint|FAQPage|ListItem|Organization|Question|SoftwareApplication|WebSite","Organization","200","8","22","9","0","true","{}","Pocket vs Wallabag: Which is better? (2026)"
"/compare/raindrop-vs-anybox","https://www.marqly.com/compare/raindrop-vs-anybox","200","en","compare","46","138","1450","false","","false","false","true","false","0","false","AggregateOffer|Answer|BreadcrumbList|ContactPoint|FAQPage|ListItem|Organization|Question|SoftwareApplication|WebSite","Organization","191","8","22","9","0","true","{}","Raindrop.io vs Anybox: Which is better? (2026)"
"/compare/raindrop-vs-evernote-web-clipper","https://www.marqly.com/compare/raindrop-vs-evernote-web-clipper","200","en","compare","60","152","1632","false","","false","false","true","false","0","false","AggregateOffer|Answer|BreadcrumbList|ContactPoint|FAQPage|ListItem|Organization|Question|SoftwareApplication|WebSite","Organization","200","13","22","9","0","true","{}","Raindrop.io vs Evernote Web Clipper: Which is better? (2026)"
"/compare/raindrop-vs-instapaper","https://www.marqly.com/compare/raindrop-vs-instapaper","200","en","compare","50","142","1567","false","","false","false","true","false","0","false","AggregateOffer|Answer|BreadcrumbList|ContactPoint|FAQPage|ListItem|Organization|Question|SoftwareApplication|WebSite","Organization","200","5","22","9","0","true","{}","Raindrop.io vs Instapaper: Which is better? (2026)"
"/compare/raindrop-vs-karakeep","https://www.marqly.com/compare/raindrop-vs-karakeep","200","en","compare","48","140","1566","false","","false","false","true","false","0","false","AggregateOffer|Answer|BreadcrumbList|ContactPoint|FAQPage|ListItem|Organization|Question|SoftwareApplication|WebSite","Organization","201","11","22","9","0","true","{}","Raindrop.io vs Karakeep: Which is better? (2026)"
"/compare/raindrop-vs-linkwarden","https://www.marqly.com/compare/raindrop-vs-linkwarden","200","en","compare","50","142","1591","false","","false","false","true","false","0","false","AggregateOffer|Answer|BreadcrumbList|ContactPoint|FAQPage|ListItem|Organization|Question|SoftwareApplication|WebSite","Organization","200","10","22","9","0","true","{}","Raindrop.io vs Linkwarden: Which is better? (2026)"
"/compare/raindrop-vs-matter","https://www.marqly.com/compare/raindrop-vs-matter","200","en","compare","46","138","1602","false","","false","false","true","false","0","false","AggregateOffer|Answer|BreadcrumbList|ContactPoint|FAQPage|ListItem|Organization|Question|SoftwareApplication|WebSite","Organization","200","7","22","9","0","true","{}","Raindrop.io vs Matter: Which is better? (2026)"
"/compare/raindrop-vs-mymind","https://www.marqly.com/compare/raindrop-vs-mymind","200","en","compare","46","138","1616","false","","false","false","true","false","0","false","AggregateOffer|Answer|BreadcrumbList|ContactPoint|FAQPage|ListItem|Organization|Question|SoftwareApplication|WebSite","Organization","201","12","22","9","0","true","{}","Raindrop.io vs mymind: Which is better? (2026)"
"/compare/raindrop-vs-notion-web-clipper","https://www.marqly.com/compare/raindrop-vs-notion-web-clipper","200","en","compare","58","150","1655","false","","false","false","true","false","0","false","AggregateOffer|Answer|BreadcrumbList|ContactPoint|FAQPage|ListItem|Organization|Question|SoftwareApplication|WebSite","Organization","201","14","22","9","0","true","{}","Raindrop.io vs Notion Web Clipper: Which is better? (2026)"
"/compare/raindrop-vs-obsidian-web-clipper","https://www.marqly.com/compare/raindrop-vs-obsidian-web-clipper","200","en","compare","60","152","1600","false","","false","false","true","false","0","false","AggregateOffer|Answer|BreadcrumbList|ContactPoint|FAQPage|ListItem|Organization|Question|SoftwareApplication|WebSite","Organization","200","15","22","9","0","true","{}","Raindrop.io vs Obsidian Web Clipper: Which is better? (2026)"
"/compare/raindrop-vs-omnivore","https://www.marqly.com/compare/raindrop-vs-omnivore","200","en","compare","48","140","1546","false","","false","false","true","false","0","false","AggregateOffer|Answer|BreadcrumbList|ContactPoint|FAQPage|ListItem|Organization|Question|SoftwareApplication|WebSite","Organization","200","8","22","9","0","true","{}","Raindrop.io vs Omnivore: Which is better? (2026)"
"/compare/raindrop-vs-onetab","https://www.marqly.com/compare/raindrop-vs-onetab","200","en","compare","46","138","1536","false","","false","false","true","false","0","false","AggregateOffer|Answer|BreadcrumbList|ContactPoint|FAQPage|ListItem|Organization|Question|SoftwareApplication|WebSite","Organization","200","16","22","9","0","true","{}","Raindrop.io vs OneTab: Which is better? (2026)"
"/compare/raindrop-vs-readwise-reader","https://www.marqly.com/compare/raindrop-vs-readwise-reader","200","en","compare","55","147","1607","false","","false","false","true","false","0","false","AggregateOffer|Answer|BreadcrumbList|ContactPoint|FAQPage|ListItem|Organization|Question|SoftwareApplication|WebSite","Organization","202","7","22","9","0","true","{}","Raindrop.io vs Readwise Reader: Which is better? (2026)"
"/compare/raindrop-vs-toby","https://www.marqly.com/compare/raindrop-vs-toby","200","en","compare","44","136","1574","false","","false","false","true","false","0","false","AggregateOffer|Answer|BreadcrumbList|ContactPoint|FAQPage|ListItem|Organization|Question|SoftwareApplication|WebSite","Organization","200","17","22","9","0","true","{}","Raindrop.io vs Toby: Which is better? (2026)"
"/compare/raindrop-vs-wallabag","https://www.marqly.com/compare/raindrop-vs-wallabag","200","en","compare","48","140","1573","false","","false","false","true","false","0","false","AggregateOffer|Answer|BreadcrumbList|ContactPoint|FAQPage|ListItem|Organization|Question|SoftwareApplication|WebSite","Organization","200","9","22","9","0","true","{}","Raindrop.io vs Wallabag: Which is better? (2026)"
"/compare/readwise-reader-vs-anybox","https://www.marqly.com/compare/readwise-reader-vs-anybox","200","en","compare","50","142","1273","false","","false","false","true","false","0","false","AggregateOffer|Answer|BreadcrumbList|ContactPoint|FAQPage|ListItem|Organization|Question|SoftwareApplication|WebSite","Organization","191","11","22","9","0","true","{}","Readwise Reader vs Anybox: Which is better? (2026)"
"/compare/readwise-reader-vs-evernote-web-clipper","https://www.marqly.com/compare/readwise-reader-vs-evernote-web-clipper","200","en","compare","64","156","1580","false","","false","false","true","false","0","false","AggregateOffer|Answer|BreadcrumbList|ContactPoint|FAQPage|ListItem|Organization|Question|SoftwareApplication|WebSite","Organization","200","16","22","9","0","true","{}","Readwise Reader vs Evernote Web Clipper: Which is better? (2026)"
"/compare/readwise-reader-vs-karakeep","https://www.marqly.com/compare/readwise-reader-vs-karakeep","200","en","compare","52","144","1526","false","","false","false","true","false","0","false","AggregateOffer|Answer|BreadcrumbList|ContactPoint|FAQPage|ListItem|Organization|Question|SoftwareApplication|WebSite","Organization","201","14","22","9","0","true","{}","Readwise Reader vs Karakeep: Which is better? (2026)"
"/compare/readwise-reader-vs-linkwarden","https://www.marqly.com/compare/readwise-reader-vs-linkwarden","200","en","compare","54","146","1551","false","","false","false","true","false","0","false","AggregateOffer|Answer|BreadcrumbList|ContactPoint|FAQPage|ListItem|Organization|Question|SoftwareApplication|WebSite","Organization","200","13","22","9","0","true","{}","Readwise Reader vs Linkwarden: Which is better? (2026)"
"/compare/readwise-reader-vs-matter","https://www.marqly.com/compare/readwise-reader-vs-matter","200","en","compare","50","142","1546","false","","false","false","true","false","0","false","AggregateOffer|Answer|BreadcrumbList|ContactPoint|FAQPage|ListItem|Organization|Question|SoftwareApplication|WebSite","Organization","200","10","22","9","0","true","{}","Readwise Reader vs Matter: Which is better? (2026)"
"/compare/readwise-reader-vs-mymind","https://www.marqly.com/compare/readwise-reader-vs-mymind","200","en","compare","50","142","1563","false","","false","false","true","false","0","false","AggregateOffer|Answer|BreadcrumbList|ContactPoint|FAQPage|ListItem|Organization|Question|SoftwareApplication|WebSite","Organization","201","15","22","9","0","true","{}","Readwise Reader vs mymind: Which is better? (2026)"
"/compare/readwise-reader-vs-notion-web-clipper","https://www.marqly.com/compare/readwise-reader-vs-notion-web-clipper","200","en","compare","62","154","1584","false","","false","false","true","false","0","false","AggregateOffer|Answer|BreadcrumbList|ContactPoint|FAQPage|ListItem|Organization|Question|SoftwareApplication|WebSite","Organization","201","17","22","9","0","true","{}","Readwise Reader vs Notion Web Clipper: Which is better? (2026)"
"/compare/readwise-reader-vs-obsidian-web-clipper","https://www.marqly.com/compare/readwise-reader-vs-obsidian-web-clipper","200","en","compare","64","156","1551","false","","false","false","true","false","0","false","AggregateOffer|Answer|BreadcrumbList|ContactPoint|FAQPage|ListItem|Organization|Question|SoftwareApplication|WebSite","Organization","200","18","22","9","0","true","{}","Readwise Reader vs Obsidian Web Clipper: Which is better? (2026)"
"/compare/readwise-reader-vs-omnivore","https://www.marqly.com/compare/readwise-reader-vs-omnivore","200","en","compare","52","144","1491","false","","false","false","true","false","0","false","AggregateOffer|Answer|BreadcrumbList|ContactPoint|FAQPage|ListItem|Organization|Question|SoftwareApplication|WebSite","Organization","200","11","22","9","0","true","{}","Readwise Reader vs Omnivore: Which is better? (2026)"
"/compare/readwise-reader-vs-onetab","https://www.marqly.com/compare/readwise-reader-vs-onetab","200","en","compare","50","142","1482","false","","false","false","true","false","0","false","AggregateOffer|Answer|BreadcrumbList|ContactPoint|FAQPage|ListItem|Organization|Question|SoftwareApplication|WebSite","Organization","200","19","22","9","0","true","{}","Readwise Reader vs OneTab: Which is better? (2026)"
"/compare/readwise-reader-vs-toby","https://www.marqly.com/compare/readwise-reader-vs-toby","200","en","compare","48","140","1517","false","","false","false","true","false","0","false","AggregateOffer|Answer|BreadcrumbList|ContactPoint|FAQPage|ListItem|Organization|Question|SoftwareApplication|WebSite","Organization","200","20","22","9","0","true","{}","Readwise Reader vs Toby: Which is better? (2026)"
"/compare/readwise-reader-vs-wallabag","https://www.marqly.com/compare/readwise-reader-vs-wallabag","200","en","compare","52","144","1539","false","","false","false","true","false","0","false","AggregateOffer|Answer|BreadcrumbList|ContactPoint|FAQPage|ListItem|Organization|Question|SoftwareApplication|WebSite","Organization","200","12","22","9","0","true","{}","Readwise Reader vs Wallabag: Which is better? (2026)"
"/compare/readwise-vs-readwise-reader","https://www.marqly.com/compare/readwise-vs-readwise-reader","200","en","compare","52","144","1499","false","","false","false","true","false","0","false","AggregateOffer|Answer|BreadcrumbList|ContactPoint|FAQPage|ListItem|Organization|Question|SoftwareApplication|WebSite","Organization","202","6","22","9","0","true","{}","Readwise vs Readwise Reader: Which is better? (2026)"
"/compare/wallabag-vs-evernote-web-clipper","https://www.marqly.com/compare/wallabag-vs-evernote-web-clipper","200","en","compare","57","149","1600","false","","false","false","true","false","0","false","AggregateOffer|Answer|BreadcrumbList|ContactPoint|FAQPage|ListItem|Organization|Question|SoftwareApplication|WebSite","Organization","200","18","22","9","0","true","{}","Wallabag vs Evernote Web Clipper: Which is better? (2026)"
"/compare/wallabag-vs-karakeep","https://www.marqly.com/compare/wallabag-vs-karakeep","200","en","compare","45","137","1556","false","","false","false","true","false","0","false","AggregateOffer|Answer|BreadcrumbList|ContactPoint|FAQPage|ListItem|Organization|Question|SoftwareApplication|WebSite","Organization","201","16","22","9","0","true","{}","Wallabag vs Karakeep: Which is better? (2026)"
"/compare/wallabag-vs-linkwarden","https://www.marqly.com/compare/wallabag-vs-linkwarden","200","en","compare","47","139","1551","false","","false","false","true","false","0","false","AggregateOffer|Answer|BreadcrumbList|ContactPoint|FAQPage|ListItem|Organization|Question|SoftwareApplication|WebSite","Organization","200","15","22","9","0","true","{}","Wallabag vs Linkwarden: Which is better? (2026)"
"/compare/wallabag-vs-mymind","https://www.marqly.com/compare/wallabag-vs-mymind","200","en","compare","43","135","1591","false","","false","false","true","false","0","false","AggregateOffer|Answer|BreadcrumbList|ContactPoint|FAQPage|ListItem|Organization|Question|SoftwareApplication|WebSite","Organization","201","17","22","9","0","true","{}","Wallabag vs mymind: Which is better? (2026)"
"/compare/wallabag-vs-notion-web-clipper","https://www.marqly.com/compare/wallabag-vs-notion-web-clipper","200","en","compare","55","147","1625","false","","false","false","true","false","0","false","AggregateOffer|Answer|BreadcrumbList|ContactPoint|FAQPage|ListItem|Organization|Question|SoftwareApplication|WebSite","Organization","201","19","22","9","0","true","{}","Wallabag vs Notion Web Clipper: Which is better? (2026)"
"/compare/wallabag-vs-obsidian-web-clipper","https://www.marqly.com/compare/wallabag-vs-obsidian-web-clipper","200","en","compare","57","149","1577","false","","false","false","true","false","0","false","AggregateOffer|Answer|BreadcrumbList|ContactPoint|FAQPage|ListItem|Organization|Question|SoftwareApplication|WebSite","Organization","200","20","22","9","0","true","{}","Wallabag vs Obsidian Web Clipper: Which is better? (2026)"
"/compare/wallabag-vs-onetab","https://www.marqly.com/compare/wallabag-vs-onetab","200","en","compare","43","135","1505","false","","false","false","true","false","0","false","AggregateOffer|Answer|BreadcrumbList|ContactPoint|FAQPage|ListItem|Organization|Question|SoftwareApplication|WebSite","Organization","200","21","22","9","0","true","{}","Wallabag vs OneTab: Which is better? (2026)"
"/compare/wallabag-vs-toby","https://www.marqly.com/compare/wallabag-vs-toby","200","en","compare","41","133","1555","false","","false","false","true","false","0","false","AggregateOffer|Answer|BreadcrumbList|ContactPoint|FAQPage|ListItem|Organization|Question|SoftwareApplication|WebSite","Organization","200","22","22","9","0","true","{}","Wallabag vs Toby: Which is better? (2026)"
"/content-curation","https://www.marqly.com/content-curation","200","en","root-lander","49","155","1122","false","","false","false","true","false","21","true","AggregateOffer|Answer|BreadcrumbList|ContactPoint|FAQPage|ListItem|Organization|Question|SoftwareApplication|WebSite","Organization","186","767","24","9","0","true","{}","Curate the best of a topic, then share it as one clean page"
"/de","https://www.marqly.com/de","200","de","locale-home","55","156","1107","false","0.33","true","false","true","false","21","true","AggregateOffer|Answer|BreadcrumbList|ContactPoint|FAQPage|ListItem|Organization|Question|SoftwareApplication|WebSite","Organization","100","1913","22","9","0","true","{}","Speichern kann jeder. Marqly sorgt dafür, dass du es wiederfindest."
"/de/alternativen/evernote","https://www.marqly.com/de/alternativen/evernote","200","de","locale-lander","60","152","809","false","0.42","true","false","true","false","21","true","AggregateOffer|Answer|BreadcrumbList|ContactPoint|FAQPage|ListItem|Organization|Question|SoftwareApplication|WebSite","Organization","97","105","22","9","0","true","{}","Evernote-Alternativen — beginnend mit der Frage, wie viel Evernote du wirklich nutzt"
"/de/alternativen/instapaper","https://www.marqly.com/de/alternativen/instapaper","200","de","locale-lander","58","136","730","false","0.38","true","false","true","false","21","true","AggregateOffer|Answer|BreadcrumbList|ContactPoint|FAQPage|ListItem|Organization|Question|SoftwareApplication|WebSite","Organization","97","105","22","9","0","true","{}","Instapaper-Alternativen, sortiert danach, was dir fehlt"
"/de/alternativen/notion","https://www.marqly.com/de/alternativen/notion","200","de","locale-lander","45","143","777","false","0.4","true","false","true","false","21","true","AggregateOffer|Answer|BreadcrumbList|ContactPoint|FAQPage|ListItem|Organization|Question|SoftwareApplication|WebSite","Organization","97","105","22","9","0","true","{}","Notion-Alternativen, wenn deine Link-Datenbank zur Halde geworden ist"
"/de/alternativen/pocket","https://www.marqly.com/de/alternativen/pocket","200","de","locale-lander","44","158","939","false","0.57","false","false","true","false","21","true","AggregateOffer|Answer|BreadcrumbList|ContactPoint|FAQPage|ListItem|Organization|Question|SoftwareApplication|WebSite","Organization","97","105","22","9","0","true","{}","Pocket-Alternativen, sortiert danach, wofür du Pocket benutzt hast"
"/de/alternativen/raindrop","https://www.marqly.com/de/alternativen/raindrop","200","de","locale-lander","54","139","840","false","0.42","true","false","true","false","21","true","AggregateOffer|Answer|BreadcrumbList|ContactPoint|FAQPage|ListItem|Organization|Question|SoftwareApplication|WebSite","Organization","97","105","22","9","0","true","{}","Raindrop.io-Alternativen, sortiert nach deinem Wechselgrund"
"/de/blog","https://www.marqly.com/de/blog","200","de","locale-blog-index","62","145","1512","false","1.95","false","false","true","false","21","true","Blog|BlogPosting","","134","105","17","36","0","true","{""datePublished"":""2026-08-02""}","Speichern mit System. Alles wiederfinden."
"/de/blog/beste-ai-lesezeichen-manager-2026","https://www.marqly.com/de/blog/beste-ai-lesezeichen-manager-2026","200","de","locale-blog","55","152","384","false","0.14","true","false","true","false","21","true","AggregateOffer|Answer|BlogPosting|BreadcrumbList|ContactPoint|FAQPage|ImageObject|ListItem|Organization|Question|SoftwareApplication|WebPage","Organization","100","3","20","10","0","true","{""datePublished"":""2026-05-05"",""dateModified"":""2026-06-23""}","Die besten KI-Lesezeichen-Manager 2026: Worauf es ankommt"
"/de/blog/beste-instapaper-alternativen-2026","https://www.marqly.com/de/blog/beste-instapaper-alternativen-2026","200","de","locale-blog","63","145","188","true","0.24","true","false","true","false","21","true","AggregateOffer|Answer|BlogPosting|BreadcrumbList|ContactPoint|FAQPage|ImageObject|ListItem|Organization|Question|SoftwareApplication|WebPage","Organization","100","2","19","10","0","true","{""datePublished"":""2026-04-09"",""dateModified"":""2026-04-09""}","Die besten Instapaper-Alternativen 2026 (Wenn Minimalismus nicht mehr reicht)"
"/de/blog/beste-kostenlose-lesezeichen-manager-2026","https://www.marqly.com/de/blog/beste-kostenlose-lesezeichen-manager-2026","200","de","locale-blog","68","149","365","false","0.18","true","false","true","false","21","true","AggregateOffer|Answer|BlogPosting|BreadcrumbList|ContactPoint|FAQPage|ImageObject|ListItem|Organization|Question|SoftwareApplication|WebPage","Organization","100","105","19","10","0","true","{""datePublished"":""2026-08-02"",""dateModified"":""2026-09-07""}","Die 5 besten kostenlosen Lesezeichen-Manager 2026 (wirklich kostenlos)"
"/de/blog/beste-read-it-later-apps-2026","https://www.marqly.com/de/blog/beste-read-it-later-apps-2026","200","de","locale-blog","61","150","973","false","0.93","false","false","true","false","21","true","AggregateOffer|Answer|BlogPosting|BreadcrumbList|ContactPoint|FAQPage|ImageObject|ListItem|Organization|Question|SoftwareApplication|WebPage","Organization","105","1","20","10","0","true","{""datePublished"":""2026-03-19"",""dateModified"":""2026-06-23""}","Die 9 besten Später-lesen-Apps 2026 (getestet & bewertet)"
"/de/blog/beste-second-brain-apps-2026","https://www.marqly.com/de/blog/beste-second-brain-apps-2026","200","de","locale-blog","50","153","381","false","0.16","true","false","true","false","21","true","AggregateOffer|Answer|BlogPosting|BreadcrumbList|ContactPoint|FAQPage|ImageObject|ListItem|Organization|Question|SoftwareApplication|WebPage","Organization","100","5","19","10","0","true","{""datePublished"":""2026-06-23"",""dateModified"":""2026-09-07""}","Die 7 besten Second-Brain-Apps 2026 (im ehrlichen Vergleich)"
"/de/blog/beste-self-hosted-pocket-alternativen-2026","https://www.marqly.com/de/blog/beste-self-hosted-pocket-alternativen-2026","200","de","locale-blog","53","136","179","true","0.08","true","false","true","false","21","true","AggregateOffer|Answer|BlogPosting|BreadcrumbList|ContactPoint|FAQPage|ImageObject|ListItem|Organization|Question|SoftwareApplication|WebPage","Organization","100","1","19","10","0","true","{""datePublished"":""2026-06-23"",""dateModified"":""2026-06-23""}","Die besten Self-Hosted Pocket-Alternativen 2026 (Und wann eine Cloud-App gewinnt)"
"/de/blog/beste-tab-manager-2026","https://www.marqly.com/de/blog/beste-tab-manager-2026","200","de","locale-blog","67","136","351","false","0.2","true","false","true","false","21","true","AggregateOffer|Answer|BlogPosting|BreadcrumbList|ContactPoint|FAQPage|ImageObject|ListItem|Organization|Question|SoftwareApplication|WebPage","Organization","100","105","18","9","0","true","{""datePublished"":""2026-08-02"",""dateModified"":""2026-09-07""}","Die 5 besten Tab-Manager 2026 (Wählen Sie nach Zweck, nicht nach Hype)"
"/de/blog/beste-web-highlighter-2026","https://www.marqly.com/de/blog/beste-web-highlighter-2026","200","de","locale-blog","57","153","378","false","0.21","true","false","true","false","21","true","AggregateOffer|Answer|BlogPosting|BreadcrumbList|ContactPoint|FAQPage|ImageObject|ListItem|Organization|Question|SoftwareApplication|WebPage","Organization","100","12","19","10","0","true","{""datePublished"":""2026-08-02"",""dateModified"":""2026-09-07""}","Die 6 besten Web-Highlighter 2026 (auf echten Webseiten getestet)"
"/de/blog/beste-youtube-zusammenfasser-ki-2026","https://www.marqly.com/de/blog/beste-youtube-zusammenfasser-ki-2026","200","de","locale-blog","70","151","488","false","0.26","true","false","true","false","21","true","AggregateOffer|Answer|BlogPosting|BreadcrumbList|ContactPoint|FAQPage|ImageObject|ListItem|Organization|Question|SoftwareApplication|WebPage","Organization","101","9","18","9","0","true","{""datePublished"":""2026-08-02"",""dateModified"":""2026-09-07""}","Die 6 besten YouTube-KI-Zusammenfasser 2026 (Ehrlicher Vergleich)"
"/de/blog/chrome-lesezeichen-exportieren","https://www.marqly.com/de/blog/chrome-lesezeichen-exportieren","200","de","locale-blog","66","145","767","false","0.31","true","false","true","false","21","true","AggregateOffer|Answer|BlogPosting|BreadcrumbList|ContactPoint|FAQPage|ImageObject|ListItem|Organization|Question|SoftwareApplication|WebPage","Organization","99","105","19","9","0","true","{""datePublished"":""2026-08-16"",""dateModified"":""2026-08-16""}","Chrome-Lesezeichen exportieren (und was du mit der Datei machst)"
"/de/blog/chrome-lesezeichen-synchronisieren-nicht-losung-2026","https://www.marqly.com/de/blog/chrome-lesezeichen-synchronisieren-nicht-losung-2026","200","de","locale-blog","68","143","538","false","0.31","true","false","true","false","21","true","AggregateOffer|Answer|BlogPosting|BreadcrumbList|ContactPoint|FAQPage|ImageObject|ListItem|Organization|Question|SoftwareApplication|WebPage","Organization","99","9","19","9","0","true","{""datePublished"":""2026-08-02"",""dateModified"":""2026-08-02""}","Chrome-Lesezeichen synchronisieren nicht? 8 funktionierende Lösungen (2026)"
"/de/blog/digitales-ausmisten-neujahr","https://www.marqly.com/de/blog/digitales-ausmisten-neujahr","200","de","locale-blog","59","162","939","false","0.57","false","false","true","false","21","true","AggregateOffer|Answer|BlogPosting|BreadcrumbList|ContactPoint|FAQPage|ImageObject|ListItem|Organization|Question|SoftwareApplication|WebPage","Organization","102","7","19","9","0","true","{""datePublished"":""2026-08-02"",""dateModified"":""2026-08-02""}","Die Neujahrs-Checkliste fürs digitale Ausmisten: Tabs, Lesezeichen, Leseliste, Abos"
"/de/blog/gespeicherte-instagram-beitraege-exportieren-2026","https://www.marqly.com/de/blog/gespeicherte-instagram-beitraege-exportieren-2026","200","de","locale-blog","59","162","419","false","0.24","true","false","true","false","21","true","AggregateOffer|Answer|BlogPosting|BreadcrumbList|ContactPoint|FAQPage|ImageObject|ListItem|Organization|Question|SoftwareApplication|WebPage","Organization","100","105","19","9","0","true","{""datePublished"":""2026-08-16"",""dateModified"":""2026-09-07""}","Gespeicherte Instagram-Beiträge exportieren 2026: Anleitung Schritt für Schritt"
"/de/blog/gespeicherte-reddit-beitraege-exportieren-2026","https://www.marqly.com/de/blog/gespeicherte-reddit-beitraege-exportieren-2026","200","de","locale-blog","54","169","495","false","0.29","true","false","true","false","21","true","AggregateOffer|Answer|BlogPosting|BreadcrumbList|ContactPoint|FAQPage|ImageObject|ListItem|Organization|Question|SoftwareApplication|WebPage","Organization","100","5","19","9","0","true","{""datePublished"":""2026-08-02"",""dateModified"":""2026-09-07""}","Gespeicherte Reddit-Beiträge exportieren 2026 (Schritt-für-Schritt-Anleitung)"
"/de/blog/gespeicherten-artikel-finden-wenn-titel-vergessen-2026","https://www.marqly.com/de/blog/gespeicherten-artikel-finden-wenn-titel-vergessen-2026","200","de","locale-blog","51","162","498","false","0.48","true","false","true","false","21","true","AggregateOffer|Answer|BlogPosting|BreadcrumbList|ContactPoint|FAQPage|ImageObject|ListItem|Organization|Question|SoftwareApplication|WebPage","Organization","99","2","19","10","0","true","{""datePublished"":""2026-05-22"",""dateModified"":""2026-09-07""}","Gespeicherten Artikel wiederfinden, wenn Sie den Titel vergessen haben (2026)"
"/de/blog/instapaper-testbericht-2026","https://www.marqly.com/de/blog/instapaper-testbericht-2026","200","de","locale-blog","53","133","189","true","0.11","true","false","true","false","21","true","AggregateOffer|Answer|BlogPosting|BreadcrumbList|ContactPoint|FAQPage|ImageObject|ListItem|Organization|Question|SoftwareApplication|WebPage","Organization","102","6","19","9","0","true","{""datePublished"":""2026-08-02"",""dateModified"":""2026-08-02""}","Instapaper Testbericht 2026: Das ruhigste Leseerlebnis zum doppelten Preis"
"/de/blog/kann-ki-meine-lesezeichen-organisieren-2026","https://www.marqly.com/de/blog/kann-ki-meine-lesezeichen-organisieren-2026","200","de","locale-blog","61","140","382","false","0.39","true","false","true","false","21","true","AggregateOffer|Answer|BlogPosting|BreadcrumbList|ContactPoint|FAQPage|ImageObject|ListItem|Organization|Question|SoftwareApplication|WebPage","Organization","102","5","18","10","0","true","{""datePublished"":""2026-05-16"",""dateModified"":""2026-09-07""}","Kann KI meine Lesezeichen automatisch organisieren? Ja – so geht's"
"/de/blog/karakeep-testbericht-2026","https://www.marqly.com/de/blog/karakeep-testbericht-2026","200","de","locale-blog","65","135","167","true","0.1","true","false","true","false","21","true","AggregateOffer|Answer|BlogPosting|BreadcrumbList|ContactPoint|FAQPage|ImageObject|ListItem|Organization|Question|SoftwareApplication|WebPage","Organization","102","6","19","9","0","true","{""datePublished"":""2026-08-02"",""dateModified"":""2026-08-02""}","Karakeep Testbericht 2026: Die Self-Hosted Lesezeichen-App mit echter KI"
"/de/blog/ki-bookmark-manager-semantische-suche-vergleich-2026","https://www.marqly.com/de/blog/ki-bookmark-manager-semantische-suche-vergleich-2026","200","de","locale-blog","65","141","637","false","0.28","true","false","true","false","21","true","AggregateOffer|Answer|BlogPosting|BreadcrumbList|ContactPoint|FAQPage|ImageObject|ListItem|Organization|Question|SoftwareApplication|WebPage","Organization","100","4","18","10","0","true","{""datePublished"":""2026-06-23"",""dateModified"":""2026-06-23""}","Welche KI-Bookmark-Manager suchen wirklich nach Bedeutung? (8 Tools im Vergleich)"
"/de/blog/lesezeichen-nicht-mehr-organisieren-ordner-ueberfluessig-2026","https://www.marqly.com/de/blog/lesezeichen-nicht-mehr-organisieren-ordner-ueberfluessig-2026","200","de","locale-blog","55","148","466","false","0.21","true","false","true","false","21","true","AggregateOffer|Answer|BlogPosting|BreadcrumbList|ContactPoint|FAQPage|ImageObject|ListItem|Organization|Question|SoftwareApplication|WebPage","Organization","102","7","18","10","0","true","{""datePublished"":""2026-06-23"",""dateModified"":""2026-09-07""}","Lesezeichen nicht mehr organisieren: Warum Ordner 2026 überflüssig sind"
"/de/blog/lesezeichen-organisieren","https://www.marqly.com/de/blog/lesezeichen-organisieren","200","de","locale-blog","49","143","894","false","0.27","true","false","true","false","21","true","AggregateOffer|Answer|BlogPosting|BreadcrumbList|ContactPoint|FAQPage|ImageObject|ListItem|Organization|Question|SoftwareApplication|WebPage","Organization","99","105","19","9","0","true","{""datePublished"":""2026-08-16"",""dateModified"":""2026-08-16""}","Lesezeichen im Browser endlich organisieren"
"/de/blog/linkwarden-testbericht-2026","https://www.marqly.com/de/blog/linkwarden-testbericht-2026","200","de","locale-blog","61","130","148","true","0.09","true","false","true","false","21","true","AggregateOffer|Answer|BlogPosting|BreadcrumbList|ContactPoint|FAQPage|ImageObject|ListItem|Organization|Question|SoftwareApplication|WebPage","Organization","102","6","19","9","0","true","{""datePublished"":""2026-08-02"",""dateModified"":""2026-08-02""}","Linkwarden Testbericht 2026: Der Open-Source Lesezeichen-Manager für Archivare"
"/de/blog/marqly-testbericht-2026","https://www.marqly.com/de/blog/marqly-testbericht-2026","200","de","locale-blog","54","124","196","true","0.2","true","false","true","false","21","true","AggregateOffer|Answer|BlogPosting|BreadcrumbList|ContactPoint|FAQPage|ImageObject|ListItem|Organization|Question|SoftwareApplication|WebPage","Organization","100","1","19","10","0","true","{""datePublished"":""2026-02-26"",""dateModified"":""2026-02-26""}","Marqly Testbericht 2026: Funktionen, Preise, Vor- und Nachteile"
"/de/blog/mit-gespeicherten-artikeln-chatten-2026","https://www.marqly.com/de/blog/mit-gespeicherten-artikeln-chatten-2026","200","de","locale-blog","50","153","390","false","0.35","true","false","true","false","21","true","AggregateOffer|Answer|BlogPosting|BreadcrumbList|ContactPoint|FAQPage|ImageObject|ListItem|Organization|Question|SoftwareApplication|WebPage","Organization","100","2","19","10","0","true","{""datePublished"":""2026-05-14"",""dateModified"":""2026-09-07""}","Mit gespeicherten Artikeln und Lesezeichen chatten (2026)"
"/de/blog/mit-youtube-videos-chatten-2026","https://www.marqly.com/de/blog/mit-youtube-videos-chatten-2026","200","de","locale-blog","58","149","420","false","0.21","true","false","true","false","21","true","AggregateOffer|Answer|BlogPosting|BreadcrumbList|ContactPoint|FAQPage|ImageObject|ListItem|Organization|Question|SoftwareApplication|WebPage","Organization","102","7","19","10","0","true","{""datePublished"":""2026-07-04"",""dateModified"":""2026-09-07""}","Mit YouTube-Videos chatten (Fragen stellen, echte Antworten erhalten)"
"/de/blog/mymind-testbericht-2026","https://www.marqly.com/de/blog/mymind-testbericht-2026","200","de","locale-blog","57","154","1224","false","0.68","false","false","true","false","21","true","AggregateOffer|Answer|BlogPosting|BreadcrumbList|ContactPoint|FAQPage|ImageObject|ListItem|Organization|Question|SoftwareApplication|WebPage","Organization","105","6","19","9","0","true","{""datePublished"":""2026-08-02"",""dateModified"":""2026-08-02""}","mymind Testbericht 2026: Ästhetisch, Privat und Nicht für Jeden"
"/de/blog/notion-web-clipper-alternative-2026","https://www.marqly.com/de/blog/notion-web-clipper-alternative-2026","200","de","locale-blog","50","158","414","false","0.48","true","false","true","false","21","true","AggregateOffer|Answer|BlogPosting|BreadcrumbList|ContactPoint|FAQPage|ImageObject|ListItem|Organization|Question|SoftwareApplication|WebPage","Organization","100","2","19","10","0","true","{""datePublished"":""2026-04-04"",""dateModified"":""2026-09-07""}","Die beste Notion Web Clipper Alternative zum Speichern und Wiederfinden von Artikeln (2026)"
"/de/blog/para-methode-fuer-lesezeichen-2026","https://www.marqly.com/de/blog/para-methode-fuer-lesezeichen-2026","200","de","locale-blog","68","144","471","false","0.27","true","false","true","false","21","true","AggregateOffer|Answer|BlogPosting|BreadcrumbList|ContactPoint|FAQPage|ImageObject|ListItem|Organization|Question|SoftwareApplication|WebPage","Organization","102","7","18","10","0","true","{""datePublished"":""2026-08-02"",""dateModified"":""2026-09-07""}","Die PARA-Methode für Lesezeichen: Einrichtung & Grenzen (2026)"
"/de/blog/pocket-alternativen-2026","https://www.marqly.com/de/blog/pocket-alternativen-2026","200","de","locale-blog","52","157","2630","false","0.83","false","false","true","false","21","true","AggregateOffer|Answer|BlogPosting|BreadcrumbList|ContactPoint|FAQPage|ImageObject|ListItem|Organization|Question|SoftwareApplication|WebPage","Organization","107","9","20","10","0","true","{""datePublished"":""2026-05-10"",""dateModified"":""2026-06-23""}","Die 8 besten Pocket-Alternativen 2026 (nach der Abschaltung durch Mozilla)"
"/de/blog/pocket-daten-exportieren-migrieren-2026","https://www.marqly.com/de/blog/pocket-daten-exportieren-migrieren-2026","200","de","locale-blog","62","152","479","false","0.48","true","false","true","false","21","true","AggregateOffer|Answer|BlogPosting|BreadcrumbList|ContactPoint|FAQPage|ImageObject|ListItem|Organization|Question|SoftwareApplication|WebPage","Organization","99","2","19","10","0","true","{""datePublished"":""2026-05-08"",""dateModified"":""2026-05-08""}","Pocket-Daten exportieren und migrieren in 2026 (Schritt-für-Schritt)"
"/de/blog/raindrop-io-testbericht-2026","https://www.marqly.com/de/blog/raindrop-io-testbericht-2026","200","de","locale-blog","59","130","244","true","0.13","true","false","true","false","21","true","AggregateOffer|Answer|BlogPosting|BreadcrumbList|ContactPoint|FAQPage|ImageObject|ListItem|Organization|Question|SoftwareApplication|WebPage","Organization","102","5","19","9","0","true","{""datePublished"":""2026-08-02"",""dateModified"":""2026-08-02""}","Raindrop.io Testbericht 2026: Der beste klassische Lesezeichen-Manager"
"/de/blog/readwise-reader-testbericht-2026","https://www.marqly.com/de/blog/readwise-reader-testbericht-2026","200","de","locale-blog","63","135","181","true","0.11","true","false","true","false","21","true","AggregateOffer|Answer|BlogPosting|BreadcrumbList|ContactPoint|FAQPage|ImageObject|ListItem|Organization|Question|SoftwareApplication|WebPage","Organization","102","1","19","9","0","true","{""datePublished"":""2026-08-02"",""dateModified"":""2026-08-02""}","Readwise Reader Testbericht 2026: Das Profi-Tool für Vielleser"
"/de/blog/text-auf-jeder-website-markieren-2026","https://www.marqly.com/de/blog/text-auf-jeder-website-markieren-2026","200","de","locale-blog","60","162","527","false","0.27","true","false","true","false","21","true","AggregateOffer|Answer|BlogPosting|BreadcrumbList|ContactPoint|FAQPage|ImageObject|ListItem|Organization|Question|SoftwareApplication|WebPage","Organization","100","5","18","10","0","true","{""datePublished"":""2026-07-04"",""dateModified"":""2026-09-07""}","Text auf jeder Website markieren (und dauerhaft behalten)"
"/de/blog/twitter-x-lesezeichen-exportieren-2026","https://www.marqly.com/de/blog/twitter-x-lesezeichen-exportieren-2026","200","de","locale-blog","47","154","449","false","0.25","true","false","true","false","21","true","AggregateOffer|Answer|BlogPosting|BreadcrumbList|ContactPoint|FAQPage|ImageObject|ListItem|Organization|Question|SoftwareApplication|WebPage","Organization","100","5","19","9","0","true","{""datePublished"":""2026-08-02"",""dateModified"":""2026-09-07""}","X (Twitter) Lesezeichen exportieren 2026: Alle funktionierenden Methoden"
"/de/blog/warum-du-artikel-speicherst-die-du-nie-liest","https://www.marqly.com/de/blog/warum-du-artikel-speicherst-die-du-nie-liest","200","de","locale-blog","50","147","909","false","","false","true","true","false","0","false","AggregateOffer|Answer|BlogPosting|BreadcrumbList|ContactPoint|FAQPage|ImageObject|ListItem|Organization|Question|SoftwareApplication|WebPage","Organization","97","105","19","9","0","true","{""datePublished"":""2026-08-16"",""dateModified"":""2026-08-16""}","Warum du Artikel speicherst, die du nie liest (und wie du das schlechte Gewissen loswirst)"
"/de/blog/was-ist-ein-ki-zweites-gehirn-2026","https://www.marqly.com/de/blog/was-ist-ein-ki-zweites-gehirn-2026","200","de","locale-blog","46","154","385","false","0.38","true","false","true","false","21","true","AggregateOffer|Answer|BlogPosting|BreadcrumbList|ContactPoint|FAQPage|ImageObject|ListItem|Organization|Question|SoftwareApplication|WebPage","Organization","100","3","19","10","0","true","{""datePublished"":""2026-05-20"",""dateModified"":""2026-09-07""}","Was ist ein KI-gestütztes zweites Gehirn? Einfach erklärt (2026)"
"/de/blog/was-ist-eine-second-brain-app-2026","https://www.marqly.com/de/blog/was-ist-eine-second-brain-app-2026","200","de","locale-blog","46","158","365","false","0.13","true","false","true","false","21","true","AggregateOffer|Answer|BlogPosting|BreadcrumbList|ContactPoint|FAQPage|ImageObject|ListItem|Organization|Question|SoftwareApplication|WebPage","Organization","100","2","19","10","0","true","{""datePublished"":""2026-04-28"",""dateModified"":""2026-09-07""}","Was ist eine Second-Brain-App? (Und wie Sie Ihre Lesezeichen nutzen, 2026)"
"/de/blog/was-ist-semantische-suche","https://www.marqly.com/de/blog/was-ist-semantische-suche","200","de","locale-blog","53","151","850","false","0.77","false","false","true","false","21","true","AggregateOffer|Answer|BlogPosting|BreadcrumbList|ContactPoint|FAQPage|ImageObject|ListItem|Organization|Question|SoftwareApplication|WebPage","Organization","99","105","19","9","0","true","{""datePublished"":""2026-08-16"",""dateModified"":""2026-08-16""}","Was ist semantische Suche — und warum ändert sie, wie du Dinge speicherst"
"/de/blog/was-steht-in-der-pocket-exportdatei-2026","https://www.marqly.com/de/blog/was-steht-in-der-pocket-exportdatei-2026","200","de","locale-blog","52","142","261","true","0.11","true","false","true","false","21","true","AggregateOffer|Answer|BlogPosting|BreadcrumbList|ContactPoint|FAQPage|ImageObject|ListItem|Organization|Question|SoftwareApplication|WebPage","Organization","99","1","19","10","0","true","{""datePublished"":""2026-06-23"",""dateModified"":""2026-06-23""}","Was steht wirklich in Ihrer Pocket-Exportdatei (und wie Sie sie nutzen)"
"/de/blog/webseite-als-pdf-speichern","https://www.marqly.com/de/blog/webseite-als-pdf-speichern","200","de","locale-blog","70","172","440","false","0.22","true","false","true","false","21","true","AggregateOffer|Answer|BlogPosting|BreadcrumbList|ContactPoint|FAQPage|ImageObject|ListItem|Organization|Question|SoftwareApplication|WebPage","Organization","99","1","18","10","0","true","{""datePublished"":""2026-07-04"",""dateModified"":""2026-09-07""}","Webseite als PDF speichern (ohne abgeschnittenen Text und weiße Bilder)"
"/de/blog/youtube-spaeter-ansehen-exportieren-2026","https://www.marqly.com/de/blog/youtube-spaeter-ansehen-exportieren-2026","200","de","locale-blog","48","166","435","false","0.25","true","false","true","false","21","true","AggregateOffer|Answer|BlogPosting|BreadcrumbList|ContactPoint|FAQPage|ImageObject|ListItem|Organization|Question|SoftwareApplication|WebPage","Organization","100","105","19","9","0","true","{""datePublished"":""2026-08-16"",""dateModified"":""2026-09-07""}","YouTube «Später ansehen» exportieren 2026 (Google Takeout schließt es aus)"
"/de/blog/youtube-transkript-kopieren","https://www.marqly.com/de/blog/youtube-transkript-kopieren","200","de","locale-blog","63","163","575","false","0.29","true","false","true","false","21","true","AggregateOffer|Answer|BlogPosting|BreadcrumbList|ContactPoint|FAQPage|ImageObject|ListItem|Organization|Question|SoftwareApplication|WebPage","Organization","104","7","18","10","0","true","{""datePublished"":""2026-07-04"",""dateModified"":""2026-09-07""}","YouTube-Transkript kopieren & herunterladen (3 Wege, 2026)"
"/de/blog/youtube-videos-mit-ki-zusammenfassen-2026","https://www.marqly.com/de/blog/youtube-videos-mit-ki-zusammenfassen-2026","200","de","locale-blog","62","153","525","false","0.26","true","false","true","false","21","true","AggregateOffer|Answer|BlogPosting|BreadcrumbList|ContactPoint|FAQPage|ImageObject|ListItem|Organization|Question|SoftwareApplication|WebPage","Organization","99","2","19","10","0","true","{""datePublished"":""2026-07-04"",""dateModified"":""2026-09-07""}","YouTube-Videos mit KI zusammenfassen (direkt auf der Wiedergabeseite)"
"/de/blog/youtube-videos-spaeter-ansehen-organisieren-2026","https://www.marqly.com/de/blog/youtube-videos-spaeter-ansehen-organisieren-2026","200","de","locale-blog","66","143","559","false","0.54","false","false","true","false","21","true","AggregateOffer|Answer|BlogPosting|BreadcrumbList|ContactPoint|FAQPage|ImageObject|ListItem|Organization|Question|SoftwareApplication|WebPage","Organization","102","2","18","10","0","true","{""datePublished"":""2026-03-08"",""dateModified"":""2026-09-07""}","YouTube-Videos für später speichern (und wirklich wiederfinden)"
"/de/blog/zweites-gehirn-aufbauen-2026","https://www.marqly.com/de/blog/zweites-gehirn-aufbauen-2026","200","de","locale-blog","59","140","717","false","0.66","false","false","true","false","21","true","AggregateOffer|Answer|BlogPosting|BreadcrumbList|ContactPoint|FAQPage|ImageObject|ListItem|Organization|Question|SoftwareApplication|WebPage","Organization","102","2","18","10","0","true","{""datePublished"":""2026-03-13"",""dateModified"":""2026-09-07""}","Zweites Gehirn aufbauen in 2026 (ohne manuellen Pflegeaufwand)"
"/de/content-curation","https://www.marqly.com/de/content-curation","200","de","locale-lander","55","142","222","true","0.2","true","false","true","false","21","true","AggregateOffer|Answer|BreadcrumbList|ContactPoint|FAQPage|ListItem|Organization|Question|SoftwareApplication|WebSite","Organization","97","105","21","9","0","true","{}","Kuratiere das Beste zu jedem Thema – und teile es als elegante Seite"
"/de/datenschutz-fragen","https://www.marqly.com/de/datenschutz-fragen","200","de","locale-lander","53","156","1041","false","","false","true","true","false","0","false","AggregateOffer|Answer|BreadcrumbList|ContactPoint|FAQPage|ListItem|Organization|Question|SoftwareApplication|WebSite","Organization","99","105","22","9","0","true","{}","Was mit deinen Daten passiert – und was wir nicht behaupten"
"/de/fuer-anwaelte","https://www.marqly.com/de/fuer-anwaelte","200","de","locale-lander","69","160","220","true","0.2","true","false","true","false","21","true","AggregateOffer|Answer|BreadcrumbList|ContactPoint|FAQPage|ListItem|Organization|Question|SoftwareApplication|WebSite","Organization","97","105","21","9","0","true","{}","Juristische Fachlektüre organisiert – ohne zeitraubende Ablage"
"/de/fuer-autoren","https://www.marqly.com/de/fuer-autoren","200","de","locale-lander","58","133","794","false","0.63","false","false","true","false","21","true","AggregateOffer|Answer|BreadcrumbList|ContactPoint|FAQPage|ListItem|Organization|Question|SoftwareApplication|WebSite","Organization","98","105","22","9","0","true","{}","Das Schreiben läuft, bis du das Zitat brauchst, das du vor Monaten gelesen hast"
"/de/fuer-berater","https://www.marqly.com/de/fuer-berater","200","de","locale-lander","53","141","176","true","0.15","true","false","true","false","21","true","AggregateOffer|Answer|BreadcrumbList|ContactPoint|FAQPage|ListItem|Organization|Question|SoftwareApplication|WebSite","Organization","97","105","21","9","0","true","{}","Mandanten-Recherche, die den Kontext so schnell wechselt wie du"
"/de/fuer-content-creator","https://www.marqly.com/de/fuer-content-creator","200","de","locale-lander","49","155","789","false","0.67","false","false","true","false","21","true","AggregateOffer|Answer|BreadcrumbList|ContactPoint|FAQPage|ListItem|Organization|Question|SoftwareApplication|WebSite","Organization","98","105","22","9","0","true","{}","Du hast diese Referenz gespeichert, weil sie großartig war. Jetzt, wo du sie brauchst, ist sie weg"
"/de/fuer-designer","https://www.marqly.com/de/fuer-designer","200","de","locale-lander","74","140","242","true","0.2","true","false","true","false","21","true","AggregateOffer|Answer|BreadcrumbList|ContactPoint|FAQPage|ListItem|Organization|Question|SoftwareApplication|WebSite","Organization","97","105","21","9","0","true","{}","Jede geliebte Design-Referenz, nur eine Beschreibung entfernt"
"/de/fuer-doktoranden","https://www.marqly.com/de/fuer-doktoranden","200","de","locale-lander","60","153","205","true","0.16","true","false","true","false","21","true","AggregateOffer|Answer|BreadcrumbList|ContactPoint|FAQPage|ListItem|Organization|Question|SoftwareApplication|WebSite","Organization","97","105","21","9","0","true","{}","Führe deine Literaturübersicht aus einer zentral durchsuchbaren Bibliothek"
"/de/fuer-entwickler","https://www.marqly.com/de/fuer-entwickler","200","de","locale-lander","51","147","838","false","0.72","false","false","true","false","21","true","AggregateOffer|Answer|BreadcrumbList|ContactPoint|FAQPage|ListItem|Organization|Question|SoftwareApplication|WebSite","Organization","99","105","22","9","0","true","{}","Diesen Bug hast du vor acht Monaten gelöst. Die Antwort steckt in einem geschlossenen Tab"
"/de/fuer-forschende","https://www.marqly.com/de/fuer-forschende","200","de","locale-lander","48","147","848","false","0.66","false","false","true","false","21","true","AggregateOffer|Answer|BreadcrumbList|ContactPoint|FAQPage|ListItem|Organization|Question|SoftwareApplication|WebSite","Organization","99","105","22","9","0","true","{}","Die Studie, die du brauchst, existiert. Du weißt nur nicht mehr, wo sie liegt"
"/de/fuer-gruender","https://www.marqly.com/de/fuer-gruender","200","de","locale-lander","55","140","185","true","0.16","true","false","true","false","21","true","AggregateOffer|Answer|BreadcrumbList|ContactPoint|FAQPage|ListItem|Organization|Question|SoftwareApplication|WebSite","Organization","97","105","21","9","0","true","{}","Wettbewerbs-Intel in Sekunden gesichert, jahrelang abrufbar"
"/de/fuer-immobilienmakler","https://www.marqly.com/de/fuer-immobilienmakler","200","de","locale-lander","67","157","209","true","0.19","true","false","true","false","21","true","AggregateOffer|Answer|BreadcrumbList|ContactPoint|FAQPage|ListItem|Organization|Question|SoftwareApplication|WebSite","Organization","97","105","21","9","0","true","{}","Deine gesamte Objekt-Recherche, automatisch nach Kunden sortiert"
"/de/fuer-journalisten","https://www.marqly.com/de/fuer-journalisten","200","de","locale-lander","49","133","803","false","0.61","false","false","true","false","21","true","AggregateOffer|Answer|BreadcrumbList|ContactPoint|FAQPage|ListItem|Organization|Question|SoftwareApplication|WebSite","Organization","99","105","22","9","0","true","{}","Die Quelle, die du zitiert hast, sagt nicht mehr dasselbe"
"/de/fuer-lehrkraefte","https://www.marqly.com/de/fuer-lehrkraefte","200","de","locale-lander","63","150","881","false","0.77","false","false","true","false","21","true","AggregateOffer|Answer|BreadcrumbList|ContactPoint|FAQPage|ListItem|Organization|Question|SoftwareApplication|WebSite","Organization","98","105","22","9","0","true","{}","Das Material vom letzten Jahr existiert noch. Es zu finden ist eine andere Sache"
"/de/fuer-marketing","https://www.marqly.com/de/fuer-marketing","200","de","locale-lander","65","159","787","false","0.67","false","false","true","false","21","true","AggregateOffer|Answer|BreadcrumbList|ContactPoint|FAQPage|ListItem|Organization|Question|SoftwareApplication|WebSite","Organization","98","105","22","9","0","true","{}","Die Landingpage des Wettbewerbers, die du zeigen wolltest, gibt es nicht mehr"
"/de/fuer-produktmanager","https://www.marqly.com/de/fuer-produktmanager","200","de","locale-lander","42","143","190","true","0.16","true","false","true","false","21","true","AggregateOffer|Answer|BreadcrumbList|ContactPoint|FAQPage|ListItem|Organization|Question|SoftwareApplication|WebSite","Organization","97","105","21","9","0","true","{}","Jeder Teardown, Research-Link und PRD-Beleg an einem zentralen Ort"
"/de/fuer-recruiter","https://www.marqly.com/de/fuer-recruiter","200","de","locale-lander","55","165","213","true","0.19","true","false","true","false","21","true","AggregateOffer|Answer|BreadcrumbList|ContactPoint|FAQPage|ListItem|Organization|Question|SoftwareApplication|WebSite","Organization","97","105","21","9","0","true","{}","Nie wieder Top-Kandidaten im Tab-Chaos des Browsers verlieren"
"/de/fuer-ux-researcher","https://www.marqly.com/de/fuer-ux-researcher","200","de","locale-lander","41","144","177","true","0.15","true","false","true","false","21","true","AggregateOffer|Answer|BreadcrumbList|ContactPoint|FAQPage|ListItem|Organization|Question|SoftwareApplication|WebSite","Organization","97","105","21","9","0","true","{}","Ein Research-Repository, dessen Pflege Minuten statt Stunden dauert"
"/de/fuer-vertrieb","https://www.marqly.com/de/fuer-vertrieb","200","de","locale-lander","46","128","175","true","0.16","true","false","true","false","21","true","AggregateOffer|Answer|BreadcrumbList|ContactPoint|FAQPage|ListItem|Organization|Question|SoftwareApplication|WebSite","Organization","97","105","21","9","0","true","{}","Jeder Artikel über deine Zielkunden, abgelegt im Moment des Speicherns"
"/de/fuer-wissenschaftler","https://www.marqly.com/de/fuer-wissenschaftler","200","de","locale-lander","58","163","222","true","0.19","true","false","true","false","21","true","AggregateOffer|Answer|BreadcrumbList|ContactPoint|FAQPage|ListItem|Organization|Question|SoftwareApplication|WebSite","Organization","97","105","21","9","0","true","{}","Den Überblick über die Fachliteratur behalten, ohne im Tab-Chaos zu versinken"
"/de/jobsuche-organisieren","https://www.marqly.com/de/jobsuche-organisieren","200","de","locale-lander","53","164","220","true","0.2","true","false","true","false","21","true","AggregateOffer|Answer|BreadcrumbList|ContactPoint|FAQPage|ListItem|Organization|Question|SoftwareApplication|WebSite","Organization","97","105","21","9","0","true","{}","Jede Stellenanzeige, Gehaltsdiskussion und Vorbereitungsnotiz an einem Ort"
"/de/leseliste","https://www.marqly.com/de/leseliste","200","de","locale-lander","49","153","771","false","0.67","false","false","true","false","21","true","AggregateOffer|Answer|BreadcrumbList|ContactPoint|FAQPage|ListItem|Organization|Question|SoftwareApplication|WebSite","Organization","98","105","22","9","0","true","{}","Deine Leseliste ist nicht unordentlich. Ihr fehlt der Index"
"/de/lesezeichen-manager-chrome","https://www.marqly.com/de/lesezeichen-manager-chrome","200","de","locale-lander","52","172","213","true","0.19","true","false","true","false","21","true","AggregateOffer|Answer|BreadcrumbList|ContactPoint|FAQPage|ListItem|Organization|Question|SoftwareApplication|WebSite","Organization","97","105","21","9","0","true","{}","Chrome-Lesezeichen, die sich selbst finden dank KI"
"/de/lesezeichen-manager-edge","https://www.marqly.com/de/lesezeichen-manager-edge","200","de","locale-lander","50","164","189","true","0.17","true","false","true","false","21","true","AggregateOffer|Answer|BreadcrumbList|ContactPoint|FAQPage|ListItem|Organization|Question|SoftwareApplication|WebSite","Organization","97","105","21","9","0","true","{}","Rüste Microsoft Edge-Favoriten mit echter KI auf"
"/de/lesezeichen-manager-firefox","https://www.marqly.com/de/lesezeichen-manager-firefox","200","de","locale-lander","53","160","208","true","0.19","true","false","true","false","21","true","AggregateOffer|Answer|BreadcrumbList|ContactPoint|FAQPage|ListItem|Organization|Question|SoftwareApplication|WebSite","Organization","97","105","21","9","0","true","{}","Firefox-Lesezeichen: Automatisch getaggt und semantisch durchsuchbar"
"/de/lesezeichen-manager-iphone","https://www.marqly.com/de/lesezeichen-manager-iphone","200","de","locale-lander","52","163","213","true","0.2","true","false","true","false","21","true","AggregateOffer|Answer|BreadcrumbList|ContactPoint|FAQPage|ListItem|Organization|Question|SoftwareApplication|WebSite","Organization","97","105","21","9","0","true","{}","Deine gesamte Lesezeichen-Bibliothek immer in der Hosentasche"
"/de/lesezeichen-manager-safari","https://www.marqly.com/de/lesezeichen-manager-safari","200","de","locale-lander","52","150","212","true","0.19","true","false","true","false","21","true","AggregateOffer|Answer|BreadcrumbList|ContactPoint|FAQPage|ListItem|Organization|Question|SoftwareApplication|WebSite","Organization","97","105","21","9","0","true","{}","Deine Safari-Lesezeichen auf jedem Gerät, das du besitzt"
"/de/lesezeichen-organizer","https://www.marqly.com/de/lesezeichen-organizer","200","de","locale-lander","70","160","230","true","0.21","true","false","true","false","21","true","AggregateOffer|Answer|BreadcrumbList|ContactPoint|FAQPage|ListItem|Organization|Question|SoftwareApplication|WebSite","Organization","97","105","21","9","0","true","{}","Schluss mit manuellen Ordnern. KI taggt jeden Link und findet ihn nach Bedeutung"
"/de/lesezeichen-synchronisieren","https://www.marqly.com/de/lesezeichen-synchronisieren","200","de","locale-lander","74","168","196","true","0.17","true","false","true","false","21","true","AggregateOffer|Answer|BreadcrumbList|ContactPoint|FAQPage|ListItem|Organization|Question|SoftwareApplication|WebSite","Organization","97","105","21","9","0","true","{}","In einem Browser speichern. In allen wiederfinden"
"/de/migration/raindrop","https://www.marqly.com/de/migration/raindrop","200","de","locale-lander","44","134","835","false","0.53","false","false","true","false","4","true","AggregateOffer|Answer|BreadcrumbList|ContactPoint|FAQPage|ListItem|Organization|Question|SoftwareApplication|WebSite","Organization","98","105","21","9","0","true","{}","Von Raindrop zu Marqly wechseln — ohne Lesezeichen zu verlieren"
"/de/neuer-tab-dashboard","https://www.marqly.com/de/neuer-tab-dashboard","200","de","locale-lander","56","175","254","true","0.19","true","false","true","false","21","true","AggregateOffer|Answer|BreadcrumbList|ContactPoint|FAQPage|ListItem|Organization|Question|SoftwareApplication|WebSite","Organization","97","105","21","9","0","true","{}","Du öffnest 50-mal am Tag einen neuen Tab. Mach ihn endlich nützlich"
"/de/recherche-organisieren","https://www.marqly.com/de/recherche-organisieren","200","de","locale-lander","74","159","770","false","0.64","false","false","true","false","21","true","AggregateOffer|Answer|BreadcrumbList|ContactPoint|FAQPage|ListItem|Organization|Question|SoftwareApplication|WebSite","Organization","98","105","22","9","0","true","{}","Recherchieren ist leicht. Wiederfinden, was du recherchiert hast, nicht"
"/de/reise-planen","https://www.marqly.com/de/reise-planen","200","de","locale-lander","59","137","807","false","0.71","false","false","true","false","21","true","AggregateOffer|Answer|BreadcrumbList|ContactPoint|FAQPage|ListItem|Organization|Question|SoftwareApplication|WebSite","Organization","98","105","22","9","0","true","{}","Reiseplanung sind vierzig Tabs und keine Entscheidung"
"/de/rezepte-organisieren","https://www.marqly.com/de/rezepte-organisieren","200","de","locale-lander","46","146","704","false","0.62","false","false","true","false","21","true","AggregateOffer|Answer|BreadcrumbList|ContactPoint|FAQPage|ListItem|Organization|Question|SoftwareApplication|WebSite","Organization","98","105","22","9","0","true","{}","Du hast das Rezept gespeichert. Donnerstag um acht findest du es nicht"
"/de/spaeter-lesen","https://www.marqly.com/de/spaeter-lesen","200","de","locale-lander","51","159","1061","false","0.93","false","false","true","false","21","true","AggregateOffer|Answer|BreadcrumbList|ContactPoint|FAQPage|ListItem|Organization|Question|SoftwareApplication|WebSite","Organization","100","105","22","9","0","true","{}","Artikel speichern, aussortieren, wirklich lesen"
"/de/studium","https://www.marqly.com/de/studium","200","de","locale-lander","50","159","1015","false","0.8","false","false","true","false","21","true","AggregateOffer|Answer|BreadcrumbList|ContactPoint|FAQPage|ListItem|Organization|Question|SoftwareApplication|WebSite","Organization","100","105","22","9","0","true","{}","Sammeln, bevor zitiert wird – ohne dass etwas verloren geht"
"/de/swipe-file","https://www.marqly.com/de/swipe-file","200","de","locale-lander","66","140","229","true","0.2","true","false","true","false","21","true","AggregateOffer|Answer|BreadcrumbList|ContactPoint|FAQPage|ListItem|Organization|Question|SoftwareApplication|WebSite","Organization","97","105","21","9","0","true","{}","Sichere jede packende Ad und Headline – und finde sie auf Abruf wieder"
"/de/tabs-speichern","https://www.marqly.com/de/tabs-speichern","200","de","locale-lander","53","150","1086","false","0.97","false","false","true","false","21","true","AggregateOffer|Answer|BreadcrumbList|ContactPoint|FAQPage|ListItem|Organization|Question|SoftwareApplication|WebSite","Organization","100","105","22","9","0","true","{}","Alle offenen Tabs auf einmal speichern – und später zurückholen"
"/de/tools/youtube-transkript","https://www.marqly.com/de/tools/youtube-transkript","200","de","locale-tool","68","162","462","false","0.89","false","false","true","false","21","true","Answer|BreadcrumbList|ContactPoint|FAQPage|ListItem|Offer|Organization|Question|WebApplication|WebSite","","99","13","19","9","0","true","{}","YouTube-Transkript in einem Klick"
"/de/tools/youtube-zusammenfassung","https://www.marqly.com/de/tools/youtube-zusammenfassung","200","de","locale-tool","72","150","434","false","1.07","false","false","true","false","21","true","Answer|BreadcrumbList|ContactPoint|FAQPage|ListItem|Offer|Organization|Question|WebApplication|WebSite","","99","19","19","9","0","true","{}","YouTube-Videos in Sekunden zusammenfassen"
"/de/vergleich/marqly-vs-evernote","https://www.marqly.com/de/vergleich/marqly-vs-evernote","200","de","locale-lander","64","152","842","false","0.49","true","false","true","false","21","true","AggregateOffer|Answer|BreadcrumbList|ContactPoint|FAQPage|ListItem|Organization|Question|SoftwareApplication|WebSite","Organization","97","105","22","9","0","true","{}","Marqly vs Evernote: eine Notiz-Suite gegen eine Link-Bibliothek"
"/de/vergleich/marqly-vs-instapaper","https://www.marqly.com/de/vergleich/marqly-vs-instapaper","200","de","locale-lander","63","146","857","false","0.5","false","false","true","false","21","true","AggregateOffer|Answer|BreadcrumbList|ContactPoint|FAQPage|ListItem|Organization|Question|SoftwareApplication|WebSite","Organization","97","105","22","9","0","true","{}","Marqly vs Instapaper: gut lesen oder gut wiederfinden"
"/de/vergleich/marqly-vs-matter","https://www.marqly.com/de/vergleich/marqly-vs-matter","200","de","locale-lander","64","151","804","false","0.45","true","false","true","false","21","true","AggregateOffer|Answer|BreadcrumbList|ContactPoint|FAQPage|ListItem|Organization|Question|SoftwareApplication|WebSite","Organization","97","105","22","9","0","true","{}","Marqly vs Matter: Artikel hören oder wiederfinden, was du gespeichert hast"
"/de/vergleich/marqly-vs-notion","https://www.marqly.com/de/vergleich/marqly-vs-notion","200","de","locale-lander","60","157","824","false","0.48","true","false","true","false","21","true","AggregateOffer|Answer|BreadcrumbList|ContactPoint|FAQPage|ListItem|Organization|Question|SoftwareApplication|WebSite","Organization","97","105","22","9","0","true","{}","Marqly vs Notion: im Workspace speichern oder in einer eigenen Bibliothek"
"/de/vergleich/marqly-vs-obsidian","https://www.marqly.com/de/vergleich/marqly-vs-obsidian","200","de","locale-lander","63","150","845","false","0.47","true","false","true","false","21","true","AggregateOffer|Answer|BreadcrumbList|ContactPoint|FAQPage|ListItem|Organization|Question|SoftwareApplication|WebSite","Organization","97","105","22","9","0","true","{}","Marqly vs Obsidian: Dateien, die dir gehören, oder eine Bibliothek, die sich selbst ordnet"
"/de/vergleich/marqly-vs-pocket","https://www.marqly.com/de/vergleich/marqly-vs-pocket","200","de","locale-lander","64","146","1048","false","0.61","false","false","true","false","21","true","AggregateOffer|Answer|BreadcrumbList|ContactPoint|FAQPage|ListItem|Organization|Question|SoftwareApplication|WebSite","Organization","97","105","23","9","0","true","{}","Marqly vs Pocket: ein ehrlicher Vergleich, wenn es einen der beiden nicht mehr gibt"
"/de/vergleich/marqly-vs-raindrop","https://www.marqly.com/de/vergleich/marqly-vs-raindrop","200","de","locale-lander","53","152","1002","false","0.55","false","false","true","false","21","true","AggregateOffer|Answer|BreadcrumbList|ContactPoint|FAQPage|ListItem|Organization|Question|SoftwareApplication|WebSite","Organization","100","105","22","9","0","true","{}","Marqly vs. Raindrop: Ordnen oder Wiederfinden?"
"/de/vergleich/marqly-vs-readwise","https://www.marqly.com/de/vergleich/marqly-vs-readwise","200","de","locale-lander","56","150","822","false","0.46","true","false","true","false","21","true","AggregateOffer|Answer|BreadcrumbList|ContactPoint|FAQPage|ListItem|Organization|Question|SoftwareApplication|WebSite","Organization","97","105","22","9","0","true","{}","Marqly vs Readwise Reader: intensives Lesen oder durchsuchbare Bibliothek"
"/de/webseite-als-pdf-speichern","https://www.marqly.com/de/webseite-als-pdf-speichern","200","de","locale-lander","61","138","216","true","0.2","true","false","true","false","21","true","AggregateOffer|Answer|BreadcrumbList|ContactPoint|FAQPage|ListItem|Organization|Question|SoftwareApplication|WebSite","Organization","97","105","21","9","0","true","{}","Verwandle jede Webseite in ein PDF, das exakt wie dein Bildschirm aussieht"
"/de/webseiten-markieren","https://www.marqly.com/de/webseiten-markieren","200","de","locale-lander","51","155","1040","false","0.92","false","false","true","false","21","true","AggregateOffer|Answer|BreadcrumbList|ContactPoint|FAQPage|ListItem|Organization|Question|SoftwareApplication|WebSite","Organization","99","105","22","9","0","true","{}","Markiere im Web wie im Buch – nur wiederauffindbar"
"/de/youtube-videos-speichern","https://www.marqly.com/de/youtube-videos-speichern","200","de","locale-lander","50","143","759","false","0.68","false","false","true","false","21","true","AggregateOffer|Answer|BreadcrumbList|ContactPoint|FAQPage|ListItem|Organization|Question|SoftwareApplication|WebSite","Organization","99","105","22","9","0","true","{}","„Später ansehen“ ist der Ort, an dem Videos sterben"
"/de/youtube-zusammenfasser","https://www.marqly.com/de/youtube-zusammenfasser","200","de","locale-lander","64","161","214","true","0.19","true","false","true","false","21","true","AggregateOffer|Answer|BreadcrumbList|ContactPoint|FAQPage|ListItem|Organization|Question|SoftwareApplication|WebSite","Organization","97","105","21","9","0","true","{}","Erfahre in 30 Sekunden, was im Video steckt, bevor du 40 Minuten investierst"
"/de/zweites-gehirn","https://www.marqly.com/de/zweites-gehirn","200","de","locale-lander","53","160","839","false","0.76","false","false","true","false","21","true","AggregateOffer|Answer|BreadcrumbList|ContactPoint|FAQPage|ListItem|Organization|Question|SoftwareApplication|WebSite","Organization","97","105","22","9","0","true","{}","Fast jedes zweite Gehirn stirbt aus demselben Grund"
"/de/zwischenablage-verlauf","https://www.marqly.com/de/zwischenablage-verlauf","200","de","locale-lander","66","150","214","true","0.16","true","false","true","false","21","true","AggregateOffer|Answer|BreadcrumbList|ContactPoint|FAQPage|ListItem|Organization|Question|SoftwareApplication|WebSite","Organization","97","105","21","9","0","true","{}","Deine Zwischenablage merkt sich eine Sache. Marqly merkt sich alle"
"/embed","https://www.marqly.com/embed","200","en","root-lander","48","157","823","false","","false","false","true","false","0","false","Answer|BreadcrumbList|ContactPoint|FAQPage|HowTo|HowToStep|ListItem|Offer|Organization|Question|WebApplication|WebSite","","184","1913","20","9","0","true","{}","Embed your curated bookmarks anywhere"
"/es","https://www.marqly.com/es","200","es","locale-home","36","157","1258","false","0.38","true","false","true","false","21","true","AggregateOffer|Answer|BreadcrumbList|ContactPoint|FAQPage|ListItem|Organization|Question|SoftwareApplication|WebSite","Organization","100","1913","22","9","0","true","{}","Guarda un enlace hoy y encuéntralo en tres meses"
"/es/alternativas/evernote","https://www.marqly.com/es/alternativas/evernote","200","es","locale-lander","67","145","940","false","0.49","true","false","true","false","21","true","AggregateOffer|Answer|BreadcrumbList|ContactPoint|FAQPage|ListItem|Organization|Question|SoftwareApplication|WebSite","Organization","96","104","22","9","0","true","{}","Alternativas a Evernote, empezando por cuánto de Evernote usas de verdad"
"/es/alternativas/instapaper","https://www.marqly.com/es/alternativas/instapaper","200","es","locale-lander","63","145","815","false","0.43","true","false","true","false","21","true","AggregateOffer|Answer|BreadcrumbList|ContactPoint|FAQPage|ListItem|Organization|Question|SoftwareApplication|WebSite","Organization","96","104","22","9","0","true","{}","Alternativas a Instapaper, según qué te falta"
"/es/alternativas/notion","https://www.marqly.com/es/alternativas/notion","200","es","locale-lander","50","151","883","false","0.45","true","false","true","false","21","true","AggregateOffer|Answer|BreadcrumbList|ContactPoint|FAQPage|ListItem|Organization|Question|SoftwareApplication|WebSite","Organization","96","104","22","9","0","true","{}","Alternativas a Notion cuando tu base de datos de enlaces se ha vuelto un vertedero"
"/es/alternativas/pocket","https://www.marqly.com/es/alternativas/pocket","200","es","locale-lander","50","160","1107","false","0.67","false","false","true","false","21","true","AggregateOffer|Answer|BreadcrumbList|ContactPoint|FAQPage|ListItem|Organization|Question|SoftwareApplication|WebSite","Organization","96","104","22","9","0","true","{}","Alternativas a Pocket, según para qué lo usabas"
"/es/alternativas/raindrop","https://www.marqly.com/es/alternativas/raindrop","200","es","locale-lander","60","163","893","false","0.44","true","false","true","false","21","true","AggregateOffer|Answer|BreadcrumbList|ContactPoint|FAQPage|ListItem|Organization|Question|SoftwareApplication|WebSite","Organization","96","104","22","9","0","true","{}","Alternativas a Raindrop.io, según por qué te estás yendo"
"/es/blog","https://www.marqly.com/es/blog","200","es","locale-blog-index","63","156","1869","false","2.41","false","false","true","false","21","true","Blog|BlogPosting","","133","104","17","36","0","true","{""datePublished"":""2026-08-02""}","Guarda con criterio. Encuéntralo todo."
"/es/blog/alternativa-a-notion-web-clipper-2026","https://www.marqly.com/es/blog/alternativa-a-notion-web-clipper-2026","200","es","locale-blog","55","149","559","false","0.64","false","false","true","false","21","true","AggregateOffer|Answer|BlogPosting|BreadcrumbList|ContactPoint|FAQPage|ImageObject|ListItem|Organization|Question|SoftwareApplication|WebPage","Organization","101","1","19","10","0","true","{""datePublished"":""2026-04-04"",""dateModified"":""2026-09-07""}","La mejor alternativa a Notion Web Clipper para guardar y encontrar artículos (2026)"
"/es/blog/alternativas-a-pocket-2026","https://www.marqly.com/es/blog/alternativas-a-pocket-2026","200","es","locale-blog","59","169","3412","false","1.07","false","false","true","false","21","true","AggregateOffer|Answer|BlogPosting|BreadcrumbList|ContactPoint|FAQPage|ImageObject|ListItem|Organization|Question|SoftwareApplication|WebPage","Organization","108","8","20","10","0","true","{""datePublished"":""2026-05-12"",""dateModified"":""2026-06-23""}","Las 8 mejores alternativas a Pocket en 2026 (tras su cierre por Mozilla)"
"/es/blog/chatear-con-videos-de-youtube-2026","https://www.marqly.com/es/blog/chatear-con-videos-de-youtube-2026","200","es","locale-blog","45","151","563","false","0.28","true","false","true","false","21","true","AggregateOffer|Answer|BlogPosting|BreadcrumbList|ContactPoint|FAQPage|ImageObject|ListItem|Organization|Question|SoftwareApplication|WebPage","Organization","97","1","19","10","0","true","{""datePublished"":""2026-07-04"",""dateModified"":""2026-09-07""}","Cómo chatear con un video de YouTube (preguntas y respuestas reales con IA)"
"/es/blog/como-chatear-con-articulos-guardados-2026","https://www.marqly.com/es/blog/como-chatear-con-articulos-guardados-2026","200","es","locale-blog","56","148","532","false","0.48","true","false","true","false","21","true","AggregateOffer|Answer|BlogPosting|BreadcrumbList|ContactPoint|FAQPage|ImageObject|ListItem|Organization|Question|SoftwareApplication|WebPage","Organization","101","3","19","10","0","true","{""datePublished"":""2026-05-14"",""dateModified"":""2026-09-07""}","Cómo chatear con tus artículos guardados y marcadores en 2026"
"/es/blog/como-construir-un-segundo-cerebro-2026","https://www.marqly.com/es/blog/como-construir-un-segundo-cerebro-2026","200","es","locale-blog","64","149","847","false","0.77","false","false","true","false","21","true","AggregateOffer|Answer|BlogPosting|BreadcrumbList|ContactPoint|FAQPage|ImageObject|ListItem|Organization|Question|SoftwareApplication|WebPage","Organization","99","4","18","10","0","true","{""datePublished"":""2026-03-13"",""dateModified"":""2026-09-07""}","Cómo construir un segundo cerebro en 2026 (sin mantenimiento manual)"
"/es/blog/como-encontrar-un-articulo-guardado-si-olvidaste-el-titulo-2026","https://www.marqly.com/es/blog/como-encontrar-un-articulo-guardado-si-olvidaste-el-titulo-2026","200","es","locale-blog","65","165","579","false","0.56","false","false","true","false","21","true","AggregateOffer|Answer|BlogPosting|BreadcrumbList|ContactPoint|FAQPage|ImageObject|ListItem|Organization|Question|SoftwareApplication|WebPage","Organization","98","2","19","10","0","true","{""datePublished"":""2026-05-22"",""dateModified"":""2026-09-07""}","Cómo encontrar un artículo guardado si olvidaste el título en 2026"
"/es/blog/como-exportar-marcadores-de-twitter-x-2026","https://www.marqly.com/es/blog/como-exportar-marcadores-de-twitter-x-2026","200","es","locale-blog","56","157","658","false","0.37","true","false","true","false","21","true","AggregateOffer|Answer|BlogPosting|BreadcrumbList|ContactPoint|FAQPage|ImageObject|ListItem|Organization|Question|SoftwareApplication|WebPage","Organization","96","104","19","9","0","true","{""datePublished"":""2026-08-02"",""dateModified"":""2026-09-07""}","Cómo exportar tus marcadores de X (Twitter) en 2026 (Todos los métodos probados)"
"/es/blog/como-exportar-migrar-datos-pocket-2026","https://www.marqly.com/es/blog/como-exportar-migrar-datos-pocket-2026","200","es","locale-blog","59","146","697","false","0.69","false","false","true","false","21","true","AggregateOffer|Answer|BlogPosting|BreadcrumbList|ContactPoint|FAQPage|ImageObject|ListItem|Organization|Question|SoftwareApplication|WebPage","Organization","97","1","19","10","0","true","{""datePublished"":""2026-05-08"",""dateModified"":""2026-05-08""}","Cómo exportar y migrar tus datos de Pocket en 2026 (Paso a paso)"
"/es/blog/como-exportar-publicaciones-guardadas-de-instagram-2026","https://www.marqly.com/es/blog/como-exportar-publicaciones-guardadas-de-instagram-2026","200","es","locale-blog","52","148","579","false","0.32","true","false","true","false","21","true","AggregateOffer|Answer|BlogPosting|BreadcrumbList|ContactPoint|FAQPage|ImageObject|ListItem|Organization|Question|SoftwareApplication|WebPage","Organization","96","104","19","9","0","true","{""datePublished"":""2026-08-16"",""dateModified"":""2026-09-07""}","Cómo exportar tus publicaciones guardadas de Instagram en 2026 (Paso a paso)"
"/es/blog/como-exportar-publicaciones-guardadas-de-reddit-2026","https://www.marqly.com/es/blog/como-exportar-publicaciones-guardadas-de-reddit-2026","200","es","locale-blog","63","164","671","false","0.4","true","false","true","false","21","true","AggregateOffer|Answer|BlogPosting|BreadcrumbList|ContactPoint|FAQPage|ImageObject|ListItem|Organization|Question|SoftwareApplication|WebPage","Organization","96","104","19","9","0","true","{""datePublished"":""2026-08-02"",""dateModified"":""2026-09-07""}","Cómo exportar tus publicaciones guardadas de Reddit en 2026 (Paso a paso)"
"/es/blog/como-exportar-ver-mas-tarde-de-youtube-2026","https://www.marqly.com/es/blog/como-exportar-ver-mas-tarde-de-youtube-2026","200","es","locale-blog","55","153","644","false","0.36","true","false","true","false","21","true","AggregateOffer|Answer|BlogPosting|BreadcrumbList|ContactPoint|FAQPage|ImageObject|ListItem|Organization|Question|SoftwareApplication|WebPage","Organization","96","104","19","9","0","true","{""datePublished"":""2026-08-16"",""dateModified"":""2026-09-07""}","Cómo exportar tu lista «Ver más tarde» de YouTube en 2026 (Google Takeout no la incluye)"
"/es/blog/como-resaltar-texto-en-cualquier-web-2026","https://www.marqly.com/es/blog/como-resaltar-texto-en-cualquier-web-2026","200","es","locale-blog","59","152","726","false","0.37","true","false","true","false","21","true","AggregateOffer|Answer|BlogPosting|BreadcrumbList|ContactPoint|FAQPage|ImageObject|ListItem|Organization|Question|SoftwareApplication|WebPage","Organization","98","2","18","10","0","true","{""datePublished"":""2026-07-04"",""dateModified"":""2026-09-07""}","Cómo resaltar texto en cualquier sitio web (y conservarlo para siempre)"
"/es/blog/deja-de-organizar-marcadores-carpetas-obsoletas-2026","https://www.marqly.com/es/blog/deja-de-organizar-marcadores-carpetas-obsoletas-2026","200","es","locale-blog","65","159","544","false","0.25","true","false","true","false","21","true","AggregateOffer|Answer|BlogPosting|BreadcrumbList|ContactPoint|FAQPage|ImageObject|ListItem|Organization|Question|SoftwareApplication|WebPage","Organization","97","1","18","10","0","true","{""datePublished"":""2026-06-23"",""dateModified"":""2026-09-07""}","Deja de organizar marcadores: por qué las carpetas son obsoletas en 2026"
"/es/blog/depuracion-digital-ano-nuevo","https://www.marqly.com/es/blog/depuracion-digital-ano-nuevo","200","es","locale-blog","63","168","1137","false","0.69","false","false","true","false","21","true","AggregateOffer|Answer|BlogPosting|BreadcrumbList|ContactPoint|FAQPage|ImageObject|ListItem|Organization|Question|SoftwareApplication|WebPage","Organization","99","1","19","9","0","true","{""datePublished"":""2026-08-02"",""dateModified"":""2026-08-02""}","La Lista de Depuración Digital de Año Nuevo: Pestañas, Marcadores, Lecturas Pendientes y Suscripciones"
"/es/blog/exportar-marcadores-chrome","https://www.marqly.com/es/blog/exportar-marcadores-chrome","200","es","locale-blog","65","144","893","false","0.36","true","false","true","false","21","true","AggregateOffer|Answer|BlogPosting|BreadcrumbList|ContactPoint|FAQPage|ImageObject|ListItem|Organization|Question|SoftwareApplication|WebPage","Organization","96","104","19","9","0","true","{""datePublished"":""2026-08-16"",""dateModified"":""2026-08-16""}","Cómo exportar los marcadores de Chrome (y qué hacer con el archivo)"
"/es/blog/gestores-de-marcadores-con-ia-busqueda-semantica-comparativa-2026","https://www.marqly.com/es/blog/gestores-de-marcadores-con-ia-busqueda-semantica-comparativa-2026","200","es","locale-blog","66","153","971","false","0.43","true","false","true","false","21","true","AggregateOffer|Answer|BlogPosting|BreadcrumbList|ContactPoint|FAQPage|ImageObject|ListItem|Organization|Question|SoftwareApplication|WebPage","Organization","101","9","18","10","0","true","{""datePublished"":""2026-06-23"",""dateModified"":""2026-06-23""}","¿Qué gestores de marcadores con IA buscan realmente por significado? (8 comparados)"
"/es/blog/guardar-pagina-web-en-pdf","https://www.marqly.com/es/blog/guardar-pagina-web-en-pdf","200","es","locale-blog","65","151","609","false","0.31","true","false","true","false","21","true","AggregateOffer|Answer|BlogPosting|BreadcrumbList|ContactPoint|FAQPage|ImageObject|ListItem|Organization|Question|SoftwareApplication|WebPage","Organization","97","1","18","10","0","true","{""datePublished"":""2026-07-04"",""dateModified"":""2026-09-07""}","Cómo guardar una página web en PDF (sin que se rompa el diseño)"
"/es/blog/guardar-videos-youtube-ver-mas-tarde-2026","https://www.marqly.com/es/blog/guardar-videos-youtube-ver-mas-tarde-2026","200","es","locale-blog","65","147","659","false","0.63","false","false","true","false","21","true","AggregateOffer|Answer|BlogPosting|BreadcrumbList|ContactPoint|FAQPage|ImageObject|ListItem|Organization|Question|SoftwareApplication|WebPage","Organization","97","2","18","10","0","true","{""datePublished"":""2026-03-08"",""dateModified"":""2026-09-07""}","Cómo guardar videos de YouTube para ver más tarde (y encontrarlos de verdad)"
"/es/blog/marcadores-chrome-no-sincronizan-solucion-2026","https://www.marqly.com/es/blog/marcadores-chrome-no-sincronizan-solucion-2026","200","es","locale-blog","72","154","951","false","0.55","false","false","true","false","21","true","AggregateOffer|Answer|BlogPosting|BreadcrumbList|ContactPoint|FAQPage|ImageObject|ListItem|Organization|Question|SoftwareApplication|WebPage","Organization","97","2","19","9","0","true","{""datePublished"":""2026-08-02"",""dateModified"":""2026-08-02""}","¿Los marcadores de Chrome no se sincronizan? 8 soluciones que funcionan (2026)"
"/es/blog/mejores-alternativas-a-instapaper-2026","https://www.marqly.com/es/blog/mejores-alternativas-a-instapaper-2026","200","es","locale-blog","69","152","554","false","0.71","false","false","true","false","21","true","AggregateOffer|Answer|BlogPosting|BreadcrumbList|ContactPoint|FAQPage|ImageObject|ListItem|Organization|Question|SoftwareApplication|WebPage","Organization","101","3","20","10","0","true","{""datePublished"":""2026-04-09"",""dateModified"":""2026-04-09""}","Las mejores alternativas a Instapaper en 2026 (Cuando la lectura minimalista se queda corta)"
"/es/blog/mejores-alternativas-autoalojadas-a-pocket-2026","https://www.marqly.com/es/blog/mejores-alternativas-autoalojadas-a-pocket-2026","200","es","locale-blog","58","142","556","false","0.24","true","false","true","false","21","true","AggregateOffer|Answer|BlogPosting|BreadcrumbList|ContactPoint|FAQPage|ImageObject|ListItem|Organization|Question|SoftwareApplication|WebPage","Organization","101","1","19","10","0","true","{""datePublished"":""2026-06-23"",""dateModified"":""2026-06-23""}","Las mejores alternativas autoalojadas a Pocket en 2026 (Y cuándo conviene una app en la nube)"
"/es/blog/mejores-apps-para-leer-despues-2026","https://www.marqly.com/es/blog/mejores-apps-para-leer-despues-2026","200","es","locale-blog","60","144","1140","false","1.09","false","false","true","false","21","true","AggregateOffer|Answer|BlogPosting|BreadcrumbList|ContactPoint|FAQPage|ImageObject|ListItem|Organization|Question|SoftwareApplication|WebPage","Organization","105","2","20","10","0","true","{""datePublished"":""2026-03-19"",""dateModified"":""2026-06-23""}","Las 9 mejores apps para leer después en 2026 (probadas y clasificadas)"
"/es/blog/mejores-apps-segundo-cerebro-2026","https://www.marqly.com/es/blog/mejores-apps-segundo-cerebro-2026","200","es","locale-blog","56","153","528","false","0.22","true","false","true","false","21","true","AggregateOffer|Answer|BlogPosting|BreadcrumbList|ContactPoint|FAQPage|ImageObject|ListItem|Organization|Question|SoftwareApplication|WebPage","Organization","101","1","19","10","0","true","{""datePublished"":""2026-06-23"",""dateModified"":""2026-09-07""}","Las 7 mejores apps de segundo cerebro en 2026 (comparativa honesta)"
"/es/blog/mejores-gestores-marcadores-gratis-2026","https://www.marqly.com/es/blog/mejores-gestores-marcadores-gratis-2026","200","es","locale-blog","70","155","452","false","0.23","true","false","true","false","21","true","AggregateOffer|Answer|BlogPosting|BreadcrumbList|ContactPoint|FAQPage|ImageObject|ListItem|Organization|Question|SoftwareApplication|WebPage","Organization","101","12","19","10","0","true","{""datePublished"":""2026-08-02"",""dateModified"":""2026-09-07""}","Los 5 mejores gestores de marcadores gratuitos en 2026 (realmente gratis)"
"/es/blog/mejores-gestores-marcadores-ia-2026","https://www.marqly.com/es/blog/mejores-gestores-marcadores-ia-2026","200","es","locale-blog","54","159","544","false","0.19","true","false","true","false","21","true","AggregateOffer|Answer|BlogPosting|BreadcrumbList|ContactPoint|FAQPage|ImageObject|ListItem|Organization|Question|SoftwareApplication|WebPage","Organization","101","6","20","10","0","true","{""datePublished"":""2026-05-05"",""dateModified"":""2026-06-23""}","Los mejores gestores de marcadores con IA en 2026: qué buscar y cuáles probar"
"/es/blog/mejores-gestores-pestanas-2026","https://www.marqly.com/es/blog/mejores-gestores-pestanas-2026","200","es","locale-blog","68","133","531","false","0.3","true","false","true","false","21","true","AggregateOffer|Answer|BlogPosting|BreadcrumbList|ContactPoint|FAQPage|ImageObject|ListItem|Organization|Question|SoftwareApplication|WebPage","Organization","101","12","18","9","0","true","{""datePublished"":""2026-08-02"",""dateModified"":""2026-09-07""}","Los 5 mejores gestores de pestañas en 2026 (comparativa honesta)"
"/es/blog/mejores-resaltadores-web-2026","https://www.marqly.com/es/blog/mejores-resaltadores-web-2026","200","es","locale-blog","61","145","431","false","0.24","true","false","true","false","21","true","AggregateOffer|Answer|BlogPosting|BreadcrumbList|ContactPoint|FAQPage|ImageObject|ListItem|Organization|Question|SoftwareApplication|WebPage","Organization","101","10","19","10","0","true","{""datePublished"":""2026-08-02"",""dateModified"":""2026-09-07""}","Los 6 mejores resaltadores web en 2026 (probados en páginas reales)"
"/es/blog/mejores-resumidores-youtube-ia-2026","https://www.marqly.com/es/blog/mejores-resumidores-youtube-ia-2026","200","es","locale-blog","78","148","592","false","0.32","true","false","true","false","21","true","AggregateOffer|Answer|BlogPosting|BreadcrumbList|ContactPoint|FAQPage|ImageObject|ListItem|Organization|Question|SoftwareApplication|WebPage","Organization","102","7","18","9","0","true","{""datePublished"":""2026-08-02"",""dateModified"":""2026-09-07""}","Los 6 mejores resumidores de YouTube con IA en 2026 (Comparativa real)"
"/es/blog/metodo-para-para-marcadores-2026","https://www.marqly.com/es/blog/metodo-para-para-marcadores-2026","200","es","locale-blog","66","158","671","false","0.39","true","false","true","false","21","true","AggregateOffer|Answer|BlogPosting|BreadcrumbList|ContactPoint|FAQPage|ImageObject|ListItem|Organization|Question|SoftwareApplication|WebPage","Organization","97","2","18","10","0","true","{""datePublished"":""2026-08-02"",""dateModified"":""2026-09-07""}","El método PARA para marcadores: cómo aplicarlo (y dónde se rompe)"
"/es/blog/obtener-transcripcion-youtube","https://www.marqly.com/es/blog/obtener-transcripcion-youtube","200","es","locale-blog","61","165","759","false","0.38","true","false","true","false","21","true","AggregateOffer|Answer|BlogPosting|BreadcrumbList|ContactPoint|FAQPage|ImageObject|ListItem|Organization|Question|SoftwareApplication|WebPage","Organization","99","1","18","10","0","true","{""datePublished"":""2026-07-04"",""dateModified"":""2026-09-07""}","Cómo obtener la transcripción de un video de YouTube (3 Métodos, 2026)"
"/es/blog/organizar-marcadores-navegador","https://www.marqly.com/es/blog/organizar-marcadores-navegador","200","es","locale-blog","64","152","1037","false","0.31","true","false","true","false","21","true","AggregateOffer|Answer|BlogPosting|BreadcrumbList|ContactPoint|FAQPage|ImageObject|ListItem|Organization|Question|SoftwareApplication|WebPage","Organization","98","104","19","9","0","true","{""datePublished"":""2026-08-16"",""dateModified"":""2026-08-16""}","Cómo organizar los marcadores del navegador de una vez por todas"
"/es/blog/por-que-guardas-articulos-que-nunca-lees","https://www.marqly.com/es/blog/por-que-guardas-articulos-que-nunca-lees","200","es","locale-blog","51","140","991","false","","false","true","true","false","0","false","AggregateOffer|Answer|BlogPosting|BreadcrumbList|ContactPoint|FAQPage|ImageObject|ListItem|Organization|Question|SoftwareApplication|WebPage","Organization","96","104","19","9","0","true","{""datePublished"":""2026-08-16"",""dateModified"":""2026-08-16""}","Por qué guardas artículos que nunca lees (y cómo dejar de sentirte mal por ello)"
"/es/blog/puede-la-ia-organizar-mis-marcadores-2026","https://www.marqly.com/es/blog/puede-la-ia-organizar-mis-marcadores-2026","200","es","locale-blog","70","157","493","false","0.5","false","false","true","false","21","true","AggregateOffer|Answer|BlogPosting|BreadcrumbList|ContactPoint|FAQPage|ImageObject|ListItem|Organization|Question|SoftwareApplication|WebPage","Organization","97","1","18","10","0","true","{""datePublished"":""2026-05-16"",""dateModified"":""2026-09-07""}","¿Puede la IA organizar mis marcadores automáticamente? Sí, así funciona"
"/es/blog/que-contiene-el-archivo-de-exportacion-de-pocket-2026","https://www.marqly.com/es/blog/que-contiene-el-archivo-de-exportacion-de-pocket-2026","200","es","locale-blog","64","147","589","false","0.25","true","false","true","false","21","true","AggregateOffer|Answer|BlogPosting|BreadcrumbList|ContactPoint|FAQPage|ImageObject|ListItem|Organization|Question|SoftwareApplication|WebPage","Organization","97","1","19","10","0","true","{""datePublished"":""2026-06-23"",""dateModified"":""2026-06-23""}","Qué contiene realmente el archivo de exportación de Pocket (y cómo usarlo)"
"/es/blog/que-es-la-busqueda-semantica","https://www.marqly.com/es/blog/que-es-la-busqueda-semantica","200","es","locale-blog","56","155","995","false","0.9","false","false","true","false","21","true","AggregateOffer|Answer|BlogPosting|BreadcrumbList|ContactPoint|FAQPage|ImageObject|ListItem|Organization|Question|SoftwareApplication|WebPage","Organization","96","104","19","9","0","true","{""datePublished"":""2026-08-16"",""dateModified"":""2026-08-16""}","Qué es la búsqueda semántica y por qué cambia cómo guardas cosas"
"/es/blog/que-es-un-segundo-cerebro-con-ia-2026","https://www.marqly.com/es/blog/que-es-un-segundo-cerebro-con-ia-2026","200","es","locale-blog","50","156","559","false","0.55","false","false","true","false","21","true","AggregateOffer|Answer|BlogPosting|BreadcrumbList|ContactPoint|FAQPage|ImageObject|ListItem|Organization|Question|SoftwareApplication|WebPage","Organization","99","5","19","10","0","true","{""datePublished"":""2026-05-20"",""dateModified"":""2026-09-07""}","¿Qué es un segundo cerebro con IA? Guía clara en lenguaje sencillo (2026)"
"/es/blog/que-es-una-app-de-segundo-cerebro-2026","https://www.marqly.com/es/blog/que-es-una-app-de-segundo-cerebro-2026","200","es","locale-blog","51","153","512","false","0.18","true","false","true","false","21","true","AggregateOffer|Answer|BlogPosting|BreadcrumbList|ContactPoint|FAQPage|ImageObject|ListItem|Organization|Question|SoftwareApplication|WebPage","Organization","99","3","19","10","0","true","{""datePublished"":""2026-04-28"",""dateModified"":""2026-09-07""}","¿Qué es una app de segundo cerebro? (Y cómo construir uno con tus marcadores en 2026)"
"/es/blog/resena-instapaper-2026","https://www.marqly.com/es/blog/resena-instapaper-2026","200","es","locale-blog","55","146","472","false","0.28","true","false","true","false","21","true","AggregateOffer|Answer|BlogPosting|BreadcrumbList|ContactPoint|FAQPage|ImageObject|ListItem|Organization|Question|SoftwareApplication|WebPage","Organization","101","6","19","9","0","true","{""datePublished"":""2026-08-02"",""dateModified"":""2026-08-02""}","Reseña de Instapaper 2026: La lectura más tranquila, ahora al doble de precio"
"/es/blog/resena-karakeep-2026","https://www.marqly.com/es/blog/resena-karakeep-2026","200","es","locale-blog","62","137","459","false","0.28","true","false","true","false","21","true","AggregateOffer|Answer|BlogPosting|BreadcrumbList|ContactPoint|FAQPage|ImageObject|ListItem|Organization|Question|SoftwareApplication|WebPage","Organization","101","6","19","9","0","true","{""datePublished"":""2026-08-02"",""dateModified"":""2026-08-02""}","Reseña de Karakeep 2026: La app de marcadores autoalojada con IA real"
"/es/blog/resena-linkwarden-2026","https://www.marqly.com/es/blog/resena-linkwarden-2026","200","es","locale-blog","60","136","349","false","0.21","true","false","true","false","21","true","AggregateOffer|Answer|BlogPosting|BreadcrumbList|ContactPoint|FAQPage|ImageObject|ListItem|Organization|Question|SoftwareApplication|WebPage","Organization","101","6","19","9","0","true","{""datePublished"":""2026-08-02"",""dateModified"":""2026-08-02""}","Reseña de Linkwarden 2026: El gestor de marcadores open source para archivistas"
"/es/blog/resena-marqly-2026","https://www.marqly.com/es/blog/resena-marqly-2026","200","es","locale-blog","62","137","455","false","0.46","true","false","true","false","21","true","AggregateOffer|Answer|BlogPosting|BreadcrumbList|ContactPoint|FAQPage|ImageObject|ListItem|Organization|Question|SoftwareApplication|WebPage","Organization","101","1","19","10","0","true","{""datePublished"":""2026-02-26"",""dateModified"":""2026-02-26""}","Reseña de Marqly 2026: Funciones, precios, pros y contras"
"/es/blog/resena-mymind-2026","https://www.marqly.com/es/blog/resena-mymind-2026","200","es","locale-blog","54","160","1383","false","0.77","false","false","true","false","21","true","AggregateOffer|Answer|BlogPosting|BreadcrumbList|ContactPoint|FAQPage|ImageObject|ListItem|Organization|Question|SoftwareApplication|WebPage","Organization","104","6","19","9","0","true","{""datePublished"":""2026-08-02"",""dateModified"":""2026-08-02""}","Reseña de mymind 2026: Visual, Privado y no para Todo el Mundo"
"/es/blog/resena-raindrop-io-2026","https://www.marqly.com/es/blog/resena-raindrop-io-2026","200","es","locale-blog","61","147","684","false","0.37","true","false","true","false","21","true","AggregateOffer|Answer|BlogPosting|BreadcrumbList|ContactPoint|FAQPage|ImageObject|ListItem|Organization|Question|SoftwareApplication|WebPage","Organization","101","5","19","9","0","true","{""datePublished"":""2026-08-02"",""dateModified"":""2026-08-02""}","Reseña de Raindrop.io 2026: El mejor gestor de marcadores tradicional"
"/es/blog/resena-readwise-reader-2026","https://www.marqly.com/es/blog/resena-readwise-reader-2026","200","es","locale-blog","61","154","461","false","0.27","true","false","true","false","21","true","AggregateOffer|Answer|BlogPosting|BreadcrumbList|ContactPoint|FAQPage|ImageObject|ListItem|Organization|Question|SoftwareApplication|WebPage","Organization","101","1","19","9","0","true","{""datePublished"":""2026-08-02"",""dateModified"":""2026-08-02""}","Reseña de Readwise Reader 2026: La herramienta definitiva para lectores intensivos"
"/es/blog/resumir-videos-youtube-con-ia-2026","https://www.marqly.com/es/blog/resumir-videos-youtube-con-ia-2026","200","es","locale-blog","53","154","705","false","0.35","true","false","true","false","21","true","AggregateOffer|Answer|BlogPosting|BreadcrumbList|ContactPoint|FAQPage|ImageObject|ListItem|Organization|Question|SoftwareApplication|WebPage","Organization","97","2","19","10","0","true","{""datePublished"":""2026-07-04"",""dateModified"":""2026-09-07""}","Cómo resumir videos de YouTube con IA (directamente en la página de reproducción)"
"/es/comparar/marqly-vs-evernote","https://www.marqly.com/es/comparar/marqly-vs-evernote","200","es","locale-lander","65","167","970","false","0.56","false","false","true","false","21","true","AggregateOffer|Answer|BreadcrumbList|ContactPoint|FAQPage|ListItem|Organization|Question|SoftwareApplication|WebSite","Organization","96","104","22","9","0","true","{}","Marqly vs Evernote: una suite de notas frente a una biblioteca de enlaces"
"/es/comparar/marqly-vs-instapaper","https://www.marqly.com/es/comparar/marqly-vs-instapaper","200","es","locale-lander","62","149","1005","false","0.59","false","false","true","false","21","true","AggregateOffer|Answer|BreadcrumbList|ContactPoint|FAQPage|ListItem|Organization|Question|SoftwareApplication|WebSite","Organization","96","104","22","9","0","true","{}","Marqly vs Instapaper: leer bien o encontrar bien"
"/es/comparar/marqly-vs-matter","https://www.marqly.com/es/comparar/marqly-vs-matter","200","es","locale-lander","74","151","893","false","0.5","false","false","true","false","21","true","AggregateOffer|Answer|BreadcrumbList|ContactPoint|FAQPage|ListItem|Organization|Question|SoftwareApplication|WebSite","Organization","96","104","22","9","0","true","{}","Marqly vs Matter: escuchar artículos o encontrar lo que guardaste"
"/es/comparar/marqly-vs-notion","https://www.marqly.com/es/comparar/marqly-vs-notion","200","es","locale-lander","69","154","982","false","0.57","false","false","true","false","21","true","AggregateOffer|Answer|BreadcrumbList|ContactPoint|FAQPage|ListItem|Organization|Question|SoftwareApplication|WebSite","Organization","96","104","22","9","0","true","{}","Marqly vs Notion: guardar dentro del workspace o en una biblioteca dedicada"
"/es/comparar/marqly-vs-obsidian","https://www.marqly.com/es/comparar/marqly-vs-obsidian","200","es","locale-lander","77","161","935","false","0.52","false","false","true","false","21","true","AggregateOffer|Answer|BreadcrumbList|ContactPoint|FAQPage|ListItem|Organization|Question|SoftwareApplication|WebSite","Organization","96","104","22","9","0","true","{}","Marqly vs Obsidian: archivos que posees o una biblioteca que se ordena sola"
"/es/comparar/marqly-vs-pocket","https://www.marqly.com/es/comparar/marqly-vs-pocket","200","es","locale-lander","58","152","1272","false","0.74","false","false","true","false","21","true","AggregateOffer|Answer|BreadcrumbList|ContactPoint|FAQPage|ListItem|Organization|Question|SoftwareApplication|WebSite","Organization","96","104","23","9","0","true","{}","Marqly vs Pocket: la comparación honesta cuando una de las dos ya no existe"
"/es/comparar/marqly-vs-raindrop","https://www.marqly.com/es/comparar/marqly-vs-raindrop","200","es","locale-lander","45","156","1356","false","0.74","false","false","true","false","21","true","AggregateOffer|Answer|BreadcrumbList|ContactPoint|FAQPage|ListItem|Organization|Question|SoftwareApplication|WebSite","Organization","99","104","22","9","0","true","{}","Marqly vs Raindrop: archivar bien o encontrar rápido"
"/es/comparar/marqly-vs-readwise","https://www.marqly.com/es/comparar/marqly-vs-readwise","200","es","locale-lander","67","154","943","false","0.52","false","false","true","false","21","true","AggregateOffer|Answer|BreadcrumbList|ContactPoint|FAQPage|ListItem|Organization|Question|SoftwareApplication|WebSite","Organization","96","104","22","9","0","true","{}","Marqly vs Readwise Reader: lectura intensiva frente a biblioteca buscable"
"/es/extension","https://www.marqly.com/es/extension","200","es","locale-lander","48","153","1237","false","1.1","false","false","true","false","21","true","AggregateOffer|Answer|BreadcrumbList|ContactPoint|FAQPage|ListItem|Organization|Question|SoftwareApplication|WebSite","Organization","99","104","22","9","0","true","{}","Resalta cualquier página web y que no se borre nunca"
"/es/herramientas/resumen-youtube","https://www.marqly.com/es/herramientas/resumen-youtube","200","es","locale-lander","69","160","492","false","1.21","false","false","true","false","21","true","Answer|BreadcrumbList|ContactPoint|FAQPage|ListItem|Offer|Organization|Question|WebApplication|WebSite","","98","18","19","9","0","true","{}","Resume cualquier video de YouTube con IA en segundos"
"/es/herramientas/transcripcion-youtube","https://www.marqly.com/es/herramientas/transcripcion-youtube","200","es","locale-lander","69","150","597","false","1.15","false","false","true","false","21","true","Answer|BreadcrumbList|ContactPoint|FAQPage|ListItem|Offer|Organization|Question|WebApplication|WebSite","","98","14","19","9","0","true","{}","Saca la transcripción de cualquier video de YouTube"
"/es/usos/abogados","https://www.marqly.com/es/usos/abogados","200","es","locale-lander","60","151","279","true","0.25","true","false","true","false","21","true","AggregateOffer|Answer|BreadcrumbList|ContactPoint|FAQPage|ListItem|Organization|Question|SoftwareApplication|WebSite","Organization","96","104","21","9","0","true","{}","Tus lecturas regulatorias y jurídicas, organizadas sin perder tiempo archivando"
"/es/usos/academicos","https://www.marqly.com/es/usos/academicos","200","es","locale-lander","62","171","265","true","0.23","true","false","true","false","21","true","AggregateOffer|Answer|BreadcrumbList|ContactPoint|FAQPage|ListItem|Organization|Question|SoftwareApplication|WebSite","Organization","96","104","21","9","0","true","{}","Mantente al día con la literatura científica sin ahogarte en pestañas"
"/es/usos/buscar-trabajo","https://www.marqly.com/es/usos/buscar-trabajo","200","es","locale-lander","60","141","289","true","0.26","true","false","true","false","21","true","AggregateOffer|Answer|BreadcrumbList|ContactPoint|FAQPage|ListItem|Organization|Question|SoftwareApplication|WebSite","Organization","96","104","21","9","0","true","{}","Todas tus ofertas de empleo, referencias salariales y notas en un solo lugar"
"/es/usos/consultores","https://www.marqly.com/es/usos/consultores","200","es","locale-lander","66","154","252","true","0.22","true","false","true","false","21","true","AggregateOffer|Answer|BreadcrumbList|ContactPoint|FAQPage|ListItem|Organization|Question|SoftwareApplication|WebSite","Organization","96","104","21","9","0","true","{}","Investigación de clientes que cambia de contexto tan rápido como tú"
"/es/usos/creadores-de-contenido","https://www.marqly.com/es/usos/creadores-de-contenido","200","es","locale-lander","58","150","883","false","0.75","false","false","true","false","21","true","AggregateOffer|Answer|BreadcrumbList|ContactPoint|FAQPage|ListItem|Organization|Question|SoftwareApplication|WebSite","Organization","97","104","22","9","0","true","{}","Guardaste esa referencia porque era buenísima. Ahora que la necesitas, no aparece"
"/es/usos/curacion-de-contenido","https://www.marqly.com/es/usos/curacion-de-contenido","200","es","locale-lander","66","140","243","true","0.22","true","false","true","false","21","true","AggregateOffer|Answer|BreadcrumbList|ContactPoint|FAQPage|ListItem|Organization|Question|SoftwareApplication|WebSite","Organization","96","104","21","9","0","true","{}","Cura lo mejor de un tema y compártelo como una página web limpia"
"/es/usos/desarrolladores","https://www.marqly.com/es/usos/desarrolladores","200","es","locale-lander","56","162","943","false","0.81","false","false","true","false","21","true","AggregateOffer|Answer|BreadcrumbList|ContactPoint|FAQPage|ListItem|Organization|Question|SoftwareApplication|WebSite","Organization","98","104","22","9","0","true","{}","Resolviste este bug hace ocho meses. La respuesta está en una pestaña que cerraste"
"/es/usos/disenadores","https://www.marqly.com/es/usos/disenadores","200","es","locale-lander","62","149","642","false","0.54","false","false","true","false","21","true","AggregateOffer|Answer|BreadcrumbList|ContactPoint|FAQPage|ListItem|Organization|Question|SoftwareApplication|WebSite","Organization","96","104","21","9","0","true","{}","Cada referencia visual que te encantó, a una búsqueda de distancia"
"/es/usos/doctorandos","https://www.marqly.com/es/usos/doctorandos","200","es","locale-lander","63","153","277","true","0.22","true","false","true","false","21","true","AggregateOffer|Answer|BreadcrumbList|ContactPoint|FAQPage|ListItem|Organization|Question|SoftwareApplication|WebSite","Organization","96","104","21","9","0","true","{}","Gestiona la revisión de literatura de tu tesis desde una biblioteca inteligente"
"/es/usos/escritores","https://www.marqly.com/es/usos/escritores","200","es","locale-lander","58","149","867","false","0.68","false","false","true","false","21","true","AggregateOffer|Answer|BreadcrumbList|ContactPoint|FAQPage|ListItem|Organization|Question|SoftwareApplication|WebSite","Organization","97","104","22","9","0","true","{}","Escribir va bien hasta que necesitas aquella cita que leíste hace meses"
"/es/usos/estudiantes","https://www.marqly.com/es/usos/estudiantes","200","es","locale-lander","44","155","1151","false","0.91","false","false","true","false","21","true","AggregateOffer|Answer|BreadcrumbList|ContactPoint|FAQPage|ListItem|Organization|Question|SoftwareApplication|WebSite","Organization","98","104","22","9","0","true","{}","Estudia con IA sin perder tus fuentes por el camino"
"/es/usos/fundadores","https://www.marqly.com/es/usos/fundadores","200","es","locale-lander","64","146","304","false","0.27","true","false","true","false","21","true","AggregateOffer|Answer|BreadcrumbList|ContactPoint|FAQPage|ListItem|Organization|Question|SoftwareApplication|WebSite","Organization","96","104","21","9","0","true","{}","Inteligencia competitiva que guardas en segundos y conservas durante años"
"/es/usos/gestor-marcadores-chrome","https://www.marqly.com/es/usos/gestor-marcadores-chrome","200","es","locale-lander","61","165","275","true","0.24","true","false","true","false","21","true","AggregateOffer|Answer|BreadcrumbList|ContactPoint|FAQPage|ListItem|Organization|Question|SoftwareApplication|WebSite","Organization","96","104","21","9","0","true","{}","Marcadores de Chrome que se encuentran solos gracias a la IA"
"/es/usos/gestor-marcadores-edge","https://www.marqly.com/es/usos/gestor-marcadores-edge","200","es","locale-lander","55","165","268","true","0.24","true","false","true","false","21","true","AggregateOffer|Answer|BreadcrumbList|ContactPoint|FAQPage|ListItem|Organization|Question|SoftwareApplication|WebSite","Organization","96","104","21","9","0","true","{}","Lleva los favoritos de Microsoft Edge al siguiente nivel con IA"
"/es/usos/gestor-marcadores-firefox","https://www.marqly.com/es/usos/gestor-marcadores-firefox","200","es","locale-lander","58","156","232","true","0.21","true","false","true","false","21","true","AggregateOffer|Answer|BreadcrumbList|ContactPoint|FAQPage|ListItem|Organization|Question|SoftwareApplication|WebSite","Organization","96","104","21","9","0","true","{}","Marcadores de Firefox etiquetados y localizables por significado"
"/es/usos/gestor-marcadores-iphone","https://www.marqly.com/es/usos/gestor-marcadores-iphone","200","es","locale-lander","57","160","254","true","0.24","true","false","true","false","21","true","AggregateOffer|Answer|BreadcrumbList|ContactPoint|FAQPage|ListItem|Organization|Question|SoftwareApplication|WebSite","Organization","96","104","21","9","0","true","{}","Toda tu biblioteca de marcadores en el bolsillo con IA"
"/es/usos/gestor-marcadores-safari","https://www.marqly.com/es/usos/gestor-marcadores-safari","200","es","locale-lander","47","164","277","true","0.25","true","false","true","false","21","true","AggregateOffer|Answer|BreadcrumbList|ContactPoint|FAQPage|ListItem|Organization|Question|SoftwareApplication|WebSite","Organization","96","104","21","9","0","true","{}","Tus marcadores de Safari, disponibles en todos los dispositivos que usas"
"/es/usos/guardar-articulos-leer-despues","https://www.marqly.com/es/usos/guardar-articulos-leer-despues","200","es","locale-lander","44","150","1253","false","1.09","false","false","true","false","21","true","AggregateOffer|Answer|BreadcrumbList|ContactPoint|FAQPage|ListItem|Organization|Question|SoftwareApplication|WebSite","Organization","99","104","22","9","0","true","{}","Guarda ahora, lee después y esta vez sí vuelve"
"/es/usos/guardar-links-redes","https://www.marqly.com/es/usos/guardar-links-redes","200","es","locale-lander","54","152","1258","false","","false","true","true","false","0","false","AggregateOffer|Answer|BreadcrumbList|ContactPoint|FAQPage|ListItem|Organization|Question|SoftwareApplication|WebSite","Organization","98","104","22","9","0","true","{}","Todos los links que te mandan, en un solo lugar"
"/es/usos/guardar-pagina-pdf","https://www.marqly.com/es/usos/guardar-pagina-pdf","200","es","locale-lander","64","162","274","true","0.25","true","false","true","false","21","true","AggregateOffer|Answer|BreadcrumbList|ContactPoint|FAQPage|ListItem|Organization|Question|SoftwareApplication|WebSite","Organization","96","104","21","9","0","true","{}","Convierte cualquier página web en un PDF idéntico a lo que ves en pantalla"
"/es/usos/guardar-pestanas","https://www.marqly.com/es/usos/guardar-pestanas","200","es","locale-lander","44","153","1177","false","1.05","false","false","true","false","21","true","AggregateOffer|Answer|BreadcrumbList|ContactPoint|FAQPage|ListItem|Organization|Question|SoftwareApplication|WebSite","Organization","97","104","22","9","0","true","{}","Cierra las 40 pestañas sin perder ninguna"
"/es/usos/guardar-videos-youtube","https://www.marqly.com/es/usos/guardar-videos-youtube","200","es","locale-lander","57","142","849","false","0.76","false","false","true","false","21","true","AggregateOffer|Answer|BreadcrumbList|ContactPoint|FAQPage|ListItem|Organization|Question|SoftwareApplication|WebSite","Organization","98","104","22","9","0","true","{}","«Ver más tarde» es donde los videos van a morir"
"/es/usos/historial-portapapeles","https://www.marqly.com/es/usos/historial-portapapeles","200","es","locale-lander","68","151","266","true","0.2","true","false","true","false","21","true","AggregateOffer|Answer|BreadcrumbList|ContactPoint|FAQPage|ListItem|Organization|Question|SoftwareApplication|WebSite","Organization","96","104","21","9","0","true","{}","Tu portapapeles solo recuerda una cosa. Marqly las recuerda todas"
"/es/usos/inmobiliaria","https://www.marqly.com/es/usos/inmobiliaria","200","es","locale-lander","66","152","271","true","0.24","true","false","true","false","21","true","AggregateOffer|Answer|BreadcrumbList|ContactPoint|FAQPage|ListItem|Organization|Question|SoftwareApplication|WebSite","Organization","96","104","21","9","0","true","{}","Toda la investigación de inmuebles, organizada por cliente y sin esfuerzo"
"/es/usos/investigadores","https://www.marqly.com/es/usos/investigadores","200","es","locale-lander","53","159","990","false","0.77","false","false","true","false","21","true","AggregateOffer|Answer|BreadcrumbList|ContactPoint|FAQPage|ListItem|Organization|Question|SoftwareApplication|WebSite","Organization","98","104","22","9","0","true","{}","El paper que necesitas existe. El problema es que no sabes dónde lo dejaste"
"/es/usos/investigadores-ux","https://www.marqly.com/es/usos/investigadores-ux","200","es","locale-lander","47","154","249","true","0.21","true","false","true","false","21","true","AggregateOffer|Answer|BreadcrumbList|ContactPoint|FAQPage|ListItem|Organization|Question|SoftwareApplication|WebSite","Organization","96","104","21","9","0","true","{}","Un repositorio de research que toma minutos mantener, no horas"
"/es/usos/lista-de-lectura","https://www.marqly.com/es/usos/lista-de-lectura","200","es","locale-lander","76","143","854","false","0.74","false","false","true","false","21","true","AggregateOffer|Answer|BreadcrumbList|ContactPoint|FAQPage|ListItem|Organization|Question|SoftwareApplication|WebSite","Organization","97","104","22","9","0","true","{}","Tu lista de lectura no está desordenada. Está sin índice"
"/es/usos/marketing","https://www.marqly.com/es/usos/marketing","200","es","locale-lander","61","152","881","false","0.75","false","false","true","false","21","true","AggregateOffer|Answer|BreadcrumbList|ContactPoint|FAQPage|ListItem|Organization|Question|SoftwareApplication|WebSite","Organization","97","104","22","9","0","true","{}","La landing de la competencia que querías enseñar ya no existe"
"/es/usos/nueva-pestana","https://www.marqly.com/es/usos/nueva-pestana","200","es","locale-lander","68","161","297","true","0.22","true","false","true","false","21","true","AggregateOffer|Answer|BreadcrumbList|ContactPoint|FAQPage|ListItem|Organization|Question|SoftwareApplication|WebSite","Organization","96","104","21","9","0","true","{}","Abres una nueva pestaña 50 veces al día. Haz que valga la pena"
"/es/usos/organizador-de-marcadores","https://www.marqly.com/es/usos/organizador-de-marcadores","200","es","locale-lander","70","142","256","true","0.24","true","false","true","false","21","true","AggregateOffer|Answer|BreadcrumbList|ContactPoint|FAQPage|ListItem|Organization|Question|SoftwareApplication|WebSite","Organization","96","104","21","9","0","true","{}","Deja de clasificar marcadores a mano. La IA los etiqueta y los busca por concepto"
"/es/usos/organizar-investigacion","https://www.marqly.com/es/usos/organizar-investigacion","200","es","locale-lander","74","146","839","false","0.7","false","false","true","false","21","true","AggregateOffer|Answer|BreadcrumbList|ContactPoint|FAQPage|ListItem|Organization|Question|SoftwareApplication|WebSite","Organization","97","104","22","9","0","true","{}","Investigar es fácil. Volver a encontrar lo que investigaste, no"
"/es/usos/organizar-recetas","https://www.marqly.com/es/usos/organizar-recetas","200","es","locale-lander","59","158","789","false","0.7","false","false","true","false","21","true","AggregateOffer|Answer|BreadcrumbList|ContactPoint|FAQPage|ListItem|Organization|Question|SoftwareApplication|WebSite","Organization","97","104","22","9","0","true","{}","Guardaste la receta. El jueves a las ocho no la encuentras"
"/es/usos/periodistas","https://www.marqly.com/es/usos/periodistas","200","es","locale-lander","64","149","918","false","0.69","false","false","true","false","21","true","AggregateOffer|Answer|BreadcrumbList|ContactPoint|FAQPage|ListItem|Organization|Question|SoftwareApplication|WebSite","Organization","98","104","22","9","0","true","{}","La fuente que citaste ya no dice lo mismo"
"/es/usos/planificar-viajes","https://www.marqly.com/es/usos/planificar-viajes","200","es","locale-lander","66","158","903","false","0.79","false","false","true","false","21","true","AggregateOffer|Answer|BreadcrumbList|ContactPoint|FAQPage|ListItem|Organization|Question|SoftwareApplication|WebSite","Organization","97","104","22","9","0","true","{}","Planificar un viaje son cuarenta pestañas y ninguna decisión"
"/es/usos/product-managers","https://www.marqly.com/es/usos/product-managers","200","es","locale-lander","59","150","329","false","0.28","true","false","true","false","21","true","AggregateOffer|Answer|BreadcrumbList|ContactPoint|FAQPage|ListItem|Organization|Question|SoftwareApplication|WebSite","Organization","96","104","21","9","0","true","{}","Cada análisis de la competencia, enlace de research y fuente de PRD en un solo lugar"
"/es/usos/profesores","https://www.marqly.com/es/usos/profesores","200","es","locale-lander","61","147","945","false","0.83","false","false","true","false","21","true","AggregateOffer|Answer|BreadcrumbList|ContactPoint|FAQPage|ListItem|Organization|Question|SoftwareApplication|WebSite","Organization","97","104","22","9","0","true","{}","Los materiales de clase que preparaste el año pasado siguen ahí. Encontrarlos es otra historia"
"/es/usos/reclutadores","https://www.marqly.com/es/usos/reclutadores","200","es","locale-lander","64","166","290","true","0.26","true","false","true","false","21","true","AggregateOffer|Answer|BreadcrumbList|ContactPoint|FAQPage|ListItem|Organization|Question|SoftwareApplication|WebSite","Organization","96","104","21","9","0","true","{}","Deja de perder perfiles valiosos en un mar de pestañas abiertas"
"/es/usos/resumidor-youtube","https://www.marqly.com/es/usos/resumidor-youtube","200","es","locale-lander","69","150","251","true","0.22","true","false","true","false","21","true","AggregateOffer|Answer|BreadcrumbList|ContactPoint|FAQPage|ListItem|Organization|Question|SoftwareApplication|WebSite","Organization","96","104","21","9","0","true","{}","Descubre lo esencial del video antes de dedicarle 40 minutos"
"/es/usos/segundo-cerebro","https://www.marqly.com/es/usos/segundo-cerebro","200","es","locale-lander","66","167","906","false","0.82","false","false","true","false","21","true","AggregateOffer|Answer|BreadcrumbList|ContactPoint|FAQPage|ListItem|Organization|Question|SoftwareApplication|WebSite","Organization","96","104","22","9","0","true","{}","Casi todos los segundos cerebros mueren por la misma razón"
"/es/usos/sincronizar-marcadores","https://www.marqly.com/es/usos/sincronizar-marcadores","200","es","locale-lander","64","147","236","true","0.21","true","false","true","false","21","true","AggregateOffer|Answer|BreadcrumbList|ContactPoint|FAQPage|ListItem|Organization|Question|SoftwareApplication|WebSite","Organization","96","104","21","9","0","true","{}","Guarda en un navegador. Encuéntralo en todos ellos"
"/es/usos/swipe-file","https://www.marqly.com/es/usos/swipe-file","200","es","locale-lander","61","150","257","true","0.23","true","false","true","false","21","true","AggregateOffer|Answer|BreadcrumbList|ContactPoint|FAQPage|ListItem|Organization|Question|SoftwareApplication|WebSite","Organization","96","104","21","9","0","true","{}","Guarda cada anuncio y titular que te inspire y encuéntralo al instante"
"/es/usos/ventas","https://www.marqly.com/es/usos/ventas","200","es","locale-lander","63","161","255","true","0.23","true","false","true","false","21","true","AggregateOffer|Answer|BreadcrumbList|ContactPoint|FAQPage|ListItem|Organization|Question|SoftwareApplication|WebSite","Organization","96","104","21","9","0","true","{}","Cada artículo sobre tus prospectos, clasificado en el segundo en que lo guardas"
"/extension","https://www.marqly.com/extension","200","en","root-lander","40","143","994","false","","false","false","true","false","0","false","AggregateOffer|Answer|BreadcrumbList|ContactPoint|FAQPage|ListItem|Organization|Question|SoftwareApplication","Organization","185","1913","24","38","0","true","{}","One extension. Your browser workspace."
"/faq","https://www.marqly.com/faq","200","en","faq-index","37","147","2518","false","","false","false","true","false","0","false","Answer|BreadcrumbList|ContactPoint|FAQPage|ListItem|Organization|Question|WebSite","","225","1913","19","9","0","true","{}","Questions, answered."
"/faq/can-i-export-my-data","https://www.marqly.com/faq/can-i-export-my-data","200","en","faq","46","229","492","false","","false","false","true","false","0","false","Answer|BreadcrumbList|ContactPoint|FAQPage|ListItem|Organization|Question|WebSite","","189","9","19","9","0","true","{}","Can I export my data from Marqly?"
"/faq/can-i-get-a-refund","https://www.marqly.com/faq/can-i-get-a-refund","200","en","faq","42","175","425","false","","false","false","true","false","0","false","Answer|BreadcrumbList|ContactPoint|FAQPage|ListItem|Organization|Question|WebSite","","187","11","19","9","0","true","{}","Can I get a refund on Marqly?"
"/faq/can-i-save-chatgpt-claude-gemini-conversations","https://www.marqly.com/faq/can-i-save-chatgpt-claude-gemini-conversations","200","en","faq","78","152","283","true","","false","false","true","false","0","false","Answer|BreadcrumbList|ContactPoint|FAQPage|ListItem|Organization|Question|WebSite","","187","767","19","9","0","true","{}","Can I save ChatGPT, Claude, and Gemini conversations with Marqly?"
"/faq/can-i-sync-across-devices","https://www.marqly.com/faq/can-i-sync-across-devices","200","en","faq","46","167","446","false","","false","false","true","false","0","false","Answer|BreadcrumbList|ContactPoint|FAQPage|ListItem|Organization|Question|WebSite","","188","767","20","9","0","true","{}","Can I sync Marqly across devices?"
"/faq/can-marqly-replace-notion-web-clipper","https://www.marqly.com/faq/can-marqly-replace-notion-web-clipper","200","en","faq","51","151","432","false","","false","false","true","false","0","false","Answer|BreadcrumbList|ContactPoint|FAQPage|ListItem|Organization|Question|WebSite","","188","9","20","9","0","true","{}","Can Marqly replace Notion Web Clipper?"
"/faq/do-highlights-stay-on-the-page","https://www.marqly.com/faq/do-highlights-stay-on-the-page","200","en","faq","44","151","402","false","","false","false","true","false","0","false","Answer|BreadcrumbList|ContactPoint|FAQPage|ListItem|Organization|Question|WebSite","","188","22","19","9","0","true","{}","Do highlights stay on the page?"
"/faq/does-marqly-have-an-api","https://www.marqly.com/faq/does-marqly-have-an-api","200","en","faq","37","155","403","false","","false","false","true","false","0","false","Answer|BreadcrumbList|ContactPoint|FAQPage|ListItem|Organization|Question|WebSite","","190","7","19","9","0","true","{}","Does Marqly have an API?"
"/faq/does-marqly-have-clipboard-history","https://www.marqly.com/faq/does-marqly-have-clipboard-history","200","en","faq","48","136","322","false","","false","false","true","false","0","false","Answer|BreadcrumbList|ContactPoint|FAQPage|ListItem|Organization|Question|WebSite","","187","767","19","9","0","true","{}","Does Marqly have Clipboard History?"
"/faq/does-marqly-sell-my-data","https://www.marqly.com/faq/does-marqly-sell-my-data","200","en","faq","38","153","383","false","","false","false","true","false","0","false","Answer|BreadcrumbList|ContactPoint|FAQPage|ListItem|Organization|Question|WebSite","","188","6","19","9","0","true","{}","Does Marqly sell my data?"
"/faq/does-marqly-summarize-articles-automatically","https://www.marqly.com/faq/does-marqly-summarize-articles-automatically","200","en","faq","58","157","427","false","","false","false","true","false","0","false","Answer|BreadcrumbList|ContactPoint|FAQPage|ListItem|Organization|Question|WebSite","","189","12","19","9","0","true","{}","Does Marqly summarize articles automatically?"
"/faq/does-marqly-work-offline","https://www.marqly.com/faq/does-marqly-work-offline","200","en","faq","38","208","609","false","","false","false","true","false","0","false","Answer|BreadcrumbList|ContactPoint|FAQPage|ListItem|Organization|Question|WebSite","","187","11","20","9","0","true","{}","Does Marqly work offline?"
"/faq/does-marqly-work-on-edge","https://www.marqly.com/faq/does-marqly-work-on-edge","200","en","faq","48","152","426","false","","false","false","true","false","0","false","Answer|BreadcrumbList|ContactPoint|FAQPage|ListItem|Organization|Question|WebSite","","188","767","22","9","0","true","{}","Does Marqly work on Microsoft Edge?"
"/faq/does-marqly-work-on-firefox","https://www.marqly.com/faq/does-marqly-work-on-firefox","200","en","faq","41","140","506","false","","false","false","true","false","0","false","Answer|BreadcrumbList|ContactPoint|FAQPage|ListItem|Organization|Question|WebSite","","188","13","21","9","0","true","{}","Does Marqly work on Firefox?"
"/faq/does-marqly-work-on-safari","https://www.marqly.com/faq/does-marqly-work-on-safari","200","en","faq","40","139","491","false","","false","false","true","false","0","false","Answer|BreadcrumbList|ContactPoint|FAQPage|ListItem|Organization|Question|WebSite","","187","10","22","9","0","true","{}","Does Marqly work on Safari?"
"/faq/how-accurate-are-ai-summaries","https://www.marqly.com/faq/how-accurate-are-ai-summaries","200","en","faq","43","157","405","false","","false","false","true","false","0","false","Answer|BreadcrumbList|ContactPoint|FAQPage|ListItem|Organization|Question|WebSite","","186","11","19","9","0","true","{}","How accurate are AI summaries?"
"/faq/how-do-i-add-notes-to-highlights","https://www.marqly.com/faq/how-do-i-add-notes-to-highlights","200","en","faq","46","154","390","false","","false","false","true","false","0","false","Answer|BreadcrumbList|ContactPoint|FAQPage|ListItem|Organization|Question|WebSite","","188","5","19","9","0","true","{}","How do I add notes to highlights?"
"/faq/how-do-i-cancel-my-subscription","https://www.marqly.com/faq/how-do-i-cancel-my-subscription","200","en","faq","52","159","410","false","","false","false","true","false","0","false","Answer|BreadcrumbList|ContactPoint|FAQPage|ListItem|Organization|Question|WebSite","","188","767","20","9","0","true","{}","How do I cancel my Marqly subscription?"
"/faq/how-do-i-chat-with-a-youtube-video","https://www.marqly.com/faq/how-do-i-chat-with-a-youtube-video","200","en","faq","48","153","373","false","","false","false","true","false","0","false","Answer|BreadcrumbList|ContactPoint|FAQPage|ListItem|Organization|Question|WebSite","","187","5","19","9","0","true","{}","How do I chat with a YouTube video?"
"/faq/how-do-i-chat-with-my-saved-articles","https://www.marqly.com/faq/how-do-i-chat-with-my-saved-articles","200","en","faq","50","196","493","false","","false","false","true","false","0","false","Answer|BreadcrumbList|ContactPoint|FAQPage|ListItem|Organization|Question|WebSite","","190","5","19","9","0","true","{}","How do I chat with my saved articles?"
"/faq/how-do-i-contact-support","https://www.marqly.com/faq/how-do-i-contact-support","200","en","faq","45","154","411","false","","false","false","true","false","0","false","Answer|BreadcrumbList|ContactPoint|FAQPage|ListItem|Organization|Question|WebSite","","189","7","21","9","0","true","{}","How do I contact Marqly support?"
"/faq/how-do-i-delete-my-account","https://www.marqly.com/faq/how-do-i-delete-my-account","200","en","faq","47","150","395","false","","false","false","true","false","0","false","Answer|BreadcrumbList|ContactPoint|FAQPage|ListItem|Organization|Question|WebSite","","188","7","20","9","0","true","{}","How do I delete my Marqly account?"
"/faq/how-do-i-find-a-bookmark-i-forgot-the-title-of","https://www.marqly.com/faq/how-do-i-find-a-bookmark-i-forgot-the-title-of","200","en","faq","60","154","448","false","","false","false","true","false","0","false","Answer|BreadcrumbList|ContactPoint|FAQPage|ListItem|Organization|Question|WebSite","","189","12","19","9","0","true","{}","How do I find a bookmark I forgot the title of?"
"/faq/how-do-i-get-a-youtube-transcript","https://www.marqly.com/faq/how-do-i-get-a-youtube-transcript","200","en","faq","47","151","401","false","","false","false","true","false","0","false","Answer|BreadcrumbList|ContactPoint|FAQPage|ListItem|Organization|Question|WebSite","","188","767","19","9","0","true","{}","How do I get a YouTube transcript?"
"/faq/how-do-i-highlight-text-on-a-website","https://www.marqly.com/faq/how-do-i-highlight-text-on-a-website","200","en","faq","50","155","381","false","","false","false","true","false","0","false","Answer|BreadcrumbList|ContactPoint|FAQPage|ListItem|Organization|Question|WebSite","","189","767","19","9","0","true","{}","How do I highlight text on a website?"
"/faq/how-do-i-import-chrome-bookmarks","https://www.marqly.com/faq/how-do-i-import-chrome-bookmarks","200","en","faq","61","202","459","false","","false","false","true","false","0","false","Answer|BreadcrumbList|ContactPoint|FAQPage|ListItem|Organization|Question|WebSite","","187","767","20","9","0","true","{}","How do I import my Chrome bookmarks into Marqly?"
"/faq/how-do-i-import-from-instapaper","https://www.marqly.com/faq/how-do-i-import-from-instapaper","200","en","faq","64","193","459","false","","false","false","true","false","0","false","Answer|BreadcrumbList|ContactPoint|FAQPage|ListItem|Organization|Question|WebSite","","187","6","20","9","0","true","{}","How do I import my Instapaper articles into Marqly?"
"/faq/how-do-i-import-from-pocket","https://www.marqly.com/faq/how-do-i-import-from-pocket","200","en","faq","57","216","569","false","","false","false","true","false","0","false","Answer|BreadcrumbList|ContactPoint|FAQPage|ListItem|Organization|Question|WebSite","","188","767","20","9","0","true","{}","How do I import my Pocket saves into Marqly?"
"/faq/how-do-i-import-from-raindrop","https://www.marqly.com/faq/how-do-i-import-from-raindrop","200","en","faq","68","170","520","false","","false","false","true","false","0","false","Answer|BreadcrumbList|ContactPoint|FAQPage|ListItem|Organization|Question|WebSite","","185","3","20","9","0","true","{}","How do I import my Raindrop.io collections into Marqly?"
"/faq/how-do-i-install-the-chrome-extension","https://www.marqly.com/faq/how-do-i-install-the-chrome-extension","200","en","faq","58","159","551","false","","false","false","true","false","0","false","Answer|BreadcrumbList|ContactPoint|FAQPage|ListItem|Organization|Question|WebSite","","188","7","21","9","0","true","{}","How do I install the Marqly Chrome extension?"
"/faq/how-do-i-report-a-bug","https://www.marqly.com/faq/how-do-i-report-a-bug","200","en","faq","45","155","402","false","","false","false","true","false","0","false","Answer|BreadcrumbList|ContactPoint|FAQPage|ListItem|Organization|Question|WebSite","","190","7","20","9","0","true","{}","How do I report a bug in Marqly?"
"/faq/how-do-i-save-a-page-as-pdf","https://www.marqly.com/faq/how-do-i-save-a-page-as-pdf","200","en","faq","41","156","389","false","","false","false","true","false","0","false","Answer|BreadcrumbList|ContactPoint|FAQPage|ListItem|Organization|Question|WebSite","","185","767","19","9","0","true","{}","How do I save a page as PDF?"
"/faq/how-do-i-save-a-youtube-video-with-its-transcript","https://www.marqly.com/faq/how-do-i-save-a-youtube-video-with-its-transcript","200","en","faq","63","154","397","false","","false","false","true","false","0","false","Answer|BreadcrumbList|ContactPoint|FAQPage|ListItem|Organization|Question|WebSite","","188","4","19","9","0","true","{}","How do I save a YouTube video with its transcript?"
"/faq/how-do-i-save-all-my-open-tabs","https://www.marqly.com/faq/how-do-i-save-all-my-open-tabs","200","en","faq","44","157","377","false","","false","false","true","false","0","false","Answer|BreadcrumbList|ContactPoint|FAQPage|ListItem|Organization|Question|WebSite","","187","767","19","9","0","true","{}","How do I save all my open tabs?"
"/faq/how-do-i-search-my-bookmarks-by-meaning","https://www.marqly.com/faq/how-do-i-search-my-bookmarks-by-meaning","200","en","faq","53","155","431","false","","false","false","true","false","0","false","Answer|BreadcrumbList|ContactPoint|FAQPage|ListItem|Organization|Question|WebSite","","188","11","19","9","0","true","{}","How do I search my bookmarks by meaning?"
"/faq/how-do-i-share-a-board-publicly","https://www.marqly.com/faq/how-do-i-share-a-board-publicly","200","en","faq","45","150","372","false","","false","false","true","false","0","false","Answer|BreadcrumbList|ContactPoint|FAQPage|ListItem|Organization|Question|WebSite","","186","767","20","9","0","true","{}","How do I share a board publicly?"
"/faq/how-do-i-summarize-a-youtube-video","https://www.marqly.com/faq/how-do-i-summarize-a-youtube-video","200","en","faq","48","151","412","false","","false","false","true","false","0","false","Answer|BreadcrumbList|ContactPoint|FAQPage|ListItem|Organization|Question|WebSite","","187","767","19","9","0","true","{}","How do I summarize a YouTube video?"
"/faq/how-do-i-use-the-side-panel","https://www.marqly.com/faq/how-do-i-use-the-side-panel","200","en","faq","41","140","435","false","","false","false","true","false","0","false","Answer|BreadcrumbList|ContactPoint|FAQPage|ListItem|Organization|Question|WebSite","","187","1","19","9","0","true","{}","How do I use the side panel?"
"/faq/how-does-ai-auto-tagging-work","https://www.marqly.com/faq/how-does-ai-auto-tagging-work","200","en","faq","52","151","463","false","","false","false","true","false","0","false","Answer|BreadcrumbList|ContactPoint|FAQPage|ListItem|Organization|Question|WebSite","","186","767","20","9","0","true","{}","How does Marqly's AI auto-tagging work?"
"/faq/how-is-marqly-different-from-browser-bookmarks","https://www.marqly.com/faq/how-is-marqly-different-from-browser-bookmarks","200","en","faq","60","152","441","false","","false","false","true","false","0","false","Answer|BreadcrumbList|ContactPoint|FAQPage|ListItem|Organization|Question|WebSite","","189","7","19","9","0","true","{}","How is Marqly different from browser bookmarks?"
"/faq/how-much-does-marqly-cost","https://www.marqly.com/faq/how-much-does-marqly-cost","200","en","faq","39","139","431","false","","false","false","true","false","0","false","Answer|BreadcrumbList|ContactPoint|FAQPage|ListItem|Organization|Question|WebSite","","189","767","20","9","0","true","{}","How much does Marqly cost?"
"/faq/is-marqly-a-pocket-replacement","https://www.marqly.com/faq/is-marqly-a-pocket-replacement","200","en","faq","44","191","530","false","","false","false","true","false","0","false","Answer|BreadcrumbList|ContactPoint|FAQPage|ListItem|Organization|Question|WebSite","","189","767","19","9","0","true","{}","Is Marqly a Pocket replacement?"
"/faq/is-marqly-free","https://www.marqly.com/faq/is-marqly-free","200","en","faq","28","161","542","false","","false","false","true","false","0","false","Answer|BreadcrumbList|ContactPoint|FAQPage|ListItem|Organization|Question|WebSite","","188","767","20","9","0","true","{}","Is Marqly free?"
"/faq/is-marqly-safe","https://www.marqly.com/faq/is-marqly-safe","200","en","faq","35","160","399","false","","false","false","true","false","0","false","Answer|BreadcrumbList|ContactPoint|FAQPage|ListItem|Organization|Question|WebSite","","190","767","19","9","0","true","{}","Is Marqly safe to use?"
"/faq/is-there-a-lifetime-deal","https://www.marqly.com/faq/is-there-a-lifetime-deal","200","en","faq","45","160","529","false","","false","false","true","false","0","false","Answer|BreadcrumbList|ContactPoint|FAQPage|ListItem|Organization|Question|WebSite","","187","8","20","9","0","true","{}","Is there a Marqly lifetime deal?"
"/faq/is-there-a-student-discount","https://www.marqly.com/faq/is-there-a-student-discount","200","en","faq","49","153","493","false","","false","false","true","false","0","false","Answer|BreadcrumbList|ContactPoint|FAQPage|ListItem|Organization|Question|WebSite","","187","4","20","9","0","true","{}","Does Marqly have a student discount?"
"/faq/is-there-an-affiliate-program","https://www.marqly.com/faq/is-there-an-affiliate-program","200","en","faq","49","156","352","false","","false","false","true","false","0","false","Answer|BreadcrumbList|ContactPoint|FAQPage|ListItem|Organization|Question|WebSite","","188","6","21","9","0","true","{}","Is there a Marqly affiliate program?"
"/faq/is-there-an-android-app","https://www.marqly.com/faq/is-there-an-android-app","200","en","faq","43","135","373","false","","false","false","true","false","0","false","Answer|BreadcrumbList|ContactPoint|FAQPage|ListItem|Organization|Question|WebSite","","187","11","21","9","0","true","{}","Is there a Marqly Android app?"
"/faq/is-there-an-ios-app","https://www.marqly.com/faq/is-there-an-ios-app","200","en","faq","39","153","428","false","","false","false","true","false","0","false","Answer|BreadcrumbList|ContactPoint|FAQPage|ListItem|Organization|Question|WebSite","","187","767","21","9","0","true","{}","Is there a Marqly iOS app?"
"/faq/marqly-coupons-and-discounts","https://www.marqly.com/faq/marqly-coupons-and-discounts","200","en","faq","56","201","521","false","","false","false","true","false","0","false","Answer|BreadcrumbList|ContactPoint|FAQPage|ListItem|Organization|Question|WebSite","","187","4","20","9","0","true","{}","Are there Marqly coupons or discount codes?"
"/faq/what-ai-model-does-marqly-use","https://www.marqly.com/faq/what-ai-model-does-marqly-use","200","en","faq","43","160","413","false","","false","false","true","false","0","false","Answer|BreadcrumbList|ContactPoint|FAQPage|ListItem|Organization|Question|WebSite","","188","5","20","9","0","true","{}","What AI model does Marqly use?"
"/faq/what-are-boards","https://www.marqly.com/faq/what-are-boards","200","en","faq","29","153","383","false","","false","false","true","false","0","false","Answer|BreadcrumbList|ContactPoint|FAQPage|ListItem|Organization|Question|WebSite","","185","11","20","9","0","true","{}","What are boards?"
"/faq/what-happens-to-my-bookmarks-if-i-cancel","https://www.marqly.com/faq/what-happens-to-my-bookmarks-if-i-cancel","200","en","faq","61","193","571","false","","false","false","true","false","0","false","Answer|BreadcrumbList|ContactPoint|FAQPage|ListItem|Organization|Question|WebSite","","188","4","20","9","0","true","{}","What happens to my bookmarks if I cancel Marqly?"
"/faq/what-happens-when-my-trial-ends","https://www.marqly.com/faq/what-happens-when-my-trial-ends","200","en","faq","51","164","625","false","","false","false","true","false","0","false","Answer|BreadcrumbList|ContactPoint|FAQPage|ListItem|Organization|Question|WebSite","","187","5","20","9","0","true","{}","What happens when I cancel Marqly Pro?"
"/faq/what-is-a-bookmark-manager","https://www.marqly.com/faq/what-is-a-bookmark-manager","200","en","faq","40","157","448","false","","false","false","true","false","0","false","Answer|BreadcrumbList|ContactPoint|FAQPage|ListItem|Organization|Question|WebSite","","190","4","19","9","0","true","{}","What is a bookmark manager?"
"/faq/what-is-a-read-it-later-app","https://www.marqly.com/faq/what-is-a-read-it-later-app","200","en","faq","41","158","441","false","","false","false","true","false","0","false","Answer|BreadcrumbList|ContactPoint|FAQPage|ListItem|Organization|Question|WebSite","","188","4","19","9","0","true","{}","What is a read-it-later app?"
"/faq/what-is-a-second-brain-app","https://www.marqly.com/faq/what-is-a-second-brain-app","200","en","faq","40","157","291","true","","false","false","true","false","0","false","Answer|BreadcrumbList|ContactPoint|FAQPage|ListItem|Organization|Question|WebSite","","191","1","19","9","0","true","{}","What is a second brain app?"
"/faq/what-is-an-ai-bookmark-manager","https://www.marqly.com/faq/what-is-an-ai-bookmark-manager","200","en","faq","44","159","462","false","","false","false","true","false","0","false","Answer|BreadcrumbList|ContactPoint|FAQPage|ListItem|Organization|Question|WebSite","","189","767","20","9","0","true","{}","What is an AI bookmark manager?"
"/faq/what-is-marqly-home-new-tab","https://www.marqly.com/faq/what-is-marqly-home-new-tab","200","en","faq","53","147","307","false","","false","false","true","false","0","false","Answer|BreadcrumbList|ContactPoint|FAQPage|ListItem|Organization|Question|WebSite","","187","767","19","9","0","true","{}","What is Marqly Home on the New Tab page?"
"/faq/what-is-semantic-search","https://www.marqly.com/faq/what-is-semantic-search","200","en","faq","47","157","467","false","","false","false","true","false","0","false","Answer|BreadcrumbList|ContactPoint|FAQPage|ListItem|Organization|Question|WebSite","","187","767","20","9","0","true","{}","What is semantic search in Marqly?"
"/faq/whats-in-marqly-free-vs-pro","https://www.marqly.com/faq/whats-in-marqly-free-vs-pro","200","en","faq","63","253","746","false","","false","false","true","false","0","false","Answer|BreadcrumbList|ContactPoint|FAQPage|ListItem|Organization|Question|WebSite","","187","8","20","9","0","true","{}","What's the difference between Marqly Free and Pro?"
"/faq/whats-on-the-roadmap","https://www.marqly.com/faq/whats-on-the-roadmap","200","en","faq","40","153","426","false","","false","false","true","false","0","false","Answer|BreadcrumbList|ContactPoint|FAQPage|ListItem|Organization|Question|WebSite","","190","3","21","9","0","true","{}","What's on Marqly's roadmap?"
"/faq/where-is-my-data-stored","https://www.marqly.com/faq/where-is-my-data-stored","200","en","faq","44","152","424","false","","false","false","true","false","0","false","Answer|BreadcrumbList|ContactPoint|FAQPage|ListItem|Organization|Question|WebSite","","188","4","20","9","0","true","{}","Where is my Marqly data stored?"
"/faq/who-made-marqly","https://www.marqly.com/faq/who-made-marqly","200","en","faq","29","152","429","false","","false","false","true","false","0","false","Answer|BreadcrumbList|ContactPoint|FAQPage|ListItem|Organization|Question|WebSite","","188","1","24","9","0","true","{}","Who made Marqly?"
"/for-academics","https://www.marqly.com/for-academics","200","en","root-lander","54","154","1140","false","","false","false","true","false","21","true","AggregateOffer|Answer|BreadcrumbList|ContactPoint|FAQPage|ListItem|Organization|Question|SoftwareApplication|WebSite","Organization","187","767","22","9","0","true","{}","Keep up with the literature without drowning in tabs"
"/for-consultants","https://www.marqly.com/for-consultants","200","en","root-lander","50","157","1149","false","","false","false","true","false","21","true","AggregateOffer|Answer|BreadcrumbList|ContactPoint|FAQPage|ListItem|Organization|Question|SoftwareApplication|WebSite","Organization","186","767","22","9","0","true","{}","Client research that switches contexts as fast as you do"
"/for-content-creators","https://www.marqly.com/for-content-creators","200","en","root-lander","43","157","1182","false","","false","false","true","false","21","true","AggregateOffer|Answer|BreadcrumbList|ContactPoint|FAQPage|ListItem|Organization|Question|SoftwareApplication|WebSite","Organization","186","767","23","9","0","true","{}","A swipe file that tags itself and answers questions"
"/for-designers","https://www.marqly.com/for-designers","200","en","root-lander","67","150","1182","false","","false","false","true","false","21","true","AggregateOffer|Answer|BreadcrumbList|ContactPoint|FAQPage|ListItem|Organization|Question|SoftwareApplication|WebSite","Organization","185","767","23","9","0","true","{}","Every reference you loved, one described memory away"
"/for-developers","https://www.marqly.com/for-developers","200","en","root-lander","70","150","1166","false","","false","false","true","false","21","true","AggregateOffer|Answer|BreadcrumbList|ContactPoint|FAQPage|ListItem|Organization|Question|SoftwareApplication|WebSite","Organization","186","767","22","9","0","true","{}","Find that answer you saved by describing what it did"
"/for-founders","https://www.marqly.com/for-founders","200","en","root-lander","47","154","1139","false","","false","false","true","false","21","true","AggregateOffer|Answer|BreadcrumbList|ContactPoint|FAQPage|ListItem|Organization|Question|SoftwareApplication|WebSite","Organization","186","767","22","9","0","true","{}","Competitive intel you collect in seconds and keep for years"
"/for-journalists","https://www.marqly.com/for-journalists","200","en","root-lander","69","155","1327","false","","false","false","true","false","21","true","AggregateOffer|Answer|BreadcrumbList|ContactPoint|FAQPage|ListItem|Organization|Question|SoftwareApplication|WebSite","Organization","187","767","22","9","0","true","{}","Every source, quote, and briefing — on hand at deadline"
"/for-lawyers","https://www.marqly.com/for-lawyers","200","en","root-lander","45","157","1125","false","","false","false","true","false","21","true","AggregateOffer|Answer|BreadcrumbList|ContactPoint|FAQPage|ListItem|Organization|Question|SoftwareApplication|WebSite","Organization","187","767","22","9","0","true","{}","Your regulatory reading, organized without the filing time"
"/for-marketers","https://www.marqly.com/for-marketers","200","en","root-lander","68","150","1169","false","","false","false","true","false","21","true","AggregateOffer|Answer|BreadcrumbList|ContactPoint|FAQPage|ListItem|Organization|Question|SoftwareApplication|WebSite","Organization","185","767","23","9","0","true","{}","A swipe file that tags itself and shares as one link"
"/for-phd-students","https://www.marqly.com/for-phd-students","200","en","root-lander","71","155","1244","false","","false","false","true","false","21","true","AggregateOffer|Answer|BreadcrumbList|ContactPoint|FAQPage|ListItem|Organization|Question|SoftwareApplication|WebSite","Organization","186","767","22","9","0","true","{}","Run your literature review from one searchable library"
"/for-product-managers","https://www.marqly.com/for-product-managers","200","en","root-lander","43","154","1161","false","","false","false","true","false","21","true","AggregateOffer|Answer|BreadcrumbList|ContactPoint|FAQPage|ListItem|Organization|Question|SoftwareApplication|WebSite","Organization","186","767","22","9","0","true","{}","Every teardown, research link, and PRD source in one place"
"/for-real-estate","https://www.marqly.com/for-real-estate","200","en","root-lander","51","152","1116","false","","false","false","true","false","21","true","AggregateOffer|Answer|BreadcrumbList|ContactPoint|FAQPage|ListItem|Organization|Question|SoftwareApplication|WebSite","Organization","186","767","22","9","0","true","{}","All your listing research, organized by client — automatically"
"/for-recruiters","https://www.marqly.com/for-recruiters","200","en","root-lander","52","160","1121","false","","false","false","true","false","21","true","AggregateOffer|Answer|BreadcrumbList|ContactPoint|FAQPage|ListItem|Organization|Question|SoftwareApplication|WebSite","Organization","185","767","22","9","0","true","{}","Stop losing strong candidates in a sea of browser tabs"
"/for-researchers","https://www.marqly.com/for-researchers","200","en","root-lander","68","152","1294","false","","false","false","true","false","21","true","AggregateOffer|Answer|BreadcrumbList|ContactPoint|FAQPage|ListItem|Organization|Question|SoftwareApplication|WebSite","Organization","187","767","22","9","0","true","{}","Your entire literature pile, searchable by what you remember"
"/for-sales","https://www.marqly.com/for-sales","200","en","root-lander","52","152","1105","false","","false","false","true","false","21","true","AggregateOffer|Answer|BreadcrumbList|ContactPoint|FAQPage|ListItem|Organization|Question|SoftwareApplication|WebSite","Organization","187","767","22","9","0","true","{}","Every prospect article, filed the second you save it"
"/for-students","https://www.marqly.com/for-students","200","en","root-lander","69","185","1269","false","","false","false","true","false","21","true","AggregateOffer|Answer|BreadcrumbList|ContactPoint|FAQPage|ListItem|Organization|Question|SoftwareApplication|WebSite","Organization","188","767","22","9","0","true","{}","Every reading, lecture, and source — findable at essay time"
"/for-teachers","https://www.marqly.com/for-teachers","200","en","root-lander","51","158","1140","false","","false","false","true","false","21","true","AggregateOffer|Answer|BreadcrumbList|ContactPoint|FAQPage|ListItem|Organization|Question|SoftwareApplication|WebSite","Organization","185","767","22","9","0","true","{}","Lesson resources your future self can actually find"
"/for-ux-researchers","https://www.marqly.com/for-ux-researchers","200","en","root-lander","36","159","1164","false","","false","false","true","false","21","true","AggregateOffer|Answer|BreadcrumbList|ContactPoint|FAQPage|ListItem|Organization|Question|SoftwareApplication|WebSite","Organization","185","767","22","9","0","true","{}","A research repository that takes minutes to maintain, not hours"
"/for-writers","https://www.marqly.com/for-writers","200","en","root-lander","62","150","1268","false","","false","false","true","false","21","true","AggregateOffer|Answer|BreadcrumbList|ContactPoint|FAQPage|ListItem|Organization|Question|SoftwareApplication|WebSite","Organization","187","767","22","9","0","true","{}","Clip it once, quote it right, find it when the draft needs it"
"/fr","https://www.marqly.com/fr","200","fr","locale-home","40","155","1395","false","0.42","true","false","true","false","21","true","AggregateOffer|Answer|BreadcrumbList|ContactPoint|FAQPage|ListItem|Organization|Question|SoftwareApplication|WebSite","Organization","101","1913","22","9","0","true","{}","Sauvegardez un lien aujourd'hui, retrouvez-le dans six mois"
"/fr/alternatives/evernote","https://www.marqly.com/fr/alternatives/evernote","200","fr","locale-lander","71","149","951","false","0.49","true","false","true","false","21","true","AggregateOffer|Answer|BreadcrumbList|ContactPoint|FAQPage|ListItem|Organization|Question|SoftwareApplication|WebSite","Organization","97","105","22","9","0","true","{}","Alternatives à Evernote, en commençant par ce que vous en utilisez vraiment"
"/fr/alternatives/instapaper","https://www.marqly.com/fr/alternatives/instapaper","200","fr","locale-lander","63","136","835","false","0.44","true","false","true","false","21","true","AggregateOffer|Answer|BreadcrumbList|ContactPoint|FAQPage|ListItem|Organization|Question|SoftwareApplication|WebSite","Organization","97","105","22","9","0","true","{}","Alternatives à Instapaper, selon ce qui vous manque"
"/fr/alternatives/notion","https://www.marqly.com/fr/alternatives/notion","200","fr","locale-lander","51","146","880","false","0.45","true","false","true","false","21","true","AggregateOffer|Answer|BreadcrumbList|ContactPoint|FAQPage|ListItem|Organization|Question|SoftwareApplication|WebSite","Organization","97","105","22","9","0","true","{}","Alternatives à Notion quand votre base de liens est devenue un dépotoir"
"/fr/alternatives/pocket","https://www.marqly.com/fr/alternatives/pocket","200","fr","locale-lander","53","146","1066","false","0.65","false","false","true","false","21","true","AggregateOffer|Answer|BreadcrumbList|ContactPoint|FAQPage|ListItem|Organization|Question|SoftwareApplication|WebSite","Organization","97","105","22","9","0","true","{}","Alternatives à Pocket, selon l'usage que vous en faisiez"
"/fr/alternatives/raindrop","https://www.marqly.com/fr/alternatives/raindrop","200","fr","locale-lander","64","146","954","false","0.47","true","false","true","false","21","true","AggregateOffer|Answer|BreadcrumbList|ContactPoint|FAQPage|ListItem|Organization|Question|SoftwareApplication|WebSite","Organization","97","105","22","9","0","true","{}","Alternatives à Raindrop.io, selon votre raison de partir"
"/fr/blog","https://www.marqly.com/fr/blog","200","fr","locale-blog-index","58","164","1824","false","2.35","false","false","true","false","21","true","Blog|BlogPosting","","134","105","17","36","0","true","{""datePublished"":""2026-08-02""}","Sauvegardez avec méthode. Retrouvez tout."
"/fr/blog/alternative-a-notion-web-clipper-2026","https://www.marqly.com/fr/blog/alternative-a-notion-web-clipper-2026","200","fr","locale-blog","59","150","503","false","0.58","false","false","true","false","21","true","AggregateOffer|Answer|BlogPosting|BreadcrumbList|ContactPoint|FAQPage|ImageObject|ListItem|Organization|Question|SoftwareApplication|WebPage","Organization","102","2","19","10","0","true","{""datePublished"":""2026-04-04"",""dateModified"":""2026-09-07""}","La meilleure alternative à Notion Web Clipper pour enregistrer et retrouver ses articles (2026)"
"/fr/blog/alternatives-a-pocket-2026","https://www.marqly.com/fr/blog/alternatives-a-pocket-2026","200","fr","locale-blog","61","166","3313","false","1.04","false","false","true","false","21","true","AggregateOffer|Answer|BlogPosting|BreadcrumbList|ContactPoint|FAQPage|ImageObject|ListItem|Organization|Question|SoftwareApplication|WebPage","Organization","109","8","20","10","0","true","{""datePublished"":""2026-05-12"",""dateModified"":""2026-06-23""}","Les 8 meilleures alternatives à Pocket en 2026 (après sa fermeture par Mozilla)"
"/fr/blog/arretez-d-organiser-vos-favoris-dossiers-obsoletes-2026","https://www.marqly.com/fr/blog/arretez-d-organiser-vos-favoris-dossiers-obsoletes-2026","200","fr","locale-blog","64","165","612","false","0.28","true","false","true","false","21","true","AggregateOffer|Answer|BlogPosting|BreadcrumbList|ContactPoint|FAQPage|ImageObject|ListItem|Organization|Question|SoftwareApplication|WebPage","Organization","98","1","19","10","0","true","{""datePublished"":""2026-06-23"",""dateModified"":""2026-09-07""}","Arrêtez d'organiser vos favoris : pourquoi les dossiers sont obsolètes en 2026"
"/fr/blog/avis-instapaper-2026","https://www.marqly.com/fr/blog/avis-instapaper-2026","200","fr","locale-blog","57","135","199","true","0.12","true","false","true","false","21","true","AggregateOffer|Answer|BlogPosting|BreadcrumbList|ContactPoint|FAQPage|ImageObject|ListItem|Organization|Question|SoftwareApplication|WebPage","Organization","100","105","19","9","0","true","{""datePublished"":""2026-08-02"",""dateModified"":""2026-08-02""}","Avis Instapaper 2026 : Le confort de lecture absolu, mais au prix fort"
"/fr/blog/avis-karakeep-2026","https://www.marqly.com/fr/blog/avis-karakeep-2026","200","fr","locale-blog","62","138","189","true","0.11","true","false","true","false","21","true","AggregateOffer|Answer|BlogPosting|BreadcrumbList|ContactPoint|FAQPage|ImageObject|ListItem|Organization|Question|SoftwareApplication|WebPage","Organization","100","105","19","9","0","true","{""datePublished"":""2026-08-02"",""dateModified"":""2026-08-02""}","Avis Karakeep 2026 : Le gestionnaire de favoris auto-hébergé avec vraie IA"
"/fr/blog/avis-linkwarden-2026","https://www.marqly.com/fr/blog/avis-linkwarden-2026","200","fr","locale-blog","55","124","188","true","0.11","true","false","true","false","21","true","AggregateOffer|Answer|BlogPosting|BreadcrumbList|ContactPoint|FAQPage|ImageObject|ListItem|Organization|Question|SoftwareApplication|WebPage","Organization","100","6","19","9","0","true","{""datePublished"":""2026-08-02"",""dateModified"":""2026-08-02""}","Avis Linkwarden 2026 : Le gestionnaire de favoris open source pour archivistes"
"/fr/blog/avis-marqly-2026","https://www.marqly.com/fr/blog/avis-marqly-2026","200","fr","locale-blog","53","121","207","true","0.21","true","false","true","false","21","true","AggregateOffer|Answer|BlogPosting|BreadcrumbList|ContactPoint|FAQPage|ImageObject|ListItem|Organization|Question|SoftwareApplication|WebPage","Organization","102","1","18","10","0","true","{""datePublished"":""2026-02-26"",""dateModified"":""2026-02-26""}","Avis Marqly 2026 : Fonctionnalités, tarifs, avantages et limites"
"/fr/blog/avis-mymind-2026","https://www.marqly.com/fr/blog/avis-mymind-2026","200","fr","locale-blog","60","141","1314","false","0.73","false","false","true","false","21","true","AggregateOffer|Answer|BlogPosting|BreadcrumbList|ContactPoint|FAQPage|ImageObject|ListItem|Organization|Question|SoftwareApplication|WebPage","Organization","103","6","19","9","0","true","{""datePublished"":""2026-08-02"",""dateModified"":""2026-08-02""}","Avis mymind 2026 : Esthétique, Privé et Pas pour Tout le Monde"
"/fr/blog/avis-raindrop-io-2026","https://www.marqly.com/fr/blog/avis-raindrop-io-2026","200","fr","locale-blog","65","133","219","true","0.12","true","false","true","false","21","true","AggregateOffer|Answer|BlogPosting|BreadcrumbList|ContactPoint|FAQPage|ImageObject|ListItem|Organization|Question|SoftwareApplication|WebPage","Organization","100","5","19","9","0","true","{""datePublished"":""2026-08-02"",""dateModified"":""2026-08-02""}","Avis Raindrop.io 2026 : Le meilleur gestionnaire de favoris classique"
"/fr/blog/avis-readwise-reader-2026","https://www.marqly.com/fr/blog/avis-readwise-reader-2026","200","fr","locale-blog","54","133","210","true","0.12","true","false","true","false","21","true","AggregateOffer|Answer|BlogPosting|BreadcrumbList|ContactPoint|FAQPage|ImageObject|ListItem|Organization|Question|SoftwareApplication|WebPage","Organization","100","1","19","9","0","true","{""datePublished"":""2026-08-02"",""dateModified"":""2026-08-02""}","Avis Readwise Reader 2026 : L'outil ultime pour les lecteurs compulsifs"
"/fr/blog/comment-creer-un-second-cerveau-2026","https://www.marqly.com/fr/blog/comment-creer-un-second-cerveau-2026","200","fr","locale-blog","65","153","799","false","0.73","false","false","true","false","21","true","AggregateOffer|Answer|BlogPosting|BreadcrumbList|ContactPoint|FAQPage|ImageObject|ListItem|Organization|Question|SoftwareApplication|WebPage","Organization","99","3","18","10","0","true","{""datePublished"":""2026-03-13"",""dateModified"":""2026-09-07""}","Comment créer un second cerveau en 2026 (sans maintenance manuelle)"
"/fr/blog/comment-discuter-avec-ses-articles-sauvegardes-2026","https://www.marqly.com/fr/blog/comment-discuter-avec-ses-articles-sauvegardes-2026","200","fr","locale-blog","54","147","449","false","0.41","true","false","true","false","21","true","AggregateOffer|Answer|BlogPosting|BreadcrumbList|ContactPoint|FAQPage|ImageObject|ListItem|Organization|Question|SoftwareApplication|WebPage","Organization","102","3","19","10","0","true","{""datePublished"":""2026-05-14"",""dateModified"":""2026-09-07""}","Comment discuter avec ses articles sauvegardés et ses favoris en 2026"
"/fr/blog/comment-exporter-a-regarder-plus-tard-youtube-2026","https://www.marqly.com/fr/blog/comment-exporter-a-regarder-plus-tard-youtube-2026","200","fr","locale-blog","53","149","467","false","0.26","true","false","true","false","21","true","AggregateOffer|Answer|BlogPosting|BreadcrumbList|ContactPoint|FAQPage|ImageObject|ListItem|Organization|Question|SoftwareApplication|WebPage","Organization","97","105","19","9","0","true","{""datePublished"":""2026-08-16"",""dateModified"":""2026-09-07""}","Comment exporter sa liste «À regarder plus tard» de YouTube en 2026"
"/fr/blog/comment-exporter-migrer-donnees-pocket-2026","https://www.marqly.com/fr/blog/comment-exporter-migrer-donnees-pocket-2026","200","fr","locale-blog","59","159","447","false","0.45","true","false","true","false","21","true","AggregateOffer|Answer|BlogPosting|BreadcrumbList|ContactPoint|FAQPage|ImageObject|ListItem|Organization|Question|SoftwareApplication|WebPage","Organization","98","1","19","10","0","true","{""datePublished"":""2026-05-08"",""dateModified"":""2026-05-08""}","Comment exporter et migrer vos données Pocket en 2026 (Guide pas à pas)"
"/fr/blog/comment-exporter-ses-enregistrements-instagram-2026","https://www.marqly.com/fr/blog/comment-exporter-ses-enregistrements-instagram-2026","200","fr","locale-blog","62","159","452","false","0.25","true","false","true","false","21","true","AggregateOffer|Answer|BlogPosting|BreadcrumbList|ContactPoint|FAQPage|ImageObject|ListItem|Organization|Question|SoftwareApplication|WebPage","Organization","97","105","19","9","0","true","{""datePublished"":""2026-08-16"",""dateModified"":""2026-09-07""}","Comment exporter ses enregistrements Instagram en 2026 (Guide complet)"
"/fr/blog/comment-exporter-ses-posts-sauvegardes-reddit-2026","https://www.marqly.com/fr/blog/comment-exporter-ses-posts-sauvegardes-reddit-2026","200","fr","locale-blog","61","155","600","false","0.35","true","false","true","false","21","true","AggregateOffer|Answer|BlogPosting|BreadcrumbList|ContactPoint|FAQPage|ImageObject|ListItem|Organization|Question|SoftwareApplication|WebPage","Organization","98","1","19","9","0","true","{""datePublished"":""2026-08-02"",""dateModified"":""2026-09-07""}","Comment exporter ses posts sauvegardés Reddit en 2026 (Guide pas à pas)"
"/fr/blog/comment-exporter-ses-signets-twitter-x-2026","https://www.marqly.com/fr/blog/comment-exporter-ses-signets-twitter-x-2026","200","fr","locale-blog","57","150","530","false","0.3","true","false","true","false","21","true","AggregateOffer|Answer|BlogPosting|BreadcrumbList|ContactPoint|FAQPage|ImageObject|ListItem|Organization|Question|SoftwareApplication|WebPage","Organization","98","1","19","9","0","true","{""datePublished"":""2026-08-02"",""dateModified"":""2026-09-07""}","Comment exporter ses signets X (Twitter) en 2026 (Toutes les méthodes fiables)"
"/fr/blog/comment-retrouver-un-article-sauvegarde-sans-le-titre-2026","https://www.marqly.com/fr/blog/comment-retrouver-un-article-sauvegarde-sans-le-titre-2026","200","fr","locale-blog","49","168","581","false","0.56","false","false","true","false","21","true","AggregateOffer|Answer|BlogPosting|BreadcrumbList|ContactPoint|FAQPage|ImageObject|ListItem|Organization|Question|SoftwareApplication|WebPage","Organization","101","2","19","10","0","true","{""datePublished"":""2026-05-22"",""dateModified"":""2026-09-07""}","Comment retrouver un article sauvegardé quand on a oublié le titre en 2026"
"/fr/blog/comment-surligner-du-texte-sur-un-site-2026","https://www.marqly.com/fr/blog/comment-surligner-du-texte-sur-un-site-2026","200","fr","locale-blog","61","163","586","false","0.3","true","false","true","false","21","true","AggregateOffer|Answer|BlogPosting|BreadcrumbList|ContactPoint|FAQPage|ImageObject|ListItem|Organization|Question|SoftwareApplication|WebPage","Organization","99","3","18","10","0","true","{""datePublished"":""2026-07-04"",""dateModified"":""2026-09-07""}","Comment surligner du texte sur n'importe quel site web (et le conserver pour de bon)"
"/fr/blog/desencombrement-numerique-nouvel-an","https://www.marqly.com/fr/blog/desencombrement-numerique-nouvel-an","200","fr","locale-blog","61","177","1037","false","0.63","false","false","true","false","21","true","AggregateOffer|Answer|BlogPosting|BreadcrumbList|ContactPoint|FAQPage|ImageObject|ListItem|Organization|Question|SoftwareApplication|WebPage","Organization","100","1","19","9","0","true","{""datePublished"":""2026-08-02"",""dateModified"":""2026-08-02""}","La Checklist de Désencombrement Numérique du Nouvel An : Onglets, Favoris, Listes et Abonnements"
"/fr/blog/discuter-avec-une-video-youtube-2026","https://www.marqly.com/fr/blog/discuter-avec-une-video-youtube-2026","200","fr","locale-blog","53","149","489","false","0.24","true","false","true","false","21","true","AggregateOffer|Answer|BlogPosting|BreadcrumbList|ContactPoint|FAQPage|ImageObject|ListItem|Organization|Question|SoftwareApplication|WebPage","Organization","98","1","19","10","0","true","{""datePublished"":""2026-07-04"",""dateModified"":""2026-09-07""}","Comment discuter avec une vidéo YouTube (poser des questions à l'IA)"
"/fr/blog/enregistrer-page-web-en-pdf","https://www.marqly.com/fr/blog/enregistrer-page-web-en-pdf","200","fr","locale-blog","63","171","498","false","0.25","true","false","true","false","21","true","AggregateOffer|Answer|BlogPosting|BreadcrumbList|ContactPoint|FAQPage|ImageObject|ListItem|Organization|Question|SoftwareApplication|WebPage","Organization","98","1","18","10","0","true","{""datePublished"":""2026-07-04"",""dateModified"":""2026-09-07""}","Comment enregistrer une page web en PDF (sans mise en page cassée)"
"/fr/blog/enregistrer-videos-youtube-a-regarder-plus-tard-2026","https://www.marqly.com/fr/blog/enregistrer-videos-youtube-a-regarder-plus-tard-2026","200","fr","locale-blog","67","148","634","false","0.61","false","false","true","false","21","true","AggregateOffer|Answer|BlogPosting|BreadcrumbList|ContactPoint|FAQPage|ImageObject|ListItem|Organization|Question|SoftwareApplication|WebPage","Organization","98","2","18","10","0","true","{""datePublished"":""2026-03-08"",""dateModified"":""2026-09-07""}","Comment enregistrer des vidéos YouTube à regarder plus tard (et les retrouver)"
"/fr/blog/exporter-favoris-chrome","https://www.marqly.com/fr/blog/exporter-favoris-chrome","200","fr","locale-blog","64","145","900","false","0.37","true","false","true","false","21","true","AggregateOffer|Answer|BlogPosting|BreadcrumbList|ContactPoint|FAQPage|ImageObject|ListItem|Organization|Question|SoftwareApplication|WebPage","Organization","98","105","19","9","0","true","{""datePublished"":""2026-08-16"",""dateModified"":""2026-08-16""}","Exporter ses favoris Chrome (et que faire du fichier)"
"/fr/blog/favoris-chrome-ne-se-synchronisent-pas-solution-2026","https://www.marqly.com/fr/blog/favoris-chrome-ne-se-synchronisent-pas-solution-2026","200","fr","locale-blog","68","162","565","false","0.33","true","false","true","false","21","true","AggregateOffer|Answer|BlogPosting|BreadcrumbList|ContactPoint|FAQPage|ImageObject|ListItem|Organization|Question|SoftwareApplication|WebPage","Organization","98","3","19","9","0","true","{""datePublished"":""2026-08-02"",""dateModified"":""2026-08-02""}","Les favoris Chrome ne se synchronisent pas ? 8 solutions efficaces (2026)"
"/fr/blog/gestionnaires-de-favoris-ia-recherche-semantique-comparatif-2026","https://www.marqly.com/fr/blog/gestionnaires-de-favoris-ia-recherche-semantique-comparatif-2026","200","fr","locale-blog","73","137","685","false","0.3","true","false","true","false","21","true","AggregateOffer|Answer|BlogPosting|BreadcrumbList|ContactPoint|FAQPage|ImageObject|ListItem|Organization|Question|SoftwareApplication|WebPage","Organization","102","13","18","10","0","true","{""datePublished"":""2026-06-23"",""dateModified"":""2026-06-23""}","Quels gestionnaires de favoris IA cherchent vraiment par le sens ? (8 outils comparés)"
"/fr/blog/lia-peut-elle-organiser-mes-favoris-2026","https://www.marqly.com/fr/blog/lia-peut-elle-organiser-mes-favoris-2026","200","fr","locale-blog","70","156","448","false","0.45","true","false","true","false","21","true","AggregateOffer|Answer|BlogPosting|BreadcrumbList|ContactPoint|FAQPage|ImageObject|ListItem|Organization|Question|SoftwareApplication|WebPage","Organization","98","1","18","10","0","true","{""datePublished"":""2026-05-16"",""dateModified"":""2026-09-07""}","L'IA peut-elle organiser mes favoris automatiquement ? Oui — voici comment"
"/fr/blog/meilleures-alternatives-a-instapaper-2026","https://www.marqly.com/fr/blog/meilleures-alternatives-a-instapaper-2026","200","fr","locale-blog","63","149","208","true","0.26","true","false","true","false","21","true","AggregateOffer|Answer|BlogPosting|BreadcrumbList|ContactPoint|FAQPage|ImageObject|ListItem|Organization|Question|SoftwareApplication|WebPage","Organization","102","3","19","10","0","true","{""datePublished"":""2026-04-09"",""dateModified"":""2026-04-09""}","Les meilleures alternatives à Instapaper en 2026 (Quand le minimalisme ne suffit plus)"
"/fr/blog/meilleures-alternatives-auto-hebergees-a-pocket-2026","https://www.marqly.com/fr/blog/meilleures-alternatives-auto-hebergees-a-pocket-2026","200","fr","locale-blog","63","149","210","true","0.09","true","false","true","false","21","true","AggregateOffer|Answer|BlogPosting|BreadcrumbList|ContactPoint|FAQPage|ImageObject|ListItem|Organization|Question|SoftwareApplication|WebPage","Organization","102","5","19","10","0","true","{""datePublished"":""2026-06-23"",""dateModified"":""2026-06-23""}","Les meilleures alternatives auto-hébergées à Pocket en 2026 (Et quand le cloud l'emporte)"
"/fr/blog/meilleures-applications-lecture-differee-2026","https://www.marqly.com/fr/blog/meilleures-applications-lecture-differee-2026","200","fr","locale-blog","62","146","1199","false","1.14","false","false","true","false","21","true","AggregateOffer|Answer|BlogPosting|BreadcrumbList|ContactPoint|FAQPage|ImageObject|ListItem|Organization|Question|SoftwareApplication|WebPage","Organization","106","2","20","10","0","true","{""datePublished"":""2026-03-19"",""dateModified"":""2026-06-23""}","Les 9 meilleures applications de lecture différée en 2026 (testées & classées)"
"/fr/blog/meilleures-applications-second-cerveau-2026","https://www.marqly.com/fr/blog/meilleures-applications-second-cerveau-2026","200","fr","locale-blog","58","156","470","false","0.19","true","false","true","false","21","true","AggregateOffer|Answer|BlogPosting|BreadcrumbList|ContactPoint|FAQPage|ImageObject|ListItem|Organization|Question|SoftwareApplication|WebPage","Organization","102","4","19","10","0","true","{""datePublished"":""2026-06-23"",""dateModified"":""2026-09-07""}","Les 7 meilleures applications de second cerveau en 2026 (comparatif objectif)"
"/fr/blog/meilleurs-gestionnaires-favoris-gratuits-2026","https://www.marqly.com/fr/blog/meilleurs-gestionnaires-favoris-gratuits-2026","200","fr","locale-blog","68","158","427","false","0.22","true","false","true","false","21","true","AggregateOffer|Answer|BlogPosting|BreadcrumbList|ContactPoint|FAQPage|ImageObject|ListItem|Organization|Question|SoftwareApplication|WebPage","Organization","99","2","19","10","0","true","{""datePublished"":""2026-08-02"",""dateModified"":""2026-09-07""}","Les 5 meilleurs gestionnaires de favoris gratuits en 2026 (vraiment gratuits)"
"/fr/blog/meilleurs-gestionnaires-favoris-ia-2026","https://www.marqly.com/fr/blog/meilleurs-gestionnaires-favoris-ia-2026","200","fr","locale-blog","54","143","480","false","0.17","true","false","true","false","21","true","AggregateOffer|Answer|BlogPosting|BreadcrumbList|ContactPoint|FAQPage|ImageObject|ListItem|Organization|Question|SoftwareApplication|WebPage","Organization","102","7","20","10","0","true","{""datePublished"":""2026-05-05"",""dateModified"":""2026-06-23""}","Les Meilleurs Gestionnaires de Favoris avec IA en 2026 : Comparatif et Conseils"
"/fr/blog/meilleurs-gestionnaires-onglets-2026","https://www.marqly.com/fr/blog/meilleurs-gestionnaires-onglets-2026","200","fr","locale-blog","75","156","413","false","0.23","true","false","true","false","21","true","AggregateOffer|Answer|BlogPosting|BreadcrumbList|ContactPoint|FAQPage|ImageObject|ListItem|Organization|Question|SoftwareApplication|WebPage","Organization","102","10","18","9","0","true","{""datePublished"":""2026-08-02"",""dateModified"":""2026-09-07""}","Les 5 meilleurs gestionnaires d'onglets en 2026 (selon vos besoins réels)"
"/fr/blog/meilleurs-resumes-videos-youtube-ia-2026","https://www.marqly.com/fr/blog/meilleurs-resumes-videos-youtube-ia-2026","200","fr","locale-blog","86","159","597","false","0.32","true","false","true","false","21","true","AggregateOffer|Answer|BlogPosting|BreadcrumbList|ContactPoint|FAQPage|ImageObject|ListItem|Organization|Question|SoftwareApplication|WebPage","Organization","103","10","18","9","0","true","{""datePublished"":""2026-08-02"",""dateModified"":""2026-09-07""}","Les 6 meilleurs outils IA pour résumer une vidéo YouTube en 2026 (Comparatif complet)"
"/fr/blog/meilleurs-surligneurs-web-2026","https://www.marqly.com/fr/blog/meilleurs-surligneurs-web-2026","200","fr","locale-blog","61","161","423","false","0.23","true","false","true","false","21","true","AggregateOffer|Answer|BlogPosting|BreadcrumbList|ContactPoint|FAQPage|ImageObject|ListItem|Organization|Question|SoftwareApplication|WebPage","Organization","100","3","19","10","0","true","{""datePublished"":""2026-08-02"",""dateModified"":""2026-09-07""}","Les 6 meilleurs surligneurs web en 2026 (testés sur de vraies pages)"
"/fr/blog/methode-para-pour-les-favoris-2026","https://www.marqly.com/fr/blog/methode-para-pour-les-favoris-2026","200","fr","locale-blog","61","148","561","false","0.33","true","false","true","false","21","true","AggregateOffer|Answer|BlogPosting|BreadcrumbList|ContactPoint|FAQPage|ImageObject|ListItem|Organization|Question|SoftwareApplication|WebPage","Organization","98","2","18","10","0","true","{""datePublished"":""2026-08-02"",""dateModified"":""2026-09-07""}","La méthode PARA pour les favoris : mise en place et limites (2026)"
"/fr/blog/obtenir-transcription-youtube","https://www.marqly.com/fr/blog/obtenir-transcription-youtube","200","fr","locale-blog","53","157","647","false","0.33","true","false","true","false","21","true","AggregateOffer|Answer|BlogPosting|BreadcrumbList|ContactPoint|FAQPage|ImageObject|ListItem|Organization|Question|SoftwareApplication|WebPage","Organization","100","1","18","10","0","true","{""datePublished"":""2026-07-04"",""dateModified"":""2026-09-07""}","Comment obtenir la transcription d'une vidéo YouTube (3 Méthodes, 2026)"
"/fr/blog/organiser-favoris-navigateur","https://www.marqly.com/fr/blog/organiser-favoris-navigateur","200","fr","locale-blog","51","138","1054","false","0.32","true","false","true","false","21","true","AggregateOffer|Answer|BlogPosting|BreadcrumbList|ContactPoint|FAQPage|ImageObject|ListItem|Organization|Question|SoftwareApplication|WebPage","Organization","99","105","19","9","0","true","{""datePublished"":""2026-08-16"",""dateModified"":""2026-08-16""}","Organiser ses favoris de navigateur une bonne fois pour toutes"
"/fr/blog/pourquoi-vous-enregistrez-des-articles","https://www.marqly.com/fr/blog/pourquoi-vous-enregistrez-des-articles","200","fr","locale-blog","61","153","1043","false","","false","true","true","false","0","false","AggregateOffer|Answer|BlogPosting|BreadcrumbList|ContactPoint|FAQPage|ImageObject|ListItem|Organization|Question|SoftwareApplication|WebPage","Organization","98","105","19","9","0","true","{""datePublished"":""2026-08-16"",""dateModified"":""2026-08-16""}","Pourquoi vous enregistrez des articles que vous ne lisez jamais (et comment arrêter de culpabiliser)"
"/fr/blog/qu-est-ce-qu-un-second-cerveau-ia-2026","https://www.marqly.com/fr/blog/qu-est-ce-qu-un-second-cerveau-ia-2026","200","fr","locale-blog","51","156","433","false","0.42","true","false","true","false","21","true","AggregateOffer|Answer|BlogPosting|BreadcrumbList|ContactPoint|FAQPage|ImageObject|ListItem|Organization|Question|SoftwareApplication|WebPage","Organization","100","5","19","10","0","true","{""datePublished"":""2026-05-20"",""dateModified"":""2026-09-07""}","Qu'est-ce qu'un second cerveau avec IA ? Guide clair et accessible (2026)"
"/fr/blog/qu-est-ce-qu-une-application-second-cerveau-2026","https://www.marqly.com/fr/blog/qu-est-ce-qu-une-application-second-cerveau-2026","200","fr","locale-blog","61","161","434","false","0.15","true","false","true","false","21","true","AggregateOffer|Answer|BlogPosting|BreadcrumbList|ContactPoint|FAQPage|ImageObject|ListItem|Organization|Question|SoftwareApplication|WebPage","Organization","99","2","19","10","0","true","{""datePublished"":""2026-04-28"",""dateModified"":""2026-09-07""}","Qu'est-ce qu'une application second cerveau ? (Et comment l'alimenter avec vos favoris, 2026)"
"/fr/blog/que-contient-le-fichier-d-export-pocket-2026","https://www.marqly.com/fr/blog/que-contient-le-fichier-d-export-pocket-2026","200","fr","locale-blog","57","147","280","true","0.12","true","false","true","false","21","true","AggregateOffer|Answer|BlogPosting|BreadcrumbList|ContactPoint|FAQPage|ImageObject|ListItem|Organization|Question|SoftwareApplication|WebPage","Organization","98","1","19","10","0","true","{""datePublished"":""2026-06-23"",""dateModified"":""2026-06-23""}","Que contient réellement le fichier d'export Pocket (et comment l'exploiter)"
"/fr/blog/quest-ce-que-la-recherche-semantique","https://www.marqly.com/fr/blog/quest-ce-que-la-recherche-semantique","200","fr","locale-blog","70","157","1021","false","0.92","false","false","true","false","21","true","AggregateOffer|Answer|BlogPosting|BreadcrumbList|ContactPoint|FAQPage|ImageObject|ListItem|Organization|Question|SoftwareApplication|WebPage","Organization","97","105","19","9","0","true","{""datePublished"":""2026-08-16"",""dateModified"":""2026-08-16""}","Qu'est-ce que la recherche sémantique et pourquoi elle change votre façon d'enregistrer"
"/fr/blog/resumer-videos-youtube-avec-ia-2026","https://www.marqly.com/fr/blog/resumer-videos-youtube-avec-ia-2026","200","fr","locale-blog","58","152","613","false","0.31","true","false","true","false","21","true","AggregateOffer|Answer|BlogPosting|BreadcrumbList|ContactPoint|FAQPage|ImageObject|ListItem|Organization|Question|SoftwareApplication|WebPage","Organization","98","2","19","10","0","true","{""datePublished"":""2026-07-04"",""dateModified"":""2026-09-07""}","Comment résumer des vidéos YouTube avec l'IA (directement sur la page de lecture)"
"/fr/comparer/marqly-vs-evernote","https://www.marqly.com/fr/comparer/marqly-vs-evernote","200","fr","locale-lander","48","152","964","false","0.56","false","false","true","false","21","true","AggregateOffer|Answer|BreadcrumbList|ContactPoint|FAQPage|ListItem|Organization|Question|SoftwareApplication|WebSite","Organization","97","105","22","9","0","true","{}","Marqly vs Evernote : une suite de notes face à une bibliothèque de liens"
"/fr/comparer/marqly-vs-instapaper","https://www.marqly.com/fr/comparer/marqly-vs-instapaper","200","fr","locale-lander","62","145","983","false","0.57","false","false","true","false","21","true","AggregateOffer|Answer|BreadcrumbList|ContactPoint|FAQPage|ListItem|Organization|Question|SoftwareApplication|WebSite","Organization","97","105","22","9","0","true","{}","Marqly vs Instapaper : bien lire ou bien retrouver"
"/fr/comparer/marqly-vs-matter","https://www.marqly.com/fr/comparer/marqly-vs-matter","200","fr","locale-lander","64","150","923","false","0.52","false","false","true","false","21","true","AggregateOffer|Answer|BreadcrumbList|ContactPoint|FAQPage|ListItem|Organization|Question|SoftwareApplication|WebSite","Organization","97","105","22","9","0","true","{}","Marqly vs Matter : écouter des articles ou retrouver ce que vous avez enregistré"
"/fr/comparer/marqly-vs-notion","https://www.marqly.com/fr/comparer/marqly-vs-notion","200","fr","locale-lander","68","139","954","false","0.55","false","false","true","false","21","true","AggregateOffer|Answer|BreadcrumbList|ContactPoint|FAQPage|ListItem|Organization|Question|SoftwareApplication|WebSite","Organization","97","105","22","9","0","true","{}","Marqly vs Notion : enregistrer dans l'espace de travail ou dans une bibliothèque dédiée"
"/fr/comparer/marqly-vs-obsidian","https://www.marqly.com/fr/comparer/marqly-vs-obsidian","200","fr","locale-lander","63","151","947","false","0.52","false","false","true","false","21","true","AggregateOffer|Answer|BreadcrumbList|ContactPoint|FAQPage|ListItem|Organization|Question|SoftwareApplication|WebSite","Organization","97","105","22","9","0","true","{}","Marqly vs Obsidian : des fichiers qui vous appartiennent ou une bibliothèque qui s'organise seule"
"/fr/comparer/marqly-vs-pocket","https://www.marqly.com/fr/comparer/marqly-vs-pocket","200","fr","locale-lander","71","154","1171","false","0.68","false","false","true","false","21","true","AggregateOffer|Answer|BreadcrumbList|ContactPoint|FAQPage|ListItem|Organization|Question|SoftwareApplication|WebSite","Organization","97","105","23","9","0","true","{}","Marqly vs Pocket : le comparatif honnête quand l'un des deux n'existe plus"
"/fr/comparer/marqly-vs-raindrop","https://www.marqly.com/fr/comparer/marqly-vs-raindrop","200","fr","locale-lander","48","155","1300","false","0.71","false","false","true","false","21","true","AggregateOffer|Answer|BreadcrumbList|ContactPoint|FAQPage|ListItem|Organization|Question|SoftwareApplication|WebSite","Organization","98","105","22","9","0","true","{}","Marqly ou Raindrop : lequel vous convient vraiment"
"/fr/comparer/marqly-vs-readwise","https://www.marqly.com/fr/comparer/marqly-vs-readwise","200","fr","locale-lander","56","149","951","false","0.53","false","false","true","false","21","true","AggregateOffer|Answer|BreadcrumbList|ContactPoint|FAQPage|ListItem|Organization|Question|SoftwareApplication|WebSite","Organization","97","105","22","9","0","true","{}","Marqly vs Readwise Reader : lecture intensive ou bibliothèque consultable"
"/fr/curation-de-contenu","https://www.marqly.com/fr/curation-de-contenu","200","fr","locale-lander","69","128","240","true","0.21","true","false","true","false","21","true","AggregateOffer|Answer|BreadcrumbList|ContactPoint|FAQPage|ListItem|Organization|Question|SoftwareApplication|WebSite","Organization","97","105","21","9","0","true","{}","Sélectionnez le meilleur d'un sujet et partagez-le sur une page soignée"
"/fr/enregistrer-page-pdf","https://www.marqly.com/fr/enregistrer-page-pdf","200","fr","locale-lander","67","159","244","true","0.22","true","false","true","false","21","true","AggregateOffer|Answer|BreadcrumbList|ContactPoint|FAQPage|ListItem|Organization|Question|SoftwareApplication|WebSite","Organization","97","105","21","9","0","true","{}","Transformez n'importe quelle page web en un PDF exactement fidèle à l'écran"
"/fr/enregistrer-videos-youtube","https://www.marqly.com/fr/enregistrer-videos-youtube","200","fr","locale-lander","56","152","901","false","0.8","false","false","true","false","21","true","AggregateOffer|Answer|BreadcrumbList|ContactPoint|FAQPage|ListItem|Organization|Question|SoftwareApplication|WebSite","Organization","99","105","22","9","0","true","{}","« À regarder plus tard » est l'endroit où les vidéos meurent"
"/fr/etudiants","https://www.marqly.com/fr/etudiants","200","fr","locale-lander","50","156","1149","false","0.91","false","false","true","false","21","true","AggregateOffer|Answer|BreadcrumbList|ContactPoint|FAQPage|ListItem|Organization|Question|SoftwareApplication|WebSite","Organization","100","105","22","9","0","true","{}","Rassemblez vos sources, retrouvez-les le jour du rendu"
"/fr/gestionnaire-favoris-chrome","https://www.marqly.com/fr/gestionnaire-favoris-chrome","200","fr","locale-lander","57","182","271","true","0.24","true","false","true","false","21","true","AggregateOffer|Answer|BreadcrumbList|ContactPoint|FAQPage|ListItem|Organization|Question|SoftwareApplication|WebSite","Organization","97","105","21","9","0","true","{}","Des favoris Chrome qui s'organisent et se retrouvent tout seuls"
"/fr/gestionnaire-favoris-edge","https://www.marqly.com/fr/gestionnaire-favoris-edge","200","fr","locale-lander","50","157","223","true","0.2","true","false","true","false","21","true","AggregateOffer|Answer|BreadcrumbList|ContactPoint|FAQPage|ListItem|Organization|Question|SoftwareApplication|WebSite","Organization","97","105","21","9","0","true","{}","Donnez une dimension IA à vos favoris Microsoft Edge"
"/fr/gestionnaire-favoris-firefox","https://www.marqly.com/fr/gestionnaire-favoris-firefox","200","fr","locale-lander","63","155","227","true","0.2","true","false","true","false","21","true","AggregateOffer|Answer|BreadcrumbList|ContactPoint|FAQPage|ListItem|Organization|Question|SoftwareApplication|WebSite","Organization","97","105","21","9","0","true","{}","Des favoris Firefox étiquetés et retrouvés par le sens"
"/fr/gestionnaire-favoris-iphone","https://www.marqly.com/fr/gestionnaire-favoris-iphone","200","fr","locale-lander","62","163","228","true","0.21","true","false","true","false","21","true","AggregateOffer|Answer|BreadcrumbList|ContactPoint|FAQPage|ListItem|Organization|Question|SoftwareApplication|WebSite","Organization","97","105","21","9","0","true","{}","Toute votre bibliothèque de favoris dans votre poche avec l'IA"
"/fr/gestionnaire-favoris-safari","https://www.marqly.com/fr/gestionnaire-favoris-safari","200","fr","locale-lander","51","162","225","true","0.2","true","false","true","false","21","true","AggregateOffer|Answer|BreadcrumbList|ContactPoint|FAQPage|ListItem|Organization|Question|SoftwareApplication|WebSite","Organization","97","105","21","9","0","true","{}","Vos favoris Safari accessibles sur tous vos appareils"
"/fr/historique-presse-papiers","https://www.marqly.com/fr/historique-presse-papiers","200","fr","locale-lander","69","142","229","true","0.17","true","false","true","false","21","true","AggregateOffer|Answer|BreadcrumbList|ContactPoint|FAQPage|ListItem|Organization|Question|SoftwareApplication|WebSite","Organization","97","105","21","9","0","true","{}","Votre presse-papiers ne retient qu'une chose. Marqly les retient toutes"
"/fr/lire-plus-tard","https://www.marqly.com/fr/lire-plus-tard","200","fr","locale-lander","40","156","1226","false","1.07","false","false","true","false","21","true","AggregateOffer|Answer|BreadcrumbList|ContactPoint|FAQPage|ListItem|Organization|Question|SoftwareApplication|WebSite","Organization","100","105","22","9","0","true","{}","Sauvegardez maintenant, lisez vraiment plus tard"
"/fr/liste-de-lecture","https://www.marqly.com/fr/liste-de-lecture","200","fr","locale-lander","60","140","901","false","0.78","false","false","true","false","21","true","AggregateOffer|Answer|BreadcrumbList|ContactPoint|FAQPage|ListItem|Organization|Question|SoftwareApplication|WebSite","Organization","98","105","22","9","0","true","{}","Votre liste de lecture n'est pas en désordre. Il lui manque un index"
"/fr/migration/raindrop","https://www.marqly.com/fr/migration/raindrop","200","fr","locale-lander","43","135","948","false","0.6","false","false","true","false","4","true","AggregateOffer|Answer|BreadcrumbList|ContactPoint|FAQPage|ListItem|Organization|Question|SoftwareApplication|WebSite","Organization","98","105","21","9","0","true","{}","Passer de Raindrop à Marqly sans perdre ses favoris"
"/fr/nouvel-onglet","https://www.marqly.com/fr/nouvel-onglet","200","fr","locale-lander","70","170","282","true","0.21","true","false","true","false","21","true","AggregateOffer|Answer|BreadcrumbList|ContactPoint|FAQPage|ListItem|Organization|Question|SoftwareApplication|WebSite","Organization","97","105","21","9","0","true","{}","Vous ouvrez un nouvel onglet 50 fois par jour. Rendez-le vraiment utile"
"/fr/organisateur-de-favoris","https://www.marqly.com/fr/organisateur-de-favoris","200","fr","locale-lander","70","153","249","true","0.23","true","false","true","false","21","true","AggregateOffer|Answer|BreadcrumbList|ContactPoint|FAQPage|ListItem|Organization|Question|SoftwareApplication|WebSite","Organization","97","105","21","9","0","true","{}","Arrêtez de ranger vos favoris. L'IA étiquette tout et retrouve par l'idée"
"/fr/organiser-recettes","https://www.marqly.com/fr/organiser-recettes","200","fr","locale-lander","53","148","841","false","0.75","false","false","true","false","21","true","AggregateOffer|Answer|BreadcrumbList|ContactPoint|FAQPage|ListItem|Organization|Question|SoftwareApplication|WebSite","Organization","98","105","22","9","0","true","{}","Vous avez enregistré la recette. Jeudi à 20 h, vous ne la trouvez pas"
"/fr/organiser-recherche","https://www.marqly.com/fr/organiser-recherche","200","fr","locale-lander","67","154","879","false","0.73","false","false","true","false","21","true","AggregateOffer|Answer|BreadcrumbList|ContactPoint|FAQPage|ListItem|Organization|Question|SoftwareApplication|WebSite","Organization","98","105","22","9","0","true","{}","Chercher est facile. Retrouver ce que vous avez cherché, non"
"/fr/outils/resume-youtube","https://www.marqly.com/fr/outils/resume-youtube","200","fr","locale-lander","69","184","519","false","1.28","false","false","true","false","21","true","Answer|BreadcrumbList|ContactPoint|FAQPage|ListItem|Offer|Organization|Question|WebApplication|WebSite","","99","16","19","9","0","true","{}","Résumez n'importe quelle vidéo YouTube en quelques secondes"
"/fr/outils/transcription-youtube","https://www.marqly.com/fr/outils/transcription-youtube","200","fr","locale-lander","73","169","564","false","1.09","false","false","true","false","21","true","Answer|BreadcrumbList|ContactPoint|FAQPage|ListItem|Offer|Organization|Question|WebApplication|WebSite","","99","13","19","9","0","true","{}","Obtenez la transcription d'une vidéo YouTube"
"/fr/planifier-voyage","https://www.marqly.com/fr/planifier-voyage","200","fr","locale-lander","66","145","929","false","0.82","false","false","true","false","21","true","AggregateOffer|Answer|BreadcrumbList|ContactPoint|FAQPage|ListItem|Organization|Question|SoftwareApplication|WebSite","Organization","98","105","22","9","0","true","{}","Préparer un voyage, c'est quarante onglets et aucune décision"
"/fr/pour-auteurs","https://www.marqly.com/fr/pour-auteurs","200","fr","locale-lander","56","151","903","false","0.71","false","false","true","false","21","true","AggregateOffer|Answer|BreadcrumbList|ContactPoint|FAQPage|ListItem|Organization|Question|SoftwareApplication|WebSite","Organization","98","105","22","9","0","true","{}","L'écriture avance, jusqu'à ce qu'il vous faille la citation lue il y a des mois"
"/fr/pour-avocats","https://www.marqly.com/fr/pour-avocats","200","fr","locale-lander","67","161","258","true","0.23","true","false","true","false","21","true","AggregateOffer|Answer|BreadcrumbList|ContactPoint|FAQPage|ListItem|Organization|Question|SoftwareApplication|WebSite","Organization","97","105","21","9","0","true","{}","Vos lectures juridiques et réglementaires, organisées sans perte de temps"
"/fr/pour-chercheurs","https://www.marqly.com/fr/pour-chercheurs","200","fr","locale-lander","53","136","962","false","0.74","false","false","true","false","21","true","AggregateOffer|Answer|BreadcrumbList|ContactPoint|FAQPage|ListItem|Organization|Question|SoftwareApplication|WebSite","Organization","99","105","22","9","0","true","{}","L'article dont vous avez besoin existe. Le problème est de savoir où il est passé"
"/fr/pour-chercheurs-ux","https://www.marqly.com/fr/pour-chercheurs-ux","200","fr","locale-lander","45","133","207","true","0.18","true","false","true","false","21","true","AggregateOffer|Answer|BreadcrumbList|ContactPoint|FAQPage|ListItem|Organization|Question|SoftwareApplication|WebSite","Organization","97","105","21","9","0","true","{}","Un référentiel de recherche entretenu en minutes, pas en heures"
"/fr/pour-commerciaux","https://www.marqly.com/fr/pour-commerciaux","200","fr","locale-lander","59","141","193","true","0.17","true","false","true","false","21","true","AggregateOffer|Answer|BreadcrumbList|ContactPoint|FAQPage|ListItem|Organization|Question|SoftwareApplication|WebSite","Organization","97","105","21","9","0","true","{}","Chaque information prospect, classée à la seconde où vous l'enregistrez"
"/fr/pour-consultants","https://www.marqly.com/fr/pour-consultants","200","fr","locale-lander","55","140","205","true","0.18","true","false","true","false","21","true","AggregateOffer|Answer|BreadcrumbList|ContactPoint|FAQPage|ListItem|Organization|Question|SoftwareApplication|WebSite","Organization","97","105","21","9","0","true","{}","Une veille client qui s'adapte aussi vite que vous changez de projet"
"/fr/pour-createurs","https://www.marqly.com/fr/pour-createurs","200","fr","locale-lander","59","144","904","false","0.76","false","false","true","false","21","true","AggregateOffer|Answer|BreadcrumbList|ContactPoint|FAQPage|ListItem|Organization|Question|SoftwareApplication|WebSite","Organization","98","105","22","9","0","true","{}","Vous aviez enregistré cette référence parce qu'elle était excellente. Maintenant qu'il vous la faut, elle n'apparaît pas"
"/fr/pour-designers","https://www.marqly.com/fr/pour-designers","200","fr","locale-lander","77","146","257","true","0.22","true","false","true","false","21","true","AggregateOffer|Answer|BreadcrumbList|ContactPoint|FAQPage|ListItem|Organization|Question|SoftwareApplication|WebSite","Organization","97","105","21","9","0","true","{}","Chaque référence visuelle mémorisée, accessible par simple description"
"/fr/pour-developpeurs","https://www.marqly.com/fr/pour-developpeurs","200","fr","locale-lander","54","143","968","false","0.83","false","false","true","false","21","true","AggregateOffer|Answer|BreadcrumbList|ContactPoint|FAQPage|ListItem|Organization|Question|SoftwareApplication|WebSite","Organization","99","105","22","9","0","true","{}","Vous avez résolu ce bug il y a huit mois. La réponse est dans un onglet fermé"
"/fr/pour-doctorants","https://www.marqly.com/fr/pour-doctorants","200","fr","locale-lander","65","165","254","true","0.2","true","false","true","false","21","true","AggregateOffer|Answer|BreadcrumbList|ContactPoint|FAQPage|ListItem|Organization|Question|SoftwareApplication|WebSite","Organization","97","105","21","9","0","true","{}","Pilotez la revue de littérature de votre thèse depuis une bibliothèque unique"
"/fr/pour-enseignants","https://www.marqly.com/fr/pour-enseignants","200","fr","locale-lander","50","146","961","false","0.84","false","false","true","false","21","true","AggregateOffer|Answer|BreadcrumbList|ContactPoint|FAQPage|ListItem|Organization|Question|SoftwareApplication|WebSite","Organization","98","105","22","9","0","true","{}","Les supports préparés l'an dernier existent toujours. Les retrouver est une autre affaire"
"/fr/pour-fondateurs","https://www.marqly.com/fr/pour-fondateurs","200","fr","locale-lander","56","151","234","true","0.21","true","false","true","false","21","true","AggregateOffer|Answer|BreadcrumbList|ContactPoint|FAQPage|ListItem|Organization|Question|SoftwareApplication|WebSite","Organization","97","105","21","9","0","true","{}","Une veille concurrentielle capturée en secondes, exploitable pendant des années"
"/fr/pour-immobilier","https://www.marqly.com/fr/pour-immobilier","200","fr","locale-lander","54","157","253","true","0.23","true","false","true","false","21","true","AggregateOffer|Answer|BreadcrumbList|ContactPoint|FAQPage|ListItem|Organization|Question|SoftwareApplication|WebSite","Organization","97","105","21","9","0","true","{}","Toutes vos recherches de biens, organisées par client et sans effort"
"/fr/pour-journalistes","https://www.marqly.com/fr/pour-journalistes","200","fr","locale-lander","62","150","913","false","0.69","false","false","true","false","21","true","AggregateOffer|Answer|BreadcrumbList|ContactPoint|FAQPage|ListItem|Organization|Question|SoftwareApplication|WebSite","Organization","99","105","22","9","0","true","{}","La source que vous avez citée ne dit plus la même chose"
"/fr/pour-marketing","https://www.marqly.com/fr/pour-marketing","200","fr","locale-lander","65","150","853","false","0.73","false","false","true","false","21","true","AggregateOffer|Answer|BreadcrumbList|ContactPoint|FAQPage|ListItem|Organization|Question|SoftwareApplication|WebSite","Organization","98","105","22","9","0","true","{}","La landing du concurrent que vous vouliez montrer n'existe plus"
"/fr/pour-product-managers","https://www.marqly.com/fr/pour-product-managers","200","fr","locale-lander","59","136","227","true","0.2","true","false","true","false","21","true","AggregateOffer|Answer|BreadcrumbList|ContactPoint|FAQPage|ListItem|Organization|Question|SoftwareApplication|WebSite","Organization","97","105","21","9","0","true","{}","Chaque analyse, retour d'utilisateur et source de PRD au même endroit"
"/fr/pour-recruteurs","https://www.marqly.com/fr/pour-recruteurs","200","fr","locale-lander","59","160","270","true","0.24","true","false","true","false","21","true","AggregateOffer|Answer|BreadcrumbList|ContactPoint|FAQPage|ListItem|Organization|Question|SoftwareApplication|WebSite","Organization","97","105","21","9","0","true","{}","Ne perdez plus les meilleurs profils au fond d'un océan d'onglets"
"/fr/pour-universitaires","https://www.marqly.com/fr/pour-universitaires","200","fr","locale-lander","66","168","269","true","0.24","true","false","true","false","21","true","AggregateOffer|Answer|BreadcrumbList|ContactPoint|FAQPage|ListItem|Organization|Question|SoftwareApplication|WebSite","Organization","97","105","21","9","0","true","{}","Suivre la littérature scientifique sans se noyer sous les onglets"
"/fr/recherche-emploi","https://www.marqly.com/fr/recherche-emploi","200","fr","locale-lander","67","173","260","true","0.23","true","false","true","false","21","true","AggregateOffer|Answer|BreadcrumbList|ContactPoint|FAQPage|ListItem|Organization|Question|SoftwareApplication|WebSite","Organization","97","105","21","9","0","true","{}","Chaque offre, grille de salaire et note d'entretien au même endroit"
"/fr/resumer-youtube","https://www.marqly.com/fr/resumer-youtube","200","fr","locale-lander","67","157","247","true","0.22","true","false","true","false","21","true","AggregateOffer|Answer|BreadcrumbList|ContactPoint|FAQPage|ListItem|Organization|Question|SoftwareApplication|WebSite","Organization","97","105","21","9","0","true","{}","Sachez ce que contient la vidéo avant d'y consacrer 40 minutes"
"/fr/sauvegarder-onglets","https://www.marqly.com/fr/sauvegarder-onglets","200","fr","locale-lander","50","160","1174","false","1.05","false","false","true","false","21","true","AggregateOffer|Answer|BreadcrumbList|ContactPoint|FAQPage|ListItem|Organization|Question|SoftwareApplication|WebSite","Organization","97","105","22","9","0","true","{}","Sauvegardez tous vos onglets, fermez sans rien perdre"
"/fr/second-cerveau","https://www.marqly.com/fr/second-cerveau","200","fr","locale-lander","57","161","937","false","0.85","false","false","true","false","21","true","AggregateOffer|Answer|BreadcrumbList|ContactPoint|FAQPage|ListItem|Organization|Question|SoftwareApplication|WebSite","Organization","97","105","22","9","0","true","{}","Presque tous les seconds cerveaux meurent pour la même raison"
"/fr/surligner-page-web","https://www.marqly.com/fr/surligner-page-web","200","fr","locale-lander","44","152","1241","false","1.1","false","false","true","false","21","true","AggregateOffer|Answer|BreadcrumbList|ContactPoint|FAQPage|ListItem|Organization|Question|SoftwareApplication|WebSite","Organization","98","105","22","9","0","true","{}","Surlignez le web comme vous surlignez un livre"
"/fr/swipe-file","https://www.marqly.com/fr/swipe-file","200","fr","locale-lander","66","147","261","true","0.23","true","false","true","false","21","true","AggregateOffer|Answer|BreadcrumbList|ContactPoint|FAQPage|ListItem|Organization|Question|SoftwareApplication|WebSite","Organization","97","105","21","9","0","true","{}","Gardez chaque publicité et accroche brillante — retrouvez-la au moment clé"
"/fr/synchroniser-favoris","https://www.marqly.com/fr/synchroniser-favoris","200","fr","locale-lander","64","161","226","true","0.2","true","false","true","false","21","true","AggregateOffer|Answer|BreadcrumbList|ContactPoint|FAQPage|ListItem|Organization|Question|SoftwareApplication|WebSite","Organization","97","105","21","9","0","true","{}","Enregistrez dans un navigateur. Retrouvez dans tous les autres"
"/fr/veille-informationnelle","https://www.marqly.com/fr/veille-informationnelle","200","fr","locale-lander","49","153","1290","false","","false","true","true","false","0","false","AggregateOffer|Answer|BreadcrumbList|ContactPoint|FAQPage|ListItem|Organization|Question|SoftwareApplication|WebSite","Organization","100","105","22","9","0","true","{}","Mettez votre veille informationnelle en pilote automatique"
"/it","https://www.marqly.com/it","200","it","locale-home","37","156","1279","false","0.38","true","false","true","false","21","true","AggregateOffer|Answer|BreadcrumbList|ContactPoint|FAQPage|ListItem|Organization|Question|SoftwareApplication|WebSite","Organization","100","1913","22","9","0","true","{}","Salva un link oggi, ritrovalo fra sei mesi"
"/it/alternative/evernote","https://www.marqly.com/it/alternative/evernote","200","it","locale-lander","67","143","842","false","0.44","true","false","true","false","21","true","AggregateOffer|Answer|BreadcrumbList|ContactPoint|FAQPage|ListItem|Organization|Question|SoftwareApplication|WebSite","Organization","96","104","22","9","0","true","{}","Alternative a Evernote, partendo da quanto di Evernote usi davvero"
"/it/alternative/instapaper","https://www.marqly.com/it/alternative/instapaper","200","it","locale-lander","60","140","771","false","0.4","true","false","true","false","21","true","AggregateOffer|Answer|BreadcrumbList|ContactPoint|FAQPage|ListItem|Organization|Question|SoftwareApplication|WebSite","Organization","96","104","22","9","0","true","{}","Alternative a Instapaper, in base a cosa ti manca"
"/it/alternative/notion","https://www.marqly.com/it/alternative/notion","200","it","locale-lander","51","134","820","false","0.42","true","false","true","false","21","true","AggregateOffer|Answer|BreadcrumbList|ContactPoint|FAQPage|ListItem|Organization|Question|SoftwareApplication|WebSite","Organization","96","104","22","9","0","true","{}","Alternative a Notion quando il tuo database di link è diventato una discarica"
"/it/alternative/pocket","https://www.marqly.com/it/alternative/pocket","200","it","locale-lander","50","137","960","false","0.58","false","false","true","false","21","true","AggregateOffer|Answer|BreadcrumbList|ContactPoint|FAQPage|ListItem|Organization|Question|SoftwareApplication|WebSite","Organization","96","104","22","9","0","true","{}","Alternative a Pocket, in base all'uso che ne facevi"
"/it/alternative/raindrop","https://www.marqly.com/it/alternative/raindrop","200","it","locale-lander","58","147","867","false","0.43","true","false","true","false","21","true","AggregateOffer|Answer|BreadcrumbList|ContactPoint|FAQPage|ListItem|Organization|Question|SoftwareApplication|WebSite","Organization","96","104","22","9","0","true","{}","Alternative a Raindrop.io, in base al motivo per cui stai uscendo"
"/it/blog","https://www.marqly.com/it/blog","200","it","locale-blog-index","65","144","1785","false","2.3","false","false","true","false","21","true","Blog|BlogPosting","","133","104","17","36","0","true","{""datePublished"":""2026-08-02""}","Salva con metodo. Ritrova tutto."
"/it/blog/alternativa-a-notion-web-clipper-2026","https://www.marqly.com/it/blog/alternativa-a-notion-web-clipper-2026","200","it","locale-blog","57","149","460","false","0.53","false","false","true","false","21","true","AggregateOffer|Answer|BlogPosting|BreadcrumbList|ContactPoint|FAQPage|ImageObject|ListItem|Organization|Question|SoftwareApplication|WebPage","Organization","101","1","19","10","0","true","{""datePublished"":""2026-04-04"",""dateModified"":""2026-09-07""}","La migliore alternativa a Notion Web Clipper per salvare e ritrovare articoli (2026)"
"/it/blog/alternative-a-pocket-2026","https://www.marqly.com/it/blog/alternative-a-pocket-2026","200","it","locale-blog","59","155","3230","false","1.01","false","false","true","false","21","true","AggregateOffer|Answer|BlogPosting|BreadcrumbList|ContactPoint|FAQPage|ImageObject|ListItem|Organization|Question|SoftwareApplication|WebPage","Organization","108","7","20","10","0","true","{""datePublished"":""2026-05-12"",""dateModified"":""2026-06-23""}","Le 8 migliori alternative a Pocket nel 2026 (dopo la chiusura di Mozilla)"
"/it/blog/chattare-con-video-youtube-2026","https://www.marqly.com/it/blog/chattare-con-video-youtube-2026","200","it","locale-blog","58","138","459","false","0.23","true","false","true","false","21","true","AggregateOffer|Answer|BlogPosting|BreadcrumbList|ContactPoint|FAQPage|ImageObject|ListItem|Organization|Question|SoftwareApplication|WebPage","Organization","97","1","19","10","0","true","{""datePublished"":""2026-07-04"",""dateModified"":""2026-09-07""}","Come chattare con un video di YouTube (fare domande e ottenere risposte vere)"
"/it/blog/come-chattare-con-i-propri-articoli-salvati-2026","https://www.marqly.com/it/blog/come-chattare-con-i-propri-articoli-salvati-2026","200","it","locale-blog","59","156","412","false","0.37","true","false","true","false","21","true","AggregateOffer|Answer|BlogPosting|BreadcrumbList|ContactPoint|FAQPage|ImageObject|ListItem|Organization|Question|SoftwareApplication|WebPage","Organization","101","2","19","10","0","true","{""datePublished"":""2026-05-14"",""dateModified"":""2026-09-07""}","Come chattare con i propri articoli salvati e segnalibri nel 2026"
"/it/blog/come-creare-un-secondo-cervello-2026","https://www.marqly.com/it/blog/come-creare-un-secondo-cervello-2026","200","it","locale-blog","69","164","752","false","0.69","false","false","true","false","21","true","AggregateOffer|Answer|BlogPosting|BreadcrumbList|ContactPoint|FAQPage|ImageObject|ListItem|Organization|Question|SoftwareApplication|WebPage","Organization","98","4","18","10","0","true","{""datePublished"":""2026-03-13"",""dateModified"":""2026-09-07""}","Come creare un secondo cervello nel 2026 (senza manutenzione manuale)"
"/it/blog/come-esportare-guarda-piu-tardi-di-youtube-2026","https://www.marqly.com/it/blog/come-esportare-guarda-piu-tardi-di-youtube-2026","200","it","locale-blog","55","147","450","false","0.25","true","false","true","false","21","true","AggregateOffer|Answer|BlogPosting|BreadcrumbList|ContactPoint|FAQPage|ImageObject|ListItem|Organization|Question|SoftwareApplication|WebPage","Organization","96","104","19","9","0","true","{""datePublished"":""2026-08-16"",""dateModified"":""2026-09-07""}","Come esportare la playlist «Guarda più tardi» di YouTube nel 2026"
"/it/blog/come-esportare-i-post-salvati-di-instagram-2026","https://www.marqly.com/it/blog/come-esportare-i-post-salvati-di-instagram-2026","200","it","locale-blog","58","165","433","false","0.24","true","false","true","false","21","true","AggregateOffer|Answer|BlogPosting|BreadcrumbList|ContactPoint|FAQPage|ImageObject|ListItem|Organization|Question|SoftwareApplication|WebPage","Organization","96","104","19","9","0","true","{""datePublished"":""2026-08-16"",""dateModified"":""2026-09-07""}","Come esportare i post salvati di Instagram nel 2026 (Guida dettagliata)"
"/it/blog/come-esportare-i-post-salvati-di-reddit-2026","https://www.marqly.com/it/blog/come-esportare-i-post-salvati-di-reddit-2026","200","it","locale-blog","55","166","547","false","0.32","true","false","true","false","21","true","AggregateOffer|Answer|BlogPosting|BreadcrumbList|ContactPoint|FAQPage|ImageObject|ListItem|Organization|Question|SoftwareApplication|WebPage","Organization","96","104","19","9","0","true","{""datePublished"":""2026-08-02"",""dateModified"":""2026-09-07""}","Come esportare i post salvati di Reddit nel 2026 (Guida passo dopo passo)"
"/it/blog/come-esportare-i-segnalibri-di-twitter-x-2026","https://www.marqly.com/it/blog/come-esportare-i-segnalibri-di-twitter-x-2026","200","it","locale-blog","55","154","498","false","0.28","true","false","true","false","21","true","AggregateOffer|Answer|BlogPosting|BreadcrumbList|ContactPoint|FAQPage|ImageObject|ListItem|Organization|Question|SoftwareApplication|WebPage","Organization","96","104","19","9","0","true","{""datePublished"":""2026-08-02"",""dateModified"":""2026-09-07""}","Come esportare i segnalibri di X (Twitter) nel 2026 (Tutti i metodi funzionanti)"
"/it/blog/come-esportare-migrare-dati-pocket-2026","https://www.marqly.com/it/blog/come-esportare-migrare-dati-pocket-2026","200","it","locale-blog","58","136","427","false","0.43","true","false","true","false","21","true","AggregateOffer|Answer|BlogPosting|BreadcrumbList|ContactPoint|FAQPage|ImageObject|ListItem|Organization|Question|SoftwareApplication|WebPage","Organization","97","1","19","10","0","true","{""datePublished"":""2026-05-08"",""dateModified"":""2026-05-08""}","Come esportare e migrare i dati di Pocket nel 2026 (Guida passo passo)"
"/it/blog/come-evidenziare-testo-su-qualsiasi-sito-2026","https://www.marqly.com/it/blog/come-evidenziare-testo-su-qualsiasi-sito-2026","200","it","locale-blog","51","145","541","false","0.28","true","false","true","false","21","true","AggregateOffer|Answer|BlogPosting|BreadcrumbList|ContactPoint|FAQPage|ImageObject|ListItem|Organization|Question|SoftwareApplication|WebPage","Organization","98","2","18","10","0","true","{""datePublished"":""2026-07-04"",""dateModified"":""2026-09-07""}","Come evidenziare testo su qualsiasi sito web (e conservarlo per sempre)"
"/it/blog/come-trovare-un-articolo-salvato-se-hai-dimenticato-il-titolo-2026","https://www.marqly.com/it/blog/come-trovare-un-articolo-salvato-se-hai-dimenticato-il-titolo-2026","200","it","locale-blog","55","162","527","false","0.51","false","false","true","false","21","true","AggregateOffer|Answer|BlogPosting|BreadcrumbList|ContactPoint|FAQPage|ImageObject|ListItem|Organization|Question|SoftwareApplication|WebPage","Organization","100","2","19","10","0","true","{""datePublished"":""2026-05-22"",""dateModified"":""2026-09-07""}","Come trovare un articolo salvato se hai dimenticato il titolo nel 2026"
"/it/blog/cos-e-la-ricerca-semantica","https://www.marqly.com/it/blog/cos-e-la-ricerca-semantica","200","it","locale-blog","56","143","905","false","0.82","false","false","true","false","21","true","AggregateOffer|Answer|BlogPosting|BreadcrumbList|ContactPoint|FAQPage|ImageObject|ListItem|Organization|Question|SoftwareApplication|WebPage","Organization","96","104","19","9","0","true","{""datePublished"":""2026-08-16"",""dateModified"":""2026-08-16""}","Cos'è la ricerca semantica e perché cambia il modo in cui salvi le cose"
"/it/blog/cos-e-un-app-secondo-cervello-2026","https://www.marqly.com/it/blog/cos-e-un-app-secondo-cervello-2026","200","it","locale-blog","49","158","400","false","0.14","true","false","true","false","21","true","AggregateOffer|Answer|BlogPosting|BreadcrumbList|ContactPoint|FAQPage|ImageObject|ListItem|Organization|Question|SoftwareApplication|WebPage","Organization","98","2","19","10","0","true","{""datePublished"":""2026-04-28"",""dateModified"":""2026-09-07""}","Cos'è un'app di secondo cervello? (E come crearne uno con i tuoi segnalibri nel 2026)"
"/it/blog/cos-e-un-secondo-cervello-con-ia-2026","https://www.marqly.com/it/blog/cos-e-un-secondo-cervello-con-ia-2026","200","it","locale-blog","49","163","396","false","0.39","true","false","true","false","21","true","AggregateOffer|Answer|BlogPosting|BreadcrumbList|ContactPoint|FAQPage|ImageObject|ListItem|Organization|Question|SoftwareApplication|WebPage","Organization","99","4","19","10","0","true","{""datePublished"":""2026-05-20"",""dateModified"":""2026-09-07""}","Cos'è un secondo cervello con IA? Guida semplice e pratica (2026)"
"/it/blog/cosa-contiene-il-file-di-esportazione-pocket-2026","https://www.marqly.com/it/blog/cosa-contiene-il-file-di-esportazione-pocket-2026","200","it","locale-blog","56","148","239","true","0.1","true","false","true","false","21","true","AggregateOffer|Answer|BlogPosting|BreadcrumbList|ContactPoint|FAQPage|ImageObject|ListItem|Organization|Question|SoftwareApplication|WebPage","Organization","97","1","19","10","0","true","{""datePublished"":""2026-06-23"",""dateModified"":""2026-06-23""}","Cosa contiene davvero il file di esportazione di Pocket (e come usarlo)"
"/it/blog/decluttering-digitale-capodanno","https://www.marqly.com/it/blog/decluttering-digitale-capodanno","200","it","locale-blog","64","168","1007","false","0.61","false","false","true","false","21","true","AggregateOffer|Answer|BlogPosting|BreadcrumbList|ContactPoint|FAQPage|ImageObject|ListItem|Organization|Question|SoftwareApplication|WebPage","Organization","99","1","19","9","0","true","{""datePublished"":""2026-08-02"",""dateModified"":""2026-08-02""}","La Checklist di Decluttering Digitale di Capodanno: Schede, Segnalibri, Liste e Abbonamenti"
"/it/blog/esportare-preferiti-chrome","https://www.marqly.com/it/blog/esportare-preferiti-chrome","200","it","locale-blog","68","132","839","false","0.34","true","false","true","false","21","true","AggregateOffer|Answer|BlogPosting|BreadcrumbList|ContactPoint|FAQPage|ImageObject|ListItem|Organization|Question|SoftwareApplication|WebPage","Organization","96","104","19","9","0","true","{""datePublished"":""2026-08-16"",""dateModified"":""2026-08-16""}","Come esportare i preferiti di Chrome (e cosa farne)"
"/it/blog/gestori-di-segnalibri-ia-ricerca-semantica-confronto-2026","https://www.marqly.com/it/blog/gestori-di-segnalibri-ia-ricerca-semantica-confronto-2026","200","it","locale-blog","65","138","636","false","0.28","true","false","true","false","21","true","AggregateOffer|Answer|BlogPosting|BreadcrumbList|ContactPoint|FAQPage|ImageObject|ListItem|Organization|Question|SoftwareApplication|WebPage","Organization","101","9","18","10","0","true","{""datePublished"":""2026-06-23"",""dateModified"":""2026-06-23""}","Quali gestori di segnalibri IA cercano davvero per significato? (8 a confronto)"
"/it/blog/lia-puo-organizzare-i-miei-segnalibri-2026","https://www.marqly.com/it/blog/lia-puo-organizzare-i-miei-segnalibri-2026","200","it","locale-blog","71","158","409","false","0.41","true","false","true","false","21","true","AggregateOffer|Answer|BlogPosting|BreadcrumbList|ContactPoint|FAQPage|ImageObject|ListItem|Organization|Question|SoftwareApplication|WebPage","Organization","97","1","18","10","0","true","{""datePublished"":""2026-05-16"",""dateModified"":""2026-09-07""}","L'IA può organizzare i miei segnalibri automaticamente? Sì — ecco come"
"/it/blog/metodo-para-per-i-segnalibri-2026","https://www.marqly.com/it/blog/metodo-para-per-i-segnalibri-2026","200","it","locale-blog","63","147","509","false","0.3","true","false","true","false","21","true","AggregateOffer|Answer|BlogPosting|BreadcrumbList|ContactPoint|FAQPage|ImageObject|ListItem|Organization|Question|SoftwareApplication|WebPage","Organization","97","2","18","10","0","true","{""datePublished"":""2026-08-02"",""dateModified"":""2026-09-07""}","Il metodo PARA per i segnalibri: configurazione e limiti (2026)"
"/it/blog/migliori-alternative-a-instapaper-2026","https://www.marqly.com/it/blog/migliori-alternative-a-instapaper-2026","200","it","locale-blog","64","139","182","true","0.23","true","false","true","false","21","true","AggregateOffer|Answer|BlogPosting|BreadcrumbList|ContactPoint|FAQPage|ImageObject|ListItem|Organization|Question|SoftwareApplication|WebPage","Organization","101","2","19","10","0","true","{""datePublished"":""2026-04-09"",""dateModified"":""2026-04-09""}","Le migliori alternative a Instapaper nel 2026 (Oltre il semplice minimalismo)"
"/it/blog/migliori-alternative-self-hosted-a-pocket-2026","https://www.marqly.com/it/blog/migliori-alternative-self-hosted-a-pocket-2026","200","it","locale-blog","57","135","196","true","0.08","true","false","true","false","21","true","AggregateOffer|Answer|BlogPosting|BreadcrumbList|ContactPoint|FAQPage|ImageObject|ListItem|Organization|Question|SoftwareApplication|WebPage","Organization","101","1","19","10","0","true","{""datePublished"":""2026-06-23"",""dateModified"":""2026-06-23""}","Le migliori alternative self-hosted a Pocket nel 2026 (E quando conviene il cloud)"
"/it/blog/migliori-app-salva-e-leggi-dopo-2026","https://www.marqly.com/it/blog/migliori-app-salva-e-leggi-dopo-2026","200","it","locale-blog","59","149","1147","false","1.09","false","false","true","false","21","true","AggregateOffer|Answer|BlogPosting|BreadcrumbList|ContactPoint|FAQPage|ImageObject|ListItem|Organization|Question|SoftwareApplication|WebPage","Organization","106","1","20","10","0","true","{""datePublished"":""2026-03-19"",""dateModified"":""2026-06-23""}","Le 9 migliori app per salvare e leggere dopo nel 2026 (testate e classificate)"
"/it/blog/migliori-app-secondo-cervello-2026","https://www.marqly.com/it/blog/migliori-app-secondo-cervello-2026","200","it","locale-blog","47","145","440","false","0.18","true","false","true","false","21","true","AggregateOffer|Answer|BlogPosting|BreadcrumbList|ContactPoint|FAQPage|ImageObject|ListItem|Organization|Question|SoftwareApplication|WebPage","Organization","101","1","19","10","0","true","{""datePublished"":""2026-06-23"",""dateModified"":""2026-09-07""}","Le 7 migliori app di secondo cervello nel 2026 (a confronto)"
"/it/blog/migliori-evidenziatori-web-2026","https://www.marqly.com/it/blog/migliori-evidenziatori-web-2026","200","it","locale-blog","65","153","402","false","0.22","true","false","true","false","21","true","AggregateOffer|Answer|BlogPosting|BreadcrumbList|ContactPoint|FAQPage|ImageObject|ListItem|Organization|Question|SoftwareApplication|WebPage","Organization","101","13","19","10","0","true","{""datePublished"":""2026-08-02"",""dateModified"":""2026-09-07""}","I 6 migliori evidenziatori web nel 2026 (testati su pagine reali)"
"/it/blog/migliori-gestori-schede-2026","https://www.marqly.com/it/blog/migliori-gestori-schede-2026","200","it","locale-blog","67","163","418","false","0.23","true","false","true","false","21","true","AggregateOffer|Answer|BlogPosting|BreadcrumbList|ContactPoint|FAQPage|ImageObject|ListItem|Organization|Question|SoftwareApplication|WebPage","Organization","101","12","18","9","0","true","{""datePublished"":""2026-08-02"",""dateModified"":""2026-09-07""}","I 5 migliori gestori di schede nel 2026 (per le tue reali esigenze)"
"/it/blog/migliori-gestori-segnalibri-gratis-2026","https://www.marqly.com/it/blog/migliori-gestori-segnalibri-gratis-2026","200","it","locale-blog","65","156","419","false","0.21","true","false","true","false","21","true","AggregateOffer|Answer|BlogPosting|BreadcrumbList|ContactPoint|FAQPage|ImageObject|ListItem|Organization|Question|SoftwareApplication|WebPage","Organization","101","12","19","10","0","true","{""datePublished"":""2026-08-02"",""dateModified"":""2026-09-07""}","I 5 migliori gestori di segnalibri gratuiti nel 2026 (davvero gratuiti)"
"/it/blog/migliori-gestori-segnalibri-ia-2026","https://www.marqly.com/it/blog/migliori-gestori-segnalibri-ia-2026","200","it","locale-blog","47","136","473","false","0.17","true","false","true","false","21","true","AggregateOffer|Answer|BlogPosting|BreadcrumbList|ContactPoint|FAQPage|ImageObject|ListItem|Organization|Question|SoftwareApplication|WebPage","Organization","101","4","20","10","0","true","{""datePublished"":""2026-05-05"",""dateModified"":""2026-06-23""}","I Migliori Gestori di Segnalibri con AI nel 2026: Cosa Cercare e 5 App da Provare"
"/it/blog/migliori-riassunti-video-youtube-ia-2026","https://www.marqly.com/it/blog/migliori-riassunti-video-youtube-ia-2026","200","it","locale-blog","84","164","575","false","0.31","true","false","true","false","21","true","AggregateOffer|Answer|BlogPosting|BreadcrumbList|ContactPoint|FAQPage|ImageObject|ListItem|Organization|Question|SoftwareApplication|WebPage","Organization","102","10","18","9","0","true","{""datePublished"":""2026-08-02"",""dateModified"":""2026-09-07""}","I 6 migliori strumenti IA per riassumere video YouTube nel 2026 (Confronto reale)"
"/it/blog/organizzare-preferiti-browser","https://www.marqly.com/it/blog/organizzare-preferiti-browser","200","it","locale-blog","62","144","945","false","0.29","true","false","true","false","21","true","AggregateOffer|Answer|BlogPosting|BreadcrumbList|ContactPoint|FAQPage|ImageObject|ListItem|Organization|Question|SoftwareApplication|WebPage","Organization","96","104","19","9","0","true","{""datePublished"":""2026-08-16"",""dateModified"":""2026-08-16""}","Come organizzare i preferiti del browser una volta per tutte"
"/it/blog/ottenere-trascrizione-youtube","https://www.marqly.com/it/blog/ottenere-trascrizione-youtube","200","it","locale-blog","58","167","613","false","0.31","true","false","true","false","21","true","AggregateOffer|Answer|BlogPosting|BreadcrumbList|ContactPoint|FAQPage|ImageObject|ListItem|Organization|Question|SoftwareApplication|WebPage","Organization","99","1","18","10","0","true","{""datePublished"":""2026-07-04"",""dateModified"":""2026-09-07""}","Come ottenere la trascrizione di un video YouTube (3 Metodi, 2026)"
"/it/blog/perche-salvi-articoli-che-non-leggi","https://www.marqly.com/it/blog/perche-salvi-articoli-che-non-leggi","200","it","locale-blog","49","144","961","false","","false","true","true","false","0","false","AggregateOffer|Answer|BlogPosting|BreadcrumbList|ContactPoint|FAQPage|ImageObject|ListItem|Organization|Question|SoftwareApplication|WebPage","Organization","96","104","19","9","0","true","{""datePublished"":""2026-08-16"",""dateModified"":""2026-08-16""}","Perché salvi articoli che non leggi mai (e come smettere di sentirti in colpa)"
"/it/blog/recensione-instapaper-2026","https://www.marqly.com/it/blog/recensione-instapaper-2026","200","it","locale-blog","55","122","167","true","0.1","true","false","true","false","21","true","AggregateOffer|Answer|BlogPosting|BreadcrumbList|ContactPoint|FAQPage|ImageObject|ListItem|Organization|Question|SoftwareApplication|WebPage","Organization","101","6","19","9","0","true","{""datePublished"":""2026-08-02"",""dateModified"":""2026-08-02""}","Recensione Instapaper 2026: Ottima lettura, ma il prezzo è raddoppiato"
"/it/blog/recensione-karakeep-2026","https://www.marqly.com/it/blog/recensione-karakeep-2026","200","it","locale-blog","63","124","167","true","0.1","true","false","true","false","21","true","AggregateOffer|Answer|BlogPosting|BreadcrumbList|ContactPoint|FAQPage|ImageObject|ListItem|Organization|Question|SoftwareApplication|WebPage","Organization","101","6","19","9","0","true","{""datePublished"":""2026-08-02"",""dateModified"":""2026-08-02""}","Recensione Karakeep 2026: I segnalibri self-hosted con vera intelligenza artificiale"
"/it/blog/recensione-linkwarden-2026","https://www.marqly.com/it/blog/recensione-linkwarden-2026","200","it","locale-blog","55","130","163","true","0.1","true","false","true","false","21","true","AggregateOffer|Answer|BlogPosting|BreadcrumbList|ContactPoint|FAQPage|ImageObject|ListItem|Organization|Question|SoftwareApplication|WebPage","Organization","101","6","19","9","0","true","{""datePublished"":""2026-08-02"",""dateModified"":""2026-08-02""}","Recensione Linkwarden 2026: Il gestore di segnalibri open source per archivisti"
"/it/blog/recensione-marqly-2026","https://www.marqly.com/it/blog/recensione-marqly-2026","200","it","locale-blog","55","113","157","true","0.16","true","false","true","false","21","true","AggregateOffer|Answer|BlogPosting|BreadcrumbList|ContactPoint|FAQPage|ImageObject|ListItem|Organization|Question|SoftwareApplication|WebPage","Organization","100","1","18","10","0","true","{""datePublished"":""2026-02-26"",""dateModified"":""2026-02-26""}","Recensione Marqly 2026: Funzionalità, prezzi, pro e contro"
"/it/blog/recensione-mymind-2026","https://www.marqly.com/it/blog/recensione-mymind-2026","200","it","locale-blog","52","164","1273","false","0.71","false","false","true","false","21","true","AggregateOffer|Answer|BlogPosting|BreadcrumbList|ContactPoint|FAQPage|ImageObject|ListItem|Organization|Question|SoftwareApplication|WebPage","Organization","104","6","19","9","0","true","{""datePublished"":""2026-08-02"",""dateModified"":""2026-08-02""}","Recensione mymind 2026: Bello, Privato e non per Tutti"
"/it/blog/recensione-raindrop-io-2026","https://www.marqly.com/it/blog/recensione-raindrop-io-2026","200","it","locale-blog","60","127","185","true","0.1","true","false","true","false","21","true","AggregateOffer|Answer|BlogPosting|BreadcrumbList|ContactPoint|FAQPage|ImageObject|ListItem|Organization|Question|SoftwareApplication|WebPage","Organization","101","5","19","9","0","true","{""datePublished"":""2026-08-02"",""dateModified"":""2026-08-02""}","Recensione Raindrop.io 2026: Il miglior gestore di segnalibri tradizionale"
"/it/blog/recensione-readwise-reader-2026","https://www.marqly.com/it/blog/recensione-readwise-reader-2026","200","it","locale-blog","63","133","163","true","0.1","true","false","true","false","21","true","AggregateOffer|Answer|BlogPosting|BreadcrumbList|ContactPoint|FAQPage|ImageObject|ListItem|Organization|Question|SoftwareApplication|WebPage","Organization","101","1","19","9","0","true","{""datePublished"":""2026-08-02"",""dateModified"":""2026-08-02""}","Recensione Readwise Reader 2026: Lo strumento definitivo per i lettori seriali"
"/it/blog/riassumere-video-youtube-con-ia-2026","https://www.marqly.com/it/blog/riassumere-video-youtube-con-ia-2026","200","it","locale-blog","55","153","576","false","0.29","true","false","true","false","21","true","AggregateOffer|Answer|BlogPosting|BreadcrumbList|ContactPoint|FAQPage|ImageObject|ListItem|Organization|Question|SoftwareApplication|WebPage","Organization","97","2","19","10","0","true","{""datePublished"":""2026-07-04"",""dateModified"":""2026-09-07""}","Come riassumere i video di YouTube con l'IA (direttamente sulla pagina di visione)"
"/it/blog/salvare-pagina-web-in-pdf","https://www.marqly.com/it/blog/salvare-pagina-web-in-pdf","200","it","locale-blog","64","148","473","false","0.24","true","false","true","false","21","true","AggregateOffer|Answer|BlogPosting|BreadcrumbList|ContactPoint|FAQPage|ImageObject|ListItem|Organization|Question|SoftwareApplication|WebPage","Organization","97","1","18","10","0","true","{""datePublished"":""2026-07-04"",""dateModified"":""2026-09-07""}","Come salvare una pagina web in PDF (senza tagliare il layout)"
"/it/blog/salvare-video-youtube-da-guardare-piu-tardi-2026","https://www.marqly.com/it/blog/salvare-video-youtube-da-guardare-piu-tardi-2026","200","it","locale-blog","59","137","627","false","0.6","false","false","true","false","21","true","AggregateOffer|Answer|BlogPosting|BreadcrumbList|ContactPoint|FAQPage|ImageObject|ListItem|Organization|Question|SoftwareApplication|WebPage","Organization","97","2","18","10","0","true","{""datePublished"":""2026-03-08"",""dateModified"":""2026-09-07""}","Come salvare i video di YouTube da guardare più tardi (e trovarli davvero)"
"/it/blog/segnalibri-chrome-non-si-sincronizzano-soluzione-2026","https://www.marqly.com/it/blog/segnalibri-chrome-non-si-sincronizzano-soluzione-2026","200","it","locale-blog","67","147","516","false","0.3","true","false","true","false","21","true","AggregateOffer|Answer|BlogPosting|BreadcrumbList|ContactPoint|FAQPage|ImageObject|ListItem|Organization|Question|SoftwareApplication|WebPage","Organization","97","1","19","9","0","true","{""datePublished"":""2026-08-02"",""dateModified"":""2026-08-02""}","I segnalibri di Chrome non si sincronizzano? 8 soluzioni efficaci (2026)"
"/it/blog/smetti-di-organizzare-i-segnalibri-cartelle-obsolete-2026","https://www.marqly.com/it/blog/smetti-di-organizzare-i-segnalibri-cartelle-obsolete-2026","200","it","locale-blog","65","176","568","false","0.26","true","false","true","false","21","true","AggregateOffer|Answer|BlogPosting|BreadcrumbList|ContactPoint|FAQPage|ImageObject|ListItem|Organization|Question|SoftwareApplication|WebPage","Organization","97","1","19","10","0","true","{""datePublished"":""2026-06-23"",""dateModified"":""2026-09-07""}","Smetti di organizzare i segnalibri: perché le cartelle sono obsolete nel 2026"
"/it/confronto/marqly-vs-evernote","https://www.marqly.com/it/confronto/marqly-vs-evernote","200","it","locale-lander","52","142","863","false","0.5","false","false","true","false","21","true","AggregateOffer|Answer|BreadcrumbList|ContactPoint|FAQPage|ListItem|Organization|Question|SoftwareApplication|WebSite","Organization","96","104","22","9","0","true","{}","Marqly vs Evernote: una suite di note contro una libreria di link"
"/it/confronto/marqly-vs-instapaper","https://www.marqly.com/it/confronto/marqly-vs-instapaper","200","it","locale-lander","61","149","887","false","0.52","false","false","true","false","21","true","AggregateOffer|Answer|BreadcrumbList|ContactPoint|FAQPage|ListItem|Organization|Question|SoftwareApplication|WebSite","Organization","96","104","22","9","0","true","{}","Marqly vs Instapaper: leggere bene o ritrovare bene"
"/it/confronto/marqly-vs-matter","https://www.marqly.com/it/confronto/marqly-vs-matter","200","it","locale-lander","62","142","808","false","0.45","true","false","true","false","21","true","AggregateOffer|Answer|BreadcrumbList|ContactPoint|FAQPage|ListItem|Organization|Question|SoftwareApplication|WebSite","Organization","96","104","22","9","0","true","{}","Marqly vs Matter: ascoltare articoli o ritrovare ciò che hai salvato"
"/it/confronto/marqly-vs-notion","https://www.marqly.com/it/confronto/marqly-vs-notion","200","it","locale-lander","60","150","863","false","0.5","false","false","true","false","21","true","AggregateOffer|Answer|BreadcrumbList|ContactPoint|FAQPage|ListItem|Organization|Question|SoftwareApplication|WebSite","Organization","96","104","22","9","0","true","{}","Marqly vs Notion: salvare nel workspace o in una libreria dedicata"
"/it/confronto/marqly-vs-obsidian","https://www.marqly.com/it/confronto/marqly-vs-obsidian","200","it","locale-lander","57","144","876","false","0.48","true","false","true","false","21","true","AggregateOffer|Answer|BreadcrumbList|ContactPoint|FAQPage|ListItem|Organization|Question|SoftwareApplication|WebSite","Organization","96","104","22","9","0","true","{}","Marqly vs Obsidian: file che ti appartengono o una libreria che si ordina da sola"
"/it/confronto/marqly-vs-pocket","https://www.marqly.com/it/confronto/marqly-vs-pocket","200","it","locale-lander","62","141","1101","false","0.64","false","false","true","false","21","true","AggregateOffer|Answer|BreadcrumbList|ContactPoint|FAQPage|ListItem|Organization|Question|SoftwareApplication|WebSite","Organization","96","104","23","9","0","true","{}","Marqly vs Pocket: il confronto onesto quando uno dei due non esiste più"
"/it/confronto/marqly-vs-raindrop","https://www.marqly.com/it/confronto/marqly-vs-raindrop","200","it","locale-lander","43","152","1167","false","0.64","false","false","true","false","21","true","AggregateOffer|Answer|BreadcrumbList|ContactPoint|FAQPage|ListItem|Organization|Question|SoftwareApplication|WebSite","Organization","98","104","22","9","0","true","{}","Marqly o Raindrop: quale ti serve davvero"
"/it/confronto/marqly-vs-readwise","https://www.marqly.com/it/confronto/marqly-vs-readwise","200","it","locale-lander","56","141","829","false","0.46","true","false","true","false","21","true","AggregateOffer|Answer|BreadcrumbList|ContactPoint|FAQPage|ListItem|Organization|Question|SoftwareApplication|WebSite","Organization","96","104","22","9","0","true","{}","Marqly vs Readwise Reader: lettura intensiva o libreria consultabile"
"/it/cronologia-appunti","https://www.marqly.com/it/cronologia-appunti","200","it","locale-lander","58","149","216","true","0.16","true","false","true","false","21","true","AggregateOffer|Answer|BreadcrumbList|ContactPoint|FAQPage|ListItem|Organization|Question|SoftwareApplication|WebSite","Organization","96","104","21","9","0","true","{}","I tuoi appunti ricordano una sola cosa. Marqly le ricorda tutte"
"/it/curatela-contenuti","https://www.marqly.com/it/curatela-contenuti","200","it","locale-lander","61","142","230","true","0.2","true","false","true","false","21","true","AggregateOffer|Answer|BreadcrumbList|ContactPoint|FAQPage|ListItem|Organization|Question|SoftwareApplication|WebSite","Organization","96","104","21","9","0","true","{}","Seleziona il meglio di un tema e condividilo in una pagina elegante"
"/it/evidenziatore-web","https://www.marqly.com/it/evidenziatore-web","200","it","locale-lander","40","158","1065","false","0.95","false","false","true","false","21","true","AggregateOffer|Answer|BreadcrumbList|ContactPoint|FAQPage|ListItem|Organization|Question|SoftwareApplication|WebSite","Organization","97","104","22","9","0","true","{}","Evidenzia una pagina web e ritrova i colori al ritorno"
"/it/gestore-segnalibri-chrome","https://www.marqly.com/it/gestore-segnalibri-chrome","200","it","locale-lander","53","175","262","true","0.23","true","false","true","false","21","true","AggregateOffer|Answer|BreadcrumbList|ContactPoint|FAQPage|ListItem|Organization|Question|SoftwareApplication|WebSite","Organization","96","104","21","9","0","true","{}","I preferiti di Chrome che si organizzano e si trovano da soli"
"/it/gestore-segnalibri-edge","https://www.marqly.com/it/gestore-segnalibri-edge","200","it","locale-lander","51","148","216","true","0.2","true","false","true","false","21","true","AggregateOffer|Answer|BreadcrumbList|ContactPoint|FAQPage|ListItem|Organization|Question|SoftwareApplication|WebSite","Organization","96","104","21","9","0","true","{}","Potenzia i preferiti di Microsoft Edge con la vera intelligenza artificiale"
"/it/gestore-segnalibri-firefox","https://www.marqly.com/it/gestore-segnalibri-firefox","200","it","locale-lander","54","149","222","true","0.2","true","false","true","false","21","true","AggregateOffer|Answer|BreadcrumbList|ContactPoint|FAQPage|ListItem|Organization|Question|SoftwareApplication|WebSite","Organization","96","104","21","9","0","true","{}","Segnalibri di Firefox taggati e ricercabili per significato"
"/it/gestore-segnalibri-iphone","https://www.marqly.com/it/gestore-segnalibri-iphone","200","it","locale-lander","53","143","232","true","0.22","true","false","true","false","21","true","AggregateOffer|Answer|BreadcrumbList|ContactPoint|FAQPage|ListItem|Organization|Question|SoftwareApplication|WebSite","Organization","96","104","21","9","0","true","{}","L'intera tua libreria di preferiti sempre in tasca grazie all'IA"
"/it/gestore-segnalibri-safari","https://www.marqly.com/it/gestore-segnalibri-safari","200","it","locale-lander","51","155","239","true","0.21","true","false","true","false","21","true","AggregateOffer|Answer|BreadcrumbList|ContactPoint|FAQPage|ListItem|Organization|Question|SoftwareApplication|WebSite","Organization","96","104","21","9","0","true","{}","I tuoi preferiti di Safari disponibili su qualsiasi dispositivo"
"/it/importa-preferiti","https://www.marqly.com/it/importa-preferiti","200","it","locale-lander","51","157","1074","false","","false","true","true","false","0","false","AggregateOffer|Answer|BreadcrumbList|ContactPoint|FAQPage|ListItem|Organization|Question|SoftwareApplication|WebSite","Organization","97","104","22","9","0","true","{}","Porta dentro i preferiti che hai già, in pochi minuti"
"/it/lista-di-lettura","https://www.marqly.com/it/lista-di-lettura","200","it","locale-lander","59","152","807","false","0.7","false","false","true","false","21","true","AggregateOffer|Answer|BreadcrumbList|ContactPoint|FAQPage|ListItem|Organization|Question|SoftwareApplication|WebSite","Organization","97","104","22","9","0","true","{}","La tua lista di lettura non è disordinata. Le manca un indice"
"/it/nuova-scheda","https://www.marqly.com/it/nuova-scheda","200","it","locale-lander","69","160","259","true","0.19","true","false","true","false","21","true","AggregateOffer|Answer|BreadcrumbList|ContactPoint|FAQPage|ListItem|Organization|Question|SoftwareApplication|WebSite","Organization","96","104","21","9","0","true","{}","Apri una nuova scheda 50 volte al giorno. Rendila finalmente utile"
"/it/organizzare-ricerca","https://www.marqly.com/it/organizzare-ricerca","200","it","locale-lander","66","150","786","false","0.66","false","false","true","false","21","true","AggregateOffer|Answer|BreadcrumbList|ContactPoint|FAQPage|ListItem|Organization|Question|SoftwareApplication|WebSite","Organization","97","104","22","9","0","true","{}","Cercare è facile. Ritrovare ciò che hai cercato, no"
"/it/organizzare-ricette","https://www.marqly.com/it/organizzare-ricette","200","it","locale-lander","56","140","715","false","0.63","false","false","true","false","21","true","AggregateOffer|Answer|BreadcrumbList|ContactPoint|FAQPage|ListItem|Organization|Question|SoftwareApplication|WebSite","Organization","97","104","22","9","0","true","{}","La ricetta l'hai salvata. Giovedì alle otto non la trovi"
"/it/organizzatore-segnalibri","https://www.marqly.com/it/organizzatore-segnalibri","200","it","locale-lander","73","152","240","true","0.22","true","false","true","false","21","true","AggregateOffer|Answer|BreadcrumbList|ContactPoint|FAQPage|ListItem|Organization|Question|SoftwareApplication|WebSite","Organization","96","104","21","9","0","true","{}","Smetti di ordinare i preferiti a mano. L'IA applica i tag e cerca per concetto"
"/it/per-accademici","https://www.marqly.com/it/per-accademici","200","it","locale-lander","65","167","250","true","0.22","true","false","true","false","21","true","AggregateOffer|Answer|BreadcrumbList|ContactPoint|FAQPage|ListItem|Organization|Question|SoftwareApplication|WebSite","Organization","96","104","21","9","0","true","{}","Resta aggiornato sulla letteratura scientifica senza annegare nelle schede"
"/it/per-agenti-immobiliari","https://www.marqly.com/it/per-agenti-immobiliari","200","it","locale-lander","67","155","250","true","0.22","true","false","true","false","21","true","AggregateOffer|Answer|BreadcrumbList|ContactPoint|FAQPage|ListItem|Organization|Question|SoftwareApplication|WebSite","Organization","96","104","21","9","0","true","{}","Tutte le tue ricerche immobiliari, organizzate per cliente in automatico"
"/it/per-avvocati","https://www.marqly.com/it/per-avvocati","200","it","locale-lander","56","161","249","true","0.22","true","false","true","false","21","true","AggregateOffer|Answer|BreadcrumbList|ContactPoint|FAQPage|ListItem|Organization|Question|SoftwareApplication|WebSite","Organization","96","104","21","9","0","true","{}","Le tue letture normative e giuridiche, organizzate senza archiviazioni noiose"
"/it/per-consulenti","https://www.marqly.com/it/per-consulenti","200","it","locale-lander","49","135","187","true","0.16","true","false","true","false","21","true","AggregateOffer|Answer|BreadcrumbList|ContactPoint|FAQPage|ListItem|Organization|Question|SoftwareApplication|WebSite","Organization","96","104","21","9","0","true","{}","Ricerche per i clienti che cambiano contesto alla tua stessa velocità"
"/it/per-creator","https://www.marqly.com/it/per-creator","200","it","locale-lander","61","136","814","false","0.69","false","false","true","false","21","true","AggregateOffer|Answer|BreadcrumbList|ContactPoint|FAQPage|ListItem|Organization|Question|SoftwareApplication|WebSite","Organization","97","104","22","9","0","true","{}","Avevi salvato quel riferimento perché era ottimo. Ora che ti serve, non compare"
"/it/per-designer","https://www.marqly.com/it/per-designer","200","it","locale-lander","57","141","239","true","0.2","true","false","true","false","21","true","AggregateOffer|Answer|BreadcrumbList|ContactPoint|FAQPage|ListItem|Organization|Question|SoftwareApplication|WebSite","Organization","96","104","21","9","0","true","{}","Ogni riferimento visivo che hai amato, a portata di descrizione"
"/it/per-dottorandi","https://www.marqly.com/it/per-dottorandi","200","it","locale-lander","64","156","245","true","0.2","true","false","true","false","21","true","AggregateOffer|Answer|BreadcrumbList|ContactPoint|FAQPage|ListItem|Organization|Question|SoftwareApplication|WebSite","Organization","96","104","21","9","0","true","{}","Gestisci la revisione della letteratura per la tesi in un'unica libreria"
"/it/per-founder","https://www.marqly.com/it/per-founder","200","it","locale-lander","68","137","222","true","0.19","true","false","true","false","21","true","AggregateOffer|Answer|BreadcrumbList|ContactPoint|FAQPage|ListItem|Organization|Question|SoftwareApplication|WebSite","Organization","96","104","21","9","0","true","{}","Intelligence competitiva raccolta in pochi secondi e conservata per anni"
"/it/per-giornalisti","https://www.marqly.com/it/per-giornalisti","200","it","locale-lander","51","138","812","false","0.61","false","false","true","false","21","true","AggregateOffer|Answer|BreadcrumbList|ContactPoint|FAQPage|ListItem|Organization|Question|SoftwareApplication|WebSite","Organization","98","104","22","9","0","true","{}","La fonte che hai citato non dice più la stessa cosa"
"/it/per-insegnanti","https://www.marqly.com/it/per-insegnanti","200","it","locale-lander","51","141","862","false","0.76","false","false","true","false","21","true","AggregateOffer|Answer|BreadcrumbList|ContactPoint|FAQPage|ListItem|Organization|Question|SoftwareApplication|WebSite","Organization","97","104","22","9","0","true","{}","I materiali preparati l'anno scorso ci sono ancora. Trovarli è un'altra storia"
"/it/per-marketing","https://www.marqly.com/it/per-marketing","200","it","locale-lander","65","133","807","false","0.69","false","false","true","false","21","true","AggregateOffer|Answer|BreadcrumbList|ContactPoint|FAQPage|ListItem|Organization|Question|SoftwareApplication|WebSite","Organization","97","104","22","9","0","true","{}","La landing del concorrente che volevi mostrare non esiste più"
"/it/per-product-manager","https://www.marqly.com/it/per-product-manager","200","it","locale-lander","49","145","221","true","0.19","true","false","true","false","21","true","AggregateOffer|Answer|BreadcrumbList|ContactPoint|FAQPage|ListItem|Organization|Question|SoftwareApplication|WebSite","Organization","96","104","21","9","0","true","{}","Ogni teardown, link di ricerca e fonte per PRD in un unico posto"
"/it/per-recruiter","https://www.marqly.com/it/per-recruiter","200","it","locale-lander","57","162","251","true","0.22","true","false","true","false","21","true","AggregateOffer|Answer|BreadcrumbList|ContactPoint|FAQPage|ListItem|Organization|Question|SoftwareApplication|WebSite","Organization","96","104","21","9","0","true","{}","Basta perdere candidati ideali nel marasma di schede del browser"
"/it/per-ricercatori","https://www.marqly.com/it/per-ricercatori","200","it","locale-lander","51","141","856","false","0.66","false","false","true","false","21","true","AggregateOffer|Answer|BreadcrumbList|ContactPoint|FAQPage|ListItem|Organization|Question|SoftwareApplication|WebSite","Organization","98","104","22","9","0","true","{}","L'articolo che ti serve esiste. Il problema è ricordare dove l'hai messo"
"/it/per-scrittori","https://www.marqly.com/it/per-scrittori","200","it","locale-lander","51","148","794","false","0.63","false","false","true","false","21","true","AggregateOffer|Answer|BreadcrumbList|ContactPoint|FAQPage|ListItem|Organization|Question|SoftwareApplication|WebSite","Organization","97","104","22","9","0","true","{}","La scrittura va bene finché non ti serve quella citazione letta mesi fa"
"/it/per-sviluppatori","https://www.marqly.com/it/per-sviluppatori","200","it","locale-lander","57","139","881","false","0.76","false","false","true","false","21","true","AggregateOffer|Answer|BreadcrumbList|ContactPoint|FAQPage|ListItem|Organization|Question|SoftwareApplication|WebSite","Organization","98","104","22","9","0","true","{}","Questo bug l'hai risolto otto mesi fa. La risposta è in una scheda che hai chiuso"
"/it/per-ux-researcher","https://www.marqly.com/it/per-ux-researcher","200","it","locale-lander","41","149","200","true","0.17","true","false","true","false","21","true","AggregateOffer|Answer|BreadcrumbList|ContactPoint|FAQPage|ListItem|Organization|Question|SoftwareApplication|WebSite","Organization","96","104","21","9","0","true","{}","Un repository di ricerca che richiede minuti di manutenzione, non ore"
"/it/per-vendite","https://www.marqly.com/it/per-vendite","200","it","locale-lander","62","130","203","true","0.18","true","false","true","false","21","true","AggregateOffer|Answer|BreadcrumbList|ContactPoint|FAQPage|ListItem|Organization|Question|SoftwareApplication|WebSite","Organization","96","104","21","9","0","true","{}","Ogni articolo sui tuoi prospect, archiviato nell'istante in cui lo salvi"
"/it/pianificare-viaggi","https://www.marqly.com/it/pianificare-viaggi","200","it","locale-lander","71","125","818","false","0.72","false","false","true","false","21","true","AggregateOffer|Answer|BreadcrumbList|ContactPoint|FAQPage|ListItem|Organization|Question|SoftwareApplication|WebSite","Organization","97","104","22","9","0","true","{}","Pianificare un viaggio sono quaranta schede e nessuna decisione"
"/it/riassunto-youtube","https://www.marqly.com/it/riassunto-youtube","200","it","locale-lander","65","155","237","true","0.21","true","false","true","false","21","true","AggregateOffer|Answer|BreadcrumbList|ContactPoint|FAQPage|ListItem|Organization|Question|SoftwareApplication|WebSite","Organization","96","104","21","9","0","true","{}","Scopri cosa c'è nel video prima di dedicargli 40 minuti"
"/it/ricerca-lavoro","https://www.marqly.com/it/ricerca-lavoro","200","it","locale-lander","57","149","266","true","0.24","true","false","true","false","21","true","AggregateOffer|Answer|BreadcrumbList|ContactPoint|FAQPage|ListItem|Organization|Question|SoftwareApplication|WebSite","Organization","96","104","21","9","0","true","{}","Ogni annuncio, discussione salariale e appunto di preparazione in un unico posto"
"/it/salva-e-leggi-dopo","https://www.marqly.com/it/salva-e-leggi-dopo","200","it","locale-lander","41","153","1113","false","0.97","false","false","true","false","21","true","AggregateOffer|Answer|BreadcrumbList|ContactPoint|FAQPage|ListItem|Organization|Question|SoftwareApplication|WebSite","Organization","98","104","22","9","0","true","{}","Salvalo adesso, decidi dopo se merita davvero"
"/it/salva-pagina-pdf","https://www.marqly.com/it/salva-pagina-pdf","200","it","locale-lander","65","145","226","true","0.21","true","false","true","false","21","true","AggregateOffer|Answer|BreadcrumbList|ContactPoint|FAQPage|ListItem|Organization|Question|SoftwareApplication|WebSite","Organization","96","104","21","9","0","true","{}","Trasforma ogni pagina web in un PDF identico a ciò che vedi sullo schermo"
"/it/salva-schede","https://www.marqly.com/it/salva-schede","200","it","locale-lander","49","156","1034","false","0.92","false","false","true","false","21","true","AggregateOffer|Answer|BreadcrumbList|ContactPoint|FAQPage|ListItem|Organization|Question|SoftwareApplication|WebSite","Organization","97","104","22","9","0","true","{}","Trenta schede aperte, un clic, browser pulito"
"/it/salvare-video-youtube","https://www.marqly.com/it/salvare-video-youtube","200","it","locale-lander","46","142","785","false","0.7","false","false","true","false","21","true","AggregateOffer|Answer|BreadcrumbList|ContactPoint|FAQPage|ListItem|Organization|Question|SoftwareApplication|WebSite","Organization","98","104","22","9","0","true","{}","«Guarda più tardi» è il posto dove i video muoiono"
"/it/secondo-cervello","https://www.marqly.com/it/secondo-cervello","200","it","locale-lander","58","160","840","false","0.76","false","false","true","false","21","true","AggregateOffer|Answer|BreadcrumbList|ContactPoint|FAQPage|ListItem|Organization|Question|SoftwareApplication|WebSite","Organization","96","104","22","9","0","true","{}","Quasi tutti i secondi cervelli muoiono per lo stesso motivo"
"/it/sincronizzazione-segnalibri","https://www.marqly.com/it/sincronizzazione-segnalibri","200","it","locale-lander","59","151","218","true","0.19","true","false","true","false","21","true","AggregateOffer|Answer|BreadcrumbList|ContactPoint|FAQPage|ListItem|Organization|Question|SoftwareApplication|WebSite","Organization","96","104","21","9","0","true","{}","Salva in un browser. Ritrova in tutti gli altri"
"/it/strumenti/riassunto-video-youtube","https://www.marqly.com/it/strumenti/riassunto-video-youtube","200","it","locale-lander","70","173","497","false","1.22","false","false","true","false","21","true","Answer|BreadcrumbList|ContactPoint|FAQPage|ListItem|Offer|Organization|Question|WebApplication|WebSite","","98","18","19","9","0","true","{}","Riassumi qualsiasi video di YouTube in pochi secondi"
"/it/strumenti/trascrizione-video-youtube","https://www.marqly.com/it/strumenti/trascrizione-video-youtube","200","it","locale-lander","72","155","550","false","1.06","false","false","true","false","21","true","Answer|BreadcrumbList|ContactPoint|FAQPage|ListItem|Offer|Organization|Question|WebApplication|WebSite","","98","10","19","9","0","true","{}","Trascrivi un video di YouTube in un clic"
"/it/studenti","https://www.marqly.com/it/studenti","200","it","locale-lander","47","154","1199","false","0.94","false","false","true","false","21","true","AggregateOffer|Answer|BreadcrumbList|ContactPoint|FAQPage|ListItem|Organization|Question|SoftwareApplication|WebSite","Organization","98","104","22","9","0","true","{}","Studiare con l'AI senza perdere il filo del materiale"
"/it/swipe-file","https://www.marqly.com/it/swipe-file","200","it","locale-lander","65","151","257","true","0.23","true","false","true","false","21","true","AggregateOffer|Answer|BreadcrumbList|ContactPoint|FAQPage|ListItem|Organization|Question|SoftwareApplication|WebSite","Organization","96","104","21","9","0","true","{}","Salva ogni annuncio e titolo che ti colpisce: ritrovali quando devi creare"
"/ja","https://www.marqly.com/ja","200","ja","locale-home","36","79","1289","false","0.38","true","false","true","false","21","true","AggregateOffer|Answer|BreadcrumbList|ContactPoint|FAQPage|ListItem|Organization|Question|SoftwareApplication|WebSite","Organization","96","1913","21","9","0","true","{}","保存は誰でもできる。Marqlyは、いつでも見つけ出せるようにします。"
"/ja/alternatives/evernote","https://www.marqly.com/ja/alternatives/evernote","200","ja","locale-lander","33","85","652","false","0.34","true","false","true","false","21","true","AggregateOffer|Answer|BreadcrumbList|ContactPoint|FAQPage|ListItem|Organization|Question|SoftwareApplication|WebSite","Organization","95","102","21","9","0","true","{}","Evernoteの代替ツール：あなたが本当に使っている機能から選ぶ"
"/ja/alternatives/instapaper","https://www.marqly.com/ja/alternatives/instapaper","200","ja","locale-lander","35","85","689","false","0.36","true","false","true","false","21","true","AggregateOffer|Answer|BreadcrumbList|ContactPoint|FAQPage|ListItem|Organization|Question|SoftwareApplication|WebSite","Organization","95","102","21","9","0","true","{}","Instapaperの代替ツール：あなたに欠けていた機能から選ぶ"
"/ja/alternatives/notion","https://www.marqly.com/ja/alternatives/notion","200","ja","locale-lander","42","75","635","false","0.32","true","false","true","false","21","true","AggregateOffer|Answer|BreadcrumbList|ContactPoint|FAQPage|ListItem|Organization|Question|SoftwareApplication|WebSite","Organization","95","102","21","9","0","true","{}","Notionのリンクデータベースが整理不能になったときの代替ツール"
"/ja/alternatives/pocket","https://www.marqly.com/ja/alternatives/pocket","200","ja","locale-lander","32","91","661","false","0.4","true","false","true","false","21","true","AggregateOffer|Answer|BreadcrumbList|ContactPoint|FAQPage|ListItem|Organization|Question|SoftwareApplication|WebSite","Organization","95","102","22","9","0","true","{}","Pocketの代替は、「何のために使っていたか」で選ぶ"
"/ja/alternatives/raindrop","https://www.marqly.com/ja/alternatives/raindrop","200","ja","locale-lander","41","82","806","false","0.4","true","false","true","false","21","true","AggregateOffer|Answer|BreadcrumbList|ContactPoint|FAQPage|ListItem|Organization|Question|SoftwareApplication|WebSite","Organization","95","102","22","9","0","true","{}","Raindrop.ioの代替アプリ：乗り換える理由から選ぶ"
"/ja/blog","https://www.marqly.com/ja/blog","200","ja","locale-blog-index","34","66","3499","false","4.51","false","false","true","false","21","true","Blog|BlogPosting","","131","102","17","39","0","true","{""datePublished"":""2026-07-04""}","賢く保存して、瞬時に見つける。"
"/ja/blog/ai-bookmark-kensaku-2026","https://www.marqly.com/ja/blog/ai-bookmark-kensaku-2026","200","ja","locale-blog","39","73","928","false","0.84","false","false","true","false","21","true","AggregateOffer|Answer|BlogPosting|BreadcrumbList|ContactPoint|FAQPage|ImageObject|ListItem|Organization|Question|SoftwareApplication|WebPage","Organization","98","7","18","10","0","true","{""datePublished"":""2026-05-18"",""dateModified"":""2026-09-07""}","AIでブックマークを検索する方法（セマンティック検索入門・2026年）"
"/ja/blog/ai-bookmark-managers-semantic-search-compared-2026","https://www.marqly.com/ja/blog/ai-bookmark-managers-semantic-search-compared-2026","200","ja","locale-blog","44","63","1175","false","0.51","false","false","true","false","21","true","AggregateOffer|Answer|BlogPosting|BreadcrumbList|ContactPoint|FAQPage|ImageObject|ListItem|Organization|Question|SoftwareApplication|WebPage","Organization","98","9","18","10","0","true","{""datePublished"":""2026-06-23"",""dateModified"":""2026-06-23""}","意味で検索できるAIブックマーク管理ツールはどれ？（8選を徹底比較 2026年）"
"/ja/blog/ato-de-yomu-app-2026","https://www.marqly.com/ja/blog/ato-de-yomu-app-2026","200","ja","locale-blog","34","72","1367","false","1.3","false","false","true","false","21","true","AggregateOffer|Answer|BlogPosting|BreadcrumbList|ContactPoint|FAQPage|ImageObject|ListItem|Organization|Question|SoftwareApplication|WebPage","Organization","97","2","20","10","0","true","{""datePublished"":""2026-03-19"",""dateModified"":""2026-06-23""}","あとで読むアプリおすすめ9選【2026年最新・徹底比較】"
"/ja/blog/best-ai-bookmark-manager-2026","https://www.marqly.com/ja/blog/best-ai-bookmark-manager-2026","200","ja","locale-blog","37","71","905","false","0.32","true","false","true","false","21","true","AggregateOffer|Answer|BlogPosting|BreadcrumbList|ContactPoint|FAQPage|ImageObject|ListItem|Organization|Question|SoftwareApplication|WebPage","Organization","97","3","20","10","0","true","{""datePublished"":""2026-05-05"",""dateModified"":""2026-06-23""}","【2026年最新】おすすめのAIブックマークマネージャー5選｜選ぶ基準と特徴"
"/ja/blog/best-free-bookmark-manager-2026","https://www.marqly.com/ja/blog/best-free-bookmark-manager-2026","200","ja","locale-blog","35","88","859","false","0.43","true","false","true","false","21","true","AggregateOffer|Answer|BlogPosting|BreadcrumbList|ContactPoint|FAQPage|ImageObject|ListItem|Organization|Question|SoftwareApplication|WebPage","Organization","96","102","19","10","0","true","{""datePublished"":""2026-08-02"",""dateModified"":""2026-09-07""}","2026年おすすめの無料ブックマークマネージャー5選（本当に無料で使えるツール）"
"/ja/blog/best-second-brain-apps-2026","https://www.marqly.com/ja/blog/best-second-brain-apps-2026","200","ja","locale-blog","31","82","1024","false","0.42","true","false","true","false","21","true","AggregateOffer|Answer|BlogPosting|BreadcrumbList|ContactPoint|FAQPage|ImageObject|ListItem|Organization|Question|SoftwareApplication|WebPage","Organization","97","1","19","10","0","true","{""datePublished"":""2026-06-23"",""dateModified"":""2026-09-07""}","2026年おすすめのセカンドブレインアプリ7選（維持コストで徹底比較）"
"/ja/blog/best-self-hosted-pocket-alternative-2026","https://www.marqly.com/ja/blog/best-self-hosted-pocket-alternative-2026","200","ja","locale-blog","43","85","402","false","0.17","true","false","true","false","21","true","AggregateOffer|Answer|BlogPosting|BreadcrumbList|ContactPoint|FAQPage|ImageObject|ListItem|Organization|Question|SoftwareApplication|WebPage","Organization","96","1","19","10","0","true","{""datePublished"":""2026-06-23"",""dateModified"":""2026-06-23""}","2026年最新：Pocketのセルフホスト代替ツール徹底比較（Wallabag・Karakeep・Linkwarden）"
"/ja/blog/best-tab-managers-2026","https://www.marqly.com/ja/blog/best-tab-managers-2026","200","ja","locale-blog","44","83","809","false","0.45","true","false","true","false","21","true","AggregateOffer|Answer|BlogPosting|BreadcrumbList|ContactPoint|FAQPage|ImageObject|ListItem|Organization|Question|SoftwareApplication|WebPage","Organization","97","102","18","9","0","true","{""datePublished"":""2026-08-02"",""dateModified"":""2026-09-07""}","2026年おすすめタブ管理ツール5選（用途に応じた最適な選び方）"
"/ja/blog/best-web-highlighter-2026","https://www.marqly.com/ja/blog/best-web-highlighter-2026","200","ja","locale-blog","32","99","827","false","0.46","true","false","true","false","21","true","AggregateOffer|Answer|BlogPosting|BreadcrumbList|ContactPoint|FAQPage|ImageObject|ListItem|Organization|Question|SoftwareApplication|WebPage","Organization","96","102","19","10","0","true","{""datePublished"":""2026-08-02"",""dateModified"":""2026-09-07""}","2026年おすすめWebハイライター6選（実ページで徹底テスト）"
"/ja/blog/best-youtube-summarizers-2026","https://www.marqly.com/ja/blog/best-youtube-summarizers-2026","200","ja","locale-blog","52","69","1004","false","0.54","false","false","true","false","21","true","AggregateOffer|Answer|BlogPosting|BreadcrumbList|ContactPoint|FAQPage|ImageObject|ListItem|Organization|Question|SoftwareApplication|WebPage","Organization","98","102","18","9","0","true","{""datePublished"":""2026-08-02"",""dateModified"":""2026-09-07""}","2026年最新おすすめYouTube要約AIツール6選（徹底比較）"
"/ja/blog/bookmark-seiri-guide-2026","https://www.marqly.com/ja/blog/bookmark-seiri-guide-2026","200","ja","locale-blog","29","66","856","false","0.26","true","false","true","false","21","true","AggregateOffer|Answer|BlogPosting|BreadcrumbList|ContactPoint|FAQPage|ImageObject|ListItem|Organization|Question|SoftwareApplication|WebPage","Organization","97","4","19","10","0","true","{""datePublished"":""2026-03-24"",""dateModified"":""2026-06-23""}","ブラウザのブックマークを整理する究極ガイド【2026年最新】"
"/ja/blog/can-ai-organize-my-bookmarks-automatically-2026","https://www.marqly.com/ja/blog/can-ai-organize-my-bookmarks-automatically-2026","200","ja","locale-blog","40","61","788","false","0.8","false","false","true","false","21","true","AggregateOffer|Answer|BlogPosting|BreadcrumbList|ContactPoint|FAQPage|ImageObject|ListItem|Organization|Question|SoftwareApplication|WebPage","Organization","96","1","18","10","0","true","{""datePublished"":""2026-05-16"",""dateModified"":""2026-09-07""}","AIはブックマークを自動整理できる？答えはYES — その仕組みと実践"
"/ja/blog/chat-with-youtube-videos-2026","https://www.marqly.com/ja/blog/chat-with-youtube-videos-2026","200","ja","locale-blog","37","76","905","false","0.45","true","false","true","false","21","true","AggregateOffer|Answer|BlogPosting|BreadcrumbList|ContactPoint|FAQPage|ImageObject|ListItem|Organization|Question|SoftwareApplication|WebPage","Organization","96","1","19","10","0","true","{""datePublished"":""2026-07-04"",""dateModified"":""2026-09-07""}","YouTube動画とAIでチャットする方法（質問して動画から正確な回答を得る）"
"/ja/blog/chrome-bookmark-import-guide-2026","https://www.marqly.com/ja/blog/chrome-bookmark-import-guide-2026","200","ja","locale-blog","45","71","861","false","0.35","true","false","true","false","21","true","AggregateOffer|Answer|BlogPosting|BreadcrumbList|ContactPoint|FAQPage|ImageObject|ListItem|Organization|Question|SoftwareApplication|WebPage","Organization","96","2","19","10","0","true","{""datePublished"":""2026-06-23"",""dateModified"":""2026-06-23""}","ChromeのブックマークをエクスポートしてAI管理ツールにインポートする方法（2026年最新）"
"/ja/blog/chrome-bookmarks-not-syncing-fix-2026","https://www.marqly.com/ja/blog/chrome-bookmarks-not-syncing-fix-2026","200","ja","locale-blog","40","74","1313","false","0.76","false","false","true","false","21","true","AggregateOffer|Answer|BlogPosting|BreadcrumbList|ContactPoint|FAQPage|ImageObject|ListItem|Organization|Question|SoftwareApplication|WebPage","Organization","96","102","19","9","0","true","{""datePublished"":""2026-08-02"",""dateModified"":""2026-08-02""}","Chromeのブックマークが同期されない？実際に直る8つの対処法（2026年）"
"/ja/blog/digital-declutter-new-year","https://www.marqly.com/ja/blog/digital-declutter-new-year","200","ja","locale-blog","33","78","2966","false","1.79","false","false","true","false","21","true","AggregateOffer|Answer|BlogPosting|BreadcrumbList|ContactPoint|FAQPage|ImageObject|ListItem|Organization|Question|SoftwareApplication|WebPage","Organization","100","102","19","9","0","true","{""datePublished"":""2026-08-02"",""dateModified"":""2026-08-02""}","新年のデジタル断捨離チェックリスト：タブ、ブックマーク、積読、サブスクを約2時間で整理する"
"/ja/blog/export-instagram-saved-posts-2026","https://www.marqly.com/ja/blog/export-instagram-saved-posts-2026","200","ja","locale-blog","43","82","932","false","0.52","false","false","true","false","21","true","AggregateOffer|Answer|BlogPosting|BreadcrumbList|ContactPoint|FAQPage|ImageObject|ListItem|Organization|Question|SoftwareApplication|WebPage","Organization","96","102","19","9","0","true","{""datePublished"":""2026-08-16"",""dateModified"":""2026-09-07""}","Instagramの保存済み投稿をエクスポートする完全ガイド【2026年最新】"
"/ja/blog/export-reddit-saved-posts-2026","https://www.marqly.com/ja/blog/export-reddit-saved-posts-2026","200","ja","locale-blog","33","79","1165","false","0.69","false","false","true","false","21","true","AggregateOffer|Answer|BlogPosting|BreadcrumbList|ContactPoint|FAQPage|ImageObject|ListItem|Organization|Question|SoftwareApplication|WebPage","Organization","96","4","19","9","0","true","{""datePublished"":""2026-08-02"",""dateModified"":""2026-09-07""}","Redditの保存済み投稿をエクスポートする完全手順【2026年最新】"
"/ja/blog/export-twitter-x-bookmarks-2026","https://www.marqly.com/ja/blog/export-twitter-x-bookmarks-2026","200","ja","locale-blog","37","76","997","false","0.56","false","false","true","false","21","true","AggregateOffer|Answer|BlogPosting|BreadcrumbList|ContactPoint|FAQPage|ImageObject|ListItem|Organization|Question|SoftwareApplication|WebPage","Organization","96","1","19","9","0","true","{""datePublished"":""2026-08-02"",""dateModified"":""2026-09-07""}","X（旧Twitter）のブックマークをエクスポートする全手順【2026年最新】"
"/ja/blog/export-youtube-watch-later-2026","https://www.marqly.com/ja/blog/export-youtube-watch-later-2026","200","ja","locale-blog","40","81","940","false","0.53","false","false","true","false","21","true","AggregateOffer|Answer|BlogPosting|BreadcrumbList|ContactPoint|FAQPage|ImageObject|ListItem|Organization|Question|SoftwareApplication|WebPage","Organization","96","102","19","9","0","true","{""datePublished"":""2026-08-16"",""dateModified"":""2026-09-07""}","YouTubeの「後で見る」プレイリストをエクスポートする全手順【2026年最新】"
"/ja/blog/how-to-build-a-second-brain-2026","https://www.marqly.com/ja/blog/how-to-build-a-second-brain-2026","200","ja","locale-blog","37","77","1376","false","1.26","false","false","true","false","21","true","AggregateOffer|Answer|BlogPosting|BreadcrumbList|ContactPoint|FAQPage|ImageObject|ListItem|Organization|Question|SoftwareApplication|WebPage","Organization","96","2","18","10","0","true","{""datePublished"":""2026-03-13"",""dateModified"":""2026-09-07""}","手動管理不要！2026年に作るAIセカンドブレイン構築術"
"/ja/blog/how-to-chat-with-your-saved-articles-2026","https://www.marqly.com/ja/blog/how-to-chat-with-your-saved-articles-2026","200","ja","locale-blog","33","61","782","false","0.71","false","false","true","false","21","true","AggregateOffer|Answer|BlogPosting|BreadcrumbList|ContactPoint|FAQPage|ImageObject|ListItem|Organization|Question|SoftwareApplication|WebPage","Organization","98","3","19","10","0","true","{""datePublished"":""2026-05-14"",""dateModified"":""2026-09-07""}","保存した記事やブックマークとAIで対話（チャット）する方法【2026年最新】"
"/ja/blog/how-to-export-migrate-pocket-data-2026","https://www.marqly.com/ja/blog/how-to-export-migrate-pocket-data-2026","200","ja","locale-blog","37","75","909","false","0.91","false","false","true","false","21","true","AggregateOffer|Answer|BlogPosting|BreadcrumbList|ContactPoint|FAQPage|ImageObject|ListItem|Organization|Question|SoftwareApplication|WebPage","Organization","96","1","19","10","0","true","{""datePublished"":""2026-05-08"",""dateModified"":""2026-05-08""}","2026年最新：Pocketのデータをエクスポートして移行する方法（図解手順）"
"/ja/blog/how-to-find-a-saved-article-you-forgot-the-title-of-2026","https://www.marqly.com/ja/blog/how-to-find-a-saved-article-you-forgot-the-title-of-2026","200","ja","locale-blog","33","76","901","false","0.86","false","false","true","false","21","true","AggregateOffer|Answer|BlogPosting|BreadcrumbList|ContactPoint|FAQPage|ImageObject|ListItem|Organization|Question|SoftwareApplication|WebPage","Organization","100","3","19","10","0","true","{""datePublished"":""2026-05-22"",""dateModified"":""2026-09-07""}","タイトルを忘れた保存済み記事を見つける方法（2026年最新）"
"/ja/blog/how-to-highlight-text-on-any-website-2026","https://www.marqly.com/ja/blog/how-to-highlight-text-on-any-website-2026","200","ja","locale-blog","30","81","1115","false","0.57","false","false","true","false","21","true","AggregateOffer|Answer|BlogPosting|BreadcrumbList|ContactPoint|FAQPage|ImageObject|ListItem|Organization|Question|SoftwareApplication|WebPage","Organization","98","2","18","10","0","true","{""datePublished"":""2026-07-04"",""dateModified"":""2026-09-07""}","Webページ上の文章にマーカーを引いて永続保存する方法（再訪時も消えない）"
"/ja/blog/instapaper-alternatives-2026","https://www.marqly.com/ja/blog/instapaper-alternatives-2026","200","ja","locale-blog","35","71","362","false","0.46","true","false","true","false","21","true","AggregateOffer|Answer|BlogPosting|BreadcrumbList|ContactPoint|FAQPage|ImageObject|ListItem|Organization|Question|SoftwareApplication|WebPage","Organization","97","3","19","10","0","true","{""datePublished"":""2026-04-09"",""dateModified"":""2026-04-09""}","2026年最新：Instapaperの最強代替ツール5選（シンプルな読書からAI活用へ）"
"/ja/blog/instapaper-review-2026","https://www.marqly.com/ja/blog/instapaper-review-2026","200","ja","locale-blog","41","61","373","false","0.22","true","false","true","false","21","true","AggregateOffer|Answer|BlogPosting|BreadcrumbList|ContactPoint|FAQPage|ImageObject|ListItem|Organization|Question|SoftwareApplication|WebPage","Organization","100","6","19","9","0","true","{""datePublished"":""2026-08-02"",""dateModified"":""2026-08-02""}","Instapaper レビュー 2026年：最高の読書体験、だが値上げと機能停滞が課題"
"/ja/blog/karakeep-review-2026","https://www.marqly.com/ja/blog/karakeep-review-2026","200","ja","locale-blog","45","71","398","false","0.24","true","false","true","false","21","true","AggregateOffer|Answer|BlogPosting|BreadcrumbList|ContactPoint|FAQPage|ImageObject|ListItem|Organization|Question|SoftwareApplication|WebPage","Organization","100","6","19","9","0","true","{""datePublished"":""2026-08-02"",""dateModified"":""2026-08-02""}","Karakeep レビュー 2026年：ローカルAI対応のセルフホスト型ブックマーク管理ツール"
"/ja/blog/linkwarden-review-2026","https://www.marqly.com/ja/blog/linkwarden-review-2026","200","ja","locale-blog","47","68","382","false","0.23","true","false","true","false","21","true","AggregateOffer|Answer|BlogPosting|BreadcrumbList|ContactPoint|FAQPage|ImageObject|ListItem|Organization|Question|SoftwareApplication|WebPage","Organization","100","6","19","9","0","true","{""datePublished"":""2026-08-02"",""dateModified"":""2026-08-02""}","Linkwarden レビュー 2026年：リンク切れを防ぐアーカイブ特化型オープンソース管理ツール"
"/ja/blog/marqly-review-2026","https://www.marqly.com/ja/blog/marqly-review-2026","200","ja","locale-blog","39","62","434","false","0.44","true","false","true","false","21","true","AggregateOffer|Answer|BlogPosting|BreadcrumbList|ContactPoint|FAQPage|ImageObject|ListItem|Organization|Question|SoftwareApplication|WebPage","Organization","100","1","18","10","0","true","{""datePublished"":""2026-02-26"",""dateModified"":""2026-02-26""}","Marqly レビュー 2026年：機能・料金・メリットと注意点の完全ガイド"
"/ja/blog/mymind-review-2026","https://www.marqly.com/ja/blog/mymind-review-2026","200","ja","locale-blog","41","77","4055","false","2.26","false","false","true","false","21","true","AggregateOffer|Answer|BlogPosting|BreadcrumbList|ContactPoint|FAQPage|ImageObject|ListItem|Organization|Question|SoftwareApplication|WebPage","Organization","103","6","19","9","0","true","{""datePublished"":""2026-08-02"",""dateModified"":""2026-08-02""}","mymind レビュー 2026：美しくプライベート、だが万人向けではない理由"
"/ja/blog/notion-web-clipper-alternative-2026","https://www.marqly.com/ja/blog/notion-web-clipper-alternative-2026","200","ja","locale-blog","43","80","929","false","1.07","false","false","true","false","21","true","AggregateOffer|Answer|BlogPosting|BreadcrumbList|ContactPoint|FAQPage|ImageObject|ListItem|Organization|Question|SoftwareApplication|WebPage","Organization","96","1","19","10","0","true","{""datePublished"":""2026-04-04"",""dateModified"":""2026-09-07""}","記事の保存と検索に最適なNotion Web Clipper代替ツール【2026年最新】"
"/ja/blog/para-method-for-bookmarks-2026","https://www.marqly.com/ja/blog/para-method-for-bookmarks-2026","200","ja","locale-blog","39","75","1052","false","0.61","false","false","true","false","21","true","AggregateOffer|Answer|BlogPosting|BreadcrumbList|ContactPoint|FAQPage|ImageObject|ListItem|Organization|Question|SoftwareApplication|WebPage","Organization","97","2","18","10","0","true","{""datePublished"":""2026-08-02"",""dateModified"":""2026-09-07""}","ブックマークのためのPARAメソッド：実践設定と限界（2026年版）"
"/ja/blog/pocket-daitai-2026","https://www.marqly.com/ja/blog/pocket-daitai-2026","200","ja","locale-blog","36","80","3717","false","1.17","false","false","true","false","21","true","AggregateOffer|Answer|BlogPosting|BreadcrumbList|ContactPoint|FAQPage|ImageObject|ListItem|Organization|Question|SoftwareApplication|WebPage","Organization","98","3","20","10","0","true","{""datePublished"":""2026-05-12"",""dateModified"":""2026-06-23""}","Pocket終了後の代替アプリおすすめ8選【2026年最新・徹底比較】"
"/ja/blog/raindrop-review-2026","https://www.marqly.com/ja/blog/raindrop-review-2026","200","ja","locale-blog","42","66","428","false","0.23","true","false","true","false","21","true","AggregateOffer|Answer|BlogPosting|BreadcrumbList|ContactPoint|FAQPage|ImageObject|ListItem|Organization|Question|SoftwareApplication|WebPage","Organization","100","5","19","9","0","true","{""datePublished"":""2026-08-02"",""dateModified"":""2026-08-02""}","Raindrop.io レビュー 2026年：最も完成された定番ブックマーク管理ツール"
"/ja/blog/readwise-reader-review-2026","https://www.marqly.com/ja/blog/readwise-reader-review-2026","200","ja","locale-blog","46","74","413","false","0.24","true","false","true","false","21","true","AggregateOffer|Answer|BlogPosting|BreadcrumbList|ContactPoint|FAQPage|ImageObject|ListItem|Organization|Question|SoftwareApplication|WebPage","Organization","100","1","19","9","0","true","{""datePublished"":""2026-08-02"",""dateModified"":""2026-08-02""}","Readwise Reader レビュー 2026年：膨大なインプットを処理する読書家のための最強ツール"
"/ja/blog/save-youtube-videos-watch-later-2026","https://www.marqly.com/ja/blog/save-youtube-videos-watch-later-2026","200","ja","locale-blog","36","74","1069","false","1.03","false","false","true","false","21","true","AggregateOffer|Answer|BlogPosting|BreadcrumbList|ContactPoint|FAQPage|ImageObject|ListItem|Organization|Question|SoftwareApplication|WebPage","Organization","96","2","18","10","0","true","{""datePublished"":""2026-03-08"",""dateModified"":""2026-09-07""}","YouTubeの「後で見る」動画を確実に消化・再発見する方法（2026年版）"
"/ja/blog/stop-organizing-bookmarks-folders-obsolete-2026","https://www.marqly.com/ja/blog/stop-organizing-bookmarks-folders-obsolete-2026","200","ja","locale-blog","35","76","985","false","0.45","true","false","true","false","21","true","AggregateOffer|Answer|BlogPosting|BreadcrumbList|ContactPoint|FAQPage|ImageObject|ListItem|Organization|Question|SoftwareApplication|WebPage","Organization","96","3","19","10","0","true","{""datePublished"":""2026-06-23"",""dateModified"":""2026-09-07""}","ブックマークのフォルダ整理をやめるべき理由：2026年にフォルダが不要になる背景"
"/ja/blog/webpage-pdf-hozon-guide-2026","https://www.marqly.com/ja/blog/webpage-pdf-hozon-guide-2026","200","ja","locale-blog","43","70","850","false","0.43","true","false","true","false","21","true","AggregateOffer|Answer|BlogPosting|BreadcrumbList|ContactPoint|FAQPage|ImageObject|ListItem|Organization|Question|SoftwareApplication|WebPage","Organization","96","1","18","10","0","true","{""datePublished"":""2026-07-04"",""dateModified"":""2026-09-07""}","WebページをPDFとして綺麗に保存する方法（レイアウト崩れ・画像抜けを完全防止）"
"/ja/blog/what-is-a-second-brain-app-2026","https://www.marqly.com/ja/blog/what-is-a-second-brain-app-2026","200","ja","locale-blog","37","72","763","false","0.27","true","false","true","false","21","true","AggregateOffer|Answer|BlogPosting|BreadcrumbList|ContactPoint|FAQPage|ImageObject|ListItem|Organization|Question|SoftwareApplication|WebPage","Organization","97","3","19","10","0","true","{""datePublished"":""2026-04-28"",""dateModified"":""2026-09-07""}","セカンドブレイン（第二の脳）アプリとは？ブックマークから構築する全手順【2026】"
"/ja/blog/what-is-an-ai-second-brain-2026","https://www.marqly.com/ja/blog/what-is-an-ai-second-brain-2026","200","ja","locale-blog","36","65","776","false","0.76","false","false","true","false","21","true","AggregateOffer|Answer|BlogPosting|BreadcrumbList|ContactPoint|FAQPage|ImageObject|ListItem|Organization|Question|SoftwareApplication|WebPage","Organization","97","3","19","10","0","true","{""datePublished"":""2026-05-20"",""dateModified"":""2026-09-07""}","AIセカンドブレイン（第二の脳）とは？初心者向け完全解説【2026年最新】"
"/ja/blog/what-is-in-your-pocket-export-file-2026","https://www.marqly.com/ja/blog/what-is-in-your-pocket-export-file-2026","200","ja","locale-blog","38","72","517","false","0.22","true","false","true","false","21","true","AggregateOffer|Answer|BlogPosting|BreadcrumbList|ContactPoint|FAQPage|ImageObject|ListItem|Organization|Question|SoftwareApplication|WebPage","Organization","96","1","19","10","0","true","{""datePublished"":""2026-06-23"",""dateModified"":""2026-06-23""}","Pocketのエクスポートファイルの中身とは？（中身の解説と活用法 2026年）"
"/ja/blog/youtube-douga-ai-youyaku-2026","https://www.marqly.com/ja/blog/youtube-douga-ai-youyaku-2026","200","ja","locale-blog","38","75","1184","false","0.59","false","false","true","false","21","true","AggregateOffer|Answer|BlogPosting|BreadcrumbList|ContactPoint|FAQPage|ImageObject|ListItem|Organization|Question|SoftwareApplication|WebPage","Organization","96","2","19","10","0","true","{""datePublished"":""2026-07-04"",""dateModified"":""2026-09-07""}","YouTube動画をAIで要約する方法：再生画面で瞬時に要点を把握する（2026年最新ガイド）"
"/ja/blog/youtube-transcript-shutoku-guide-2026","https://www.marqly.com/ja/blog/youtube-transcript-shutoku-guide-2026","200","ja","locale-blog","35","87","1243","false","0.63","false","false","true","false","21","true","AggregateOffer|Answer|BlogPosting|BreadcrumbList|ContactPoint|FAQPage|ImageObject|ListItem|Organization|Question|SoftwareApplication|WebPage","Organization","98","1","18","10","0","true","{""datePublished"":""2026-07-04"",""dateModified"":""2026-09-07""}","YouTube動画の文字起こしを取得する3つの方法（2026年最新）"
"/ja/bookmark-manager-for-chrome","https://www.marqly.com/ja/bookmark-manager-for-chrome","200","ja","locale-lander","35","89","509","false","0.45","true","false","true","false","21","true","AggregateOffer|Answer|BreadcrumbList|ContactPoint|FAQPage|ListItem|Organization|Question|SoftwareApplication|WebSite","Organization","95","102","21","9","0","true","{}","探さなくても見つかる、ChromeのためのAIブックマーク"
"/ja/bookmark-manager-for-edge","https://www.marqly.com/ja/bookmark-manager-for-edge","200","ja","locale-lander","36","80","463","false","0.42","true","false","true","false","21","true","AggregateOffer|Answer|BreadcrumbList|ContactPoint|FAQPage|ListItem|Organization|Question|SoftwareApplication|WebSite","Organization","95","102","21","9","0","true","{}","Microsoft Edgeのお気に入りをAIで劇的にアップグレード"
"/ja/bookmark-manager-for-firefox","https://www.marqly.com/ja/bookmark-manager-for-firefox","200","ja","locale-lander","36","88","485","false","0.44","true","false","true","false","21","true","AggregateOffer|Answer|BreadcrumbList|ContactPoint|FAQPage|ListItem|Organization|Question|SoftwareApplication|WebSite","Organization","95","102","21","9","0","true","{}","手入力不要のAIタグと意味検索を備えたFirefoxブックマーク"
"/ja/bookmark-manager-for-iphone","https://www.marqly.com/ja/bookmark-manager-for-iphone","200","ja","locale-lander","37","80","482","false","0.45","true","false","true","false","21","true","AggregateOffer|Answer|BreadcrumbList|ContactPoint|FAQPage|ListItem|Organization|Question|SoftwareApplication|WebSite","Organization","95","102","21","9","0","true","{}","保存したライブラリ全体をポケットに。iPhone用AIブックマーク"
"/ja/bookmark-manager-for-safari","https://www.marqly.com/ja/bookmark-manager-for-safari","200","ja","locale-lander","34","98","509","false","0.46","true","false","true","false","21","true","AggregateOffer|Answer|BreadcrumbList|ContactPoint|FAQPage|ListItem|Organization|Question|SoftwareApplication|WebSite","Organization","95","102","21","9","0","true","{}","Safariで保存したリンクを、使うすべての端末で"
"/ja/bookmark-organizer","https://www.marqly.com/ja/bookmark-organizer","200","ja","locale-lander","36","80","496","false","0.46","true","false","true","false","21","true","AggregateOffer|Answer|BreadcrumbList|ContactPoint|FAQPage|ListItem|Organization|Question|SoftwareApplication|WebSite","Organization","95","102","21","9","0","true","{}","フォルダ分けの手間から解放。AIが自動でタグ付けし、意味で検索できる"
"/ja/bookmark-sync","https://www.marqly.com/ja/bookmark-sync","200","ja","locale-lander","60","82","492","false","0.44","true","false","true","false","21","true","AggregateOffer|Answer|BreadcrumbList|ContactPoint|FAQPage|ListItem|Organization|Question|SoftwareApplication|WebSite","Organization","95","102","21","9","0","true","{}","あるブラウザで保存し、すべてのブラウザで瞬時に見つける"
"/ja/clipboard-history","https://www.marqly.com/ja/clipboard-history","200","ja","locale-lander","44","80","494","false","0.37","true","false","true","false","21","true","AggregateOffer|Answer|BreadcrumbList|ContactPoint|FAQPage|ListItem|Organization|Question|SoftwareApplication|WebSite","Organization","95","102","21","9","0","true","{}","PCのクリップボードは1つしか記憶できません。Marqlyはすべて記憶します"
"/ja/compare/marqly-vs-evernote","https://www.marqly.com/ja/compare/marqly-vs-evernote","200","ja","locale-lander","47","70","718","false","0.41","true","false","true","false","21","true","AggregateOffer|Answer|BreadcrumbList|ContactPoint|FAQPage|ListItem|Organization|Question|SoftwareApplication|WebSite","Organization","95","102","21","9","0","true","{}","Marqly vs Evernote：総合ノートスイートか、洗練されたリンクライブラリか"
"/ja/compare/marqly-vs-instapaper","https://www.marqly.com/ja/compare/marqly-vs-instapaper","200","ja","locale-lander","44","76","844","false","0.49","true","false","true","false","21","true","AggregateOffer|Answer|BreadcrumbList|ContactPoint|FAQPage|ListItem|Organization|Question|SoftwareApplication|WebSite","Organization","95","102","21","9","0","true","{}","Marqly vs Instapaper：読書体験を極めるか、必要な時にすぐ見つけるか"
"/ja/compare/marqly-vs-matter","https://www.marqly.com/ja/compare/marqly-vs-matter","200","ja","locale-lander","42","75","700","false","0.39","true","false","true","false","21","true","AggregateOffer|Answer|BreadcrumbList|ContactPoint|FAQPage|ListItem|Organization|Question|SoftwareApplication|WebSite","Organization","95","102","21","9","0","true","{}","Marqly vs Matter：移動中に音声で聴くか、蓄積した知識を瞬時に見つけるか"
"/ja/compare/marqly-vs-notion","https://www.marqly.com/ja/compare/marqly-vs-notion","200","ja","locale-lander","52","81","793","false","0.46","true","false","true","false","21","true","AggregateOffer|Answer|BreadcrumbList|ContactPoint|FAQPage|ListItem|Organization|Question|SoftwareApplication|WebSite","Organization","95","102","21","9","0","true","{}","Marqly vs Notion：巨大なワークスペースに放り込むか、専用AIライブラリで管理するか"
"/ja/compare/marqly-vs-obsidian","https://www.marqly.com/ja/compare/marqly-vs-obsidian","200","ja","locale-lander","48","74","751","false","0.41","true","false","true","false","21","true","AggregateOffer|Answer|BreadcrumbList|ContactPoint|FAQPage|ListItem|Organization|Question|SoftwareApplication|WebSite","Organization","95","102","21","9","0","true","{}","Marqly vs Obsidian：自分で所有するローカルファイルか、AIが自走するライブラリか"
"/ja/compare/marqly-vs-pocket","https://www.marqly.com/ja/compare/marqly-vs-pocket","200","ja","locale-lander","36","78","703","false","0.41","true","false","true","false","21","true","AggregateOffer|Answer|BreadcrumbList|ContactPoint|FAQPage|ListItem|Organization|Question|SoftwareApplication|WebSite","Organization","95","102","22","9","0","true","{}","Marqly vs Pocket：サービス終了後の正直な比較"
"/ja/compare/marqly-vs-raindrop","https://www.marqly.com/ja/compare/marqly-vs-raindrop","200","ja","locale-lander","40","74","824","false","0.45","true","false","true","false","21","true","AggregateOffer|Answer|BreadcrumbList|ContactPoint|FAQPage|ListItem|Organization|Question|SoftwareApplication|WebSite","Organization","95","102","21","9","0","true","{}","Marqly vs Raindrop: 手動で整理するか、AIで瞬時に見つけるか"
"/ja/compare/marqly-vs-readwise","https://www.marqly.com/ja/compare/marqly-vs-readwise","200","ja","locale-lander","48","79","796","false","0.44","true","false","true","false","21","true","AggregateOffer|Answer|BreadcrumbList|ContactPoint|FAQPage|ListItem|Organization|Question|SoftwareApplication|WebSite","Organization","95","102","21","9","0","true","{}","Marqly vs Readwise Reader：重厚な読書研究か、手軽な検索ライブラリか"
"/ja/content-curation","https://www.marqly.com/ja/content-curation","200","ja","locale-lander","43","75","482","false","0.43","true","false","true","false","21","true","AggregateOffer|Answer|BreadcrumbList|ContactPoint|FAQPage|ListItem|Organization|Question|SoftwareApplication|WebSite","Organization","95","102","21","9","0","true","{}","特定テーマの厳選知見を集約し、美しい公開Webページとして共有"
"/ja/for-academics","https://www.marqly.com/ja/for-academics","200","ja","locale-lander","34","70","521","false","0.46","true","false","true","false","21","true","AggregateOffer|Answer|BreadcrumbList|ContactPoint|FAQPage|ListItem|Organization|Question|SoftwareApplication|WebSite","Organization","95","102","21","9","0","true","{}","タブの山に埋もれることなく、最新の学術文献を体系的にストック"
"/ja/for-consultants","https://www.marqly.com/ja/for-consultants","200","ja","locale-lander","32","69","451","false","0.39","true","false","true","false","21","true","AggregateOffer|Answer|BreadcrumbList|ContactPoint|FAQPage|ListItem|Organization|Question|SoftwareApplication|WebSite","Organization","95","102","21","9","0","true","{}","目まぐるしく切り替わるクライアント案件の文脈に即応する調査基盤"
"/ja/for-content-creators","https://www.marqly.com/ja/for-content-creators","200","ja","locale-lander","36","80","784","false","0.66","false","false","true","false","21","true","AggregateOffer|Answer|BreadcrumbList|ContactPoint|FAQPage|ListItem|Organization|Question|SoftwareApplication|WebSite","Organization","95","102","21","9","0","true","{}","あの素晴らしいアイデアを保存したはずなのに、いざ制作する時に見つからない"
"/ja/for-designers","https://www.marqly.com/ja/for-designers","200","ja","locale-lander","33","66","541","false","0.46","true","false","true","false","21","true","AggregateOffer|Answer|BreadcrumbList|ContactPoint|FAQPage|ListItem|Organization|Question|SoftwareApplication|WebSite","Organization","95","102","21","9","0","true","{}","感動したデザインの記憶を、あいまいな言葉でいつでも呼び戻す"
"/ja/for-developers","https://www.marqly.com/ja/for-developers","200","ja","locale-lander","30","86","858","false","0.74","false","false","true","false","21","true","AggregateOffer|Answer|BreadcrumbList|ContactPoint|FAQPage|ListItem|Organization|Question|SoftwareApplication|WebSite","Organization","95","102","21","9","0","true","{}","8ヶ月前に解決したあのバグの答えは、閉じたタブの中にあった"
"/ja/for-founders","https://www.marqly.com/ja/for-founders","200","ja","locale-lander","36","66","510","false","0.45","true","false","true","false","21","true","AggregateOffer|Answer|BreadcrumbList|ContactPoint|FAQPage|ListItem|Organization|Question|SoftwareApplication|WebSite","Organization","95","102","21","9","0","true","{}","数秒で収集し、何年でも活用できる競合インテリジェンス"
"/ja/for-journalists","https://www.marqly.com/ja/for-journalists","200","ja","locale-lander","33","77","814","false","0.61","false","false","true","false","21","true","AggregateOffer|Answer|BreadcrumbList|ContactPoint|FAQPage|ListItem|Organization|Question|SoftwareApplication|WebSite","Organization","95","102","21","9","0","true","{}","あなたが引用した取材ソースのWebページは、すでにサイレント修正されていた"
"/ja/for-lawyers","https://www.marqly.com/ja/for-lawyers","200","ja","locale-lander","34","74","515","false","0.46","true","false","true","false","21","true","AggregateOffer|Answer|BreadcrumbList|ContactPoint|FAQPage|ListItem|Organization|Question|SoftwareApplication|WebSite","Organization","95","102","21","9","0","true","{}","法律実務のWebリサーチ・解説記事を、ファイリングの手間なく整理"
"/ja/for-marketers","https://www.marqly.com/ja/for-marketers","200","ja","locale-lander","31","80","750","false","0.64","false","false","true","false","21","true","AggregateOffer|Answer|BreadcrumbList|ContactPoint|FAQPage|ListItem|Organization|Question|SoftwareApplication|WebSite","Organization","95","102","21","9","0","true","{}","チームに見せたかった競合のLPは、すでにデザイン刷新されて消えていた"
"/ja/for-phd-students","https://www.marqly.com/ja/for-phd-students","200","ja","locale-lander","37","73","505","false","0.41","true","false","true","false","21","true","AggregateOffer|Answer|BreadcrumbList|ContactPoint|FAQPage|ListItem|Organization|Question|SoftwareApplication|WebSite","Organization","95","102","21","9","0","true","{}","博士論文の先行研究レビューを、検索・対話可能な単一の知見ライブラリへ"
"/ja/for-product-managers","https://www.marqly.com/ja/for-product-managers","200","ja","locale-lander","36","63","463","false","0.4","true","false","true","false","21","true","AggregateOffer|Answer|BreadcrumbList|ContactPoint|FAQPage|ListItem|Organization|Question|SoftwareApplication|WebSite","Organization","95","102","21","9","0","true","{}","競合分析、リサーチ資料、PRDの論拠をすべて1箇所に集約"
"/ja/for-real-estate","https://www.marqly.com/ja/for-real-estate","200","ja","locale-lander","36","66","496","false","0.44","true","false","true","false","21","true","AggregateOffer|Answer|BreadcrumbList|ContactPoint|FAQPage|ListItem|Organization|Question|SoftwareApplication|WebSite","Organization","95","102","21","9","0","true","{}","顧客ごとの物件リサーチと相場比較を、手作業なしで自動整理"
"/ja/for-recruiters","https://www.marqly.com/ja/for-recruiters","200","ja","locale-lander","34","68","511","false","0.46","true","false","true","false","21","true","AggregateOffer|Answer|BreadcrumbList|ContactPoint|FAQPage|ListItem|Organization|Question|SoftwareApplication|WebSite","Organization","95","102","21","9","0","true","{}","ブラウザのタブの山に埋もれて優秀な候補者を見失うのを防ぐ"
"/ja/for-researchers","https://www.marqly.com/ja/for-researchers","200","ja","locale-lander","28","66","678","false","0.52","false","false","true","false","21","true","AggregateOffer|Answer|BreadcrumbList|ContactPoint|FAQPage|ListItem|Organization|Question|SoftwareApplication|WebSite","Organization","95","102","21","9","0","true","{}","必要な文献は確かに存在する。問題は、どこに保管したか思い出せないことだ"
"/ja/for-sales","https://www.marqly.com/ja/for-sales","200","ja","locale-lander","36","66","428","false","0.39","true","false","true","false","21","true","AggregateOffer|Answer|BreadcrumbList|ContactPoint|FAQPage|ListItem|Organization|Question|SoftwareApplication|WebSite","Organization","95","102","21","9","0","true","{}","見込み顧客に関するあらゆる記事を、保存した瞬間に自動整理"
"/ja/for-students","https://www.marqly.com/ja/for-students","200","ja","locale-lander","29","70","611","false","0.48","true","false","true","false","21","true","AggregateOffer|Answer|BreadcrumbList|ContactPoint|FAQPage|ListItem|Organization|Question|SoftwareApplication|WebSite","Organization","95","102","21","9","0","true","{}","参考文献を散らかさず、書く前に確実にストック"
"/ja/for-teachers","https://www.marqly.com/ja/for-teachers","200","ja","locale-lander","31","78","821","false","0.72","false","false","true","false","21","true","AggregateOffer|Answer|BreadcrumbList|ContactPoint|FAQPage|ListItem|Organization|Question|SoftwareApplication|WebSite","Organization","95","102","21","9","0","true","{}","去年の授業で大好評だったあの教材。覚えているのに、どこに保存したかが見つからない"
"/ja/for-ux-researchers","https://www.marqly.com/ja/for-ux-researchers","200","ja","locale-lander","38","69","445","false","0.38","true","false","true","false","21","true","AggregateOffer|Answer|BreadcrumbList|ContactPoint|FAQPage|ListItem|Organization|Question|SoftwareApplication|WebSite","Organization","95","102","21","9","0","true","{}","維持・管理に数時間ではなく数分しかかからないリサーチリポジトリ"
"/ja/for-writers","https://www.marqly.com/ja/for-writers","200","ja","locale-lander","32","81","842","false","0.66","false","false","true","false","21","true","AggregateOffer|Answer|BreadcrumbList|ContactPoint|FAQPage|ListItem|Organization|Question|SoftwareApplication|WebSite","Organization","95","102","21","9","0","true","{}","筆が乗っていたのに、数ヶ月前に読んだあの名言を探すために執筆が止まってしまった"
"/ja/job-search-organizer","https://www.marqly.com/ja/job-search-organizer","200","ja","locale-lander","38","68","479","false","0.43","true","false","true","false","21","true","AggregateOffer|Answer|BreadcrumbList|ContactPoint|FAQPage|ListItem|Organization|Question|SoftwareApplication|WebSite","Organization","95","102","21","9","0","true","{}","応募求人票、給与相場、面接対策のメモをすべて1つの場所に集約"
"/ja/new-tab-dashboard","https://www.marqly.com/ja/new-tab-dashboard","200","ja","locale-lander","35","91","519","false","0.38","true","false","true","false","21","true","AggregateOffer|Answer|BreadcrumbList|ContactPoint|FAQPage|ListItem|Organization|Question|SoftwareApplication|WebSite","Organization","95","102","21","9","0","true","{}","毎日50回開く新規タブ。開くたびに仕事がはかどる空間へ"
"/ja/read-it-later","https://www.marqly.com/ja/read-it-later","200","ja","locale-lander","25","66","724","false","0.63","false","false","true","false","21","true","AggregateOffer|Answer|BreadcrumbList|ContactPoint|FAQPage|ListItem|Organization|Question|SoftwareApplication|WebSite","Organization","95","102","21","9","0","true","{}","記事を保存し、AI要約で選別し、本当に読む"
"/ja/reading-list","https://www.marqly.com/ja/reading-list","200","ja","locale-lander","38","73","697","false","0.6","false","false","true","false","21","true","AggregateOffer|Answer|BreadcrumbList|ContactPoint|FAQPage|ListItem|Organization|Question|SoftwareApplication|WebSite","Organization","95","102","21","9","0","true","{}","あなたのリーディングリストは散らかっているのではなく、索引がないだけだ"
"/ja/recipe-organizer","https://www.marqly.com/ja/recipe-organizer","200","ja","locale-lander","31","77","782","false","0.69","false","false","true","false","21","true","AggregateOffer|Answer|BreadcrumbList|ContactPoint|FAQPage|ListItem|Organization|Question|SoftwareApplication|WebSite","Organization","95","102","21","9","0","true","{}","美味しそうなレシピを保存したはずなのに、平日の夕方には見つけられない"
"/ja/research-organizer","https://www.marqly.com/ja/research-organizer","200","ja","locale-lander","30","70","763","false","0.64","false","false","true","false","21","true","AggregateOffer|Answer|BreadcrumbList|ContactPoint|FAQPage|ListItem|Organization|Question|SoftwareApplication|WebSite","Organization","95","102","21","9","0","true","{}","リサーチすること自体は簡単だ。調べた結果を後から見つけ出すことが難しい"
"/ja/save-page-as-pdf","https://www.marqly.com/ja/save-page-as-pdf","200","ja","locale-lander","43","77","503","false","0.46","true","false","true","false","21","true","AggregateOffer|Answer|BreadcrumbList|ContactPoint|FAQPage|ListItem|Organization|Question|SoftwareApplication|WebSite","Organization","95","102","21","9","0","true","{}","Webページを画面の見た目そのまま、崩れのないクリーンなPDFに変換"
"/ja/second-brain","https://www.marqly.com/ja/second-brain","200","ja","locale-lander","28","74","929","false","0.84","false","false","true","false","21","true","AggregateOffer|Answer|BreadcrumbList|ContactPoint|FAQPage|ListItem|Organization|Question|SoftwareApplication|WebSite","Organization","95","102","21","9","0","true","{}","セカンドブレインが挫折する理由は、いつも同じです"
"/ja/swipe-file","https://www.marqly.com/ja/swipe-file","200","ja","locale-lander","40","71","510","false","0.45","true","false","true","false","21","true","AggregateOffer|Answer|BreadcrumbList|ContactPoint|FAQPage|ListItem|Organization|Question|SoftwareApplication|WebSite","Organization","95","102","21","9","0","true","{}","心を掴まれた広告やキャッチコピーをすべてストックし、執筆時に即呼び出す"
"/ja/tab-manager","https://www.marqly.com/ja/tab-manager","200","ja","locale-lander","33","73","685","false","0.61","false","false","true","false","21","true","AggregateOffer|Answer|BreadcrumbList|ContactPoint|FAQPage|ListItem|Organization|Question|SoftwareApplication|WebSite","Organization","95","102","21","9","0","true","{}","開いているすべてのタブをワンクリックで一括保存、いつでも再開"
"/ja/tools/youtube-summarize","https://www.marqly.com/ja/tools/youtube-summarize","200","ja","locale-tool","38","82","623","false","1.53","false","false","true","false","21","true","Answer|BreadcrumbList|ContactPoint|FAQPage|ListItem|Offer|Organization|Question|WebApplication|WebSite","","97","2","19","9","0","true","{}","YouTube動画をAIで瞬時に要約"
"/ja/tools/youtube-transcript","https://www.marqly.com/ja/tools/youtube-transcript","200","ja","locale-tool","42","85","875","false","1.69","false","false","true","false","21","true","Answer|BreadcrumbList|ContactPoint|FAQPage|ListItem|Offer|Organization|Question|WebApplication|WebSite","","97","2","19","9","0","true","{}","YouTube動画の文字起こしを1クリックで取得"
"/ja/travel-planning","https://www.marqly.com/ja/travel-planning","200","ja","locale-lander","35","69","763","false","0.67","false","false","true","false","21","true","AggregateOffer|Answer|BreadcrumbList|ContactPoint|FAQPage|ListItem|Organization|Question|SoftwareApplication|WebSite","Organization","95","102","21","9","0","true","{}","旅行の計画を立てるつもりが、気づけばタブが40個開いて何も決まっていない"
"/ja/watch-later","https://www.marqly.com/ja/watch-later","200","ja","locale-lander","30","69","779","false","0.69","false","false","true","false","21","true","AggregateOffer|Answer|BreadcrumbList|ContactPoint|FAQPage|ListItem|Organization|Question|SoftwareApplication|WebSite","Organization","95","102","21","9","0","true","{}","「後で見る」リストは、動画が忘れ去られる場所です"
"/ja/web-highlighter","https://www.marqly.com/ja/web-highlighter","200","ja","locale-lander","27","68","646","false","0.57","false","false","true","false","21","true","AggregateOffer|Answer|BreadcrumbList|ContactPoint|FAQPage|ListItem|Organization|Question|SoftwareApplication|WebSite","Organization","95","102","21","9","0","true","{}","本にマーカーを引くように、Web上の知識をハイライト"
"/ja/youtube-summarizer","https://www.marqly.com/ja/youtube-summarizer","200","ja","locale-lander","37","80","463","false","0.41","true","false","true","false","21","true","AggregateOffer|Answer|BreadcrumbList|ContactPoint|FAQPage|ListItem|Organization|Question|SoftwareApplication|WebSite","Organization","95","102","21","9","0","true","{}","40分の動画を見る前に、30秒で内容の核心をつかむ"
"/job-search-organizer","https://www.marqly.com/job-search-organizer","200","en","root-lander","53","155","1111","false","","false","false","true","false","21","true","AggregateOffer|Answer|BreadcrumbList|ContactPoint|FAQPage|ListItem|Organization|Question|SoftwareApplication|WebSite","Organization","185","767","23","9","0","true","{}","Every posting, salary thread, and prep note in one place"
"/ko","https://www.marqly.com/ko","200","ko","locale-home","38","87","1444","false","0.43","true","false","true","false","21","true","AggregateOffer|Answer|BreadcrumbList|ContactPoint|FAQPage|ListItem|Organization|Question|SoftwareApplication|WebSite","Organization","96","1913","21","9","0","true","{}","저장은 누구나 합니다. Marqly는 확실히 다시 찾아냅니다."
"/ko/alternatives/evernote","https://www.marqly.com/ko/alternatives/evernote","200","ko","locale-lander","38","86","691","false","0.36","true","false","true","false","21","true","AggregateOffer|Answer|BreadcrumbList|ContactPoint|FAQPage|ListItem|Organization|Question|SoftwareApplication|WebSite","Organization","95","102","21","9","0","true","{}","Evernote 대안 찾기: 내가 실제로 쓰던 기능이 무엇인지부터"
"/ko/alternatives/instapaper","https://www.marqly.com/ko/alternatives/instapaper","200","ko","locale-lander","40","79","720","false","0.38","true","false","true","false","21","true","AggregateOffer|Answer|BreadcrumbList|ContactPoint|FAQPage|ListItem|Organization|Question|SoftwareApplication|WebSite","Organization","95","102","21","9","0","true","{}","Instapaper 대안 찾기: 나에게 진짜 부족했던 기능으로부터"
"/ko/alternatives/notion","https://www.marqly.com/ko/alternatives/notion","200","ko","locale-lander","46","74","625","false","0.32","true","false","true","false","21","true","AggregateOffer|Answer|BreadcrumbList|ContactPoint|FAQPage|ListItem|Organization|Question|SoftwareApplication|WebSite","Organization","95","102","21","9","0","true","{}","노션의 웹 링크 데이터베이스가 통제 불능이 되었을 때의 대안"
"/ko/alternatives/pocket","https://www.marqly.com/ko/alternatives/pocket","200","ko","locale-lander","42","96","749","false","0.46","true","false","true","false","21","true","AggregateOffer|Answer|BreadcrumbList|ContactPoint|FAQPage|ListItem|Organization|Question|SoftwareApplication|WebSite","Organization","95","102","22","9","0","true","{}","포켓의 대체 앱은, 원래 포켓을 '어떤 용도'로 썼는지에 따라 달라집니다"
"/ko/alternatives/raindrop","https://www.marqly.com/ko/alternatives/raindrop","200","ko","locale-lander","39","86","797","false","0.39","true","false","true","false","21","true","AggregateOffer|Answer|BreadcrumbList|ContactPoint|FAQPage|ListItem|Organization|Question|SoftwareApplication|WebSite","Organization","95","102","22","9","0","true","{}","Raindrop.io 대체 앱: 이전하려는 이유에 맞춘 추천"
"/ko/blog","https://www.marqly.com/ko/blog","200","ko","locale-blog-index","36","73","3881","false","5","false","false","true","false","21","true","Blog|BlogPosting","","131","102","17","39","0","true","{""datePublished"":""2026-07-04""}","스마트하게 저장하고, 바로 찾아보세요."
"/ko/blog/ai-bookmark-geomsaek-2026","https://www.marqly.com/ko/blog/ai-bookmark-geomsaek-2026","200","ko","locale-blog","37","82","955","false","0.86","false","false","true","false","21","true","AggregateOffer|Answer|BlogPosting|BreadcrumbList|ContactPoint|FAQPage|ImageObject|ListItem|Organization|Question|SoftwareApplication|WebPage","Organization","99","7","18","10","0","true","{""datePublished"":""2026-05-18"",""dateModified"":""2026-09-07""}","AI로 북마크 검색하는 법 (시맨틱 검색 가이드・2026)"
"/ko/blog/ai-bookmark-managers-semantic-search-compared-2026","https://www.marqly.com/ko/blog/ai-bookmark-managers-semantic-search-compared-2026","200","ko","locale-blog","45","68","1284","false","0.56","false","false","true","false","21","true","AggregateOffer|Answer|BlogPosting|BreadcrumbList|ContactPoint|FAQPage|ImageObject|ListItem|Organization|Question|SoftwareApplication|WebPage","Organization","98","9","18","10","0","true","{""datePublished"":""2026-06-23"",""dateModified"":""2026-06-23""}","어떤 AI 북마크 관리자가 진짜 의미로 검색할까요? (8종 비교 2026)"
"/ko/blog/best-ai-bookmark-manager-2026","https://www.marqly.com/ko/blog/best-ai-bookmark-manager-2026","200","ko","locale-blog","35","89","992","false","0.35","true","false","true","false","21","true","AggregateOffer|Answer|BlogPosting|BreadcrumbList|ContactPoint|FAQPage|ImageObject|ListItem|Organization|Question|SoftwareApplication|WebPage","Organization","98","4","20","10","0","true","{""datePublished"":""2026-05-05"",""dateModified"":""2026-06-23""}","2026년 최고의 AI 북마크 매니저 추천: 선택 기준 및 5가지 툴 비교"
"/ko/blog/best-free-bookmark-manager-2026","https://www.marqly.com/ko/blog/best-free-bookmark-manager-2026","200","ko","locale-blog","35","98","951","false","0.48","true","false","true","false","21","true","AggregateOffer|Answer|BlogPosting|BreadcrumbList|ContactPoint|FAQPage|ImageObject|ListItem|Organization|Question|SoftwareApplication|WebPage","Organization","98","102","19","10","0","true","{""datePublished"":""2026-08-02"",""dateModified"":""2026-09-07""}","2026년 최고의 무료 북마크 관리자 5선 (진짜 무료 도구 추천)"
"/ko/blog/best-second-brain-apps-2026","https://www.marqly.com/ko/blog/best-second-brain-apps-2026","200","ko","locale-blog","34","89","1087","false","0.44","true","false","true","false","21","true","AggregateOffer|Answer|BlogPosting|BreadcrumbList|ContactPoint|FAQPage|ImageObject|ListItem|Organization|Question|SoftwareApplication|WebPage","Organization","99","8","19","10","0","true","{""datePublished"":""2026-06-23"",""dateModified"":""2026-09-07""}","2026 최고의 세컨드 브레인 앱 7종 비교 (유지관리 피로도 기준)"
"/ko/blog/best-self-hosted-pocket-alternative-2026","https://www.marqly.com/ko/blog/best-self-hosted-pocket-alternative-2026","200","ko","locale-blog","42","94","443","false","0.19","true","false","true","false","21","true","AggregateOffer|Answer|BlogPosting|BreadcrumbList|ContactPoint|FAQPage|ImageObject|ListItem|Organization|Question|SoftwareApplication|WebPage","Organization","98","4","19","10","0","true","{""datePublished"":""2026-06-23"",""dateModified"":""2026-06-23""}","2026년 최고의 셀프 호스팅 Pocket 대체 오픈소스 (Wallabag, Karakeep, Linkwarden)"
"/ko/blog/best-tab-managers-2026","https://www.marqly.com/ko/blog/best-tab-managers-2026","200","ko","locale-blog","54","98","911","false","0.51","false","false","true","false","21","true","AggregateOffer|Answer|BlogPosting|BreadcrumbList|ContactPoint|FAQPage|ImageObject|ListItem|Organization|Question|SoftwareApplication|WebPage","Organization","98","102","18","9","0","true","{""datePublished"":""2026-08-02"",""dateModified"":""2026-09-07""}","2026년 추천 탭 관리자 5선 (실제 작업 용도별 선택 가이드)"
"/ko/blog/best-web-highlighter-2026","https://www.marqly.com/ko/blog/best-web-highlighter-2026","200","ko","locale-blog","36","118","924","false","0.51","false","false","true","false","21","true","AggregateOffer|Answer|BlogPosting|BreadcrumbList|ContactPoint|FAQPage|ImageObject|ListItem|Organization|Question|SoftwareApplication|WebPage","Organization","98","102","19","10","0","true","{""datePublished"":""2026-08-02"",""dateModified"":""2026-09-07""}","2026년 최고의 웹 형광펜 확장 프로그램 6종 비교 (실제 웹페이지 테스트)"
"/ko/blog/best-youtube-summarizers-2026","https://www.marqly.com/ko/blog/best-youtube-summarizers-2026","200","ko","locale-blog","53","83","1143","false","0.61","false","false","true","false","21","true","AggregateOffer|Answer|BlogPosting|BreadcrumbList|ContactPoint|FAQPage|ImageObject|ListItem|Organization|Question|SoftwareApplication|WebPage","Organization","99","102","18","9","0","true","{""datePublished"":""2026-08-02"",""dateModified"":""2026-09-07""}","2026년 추천 YouTube 영상 AI 요약 프로그램 6선 (솔직한 비교)"
"/ko/blog/bookmark-jeongri-guide-2026","https://www.marqly.com/ko/blog/bookmark-jeongri-guide-2026","200","ko","locale-blog","34","87","980","false","0.3","true","false","true","false","21","true","AggregateOffer|Answer|BlogPosting|BreadcrumbList|ContactPoint|FAQPage|ImageObject|ListItem|Organization|Question|SoftwareApplication|WebPage","Organization","98","5","19","10","0","true","{""datePublished"":""2026-03-24"",""dateModified"":""2026-06-23""}","웹 브라우저 북마크 완벽 정리 가이드【2026년 최신】"
"/ko/blog/can-ai-organize-my-bookmarks-automatically-2026","https://www.marqly.com/ko/blog/can-ai-organize-my-bookmarks-automatically-2026","200","ko","locale-blog","44","79","848","false","0.86","false","false","true","false","21","true","AggregateOffer|Answer|BlogPosting|BreadcrumbList|ContactPoint|FAQPage|ImageObject|ListItem|Organization|Question|SoftwareApplication|WebPage","Organization","96","1","18","10","0","true","{""datePublished"":""2026-05-16"",""dateModified"":""2026-09-07""}","AI가 북마크를 자동으로 정리해 줄 수 있을까요? 정답은 YES"
"/ko/blog/chat-with-youtube-videos-2026","https://www.marqly.com/ko/blog/chat-with-youtube-videos-2026","200","ko","locale-blog","45","76","963","false","0.47","true","false","true","false","21","true","AggregateOffer|Answer|BlogPosting|BreadcrumbList|ContactPoint|FAQPage|ImageObject|ListItem|Organization|Question|SoftwareApplication|WebPage","Organization","96","1","19","10","0","true","{""datePublished"":""2026-07-04"",""dateModified"":""2026-09-07""}","YouTube 동영상과 AI로 대화하는 법 (질문하고 진짜 답변 얻기)"
"/ko/blog/chrome-bookmark-gajyeoogi-2026","https://www.marqly.com/ko/blog/chrome-bookmark-gajyeoogi-2026","200","ko","locale-blog","37","66","850","false","0.35","true","false","true","false","21","true","AggregateOffer|Answer|BlogPosting|BreadcrumbList|ContactPoint|FAQPage|ImageObject|ListItem|Organization|Question|SoftwareApplication|WebPage","Organization","97","3","19","10","0","true","{""datePublished"":""2026-06-23"",""dateModified"":""2026-06-23""}","크롬 북마크 내보내기 및 AI 북마크 관리자로 가져오는 방법 (2026년 가이드)"
"/ko/blog/chrome-bookmarks-not-syncing-fix-2026","https://www.marqly.com/ko/blog/chrome-bookmarks-not-syncing-fix-2026","200","ko","locale-blog","44","79","1265","false","0.74","false","false","true","false","21","true","AggregateOffer|Answer|BlogPosting|BreadcrumbList|ContactPoint|FAQPage|ImageObject|ListItem|Organization|Question|SoftwareApplication|WebPage","Organization","96","102","19","9","0","true","{""datePublished"":""2026-08-02"",""dateModified"":""2026-08-02""}","Chrome 북마크가 동기화되지 않나요? 확실한 해결책 8가지 (2026)"
"/ko/blog/digital-declutter-new-year","https://www.marqly.com/ko/blog/digital-declutter-new-year","200","ko","locale-blog","36","95","3052","false","1.84","false","false","true","false","21","true","AggregateOffer|Answer|BlogPosting|BreadcrumbList|ContactPoint|FAQPage|ImageObject|ListItem|Organization|Question|SoftwareApplication|WebPage","Organization","100","102","19","9","0","true","{""datePublished"":""2026-08-02"",""dateModified"":""2026-08-02""}","새해 디지털 정리 체크리스트: 탭, 북마크, 읽을거리, 구독을 2시간 만에 비우기"
"/ko/blog/export-instagram-saved-posts-2026","https://www.marqly.com/ko/blog/export-instagram-saved-posts-2026","200","ko","locale-blog","34","86","1012","false","0.57","false","false","true","false","21","true","AggregateOffer|Answer|BlogPosting|BreadcrumbList|ContactPoint|FAQPage|ImageObject|ListItem|Organization|Question|SoftwareApplication|WebPage","Organization","96","102","19","9","0","true","{""datePublished"":""2026-08-16"",""dateModified"":""2026-09-07""}","2026년 인스타그램 저장된 게시물 내보내기 완벽 가이드"
"/ko/blog/export-reddit-saved-posts-2026","https://www.marqly.com/ko/blog/export-reddit-saved-posts-2026","200","ko","locale-blog","32","78","1220","false","0.72","false","false","true","false","21","true","AggregateOffer|Answer|BlogPosting|BreadcrumbList|ContactPoint|FAQPage|ImageObject|ListItem|Organization|Question|SoftwareApplication|WebPage","Organization","96","5","19","9","0","true","{""datePublished"":""2026-08-02"",""dateModified"":""2026-09-07""}","2026년 레딧(Reddit) 저장된 게시물 내보내기 완벽 가이드"
"/ko/blog/export-twitter-x-bookmarks-2026","https://www.marqly.com/ko/blog/export-twitter-x-bookmarks-2026","200","ko","locale-blog","37","74","1049","false","0.59","false","false","true","false","21","true","AggregateOffer|Answer|BlogPosting|BreadcrumbList|ContactPoint|FAQPage|ImageObject|ListItem|Organization|Question|SoftwareApplication|WebPage","Organization","96","1","19","9","0","true","{""datePublished"":""2026-08-02"",""dateModified"":""2026-09-07""}","2026년 X(트위터) 북마크 내보내기 완벽 가이드 (실제 작동하는 모든 방법)"
"/ko/blog/export-youtube-watch-later-2026","https://www.marqly.com/ko/blog/export-youtube-watch-later-2026","200","ko","locale-blog","37","80","1035","false","0.58","false","false","true","false","21","true","AggregateOffer|Answer|BlogPosting|BreadcrumbList|ContactPoint|FAQPage|ImageObject|ListItem|Organization|Question|SoftwareApplication|WebPage","Organization","96","102","19","9","0","true","{""datePublished"":""2026-08-16"",""dateModified"":""2026-09-07""}","2026년 유튜브 '나중에 볼 동영상' 내보내기 방법 (테이크아웃 미지원 해결)"
"/ko/blog/how-to-build-a-second-brain-2026","https://www.marqly.com/ko/blog/how-to-build-a-second-brain-2026","200","ko","locale-blog","38","93","1531","false","1.4","false","false","true","false","21","true","AggregateOffer|Answer|BlogPosting|BreadcrumbList|ContactPoint|FAQPage|ImageObject|ListItem|Organization|Question|SoftwareApplication|WebPage","Organization","97","3","18","10","0","true","{""datePublished"":""2026-03-13"",""dateModified"":""2026-09-07""}","수동 정리 없는 2026년형 세컨드 브레인 구축 가이드"
"/ko/blog/how-to-chat-with-your-saved-articles-2026","https://www.marqly.com/ko/blog/how-to-chat-with-your-saved-articles-2026","200","ko","locale-blog","32","75","829","false","0.75","false","false","true","false","21","true","AggregateOffer|Answer|BlogPosting|BreadcrumbList|ContactPoint|FAQPage|ImageObject|ListItem|Organization|Question|SoftwareApplication|WebPage","Organization","98","3","19","10","0","true","{""datePublished"":""2026-05-14"",""dateModified"":""2026-09-07""}","저장된 아티클 및 북마크와 AI로 대화하는 방법 (2026 최신)"
"/ko/blog/how-to-export-migrate-pocket-data-2026","https://www.marqly.com/ko/blog/how-to-export-migrate-pocket-data-2026","200","ko","locale-blog","40","66","928","false","0.93","false","false","true","false","21","true","AggregateOffer|Answer|BlogPosting|BreadcrumbList|ContactPoint|FAQPage|ImageObject|ListItem|Organization|Question|SoftwareApplication|WebPage","Organization","97","2","19","10","0","true","{""datePublished"":""2026-05-08"",""dateModified"":""2026-05-08""}","2026년 Pocket 데이터 내보내기 및 이전 방법 (단계별 가이드)"
"/ko/blog/how-to-find-a-saved-article-you-forgot-the-title-of-2026","https://www.marqly.com/ko/blog/how-to-find-a-saved-article-you-forgot-the-title-of-2026","200","ko","locale-blog","34","86","989","false","0.95","false","false","true","false","21","true","AggregateOffer|Answer|BlogPosting|BreadcrumbList|ContactPoint|FAQPage|ImageObject|ListItem|Organization|Question|SoftwareApplication|WebPage","Organization","99","3","19","10","0","true","{""datePublished"":""2026-05-22"",""dateModified"":""2026-09-07""}","제목이 기억나지 않는 저장된 아티클을 찾는 방법 (2026)"
"/ko/blog/how-to-highlight-text-on-any-website-2026","https://www.marqly.com/ko/blog/how-to-highlight-text-on-any-website-2026","200","ko","locale-blog","34","93","1190","false","0.61","false","false","true","false","21","true","AggregateOffer|Answer|BlogPosting|BreadcrumbList|ContactPoint|FAQPage|ImageObject|ListItem|Organization|Question|SoftwareApplication|WebPage","Organization","98","2","18","10","0","true","{""datePublished"":""2026-07-04"",""dateModified"":""2026-09-07""}","어떤 웹사이트에서든 텍스트에 형광펜 칠하고 영구 보관하는 방법"
"/ko/blog/instapaper-alternatives-2026","https://www.marqly.com/ko/blog/instapaper-alternatives-2026","200","ko","locale-blog","48","75","380","false","0.48","true","false","true","false","21","true","AggregateOffer|Answer|BlogPosting|BreadcrumbList|ContactPoint|FAQPage|ImageObject|ListItem|Organization|Question|SoftwareApplication|WebPage","Organization","98","3","19","10","0","true","{""datePublished"":""2026-04-09"",""dateModified"":""2026-04-09""}","2026년 최고의 Instapaper 대체 앱 추천 (단순 뷰어 이상의 기능이 필요할 때)"
"/ko/blog/instapaper-review-2026","https://www.marqly.com/ko/blog/instapaper-review-2026","200","ko","locale-blog","42","72","395","false","0.23","true","false","true","false","21","true","AggregateOffer|Answer|BlogPosting|BreadcrumbList|ContactPoint|FAQPage|ImageObject|ListItem|Organization|Question|SoftwareApplication|WebPage","Organization","100","6","19","9","0","true","{""datePublished"":""2026-08-02"",""dateModified"":""2026-08-02""}","Instapaper 솔직 사용 후기 2026: 편안한 읽기 뷰, 하지만 아쉬운 가격 인상"
"/ko/blog/karakeep-review-2026","https://www.marqly.com/ko/blog/karakeep-review-2026","200","ko","locale-blog","43","75","394","false","0.24","true","false","true","false","21","true","AggregateOffer|Answer|BlogPosting|BreadcrumbList|ContactPoint|FAQPage|ImageObject|ListItem|Organization|Question|SoftwareApplication|WebPage","Organization","100","6","19","9","0","true","{""datePublished"":""2026-08-02"",""dateModified"":""2026-08-02""}","Karakeep 솔직 사용 후기 2026: 로컬 AI를 품은 셀프 호스팅 북마크 툴"
"/ko/blog/linkwarden-review-2026","https://www.marqly.com/ko/blog/linkwarden-review-2026","200","ko","locale-blog","45","77","392","false","0.24","true","false","true","false","21","true","AggregateOffer|Answer|BlogPosting|BreadcrumbList|ContactPoint|FAQPage|ImageObject|ListItem|Organization|Question|SoftwareApplication|WebPage","Organization","100","6","19","9","0","true","{""datePublished"":""2026-08-02"",""dateModified"":""2026-08-02""}","Linkwarden 솔직 사용 후기 2026: 링크 유실을 막아주는 오픈소스 아카이빙 툴"
"/ko/blog/marqly-review-2026","https://www.marqly.com/ko/blog/marqly-review-2026","200","ko","locale-blog","40","72","386","false","0.39","true","false","true","false","21","true","AggregateOffer|Answer|BlogPosting|BreadcrumbList|ContactPoint|FAQPage|ImageObject|ListItem|Organization|Question|SoftwareApplication|WebPage","Organization","100","1","18","10","0","true","{""datePublished"":""2026-02-26"",""dateModified"":""2026-02-26""}","Marqly 솔직 사용 후기 2026: 기능, 요금제, 장단점 분석"
"/ko/blog/mymind-review-2026","https://www.marqly.com/ko/blog/mymind-review-2026","200","ko","locale-blog","39","79","4111","false","2.29","false","false","true","false","21","true","AggregateOffer|Answer|BlogPosting|BreadcrumbList|ContactPoint|FAQPage|ImageObject|ListItem|Organization|Question|SoftwareApplication|WebPage","Organization","103","6","19","9","0","true","{""datePublished"":""2026-08-02"",""dateModified"":""2026-08-02""}","mymind 리뷰 2026: 아름답고 사적이지만 모두를 위한 것은 아니다"
"/ko/blog/najunge-ilgi-app-2026","https://www.marqly.com/ko/blog/najunge-ilgi-app-2026","200","ko","locale-blog","37","82","1547","false","1.48","false","false","true","false","21","true","AggregateOffer|Answer|BlogPosting|BreadcrumbList|ContactPoint|FAQPage|ImageObject|ListItem|Organization|Question|SoftwareApplication|WebPage","Organization","98","4","20","10","0","true","{""datePublished"":""2026-03-19"",""dateModified"":""2026-06-23""}","나중에 읽기(Read-it-Later) 앱 추천 9선【2026 순위 & 실측 비교】"
"/ko/blog/notion-web-clipper-alternative-2026","https://www.marqly.com/ko/blog/notion-web-clipper-alternative-2026","200","ko","locale-blog","33","78","975","false","1.12","false","false","true","false","21","true","AggregateOffer|Answer|BlogPosting|BreadcrumbList|ContactPoint|FAQPage|ImageObject|ListItem|Organization|Question|SoftwareApplication|WebPage","Organization","98","1","19","10","0","true","{""datePublished"":""2026-04-04"",""dateModified"":""2026-09-07""}","2026년 최적의 노션 웹 클리퍼(Notion Web Clipper) 대체 도구"
"/ko/blog/para-method-for-bookmarks-2026","https://www.marqly.com/ko/blog/para-method-for-bookmarks-2026","200","ko","locale-blog","38","79","1105","false","0.64","false","false","true","false","21","true","AggregateOffer|Answer|BlogPosting|BreadcrumbList|ContactPoint|FAQPage|ImageObject|ListItem|Organization|Question|SoftwareApplication|WebPage","Organization","99","5","18","10","0","true","{""datePublished"":""2026-08-02"",""dateModified"":""2026-09-07""}","북마크를 위한 PARA 정리법: 설정 가이드와 한계점 (2026)"
"/ko/blog/pocket-daeche-2026","https://www.marqly.com/ko/blog/pocket-daeche-2026","200","ko","locale-blog","37","100","2930","false","0.92","false","false","true","false","21","true","AggregateOffer|Answer|BlogPosting|BreadcrumbList|ContactPoint|FAQPage|ImageObject|ListItem|Organization|Question|SoftwareApplication|WebPage","Organization","99","5","20","10","0","true","{""datePublished"":""2026-05-12"",""dateModified"":""2026-06-23""}","포켓(Pocket) 서비스 종료 후 최고의 대체 앱 8선【2026 심층 비교】"
"/ko/blog/raindrop-review-2026","https://www.marqly.com/ko/blog/raindrop-review-2026","200","ko","locale-blog","42","68","446","false","0.24","true","false","true","false","21","true","AggregateOffer|Answer|BlogPosting|BreadcrumbList|ContactPoint|FAQPage|ImageObject|ListItem|Organization|Question|SoftwareApplication|WebPage","Organization","100","5","19","9","0","true","{""datePublished"":""2026-08-02"",""dateModified"":""2026-08-02""}","Raindrop.io 솔직 사용 후기 2026: 가장 완성도 높은 클래식 북마크 툴"
"/ko/blog/readwise-reader-review-2026","https://www.marqly.com/ko/blog/readwise-reader-review-2026","200","ko","locale-blog","47","88","456","false","0.27","true","false","true","false","21","true","AggregateOffer|Answer|BlogPosting|BreadcrumbList|ContactPoint|FAQPage|ImageObject|ListItem|Organization|Question|SoftwareApplication|WebPage","Organization","100","1","19","9","0","true","{""datePublished"":""2026-08-02"",""dateModified"":""2026-08-02""}","Readwise Reader 솔직 사용 후기 2026: 지독하게 책과 글을 읽는 이들을 위한 파워 툴"
"/ko/blog/save-youtube-videos-watch-later-2026","https://www.marqly.com/ko/blog/save-youtube-videos-watch-later-2026","200","ko","locale-blog","41","85","1153","false","1.11","false","false","true","false","21","true","AggregateOffer|Answer|BlogPosting|BreadcrumbList|ContactPoint|FAQPage|ImageObject|ListItem|Organization|Question|SoftwareApplication|WebPage","Organization","96","2","18","10","0","true","{""datePublished"":""2026-03-08"",""dateModified"":""2026-09-07""}","YouTube '나중에 볼 동영상' 깔끔하게 정리하고 다시 찾는 법"
"/ko/blog/stop-organizing-bookmarks-folders-obsolete-2026","https://www.marqly.com/ko/blog/stop-organizing-bookmarks-folders-obsolete-2026","200","ko","locale-blog","38","92","1058","false","0.49","true","false","true","false","21","true","AggregateOffer|Answer|BlogPosting|BreadcrumbList|ContactPoint|FAQPage|ImageObject|ListItem|Organization|Question|SoftwareApplication|WebPage","Organization","98","4","19","10","0","true","{""datePublished"":""2026-06-23"",""dateModified"":""2026-09-07""}","북마크 폴더 정리 그만두기: 2026년에 폴더 분류가 구식이 된 이유"
"/ko/blog/webpage-pdf-jeojang-guide-2026","https://www.marqly.com/ko/blog/webpage-pdf-jeojang-guide-2026","200","ko","locale-blog","51","88","995","false","0.51","false","false","true","false","21","true","AggregateOffer|Answer|BlogPosting|BreadcrumbList|ContactPoint|FAQPage|ImageObject|ListItem|Organization|Question|SoftwareApplication|WebPage","Organization","96","1","18","10","0","true","{""datePublished"":""2026-07-04"",""dateModified"":""2026-09-07""}","웹페이지를 PDF로 완벽하게 저장하는 방법 (이미지 누락 및 레이아웃 깨짐 방지)"
"/ko/blog/what-is-a-second-brain-app-2026","https://www.marqly.com/ko/blog/what-is-a-second-brain-app-2026","200","ko","locale-blog","42","81","853","false","0.3","true","false","true","false","21","true","AggregateOffer|Answer|BlogPosting|BreadcrumbList|ContactPoint|FAQPage|ImageObject|ListItem|Organization|Question|SoftwareApplication|WebPage","Organization","97","2","19","10","0","true","{""datePublished"":""2026-04-28"",""dateModified"":""2026-09-07""}","세컨드 브레인(Second Brain) 앱이란? (북마크로 손쉽게 구축하는 법, 2026)"
"/ko/blog/what-is-an-ai-second-brain-2026","https://www.marqly.com/ko/blog/what-is-an-ai-second-brain-2026","200","ko","locale-blog","38","92","854","false","0.83","false","false","true","false","21","true","AggregateOffer|Answer|BlogPosting|BreadcrumbList|ContactPoint|FAQPage|ImageObject|ListItem|Organization|Question|SoftwareApplication|WebPage","Organization","97","4","19","10","0","true","{""datePublished"":""2026-05-20"",""dateModified"":""2026-09-07""}","AI 세컨드 브레인(Second Brain)이란? 쉬운 설명과 실전 가이드 (2026)"
"/ko/blog/what-is-in-your-pocket-export-file-2026","https://www.marqly.com/ko/blog/what-is-in-your-pocket-export-file-2026","200","ko","locale-blog","42","86","552","false","0.23","true","false","true","false","21","true","AggregateOffer|Answer|BlogPosting|BreadcrumbList|ContactPoint|FAQPage|ImageObject|ListItem|Organization|Question|SoftwareApplication|WebPage","Organization","96","1","19","10","0","true","{""datePublished"":""2026-06-23"",""dateModified"":""2026-06-23""}","Pocket 내보내기 파일에는 실제로 무엇이 들어있을까요? (구조 및 활용법 2026)"
"/ko/blog/youtube-dongyeongsang-ai-yoyak-2026","https://www.marqly.com/ko/blog/youtube-dongyeongsang-ai-yoyak-2026","200","ko","locale-blog","36","82","1271","false","0.64","false","false","true","false","21","true","AggregateOffer|Answer|BlogPosting|BreadcrumbList|ContactPoint|FAQPage|ImageObject|ListItem|Organization|Question|SoftwareApplication|WebPage","Organization","96","2","19","10","0","true","{""datePublished"":""2026-07-04"",""dateModified"":""2026-09-07""}","유튜브 동영상 AI로 요약하는 방법: 시청 화면에서 즉시 핵심 파악하기 (2026년 가이드)"
"/ko/blog/youtube-transcript-chuchul-guide-2026","https://www.marqly.com/ko/blog/youtube-transcript-chuchul-guide-2026","200","ko","locale-blog","36","95","1325","false","0.67","false","false","true","false","21","true","AggregateOffer|Answer|BlogPosting|BreadcrumbList|ContactPoint|FAQPage|ImageObject|ListItem|Organization|Question|SoftwareApplication|WebPage","Organization","98","1","18","10","0","true","{""datePublished"":""2026-07-04"",""dateModified"":""2026-09-07""}","YouTube 동영상 자막 스크립트 추출하는 3가지 방법 (2026년 최신)"
"/ko/bookmark-manager-for-chrome","https://www.marqly.com/ko/bookmark-manager-for-chrome","200","ko","locale-lander","43","99","551","false","0.49","true","false","true","false","21","true","AggregateOffer|Answer|BreadcrumbList|ContactPoint|FAQPage|ListItem|Organization|Question|SoftwareApplication|WebSite","Organization","95","102","21","9","0","true","{}","기억나는 대로 말해도 찾아주는 Chrome AI 북마크"
"/ko/bookmark-manager-for-edge","https://www.marqly.com/ko/bookmark-manager-for-edge","200","ko","locale-lander","40","94","506","false","0.46","true","false","true","false","21","true","AggregateOffer|Answer|BreadcrumbList|ContactPoint|FAQPage|ListItem|Organization|Question|SoftwareApplication|WebSite","Organization","95","102","21","9","0","true","{}","Microsoft Edge 즐겨찾기를 AI로 스마트하게 업그레이드"
"/ko/bookmark-manager-for-firefox","https://www.marqly.com/ko/bookmark-manager-for-firefox","200","ko","locale-lander","44","95","532","false","0.48","true","false","true","false","21","true","AggregateOffer|Answer|BreadcrumbList|ContactPoint|FAQPage|ListItem|Organization|Question|SoftwareApplication|WebSite","Organization","95","102","21","9","0","true","{}","수동 입력 없이 AI가 자동으로 태그를 달아주는 Firefox 북마크"
"/ko/bookmark-manager-for-iphone","https://www.marqly.com/ko/bookmark-manager-for-iphone","200","ko","locale-lander","37","98","516","false","0.48","true","false","true","false","21","true","AggregateOffer|Answer|BreadcrumbList|ContactPoint|FAQPage|ListItem|Organization|Question|SoftwareApplication|WebSite","Organization","95","102","21","9","0","true","{}","모든 북마크 라이브러리를 주머니 속에, iPhone용 AI 북마크"
"/ko/bookmark-manager-for-safari","https://www.marqly.com/ko/bookmark-manager-for-safari","200","ko","locale-lander","33","108","554","false","0.5","false","false","true","false","21","true","AggregateOffer|Answer|BreadcrumbList|ContactPoint|FAQPage|ListItem|Organization|Question|SoftwareApplication|WebSite","Organization","95","102","21","9","0","true","{}","어떤 기기를 쓰더라도 바로 열리는 Safari 북마크"
"/ko/bookmark-organizer","https://www.marqly.com/ko/bookmark-organizer","200","ko","locale-lander","40","90","558","false","0.51","false","false","true","false","21","true","AggregateOffer|Answer|BreadcrumbList|ContactPoint|FAQPage|ListItem|Organization|Question|SoftwareApplication|WebSite","Organization","95","102","21","9","0","true","{}","북마크 폴더 분류는 이제 그만. AI가 자동 태깅하고 의미로 찾아냅니다"
"/ko/bookmark-sync","https://www.marqly.com/ko/bookmark-sync","200","ko","locale-lander","60","104","529","false","0.47","true","false","true","false","21","true","AggregateOffer|Answer|BreadcrumbList|ContactPoint|FAQPage|ListItem|Organization|Question|SoftwareApplication|WebSite","Organization","95","102","21","9","0","true","{}","어떤 브라우저에서 저장하든, 모든 기기에서 즉시 확인하세요"
"/ko/clipboard-history","https://www.marqly.com/ko/clipboard-history","200","ko","locale-lander","48","88","527","false","0.39","true","false","true","false","21","true","AggregateOffer|Answer|BreadcrumbList|ContactPoint|FAQPage|ListItem|Organization|Question|SoftwareApplication|WebSite","Organization","95","102","21","9","0","true","{}","운영체제 클립보드는 하나만 기억하지만, Marqly는 모두 기억합니다"
"/ko/compare/marqly-vs-evernote","https://www.marqly.com/ko/compare/marqly-vs-evernote","200","ko","locale-lander","53","93","767","false","0.44","true","false","true","false","21","true","AggregateOffer|Answer|BreadcrumbList|ContactPoint|FAQPage|ListItem|Organization|Question|SoftwareApplication|WebSite","Organization","95","102","21","9","0","true","{}","Marqly vs Evernote: 모든 기능을 담은 오피스인가, 정교한 AI 지식 서재인가"
"/ko/compare/marqly-vs-instapaper","https://www.marqly.com/ko/compare/marqly-vs-instapaper","200","ko","locale-lander","53","87","791","false","0.46","true","false","true","false","21","true","AggregateOffer|Answer|BreadcrumbList|ContactPoint|FAQPage|ListItem|Organization|Question|SoftwareApplication|WebSite","Organization","95","102","21","9","0","true","{}","Marqly vs Instapaper: 잘 읽는 것과 잘 찾는 것의 차이"
"/ko/compare/marqly-vs-matter","https://www.marqly.com/ko/compare/marqly-vs-matter","200","ko","locale-lander","50","78","677","false","0.38","true","false","true","false","21","true","AggregateOffer|Answer|BreadcrumbList|ContactPoint|FAQPage|ListItem|Organization|Question|SoftwareApplication|WebSite","Organization","95","102","21","9","0","true","{}","Marqly vs Matter: 이동 중에 귀로 들을 것인가, 저장한 지식을 언제든 꺼내 쓸 것인가"
"/ko/compare/marqly-vs-notion","https://www.marqly.com/ko/compare/marqly-vs-notion","200","ko","locale-lander","56","83","808","false","0.47","true","false","true","false","21","true","AggregateOffer|Answer|BreadcrumbList|ContactPoint|FAQPage|ListItem|Organization|Question|SoftwareApplication|WebSite","Organization","95","102","21","9","0","true","{}","Marqly vs Notion: 거대한 작업 공간에 섞어둘 것인가, 전용 지식 서재를 가질 것인가"
"/ko/compare/marqly-vs-obsidian","https://www.marqly.com/ko/compare/marqly-vs-obsidian","200","ko","locale-lander","55","80","784","false","0.43","true","false","true","false","21","true","AggregateOffer|Answer|BreadcrumbList|ContactPoint|FAQPage|ListItem|Organization|Question|SoftwareApplication|WebSite","Organization","95","102","21","9","0","true","{}","Marqly vs Obsidian: 완전히 소유하는 로컬 파일인가, 관리 없는 AI 라이브러리인가"
"/ko/compare/marqly-vs-pocket","https://www.marqly.com/ko/compare/marqly-vs-pocket","200","ko","locale-lander","50","78","770","false","0.45","true","false","true","false","21","true","AggregateOffer|Answer|BreadcrumbList|ContactPoint|FAQPage|ListItem|Organization|Question|SoftwareApplication|WebSite","Organization","95","102","22","9","0","true","{}","Marqly vs 포켓: 서비스 종료 이후의 솔직한 비교"
"/ko/compare/marqly-vs-raindrop","https://www.marqly.com/ko/compare/marqly-vs-raindrop","200","ko","locale-lander","47","66","904","false","0.49","true","false","true","false","21","true","AggregateOffer|Answer|BreadcrumbList|ContactPoint|FAQPage|ListItem|Organization|Question|SoftwareApplication|WebSite","Organization","95","102","21","9","0","true","{}","Marqly vs Raindrop: 수동 폴더 정리인가, AI 즉각 검색인가"
"/ko/compare/marqly-vs-readwise","https://www.marqly.com/ko/compare/marqly-vs-readwise","200","ko","locale-lander","58","89","816","false","0.45","true","false","true","false","21","true","AggregateOffer|Answer|BreadcrumbList|ContactPoint|FAQPage|ListItem|Organization|Question|SoftwareApplication|WebSite","Organization","95","102","21","9","0","true","{}","Marqly vs Readwise Reader: 학술적인 독서인가, 부담 없는 AI 지식 검색인가"
"/ko/content-curation","https://www.marqly.com/ko/content-curation","200","ko","locale-lander","39","71","516","false","0.46","true","false","true","false","21","true","AggregateOffer|Answer|BreadcrumbList|ContactPoint|FAQPage|ListItem|Organization|Question|SoftwareApplication|WebSite","Organization","95","102","21","9","0","true","{}","주제별 핵심 콘텐츠를 모아 깔끔한 공개 웹페이지로 공유하세요"
"/ko/for-academics","https://www.marqly.com/ko/for-academics","200","ko","locale-lander","35","87","581","false","0.51","false","false","true","false","21","true","AggregateOffer|Answer|BreadcrumbList|ContactPoint|FAQPage|ListItem|Organization|Question|SoftwareApplication|WebSite","Organization","95","102","21","9","0","true","{}","끝없이 쌓이는 탭에 파묻히지 않고 최신 학술 문헌을 완벽 소화"
"/ko/for-consultants","https://www.marqly.com/ko/for-consultants","200","ko","locale-lander","38","77","449","false","0.39","true","false","true","false","21","true","AggregateOffer|Answer|BreadcrumbList|ContactPoint|FAQPage|ListItem|Organization|Question|SoftwareApplication|WebSite","Organization","95","102","21","9","0","true","{}","시간 단위로 바뀌는 고객사 프로젝트 컨텍스트에 완벽 대응"
"/ko/for-content-creators","https://www.marqly.com/ko/for-content-creators","200","ko","locale-lander","35","85","860","false","0.73","false","false","true","false","21","true","AggregateOffer|Answer|BreadcrumbList|ContactPoint|FAQPage|ListItem|Organization|Question|SoftwareApplication|WebSite","Organization","95","102","21","9","0","true","{}","분명히 감탄하며 저장했던 그 레퍼런스, 정작 만들려고 하니 찾을 수 없다면"
"/ko/for-designers","https://www.marqly.com/ko/for-designers","200","ko","locale-lander","38","75","592","false","0.5","false","false","true","false","21","true","AggregateOffer|Answer|BreadcrumbList|ContactPoint|FAQPage|ListItem|Organization|Question|SoftwareApplication|WebSite","Organization","95","102","21","9","0","true","{}","눈여겨보았던 모든 디자인 레퍼런스, 기억 속 묘사 하나로 즉시 발견"
"/ko/for-developers","https://www.marqly.com/ko/for-developers","200","ko","locale-lander","33","98","933","false","0.8","false","false","true","false","21","true","AggregateOffer|Answer|BreadcrumbList|ContactPoint|FAQPage|ListItem|Organization|Question|SoftwareApplication|WebSite","Organization","95","102","21","9","0","true","{}","8개월 전 해결했던 그 버그의 정답, 닫았던 탭 안에 있었습니다"
"/ko/for-founders","https://www.marqly.com/ko/for-founders","200","ko","locale-lander","39","82","568","false","0.5","false","false","true","false","21","true","AggregateOffer|Answer|BreadcrumbList|ContactPoint|FAQPage|ListItem|Organization|Question|SoftwareApplication|WebSite","Organization","95","102","21","9","0","true","{}","수초 만에 수집하고 수년간 자산으로 축적하는 경쟁사 인텔리전스"
"/ko/for-journalists","https://www.marqly.com/ko/for-journalists","200","ko","locale-lander","40","98","940","false","0.71","false","false","true","false","21","true","AggregateOffer|Answer|BreadcrumbList|ContactPoint|FAQPage|ListItem|Organization|Question|SoftwareApplication|WebSite","Organization","95","102","21","9","0","true","{}","기사에서 인용했던 취재원의 공식 페이지는 이미 조용히 수정되었습니다"
"/ko/for-lawyers","https://www.marqly.com/ko/for-lawyers","200","ko","locale-lander","34","79","552","false","0.49","true","false","true","false","21","true","AggregateOffer|Answer|BreadcrumbList|ContactPoint|FAQPage|ListItem|Organization|Question|SoftwareApplication|WebSite","Organization","95","102","21","9","0","true","{}","번거로운 정리 없이 체계화되는 법률·규제 자료 리서치"
"/ko/for-marketers","https://www.marqly.com/ko/for-marketers","200","ko","locale-lander","39","95","869","false","0.74","false","false","true","false","21","true","AggregateOffer|Answer|BreadcrumbList|ContactPoint|FAQPage|ListItem|Organization|Question|SoftwareApplication|WebSite","Organization","95","102","21","9","0","true","{}","회의 때 팀원들에게 보여주려던 경쟁사의 그 랜딩페이지는 이미 리뉴얼되어 사라졌습니다"
"/ko/for-phd-students","https://www.marqly.com/ko/for-phd-students","200","ko","locale-lander","46","82","565","false","0.45","true","false","true","false","21","true","AggregateOffer|Answer|BreadcrumbList|ContactPoint|FAQPage|ListItem|Organization|Question|SoftwareApplication|WebSite","Organization","95","102","21","9","0","true","{}","검색과 질의가 가능한 단 하나의 라이브러리로 학위논문 문헌 리뷰 완성"
"/ko/for-product-managers","https://www.marqly.com/ko/for-product-managers","200","ko","locale-lander","45","79","475","false","0.41","true","false","true","false","21","true","AggregateOffer|Answer|BreadcrumbList|ContactPoint|FAQPage|ListItem|Organization|Question|SoftwareApplication|WebSite","Organization","95","102","21","9","0","true","{}","모든 경쟁사 분석, 리서치 링크, PRD 근거 자료를 한곳에"
"/ko/for-real-estate","https://www.marqly.com/ko/for-real-estate","200","ko","locale-lander","37","83","547","false","0.49","true","false","true","false","21","true","AggregateOffer|Answer|BreadcrumbList|ContactPoint|FAQPage|ListItem|Organization|Question|SoftwareApplication|WebSite","Organization","95","102","21","9","0","true","{}","고객별 매물 리서치와 비교 분석을 번거로움 없이 자동 정리"
"/ko/for-recruiters","https://www.marqly.com/ko/for-recruiters","200","ko","locale-lander","36","86","550","false","0.49","true","false","true","false","21","true","AggregateOffer|Answer|BreadcrumbList|ContactPoint|FAQPage|ListItem|Organization|Question|SoftwareApplication|WebSite","Organization","95","102","21","9","0","true","{}","끝없이 열린 브라우저 탭 속에서 유능한 후보자를 놓치지 마세요"
"/ko/for-researchers","https://www.marqly.com/ko/for-researchers","200","ko","locale-lander","34","90","785","false","0.61","false","false","true","false","21","true","AggregateOffer|Answer|BreadcrumbList|ContactPoint|FAQPage|ListItem|Organization|Question|SoftwareApplication|WebSite","Organization","95","102","21","9","0","true","{}","필요한 논문은 분명히 존재합니다. 문제는 어디에 저장했는지 모른다는 것입니다"
"/ko/for-sales","https://www.marqly.com/ko/for-sales","200","ko","locale-lander","38","78","448","false","0.41","true","false","true","false","21","true","AggregateOffer|Answer|BreadcrumbList|ContactPoint|FAQPage|ListItem|Organization|Question|SoftwareApplication|WebSite","Organization","95","102","21","9","0","true","{}","고객사에 관한 모든 기사, 저장하는 즉시 스마트하게 분류"
"/ko/for-students","https://www.marqly.com/ko/for-students","200","ko","locale-lander","33","87","674","false","0.53","false","false","true","false","21","true","AggregateOffer|Answer|BreadcrumbList|ContactPoint|FAQPage|ListItem|Organization|Question|SoftwareApplication|WebSite","Organization","95","102","21","9","0","true","{}","과제를 쓰기 전, 수집한 모든 출처를 한곳에 완벽 보관"
"/ko/for-teachers","https://www.marqly.com/ko/for-teachers","200","ko","locale-lander","38","87","1000","false","0.88","false","false","true","false","21","true","AggregateOffer|Answer|BreadcrumbList|ContactPoint|FAQPage|ListItem|Organization|Question|SoftwareApplication|WebSite","Organization","95","102","21","9","0","true","{}","작년 수업 때 반응이 뜨거웠던 그 시각 자료, 올해 다시 쓰려니 어디 있는지 찾을 수 없다면"
"/ko/for-ux-researchers","https://www.marqly.com/ko/for-ux-researchers","200","ko","locale-lander","40","89","492","false","0.42","true","false","true","false","21","true","AggregateOffer|Answer|BreadcrumbList|ContactPoint|FAQPage|ListItem|Organization|Question|SoftwareApplication|WebSite","Organization","95","102","21","9","0","true","{}","정리와 유지보수에 몇 시간이 아니라 몇 분이면 충분한 연구 리포지토리"
"/ko/for-writers","https://www.marqly.com/ko/for-writers","200","ko","locale-lander","37","90","1034","false","0.82","false","false","true","false","21","true","AggregateOffer|Answer|BreadcrumbList|ContactPoint|FAQPage|ListItem|Organization|Question|SoftwareApplication|WebSite","Organization","95","102","21","9","0","true","{}","글이 막힘없이 써내려가던 순간, 몇 달 전에 읽은 그 인용구를 찾느라 흐름이 끊겼습니다"
"/ko/job-search-organizer","https://www.marqly.com/ko/job-search-organizer","200","ko","locale-lander","45","81","530","false","0.48","true","false","true","false","21","true","AggregateOffer|Answer|BreadcrumbList|ContactPoint|FAQPage|ListItem|Organization|Question|SoftwareApplication|WebSite","Organization","95","102","21","9","0","true","{}","모든 채용 공고, 연봉 정보, 면접 준비 노트를 한곳에 깔끔하게"
"/ko/new-tab-dashboard","https://www.marqly.com/ko/new-tab-dashboard","200","ko","locale-lander","36","102","548","false","0.4","true","false","true","false","21","true","AggregateOffer|Answer|BreadcrumbList|ContactPoint|FAQPage|ListItem|Organization|Question|SoftwareApplication|WebSite","Organization","95","102","21","9","0","true","{}","하루 50번 여는 새 탭, 열 때마다 생산성이 높아지는 공간으로"
"/ko/read-it-later","https://www.marqly.com/ko/read-it-later","200","ko","locale-lander","41","84","815","false","0.71","false","false","true","false","21","true","AggregateOffer|Answer|BreadcrumbList|ContactPoint|FAQPage|ListItem|Organization|Question|SoftwareApplication|WebSite","Organization","95","102","21","9","0","true","{}","글을 저장하고, AI 요약으로 걸러내고, 진짜 가치 있는 글만 읽으세요"
"/ko/reading-list","https://www.marqly.com/ko/reading-list","200","ko","locale-lander","33","98","809","false","0.7","false","false","true","false","21","true","AggregateOffer|Answer|BreadcrumbList|ContactPoint|FAQPage|ListItem|Organization|Question|SoftwareApplication|WebSite","Organization","95","102","21","9","0","true","{}","당신의 읽기 목록은 어질러진 것이 아닙니다. 인덱스가 없었을 뿐입니다"
"/ko/recipe-organizer","https://www.marqly.com/ko/recipe-organizer","200","ko","locale-lander","34","84","896","false","0.8","false","false","true","false","21","true","AggregateOffer|Answer|BreadcrumbList|ContactPoint|FAQPage|ListItem|Organization|Question|SoftwareApplication|WebSite","Organization","95","102","21","9","0","true","{}","분명 저장해 둔 맛있는 레시피가 있었는데, 퇴근 후 저녁엔 찾을 수가 없다면"
"/ko/research-organizer","https://www.marqly.com/ko/research-organizer","200","ko","locale-lander","33","88","904","false","0.75","false","false","true","false","21","true","AggregateOffer|Answer|BreadcrumbList|ContactPoint|FAQPage|ListItem|Organization|Question|SoftwareApplication|WebSite","Organization","95","102","21","9","0","true","{}","자료를 찾는 것은 쉽지만, 몇 달 뒤 그 자료를 다시 찾아내는 것은 어렵습니다"
"/ko/save-page-as-pdf","https://www.marqly.com/ko/save-page-as-pdf","200","ko","locale-lander","44","83","521","false","0.48","true","false","true","false","21","true","AggregateOffer|Answer|BreadcrumbList|ContactPoint|FAQPage|ListItem|Organization|Question|SoftwareApplication|WebSite","Organization","95","102","21","9","0","true","{}","어떤 웹페이지든 화면에 보이는 형태 그대로 깔끔한 PDF로 변환하세요"
"/ko/second-brain","https://www.marqly.com/ko/second-brain","200","ko","locale-lander","29","91","1014","false","0.92","false","false","true","false","21","true","AggregateOffer|Answer|BreadcrumbList|ContactPoint|FAQPage|ListItem|Organization|Question|SoftwareApplication|WebSite","Organization","95","102","21","9","0","true","{}","대부분의 세컨드 브레인이 실패하는 이유는 늘 똑같습니다"
"/ko/swipe-file","https://www.marqly.com/ko/swipe-file","200","ko","locale-lander","45","84","574","false","0.51","false","false","true","false","21","true","AggregateOffer|Answer|BreadcrumbList|ContactPoint|FAQPage|ListItem|Organization|Question|SoftwareApplication|WebSite","Organization","95","102","21","9","0","true","{}","마음에 든 모든 광고와 헤드라인을 저장하고 필요할 때 바로 꺼내쓰세요"
"/ko/tab-manager","https://www.marqly.com/ko/tab-manager","200","ko","locale-lander","38","74","742","false","0.66","false","false","true","false","21","true","AggregateOffer|Answer|BreadcrumbList|ContactPoint|FAQPage|ListItem|Organization|Question|SoftwareApplication|WebSite","Organization","95","102","21","9","0","true","{}","열려 있는 모든 탭을 한 번에 저장하고, 언제든 원래대로 복원"
"/ko/tools/youtube-summarize","https://www.marqly.com/ko/tools/youtube-summarize","200","ko","locale-tool","45","85","728","false","1.79","false","false","true","false","21","true","Answer|BreadcrumbList|ContactPoint|FAQPage|ListItem|Offer|Organization|Question|WebApplication|WebSite","","97","2","19","9","0","true","{}","YouTube 영상을 AI로 1초 만에 핵심 요약"
"/ko/tools/youtube-transcript","https://www.marqly.com/ko/tools/youtube-transcript","200","ko","locale-tool","48","91","855","false","1.65","false","false","true","false","21","true","Answer|BreadcrumbList|ContactPoint|FAQPage|ListItem|Offer|Organization|Question|WebApplication|WebSite","","97","2","19","9","0","true","{}","YouTube 동영상 전체 자막을 1초 만에 추출"
"/ko/travel-planning","https://www.marqly.com/ko/travel-planning","200","ko","locale-lander","33","80","905","false","0.8","false","false","true","false","21","true","AggregateOffer|Answer|BreadcrumbList|ContactPoint|FAQPage|ListItem|Organization|Question|SoftwareApplication|WebSite","Organization","95","102","21","9","0","true","{}","여행 계획을 세우려다 탭만 40개 열어두고, 결국 아무것도 결정하지 못했다면"
"/ko/watch-later","https://www.marqly.com/ko/watch-later","200","ko","locale-lander","30","88","922","false","0.82","false","false","true","false","21","true","AggregateOffer|Answer|BreadcrumbList|ContactPoint|FAQPage|ListItem|Organization|Question|SoftwareApplication|WebSite","Organization","95","102","21","9","0","true","{}","‘나중에 볼 동영상’ 목록은 사실상 영상의 무덤입니다"
"/ko/web-highlighter","https://www.marqly.com/ko/web-highlighter","200","ko","locale-lander","34","75","720","false","0.64","false","false","true","false","21","true","AggregateOffer|Answer|BreadcrumbList|ContactPoint|FAQPage|ListItem|Organization|Question|SoftwareApplication|WebSite","Organization","95","102","21","9","0","true","{}","책에 밑줄을 긋듯, 웹상의 모든 문장을 강조하세요"
"/ko/youtube-summarizer","https://www.marqly.com/ko/youtube-summarizer","200","ko","locale-lander","48","97","542","false","0.48","true","false","true","false","21","true","AggregateOffer|Answer|BreadcrumbList|ContactPoint|FAQPage|ListItem|Organization|Question|SoftwareApplication|WebSite","Organization","95","102","21","9","0","true","{}","40분짜리 영상을 보기 전에, 30초 만에 핵심 내용을 파악하세요"
"/migrate","https://www.marqly.com/migrate","200","en","migrate-index","69","129","583","false","","false","false","true","false","0","false","AggregateOffer|BreadcrumbList|ContactPoint|ItemList|ListItem|Organization|SoftwareApplication|WebSite","Organization","186","1913","19","9","0","true","{}","Migrate Your Bookmarks to Marqly"
"/migrate/browser-bookmarks","https://www.marqly.com/migrate/browser-bookmarks","200","en","migrate","63","210","1633","false","","false","false","true","false","0","false","AggregateOffer|Answer|BreadcrumbList|ContactPoint|FAQPage|HowTo|HowToStep|ListItem|Organization|Question|SoftwareApplication|WebSite","Organization","185","164","19","9","0","true","{}","Move your Chrome, Safari, Firefox or Edge bookmarks to Marqly"
"/migrate/diigo","https://www.marqly.com/migrate/diigo","200","en","migrate","48","163","1619","false","","false","false","true","false","0","false","AggregateOffer|Answer|BreadcrumbList|ContactPoint|FAQPage|HowTo|HowToStep|ListItem|Organization|Question|SoftwareApplication|WebSite","Organization","184","165","21","9","0","true","{}","How to Migrate from Diigo to Marqly"
"/migrate/instapaper","https://www.marqly.com/migrate/instapaper","200","en","migrate","68","163","921","false","","false","false","true","false","0","false","AggregateOffer|Answer|BreadcrumbList|ContactPoint|FAQPage|HowTo|HowToStep|ListItem|Organization|Question|SoftwareApplication|WebSite","Organization","184","767","21","9","0","true","{}","How to Migrate from Instapaper to Marqly"
"/migrate/mymind","https://www.marqly.com/migrate/mymind","200","en","migrate","67","167","1035","false","","false","false","true","false","0","false","AggregateOffer|Answer|BreadcrumbList|ContactPoint|FAQPage|HowTo|HowToStep|ListItem|Organization|Question|SoftwareApplication|WebSite","Organization","184","1913","20","9","0","true","{}","How to Migrate from mymind to Marqly"
"/migrate/pocket","https://www.marqly.com/migrate/pocket","200","en","migrate","69","166","1552","false","","false","false","true","false","0","false","AggregateOffer|Answer|BreadcrumbList|ContactPoint|FAQPage|HowTo|HowToStep|ListItem|Organization|Question|SoftwareApplication|WebSite","Organization","184","767","21","9","0","true","{}","How to Migrate from Pocket to Marqly"
"/migrate/raindrop","https://www.marqly.com/migrate/raindrop","200","en","migrate","68","148","1583","false","","false","false","true","false","4","true","AggregateOffer|Answer|BreadcrumbList|ContactPoint|FAQPage|HowTo|HowToStep|ListItem|Organization|Question|SoftwareApplication|WebSite","Organization","184","767","22","9","0","true","{}","How to Migrate from Raindrop.io to Marqly"
"/new-tab-dashboard","https://www.marqly.com/new-tab-dashboard","200","en","root-lander","55","165","1366","false","","false","false","true","false","21","true","AggregateOffer|Answer|BreadcrumbList|ContactPoint|FAQPage|ListItem|Organization|Question|SoftwareApplication|WebSite","Organization","187","767","22","9","0","true","{}","You open a new tab 50 times a day. Make it do something"
"/nl","https://www.marqly.com/nl","200","nl","locale-home","65","160","597","false","0.18","true","false","true","false","21","true","AggregateOffer|Answer|BreadcrumbList|ContactPoint|FAQPage|ListItem|Organization|Question|SoftwareApplication|WebSite","Organization","96","1913","21","9","0","true","{}","Opslaan kan iedereen. Marqly zorgt dat je het altijd terugvindt."
"/nl/alternatieven/evernote","https://www.marqly.com/nl/alternatieven/evernote","200","nl","locale-lander","65","148","293","true","0.15","true","false","true","false","21","true","AggregateOffer|Answer|BreadcrumbList|ContactPoint|FAQPage|ListItem|Organization|Question|SoftwareApplication|WebSite","Organization","95","102","21","9","0","true","{}","Alternatieven voor Evernote: kijk eerst naar wat je écht gebruikt"
"/nl/alternatieven/instapaper","https://www.marqly.com/nl/alternatieven/instapaper","200","nl","locale-lander","48","145","319","false","0.17","true","false","true","false","21","true","AggregateOffer|Answer|BreadcrumbList|ContactPoint|FAQPage|ListItem|Organization|Question|SoftwareApplication|WebSite","Organization","95","102","21","9","0","true","{}","Alternatieven voor Instapaper, afhankelijk van wat je tekortkomt"
"/nl/alternatieven/notion","https://www.marqly.com/nl/alternatieven/notion","200","nl","locale-lander","55","154","312","false","0.16","true","false","true","false","21","true","AggregateOffer|Answer|BreadcrumbList|ContactPoint|FAQPage|ListItem|Organization|Question|SoftwareApplication|WebSite","Organization","95","102","21","9","0","true","{}","Wanneer je Notion-database met links een onoverzichtelijke puinhoop is geworden"
"/nl/alternatieven/pocket","https://www.marqly.com/nl/alternatieven/pocket","200","nl","locale-lander","46","157","299","true","0.18","true","false","true","false","21","true","AggregateOffer|Answer|BreadcrumbList|ContactPoint|FAQPage|ListItem|Organization|Question|SoftwareApplication|WebSite","Organization","95","102","22","9","0","true","{}","Het beste Pocket-alternatief hangt af van hoe jij Pocket gebruikte"
"/nl/alternatieven/raindrop","https://www.marqly.com/nl/alternatieven/raindrop","200","nl","locale-lander","61","162","323","false","0.16","true","false","true","false","21","true","AggregateOffer|Answer|BreadcrumbList|ContactPoint|FAQPage|ListItem|Organization|Question|SoftwareApplication|WebSite","Organization","95","102","22","9","0","true","{}","Alternatieven voor Raindrop.io, passend bij jouw situatie"
"/nl/bladwijzer-manager-chrome","https://www.marqly.com/nl/bladwijzer-manager-chrome","200","nl","locale-lander","58","167","222","true","0.2","true","false","true","false","21","true","AggregateOffer|Answer|BreadcrumbList|ContactPoint|FAQPage|ListItem|Organization|Question|SoftwareApplication|WebSite","Organization","95","102","21","9","0","true","{}","Chrome-bladwijzers die zichzelf terugvinden dankzij AI"
"/nl/bladwijzer-manager-edge","https://www.marqly.com/nl/bladwijzer-manager-edge","200","nl","locale-lander","56","138","194","true","0.18","true","false","true","false","21","true","AggregateOffer|Answer|BreadcrumbList|ContactPoint|FAQPage|ListItem|Organization|Question|SoftwareApplication|WebSite","Organization","95","102","21","9","0","true","{}","Geef je Microsoft Edge favorieten een serieuze AI-upgrade"
"/nl/bladwijzer-manager-firefox","https://www.marqly.com/nl/bladwijzer-manager-firefox","200","nl","locale-lander","54","138","214","true","0.19","true","false","true","false","21","true","AggregateOffer|Answer|BreadcrumbList|ContactPoint|FAQPage|ListItem|Organization|Question|SoftwareApplication|WebSite","Organization","95","102","21","9","0","true","{}","Firefox-bladwijzers: Automatisch gelabeld en vindbaar op betekenis"
"/nl/bladwijzer-manager-iphone","https://www.marqly.com/nl/bladwijzer-manager-iphone","200","nl","locale-lander","58","158","212","true","0.2","true","false","true","false","21","true","AggregateOffer|Answer|BreadcrumbList|ContactPoint|FAQPage|ListItem|Organization|Question|SoftwareApplication|WebSite","Organization","95","102","21","9","0","true","{}","Je hele bladwijzerbibliotheek altijd op zak dankzij AI"
"/nl/bladwijzer-manager-safari","https://www.marqly.com/nl/bladwijzer-manager-safari","200","nl","locale-lander","52","172","208","true","0.19","true","false","true","false","21","true","AggregateOffer|Answer|BreadcrumbList|ContactPoint|FAQPage|ListItem|Organization|Question|SoftwareApplication|WebSite","Organization","95","102","21","9","0","true","{}","Je Safari-bladwijzers beschikbaar op elk apparaat"
"/nl/bladwijzer-organizer","https://www.marqly.com/nl/bladwijzer-organizer","200","nl","locale-lander","62","171","231","true","0.21","true","false","true","false","21","true","AggregateOffer|Answer|BreadcrumbList|ContactPoint|FAQPage|ListItem|Organization|Question|SoftwareApplication|WebSite","Organization","95","102","21","9","0","true","{}","Stop met handmatig mappen ordenen. AI tagt elke link en zoekt op inhoud"
"/nl/bladwijzers-synchroniseren","https://www.marqly.com/nl/bladwijzers-synchroniseren","200","nl","locale-lander","63","154","197","true","0.17","true","false","true","false","21","true","AggregateOffer|Answer|BreadcrumbList|ContactPoint|FAQPage|ListItem|Organization|Question|SoftwareApplication|WebSite","Organization","95","102","21","9","0","true","{}","Opslaan in één browser. Terugvinden in allemaal"
"/nl/blog","https://www.marqly.com/nl/blog","200","nl","locale-blog-index","66","152","1558","false","2.01","false","false","true","false","21","true","Blog|BlogPosting","","131","102","17","39","0","true","{""datePublished"":""2026-07-04""}","Sla slim op. Vind alles direct terug."
"/nl/blog/ai-bladwijzerbeheer-semantisch-zoeken-vergeleken-2026","https://www.marqly.com/nl/blog/ai-bladwijzerbeheer-semantisch-zoeken-vergeleken-2026","200","nl","locale-blog","73","144","572","false","0.25","true","false","true","false","21","true","AggregateOffer|Answer|BlogPosting|BreadcrumbList|ContactPoint|FAQPage|ImageObject|ListItem|Organization|Question|SoftwareApplication|WebPage","Organization","97","8","18","10","0","true","{""datePublished"":""2026-06-23"",""dateModified"":""2026-06-23""}","Welke AI-bladwijzerbeheerders zoeken echt op betekenis? (8 vergeleken)"
"/nl/blog/beste-ai-bladwijzerbeheer-2026","https://www.marqly.com/nl/blog/beste-ai-bladwijzerbeheer-2026","200","nl","locale-blog","46","142","415","false","0.15","true","false","true","false","21","true","AggregateOffer|Answer|BlogPosting|BreadcrumbList|ContactPoint|FAQPage|ImageObject|ListItem|Organization|Question|SoftwareApplication|WebPage","Organization","97","5","20","10","0","true","{""datePublished"":""2026-05-05"",""dateModified"":""2026-06-23""}","Het beste AI-bladwijzerbeheer in 2026: Waar let je op (en 5 aanraders)"
"/nl/blog/beste-gratis-bladwijzerbeheer-2026","https://www.marqly.com/nl/blog/beste-gratis-bladwijzerbeheer-2026","200","nl","locale-blog","60","151","388","false","0.2","true","false","true","false","21","true","AggregateOffer|Answer|BlogPosting|BreadcrumbList|ContactPoint|FAQPage|ImageObject|ListItem|Organization|Question|SoftwareApplication|WebPage","Organization","96","102","19","10","0","true","{""datePublished"":""2026-08-02"",""dateModified"":""2026-09-07""}","De 5 beste gratis bookmark managers in 2026 (echt gratis)"
"/nl/blog/beste-instapaper-alternatieven-2026","https://www.marqly.com/nl/blog/beste-instapaper-alternatieven-2026","200","nl","locale-blog","44","138","154","true","0.2","true","false","true","false","21","true","AggregateOffer|Answer|BlogPosting|BreadcrumbList|ContactPoint|FAQPage|ImageObject|ListItem|Organization|Question|SoftwareApplication|WebPage","Organization","96","1","19","10","0","true","{""datePublished"":""2026-04-09"",""dateModified"":""2026-04-09""}","De beste Instapaper-alternatieven in 2026 (Als minimalisme niet genoeg is)"
"/nl/blog/beste-read-it-later-apps-2026","https://www.marqly.com/nl/blog/beste-read-it-later-apps-2026","200","nl","locale-blog","41","134","625","false","0.6","false","false","true","false","21","true","AggregateOffer|Answer|BlogPosting|BreadcrumbList|ContactPoint|FAQPage|ImageObject|ListItem|Organization|Question|SoftwareApplication|WebPage","Organization","96","1","20","10","0","true","{""datePublished"":""2026-03-19"",""dateModified"":""2026-06-23""}","De 9 beste later-lezen-apps in 2026 (getest & gerangschikt)"
"/nl/blog/beste-second-brain-apps-2026","https://www.marqly.com/nl/blog/beste-second-brain-apps-2026","200","nl","locale-blog","51","142","431","false","0.18","true","false","true","false","21","true","AggregateOffer|Answer|BlogPosting|BreadcrumbList|ContactPoint|FAQPage|ImageObject|ListItem|Organization|Question|SoftwareApplication|WebPage","Organization","97","1","19","10","0","true","{""datePublished"":""2026-06-23"",""dateModified"":""2026-09-07""}","De 7 beste Second Brain apps in 2026 (eerlijk vergeleken)"
"/nl/blog/beste-self-hosted-pocket-alternatieven-2026","https://www.marqly.com/nl/blog/beste-self-hosted-pocket-alternatieven-2026","200","nl","locale-blog","52","117","154","true","0.07","true","false","true","false","21","true","AggregateOffer|Answer|BlogPosting|BreadcrumbList|ContactPoint|FAQPage|ImageObject|ListItem|Organization|Question|SoftwareApplication|WebPage","Organization","96","1","19","10","0","true","{""datePublished"":""2026-06-23"",""dateModified"":""2026-06-23""}","De beste self-hosted Pocket-alternatieven in 2026 (En wanneer de cloud wint)"
"/nl/blog/beste-tab-managers-2026","https://www.marqly.com/nl/blog/beste-tab-managers-2026","200","nl","locale-blog","70","139","376","false","0.21","true","false","true","false","21","true","AggregateOffer|Answer|BlogPosting|BreadcrumbList|ContactPoint|FAQPage|ImageObject|ListItem|Organization|Question|SoftwareApplication|WebPage","Organization","97","102","18","9","0","true","{""datePublished"":""2026-08-02"",""dateModified"":""2026-09-07""}","De 5 beste tabbladbeheerders in 2026 (voor jouw werkelijke behoeften)"
"/nl/blog/beste-web-highlighters-2026","https://www.marqly.com/nl/blog/beste-web-highlighters-2026","200","nl","locale-blog","56","148","380","false","0.21","true","false","true","false","21","true","AggregateOffer|Answer|BlogPosting|BreadcrumbList|ContactPoint|FAQPage|ImageObject|ListItem|Organization|Question|SoftwareApplication|WebPage","Organization","96","102","18","10","0","true","{""datePublished"":""2026-08-02"",""dateModified"":""2026-09-07""}","De 6 beste web highlighters in 2026 (getest op echte pagina's)"
"/nl/blog/beste-youtube-samenvatters-2026","https://www.marqly.com/nl/blog/beste-youtube-samenvatters-2026","200","nl","locale-blog","74","153","512","false","0.27","true","false","true","false","21","true","AggregateOffer|Answer|BlogPosting|BreadcrumbList|ContactPoint|FAQPage|ImageObject|ListItem|Organization|Question|SoftwareApplication|WebPage","Organization","98","102","18","9","0","true","{""datePublished"":""2026-08-02"",""dateModified"":""2026-09-07""}","De 6 beste YouTube AI-samenvatters in 2026 (Eerlijk vergeleken)"
"/nl/blog/bladwijzers-organiseren-2026","https://www.marqly.com/nl/blog/bladwijzers-organiseren-2026","200","nl","locale-blog","58","155","857","false","0.26","true","false","true","false","21","true","AggregateOffer|Answer|BlogPosting|BreadcrumbList|ContactPoint|FAQPage|ImageObject|ListItem|Organization|Question|SoftwareApplication|WebPage","Organization","99","4","20","10","0","true","{""datePublished"":""2026-03-24"",""dateModified"":""2026-06-23""}","Browserbladwijzers definitief organiseren in 2026"
"/nl/blog/chatten-met-je-opgeslagen-artikelen-2026","https://www.marqly.com/nl/blog/chatten-met-je-opgeslagen-artikelen-2026","200","nl","locale-blog","51","149","407","false","0.37","true","false","true","false","21","true","AggregateOffer|Answer|BlogPosting|BreadcrumbList|ContactPoint|FAQPage|ImageObject|ListItem|Organization|Question|SoftwareApplication|WebPage","Organization","99","3","19","10","0","true","{""datePublished"":""2026-05-14"",""dateModified"":""2026-09-07""}","Chatten met je opgeslagen artikelen en bladwijzers in 2026"
"/nl/blog/chatten-met-youtube-videos-2026","https://www.marqly.com/nl/blog/chatten-met-youtube-videos-2026","200","nl","locale-blog","61","150","438","false","0.22","true","false","true","false","21","true","AggregateOffer|Answer|BlogPosting|BreadcrumbList|ContactPoint|FAQPage|ImageObject|ListItem|Organization|Question|SoftwareApplication|WebPage","Organization","97","1","19","10","0","true","{""datePublished"":""2026-07-04"",""dateModified"":""2026-09-07""}","Chatten met een YouTube-video (stel vragen en krijg echte antwoorden)"
"/nl/blog/chrome-bladwijzers-exporteren-2026","https://www.marqly.com/nl/blog/chrome-bladwijzers-exporteren-2026","200","nl","locale-blog","62","140","401","false","0.16","true","false","true","false","21","true","AggregateOffer|Answer|BlogPosting|BreadcrumbList|ContactPoint|FAQPage|ImageObject|ListItem|Organization|Question|SoftwareApplication|WebPage","Organization","99","7","19","10","0","true","{""datePublished"":""2026-06-23"",""dateModified"":""2026-06-23""}","Chrome bladwijzers exporteren en importeren in een AI manager (Gids 2026)"
"/nl/blog/chrome-bladwijzers-synchroniseren-niet-oplossing-2026","https://www.marqly.com/nl/blog/chrome-bladwijzers-synchroniseren-niet-oplossing-2026","200","nl","locale-blog","69","133","492","false","0.29","true","false","true","false","21","true","AggregateOffer|Answer|BlogPosting|BreadcrumbList|ContactPoint|FAQPage|ImageObject|ListItem|Organization|Question|SoftwareApplication|WebPage","Organization","99","102","19","9","0","true","{""datePublished"":""2026-08-02"",""dateModified"":""2026-08-02""}","Chrome-bladwijzers synchroniseren niet? 8 oplossingen die werken (2026)"
"/nl/blog/digitaal-opruimen-nieuwjaar","https://www.marqly.com/nl/blog/digitaal-opruimen-nieuwjaar","200","nl","locale-blog","75","169","978","false","0.59","false","false","true","false","21","true","AggregateOffer|Answer|BlogPosting|BreadcrumbList|ContactPoint|FAQPage|ImageObject|ListItem|Organization|Question|SoftwareApplication|WebPage","Organization","101","102","19","9","0","true","{""datePublished"":""2026-08-02"",""dateModified"":""2026-08-02""}","De Nieuwjaars Checklist Digitaal Opruimen: Tabbladen, Bladwijzers, Leesstapels en Abonnementen"
"/nl/blog/instapaper-review-2026","https://www.marqly.com/nl/blog/instapaper-review-2026","200","nl","locale-blog","51","127","145","true","0.08","true","false","true","false","21","true","AggregateOffer|Answer|BlogPosting|BreadcrumbList|ContactPoint|FAQPage|ImageObject|ListItem|Organization|Question|SoftwareApplication|WebPage","Organization","100","6","18","9","0","true","{""datePublished"":""2026-08-02"",""dateModified"":""2026-08-02""}","Instapaper Review 2026: Nog steeds de rustigste lezer, nu dubbel zo duur"
"/nl/blog/kan-ai-mijn-bladwijzers-organiseren-2026","https://www.marqly.com/nl/blog/kan-ai-mijn-bladwijzers-organiseren-2026","200","nl","locale-blog","62","150","405","false","0.41","true","false","true","false","21","true","AggregateOffer|Answer|BlogPosting|BreadcrumbList|ContactPoint|FAQPage|ImageObject|ListItem|Organization|Question|SoftwareApplication|WebPage","Organization","97","2","18","10","0","true","{""datePublished"":""2026-05-16"",""dateModified"":""2026-09-07""}","Kan AI mijn bladwijzers automatisch organiseren? Ja — zo werkt het"
"/nl/blog/karakeep-review-2026","https://www.marqly.com/nl/blog/karakeep-review-2026","200","nl","locale-blog","55","128","155","true","0.09","true","false","true","false","21","true","AggregateOffer|Answer|BlogPosting|BreadcrumbList|ContactPoint|FAQPage|ImageObject|ListItem|Organization|Question|SoftwareApplication|WebPage","Organization","100","6","19","9","0","true","{""datePublished"":""2026-08-02"",""dateModified"":""2026-08-02""}","Karakeep Review 2026: De self-hosted bladwijzer-app met echte AI"
"/nl/blog/linkwarden-review-2026","https://www.marqly.com/nl/blog/linkwarden-review-2026","200","nl","locale-blog","56","129","150","true","0.09","true","false","true","false","21","true","AggregateOffer|Answer|BlogPosting|BreadcrumbList|ContactPoint|FAQPage|ImageObject|ListItem|Organization|Question|SoftwareApplication|WebPage","Organization","100","6","19","9","0","true","{""datePublished"":""2026-08-02"",""dateModified"":""2026-08-02""}","Linkwarden Review 2026: De open-source bladwijzerbeheerder voor archivarissen"
"/nl/blog/marqly-review-2026","https://www.marqly.com/nl/blog/marqly-review-2026","200","nl","locale-blog","48","118","145","true","0.15","true","false","true","false","21","true","AggregateOffer|Answer|BlogPosting|BreadcrumbList|ContactPoint|FAQPage|ImageObject|ListItem|Organization|Question|SoftwareApplication|WebPage","Organization","100","1","18","10","0","true","{""datePublished"":""2026-02-26"",""dateModified"":""2026-02-26""}","Marqly Review 2026: Functies, prijzen, voor- en nadelen"
"/nl/blog/mymind-review-2026","https://www.marqly.com/nl/blog/mymind-review-2026","200","nl","locale-blog","52","153","1239","false","0.69","false","false","true","false","21","true","AggregateOffer|Answer|BlogPosting|BreadcrumbList|ContactPoint|FAQPage|ImageObject|ListItem|Organization|Question|SoftwareApplication|WebPage","Organization","103","6","19","9","0","true","{""datePublished"":""2026-08-02"",""dateModified"":""2026-08-02""}","mymind Review 2026: Prachtig, Privé en Niet voor Iedereen"
"/nl/blog/notion-web-clipper-alternatief-2026","https://www.marqly.com/nl/blog/notion-web-clipper-alternatief-2026","200","nl","locale-blog","52","151","432","false","0.5","false","false","true","false","21","true","AggregateOffer|Answer|BlogPosting|BreadcrumbList|ContactPoint|FAQPage|ImageObject|ListItem|Organization|Question|SoftwareApplication|WebPage","Organization","96","1","19","10","0","true","{""datePublished"":""2026-04-04"",""dateModified"":""2026-09-07""}","Het beste Notion Web Clipper alternatief voor het opslaan en terugvinden van artikelen (2026)"
"/nl/blog/opgeslagen-artikel-terugvinden-titel-vergeten-2026","https://www.marqly.com/nl/blog/opgeslagen-artikel-terugvinden-titel-vergeten-2026","200","nl","locale-blog","65","154","510","false","0.49","true","false","true","false","21","true","AggregateOffer|Answer|BlogPosting|BreadcrumbList|ContactPoint|FAQPage|ImageObject|ListItem|Organization|Question|SoftwareApplication|WebPage","Organization","99","3","19","10","0","true","{""datePublished"":""2026-05-22"",""dateModified"":""2026-09-07""}","Opgeslagen artikel terugvinden als je de titel bent vergeten (2026)"
"/nl/blog/opgeslagen-instagram-berichten-exporteren-2026","https://www.marqly.com/nl/blog/opgeslagen-instagram-berichten-exporteren-2026","200","nl","locale-blog","57","159","434","false","0.24","true","false","true","false","21","true","AggregateOffer|Answer|BlogPosting|BreadcrumbList|ContactPoint|FAQPage|ImageObject|ListItem|Organization|Question|SoftwareApplication|WebPage","Organization","97","102","19","9","0","true","{""datePublished"":""2026-08-16"",""dateModified"":""2026-09-07""}","Opgeslagen Instagram-berichten exporteren in 2026: complete handleiding"
"/nl/blog/opgeslagen-reddit-berichten-exporteren-2026","https://www.marqly.com/nl/blog/opgeslagen-reddit-berichten-exporteren-2026","200","nl","locale-blog","54","144","501","false","0.3","true","false","true","false","21","true","AggregateOffer|Answer|BlogPosting|BreadcrumbList|ContactPoint|FAQPage|ImageObject|ListItem|Organization|Question|SoftwareApplication|WebPage","Organization","97","11","19","9","0","true","{""datePublished"":""2026-08-02"",""dateModified"":""2026-09-07""}","Opgeslagen Reddit-berichten exporteren in 2026: complete handleiding"
"/nl/blog/para-methode-voor-bladwijzers-2026","https://www.marqly.com/nl/blog/para-methode-voor-bladwijzers-2026","200","nl","locale-blog","58","141","442","false","0.26","true","false","true","false","21","true","AggregateOffer|Answer|BlogPosting|BreadcrumbList|ContactPoint|FAQPage|ImageObject|ListItem|Organization|Question|SoftwareApplication|WebPage","Organization","97","6","18","10","0","true","{""datePublished"":""2026-08-02"",""dateModified"":""2026-09-07""}","De PARA-methode voor bladwijzers: opzet en valkuilen (2026)"
"/nl/blog/pocket-alternatieven-2026","https://www.marqly.com/nl/blog/pocket-alternatieven-2026","200","nl","locale-blog","54","162","1314","false","0.41","true","false","true","false","21","true","AggregateOffer|Answer|BlogPosting|BreadcrumbList|ContactPoint|FAQPage|ImageObject|ListItem|Organization|Question|SoftwareApplication|WebPage","Organization","97","2","20","10","0","true","{""datePublished"":""2026-05-12"",""dateModified"":""2026-06-23""}","De 8 beste Pocket-alternatieven in 2026 (na de sluiting door Mozilla)"
"/nl/blog/pocket-gegevens-exporteren-migreren-2026","https://www.marqly.com/nl/blog/pocket-gegevens-exporteren-migreren-2026","200","nl","locale-blog","58","134","385","false","0.38","true","false","true","false","21","true","AggregateOffer|Answer|BlogPosting|BreadcrumbList|ContactPoint|FAQPage|ImageObject|ListItem|Organization|Question|SoftwareApplication|WebPage","Organization","99","2","19","10","0","true","{""datePublished"":""2026-05-08"",""dateModified"":""2026-05-08""}","Pocket-gegevens exporteren en migreren in 2026 (Stapsgewijze handleiding)"
"/nl/blog/raindrop-io-review-2026","https://www.marqly.com/nl/blog/raindrop-io-review-2026","200","nl","locale-blog","63","126","161","true","0.09","true","false","true","false","21","true","AggregateOffer|Answer|BlogPosting|BreadcrumbList|ContactPoint|FAQPage|ImageObject|ListItem|Organization|Question|SoftwareApplication|WebPage","Organization","100","5","19","9","0","true","{""datePublished"":""2026-08-02"",""dateModified"":""2026-08-02""}","Raindrop.io Review 2026: Het beste traditionele bladwijzerbeheer"
"/nl/blog/readwise-reader-review-2026","https://www.marqly.com/nl/blog/readwise-reader-review-2026","200","nl","locale-blog","59","129","157","true","0.09","true","false","true","false","21","true","AggregateOffer|Answer|BlogPosting|BreadcrumbList|ContactPoint|FAQPage|ImageObject|ListItem|Organization|Question|SoftwareApplication|WebPage","Organization","100","1","19","9","0","true","{""datePublished"":""2026-08-02"",""dateModified"":""2026-08-02""}","Readwise Reader Review 2026: De ultieme tool voor veellezers"
"/nl/blog/stop-met-bladwijzers-organiseren-mappen-overbodig-2026","https://www.marqly.com/nl/blog/stop-met-bladwijzers-organiseren-mappen-overbodig-2026","200","nl","locale-blog","55","166","525","false","0.24","true","false","true","false","21","true","AggregateOffer|Answer|BlogPosting|BreadcrumbList|ContactPoint|FAQPage|ImageObject|ListItem|Organization|Question|SoftwareApplication|WebPage","Organization","97","1","19","10","0","true","{""datePublished"":""2026-06-23"",""dateModified"":""2026-09-07""}","Stop met bladwijzers organiseren: waarom mappen overbodig zijn in 2026"
"/nl/blog/tekst-markeren-op-elke-website-2026","https://www.marqly.com/nl/blog/tekst-markeren-op-elke-website-2026","200","nl","locale-blog","56","144","537","false","0.28","true","false","true","false","21","true","AggregateOffer|Answer|BlogPosting|BreadcrumbList|ContactPoint|FAQPage|ImageObject|ListItem|Organization|Question|SoftwareApplication|WebPage","Organization","101","9","18","10","0","true","{""datePublished"":""2026-07-04"",""dateModified"":""2026-09-07""}","Tekst markeren op elke website (en deze nooit meer kwijtraken)"
"/nl/blog/tweede-brein-opbouwen-2026","https://www.marqly.com/nl/blog/tweede-brein-opbouwen-2026","200","nl","locale-blog","55","138","741","false","0.68","false","false","true","false","21","true","AggregateOffer|Answer|BlogPosting|BreadcrumbList|ContactPoint|FAQPage|ImageObject|ListItem|Organization|Question|SoftwareApplication|WebPage","Organization","97","3","18","10","0","true","{""datePublished"":""2026-03-13"",""dateModified"":""2026-09-07""}","Een tweede brein opbouwen in 2026 (zonder handmatig onderhoud)"
"/nl/blog/twitter-x-bladwijzers-exporteren-2026","https://www.marqly.com/nl/blog/twitter-x-bladwijzers-exporteren-2026","200","nl","locale-blog","49","152","473","false","0.27","true","false","true","false","21","true","AggregateOffer|Answer|BlogPosting|BreadcrumbList|ContactPoint|FAQPage|ImageObject|ListItem|Organization|Question|SoftwareApplication|WebPage","Organization","97","1","19","9","0","true","{""datePublished"":""2026-08-02"",""dateModified"":""2026-09-07""}","X (Twitter) bladwijzers exporteren in 2026: alle werkende methoden"
"/nl/blog/wat-is-een-ai-tweede-brein-2026","https://www.marqly.com/nl/blog/wat-is-een-ai-tweede-brein-2026","200","nl","locale-blog","43","163","416","false","0.41","true","false","true","false","21","true","AggregateOffer|Answer|BlogPosting|BreadcrumbList|ContactPoint|FAQPage|ImageObject|ListItem|Organization|Question|SoftwareApplication|WebPage","Organization","97","3","19","10","0","true","{""datePublished"":""2026-05-20"",""dateModified"":""2026-09-07""}","Wat is een AI tweede brein? Een duidelijke gids in begrijpelijke taal (2026)"
"/nl/blog/wat-is-een-tweede-brein-app-2026","https://www.marqly.com/nl/blog/wat-is-een-tweede-brein-app-2026","200","nl","locale-blog","44","155","394","false","0.14","true","false","true","false","21","true","AggregateOffer|Answer|BlogPosting|BreadcrumbList|ContactPoint|FAQPage|ImageObject|ListItem|Organization|Question|SoftwareApplication|WebPage","Organization","98","3","19","10","0","true","{""datePublished"":""2026-04-28"",""dateModified"":""2026-09-07""}","Wat is een tweede brein-app? (En hoe je er een bouwt met je bladwijzers in 2026)"
"/nl/blog/wat-is-semantisch-zoeken-2026","https://www.marqly.com/nl/blog/wat-is-semantisch-zoeken-2026","200","nl","locale-blog","46","160","424","false","0.38","true","false","true","false","21","true","AggregateOffer|Answer|BlogPosting|BreadcrumbList|ContactPoint|FAQPage|ImageObject|ListItem|Organization|Question|SoftwareApplication|WebPage","Organization","100","7","19","10","0","true","{""datePublished"":""2026-05-18"",""dateModified"":""2026-06-23""}","Bladwijzers zoeken met AI: Wat is semantisch zoeken en hoe werkt het?"
"/nl/blog/wat-staat-er-in-je-pocket-exportbestand-2026","https://www.marqly.com/nl/blog/wat-staat-er-in-je-pocket-exportbestand-2026","200","nl","locale-blog","57","141","224","true","0.09","true","false","true","false","21","true","AggregateOffer|Answer|BlogPosting|BreadcrumbList|ContactPoint|FAQPage|ImageObject|ListItem|Organization|Question|SoftwareApplication|WebPage","Organization","99","1","19","10","0","true","{""datePublished"":""2026-06-23"",""dateModified"":""2026-06-23""}","Wat staat er werkelijk in je Pocket-exportbestand (en hoe gebruik je het)"
"/nl/blog/webpagina-opslaan-als-pdf-2026","https://www.marqly.com/nl/blog/webpagina-opslaan-als-pdf-2026","200","nl","locale-blog","62","147","438","false","0.22","true","false","true","false","21","true","AggregateOffer|Answer|BlogPosting|BreadcrumbList|ContactPoint|FAQPage|ImageObject|ListItem|Organization|Question|SoftwareApplication|WebPage","Organization","99","8","18","10","0","true","{""datePublished"":""2026-07-04"",""dateModified"":""2026-09-07""}","Een webpagina opslaan als PDF (zonder verspringende lay-out en witte afbeeldingen)"
"/nl/blog/youtube-later-bekijken-exporteren-2026","https://www.marqly.com/nl/blog/youtube-later-bekijken-exporteren-2026","200","nl","locale-blog","49","150","443","false","0.25","true","false","true","false","21","true","AggregateOffer|Answer|BlogPosting|BreadcrumbList|ContactPoint|FAQPage|ImageObject|ListItem|Organization|Question|SoftwareApplication|WebPage","Organization","97","102","19","9","0","true","{""datePublished"":""2026-08-16"",""dateModified"":""2026-09-07""}","YouTube 'Later bekijken' exporteren in 2026 (Google Takeout sluit dit uit)"
"/nl/blog/youtube-transcriptie-krijgen-2026","https://www.marqly.com/nl/blog/youtube-transcriptie-krijgen-2026","200","nl","locale-blog","65","158","582","false","0.29","true","false","true","false","21","true","AggregateOffer|Answer|BlogPosting|BreadcrumbList|ContactPoint|FAQPage|ImageObject|ListItem|Organization|Question|SoftwareApplication|WebPage","Organization","99","1","18","10","0","true","{""datePublished"":""2026-07-04"",""dateModified"":""2026-09-07""}","YouTube-transcriptie downloaden en kopiëren (3 Manieren, 2026)"
"/nl/blog/youtube-videos-opslaan-voor-later-2026","https://www.marqly.com/nl/blog/youtube-videos-opslaan-voor-later-2026","200","nl","locale-blog","64","134","565","false","0.54","false","false","true","false","21","true","AggregateOffer|Answer|BlogPosting|BreadcrumbList|ContactPoint|FAQPage|ImageObject|ListItem|Organization|Question|SoftwareApplication|WebPage","Organization","97","2","18","10","0","true","{""datePublished"":""2026-03-08"",""dateModified"":""2026-09-07""}","YouTube-video's opslaan voor later (en ze ook echt terugvinden)"
"/nl/blog/youtube-videos-samenvatten-met-ai-2026","https://www.marqly.com/nl/blog/youtube-videos-samenvatten-met-ai-2026","200","nl","locale-blog","55","150","571","false","0.29","true","false","true","false","21","true","AggregateOffer|Answer|BlogPosting|BreadcrumbList|ContactPoint|FAQPage|ImageObject|ListItem|Organization|Question|SoftwareApplication|WebPage","Organization","99","7","19","10","0","true","{""datePublished"":""2026-07-04"",""dateModified"":""2026-09-07""}","YouTube-video's samenvatten met AI (direct op de afspeelpagina in 2026)"
"/nl/content-curatie","https://www.marqly.com/nl/content-curatie","200","nl","locale-lander","60","137","216","true","0.19","true","false","true","false","21","true","AggregateOffer|Answer|BreadcrumbList|ContactPoint|FAQPage|ListItem|Organization|Question|SoftwareApplication|WebSite","Organization","95","102","21","9","0","true","{}","Curereer het beste over een onderwerp en deel het als één heldere pagina"
"/nl/klembord-geschiedenis","https://www.marqly.com/nl/klembord-geschiedenis","200","nl","locale-lander","65","138","203","true","0.15","true","false","true","false","21","true","AggregateOffer|Answer|BreadcrumbList|ContactPoint|FAQPage|ListItem|Organization|Question|SoftwareApplication|WebSite","Organization","95","102","21","9","0","true","{}","Je systeemklembord onthoudt één ding. Marqly onthoudt ze allemaal"
"/nl/later-bekijken","https://www.marqly.com/nl/later-bekijken","200","nl","locale-lander","52","160","435","false","0.39","true","false","true","false","21","true","AggregateOffer|Answer|BreadcrumbList|ContactPoint|FAQPage|ListItem|Organization|Question|SoftwareApplication|WebSite","Organization","95","102","21","9","0","true","{}","De 'Later bekijken'-lijst is waar video's worden vergeten"
"/nl/later-lezen","https://www.marqly.com/nl/later-lezen","200","nl","locale-lander","46","152","336","false","0.29","true","false","true","false","21","true","AggregateOffer|Answer|BreadcrumbList|ContactPoint|FAQPage|ListItem|Organization|Question|SoftwareApplication|WebSite","Organization","95","102","21","9","0","true","{}","Artikelen opslaan, snel selecteren en daadwerkelijk lezen"
"/nl/leeslijst","https://www.marqly.com/nl/leeslijst","200","nl","locale-lander","47","174","399","false","0.35","true","false","true","false","21","true","AggregateOffer|Answer|BreadcrumbList|ContactPoint|FAQPage|ListItem|Organization|Question|SoftwareApplication|WebSite","Organization","95","102","21","9","0","true","{}","Je leeslijst is niet rommelig. Er ontbreekt alleen een slimme index"
"/nl/nieuw-tabblad-dashboard","https://www.marqly.com/nl/nieuw-tabblad-dashboard","200","nl","locale-lander","59","159","244","true","0.18","true","false","true","false","21","true","AggregateOffer|Answer|BreadcrumbList|ContactPoint|FAQPage|ListItem|Organization|Question|SoftwareApplication|WebSite","Organization","95","102","21","9","0","true","{}","Je opent 50 keer per dag een nieuw tabblad. Maak het eindelijk nuttig"
"/nl/onderzoek-organiseren","https://www.marqly.com/nl/onderzoek-organiseren","200","nl","locale-lander","58","149","412","false","0.34","true","false","true","false","21","true","AggregateOffer|Answer|BreadcrumbList|ContactPoint|FAQPage|ListItem|Organization|Question|SoftwareApplication|WebSite","Organization","95","102","21","9","0","true","{}","Bronnen vinden is eenvoudig. Terugvinden wat je onderzocht hebt, is de echte uitdaging"
"/nl/pagina-opslaan-als-pdf","https://www.marqly.com/nl/pagina-opslaan-als-pdf","200","nl","locale-lander","67","146","215","true","0.2","true","false","true","false","21","true","AggregateOffer|Answer|BreadcrumbList|ContactPoint|FAQPage|ListItem|Organization|Question|SoftwareApplication|WebSite","Organization","95","102","21","9","0","true","{}","Zet elke webpagina om in een PDF die er exact uitziet zoals op je scherm"
"/nl/recepten-organiseren","https://www.marqly.com/nl/recepten-organiseren","200","nl","locale-lander","56","178","398","false","0.35","true","false","true","false","21","true","AggregateOffer|Answer|BreadcrumbList|ContactPoint|FAQPage|ListItem|Organization|Question|SoftwareApplication|WebSite","Organization","95","102","21","9","0","true","{}","Je sloeg dat heerlijke recept op. Donderdagavond met honger vind je het nergens terug"
"/nl/reis-plannen","https://www.marqly.com/nl/reis-plannen","200","nl","locale-lander","66","160","407","false","0.36","true","false","true","false","21","true","AggregateOffer|Answer|BreadcrumbList|ContactPoint|FAQPage|ListItem|Organization|Question|SoftwareApplication|WebSite","Organization","95","102","21","9","0","true","{}","Je reisplanning bestaat uit veertig open tabbladen en nog steeds geen beslissing"
"/nl/sollicitaties-organiseren","https://www.marqly.com/nl/sollicitaties-organiseren","200","nl","locale-lander","69","149","240","true","0.22","true","false","true","false","21","true","AggregateOffer|Answer|BreadcrumbList|ContactPoint|FAQPage|ListItem|Organization|Question|SoftwareApplication|WebSite","Organization","95","102","21","9","0","true","{}","Elke vacature, salarisdiscussie en gespreksnotitie op één plek"
"/nl/swipe-file","https://www.marqly.com/nl/swipe-file","200","nl","locale-lander","70","149","239","true","0.21","true","false","true","false","21","true","AggregateOffer|Answer|BreadcrumbList|ContactPoint|FAQPage|ListItem|Organization|Question|SoftwareApplication|WebSite","Organization","95","102","21","9","0","true","{}","Bewaar elke converterende advertentie en kopregel – vind hem direct terug"
"/nl/tabbladen-beheren","https://www.marqly.com/nl/tabbladen-beheren","200","nl","locale-lander","57","139","365","false","0.33","true","false","true","false","21","true","AggregateOffer|Answer|BreadcrumbList|ContactPoint|FAQPage|ListItem|Organization|Question|SoftwareApplication|WebSite","Organization","95","102","21","9","0","true","{}","Sla alle openstaande tabs tegelijk op — en herstel ze wanneer je wilt"
"/nl/tools/youtube-samenvatten","https://www.marqly.com/nl/tools/youtube-samenvatten","200","nl","locale-tool","67","169","336","false","0.83","false","false","true","false","21","true","Answer|BreadcrumbList|ContactPoint|FAQPage|ListItem|Offer|Organization|Question|WebApplication|WebSite","","97","2","19","9","0","true","{}","YouTube-video’s direct samenvatten met AI"
"/nl/tools/youtube-transcriptie","https://www.marqly.com/nl/tools/youtube-transcriptie","200","nl","locale-tool","67","163","391","false","0.75","false","false","true","false","21","true","Answer|BreadcrumbList|ContactPoint|FAQPage|ListItem|Offer|Organization|Question|WebApplication|WebSite","","97","2","19","9","0","true","{}","YouTube-transcriptie in één klik als tekst"
"/nl/tweede-brein","https://www.marqly.com/nl/tweede-brein","200","nl","locale-lander","51","158","458","false","0.42","true","false","true","false","21","true","AggregateOffer|Answer|BreadcrumbList|ContactPoint|FAQPage|ListItem|Organization|Question|SoftwareApplication|WebSite","Organization","95","102","21","9","0","true","{}","Bijna elk tweede brein strandt om precies dezelfde reden"
"/nl/vergelijken/marqly-vs-evernote","https://www.marqly.com/nl/vergelijken/marqly-vs-evernote","200","nl","locale-lander","67","151","314","false","0.18","true","false","true","false","21","true","AggregateOffer|Answer|BreadcrumbList|ContactPoint|FAQPage|ListItem|Organization|Question|SoftwareApplication|WebSite","Organization","95","102","21","9","0","true","{}","Marqly vs Evernote: een zware notitiesuite of een wendbare linkbibliotheek"
"/nl/vergelijken/marqly-vs-instapaper","https://www.marqly.com/nl/vergelijken/marqly-vs-instapaper","200","nl","locale-lander","70","158","381","false","0.22","true","false","true","false","21","true","AggregateOffer|Answer|BreadcrumbList|ContactPoint|FAQPage|ListItem|Organization|Question|SoftwareApplication|WebSite","Organization","95","102","21","9","0","true","{}","Marqly vs Instapaper: prettig lezen of snel terugvinden"
"/nl/vergelijken/marqly-vs-matter","https://www.marqly.com/nl/vergelijken/marqly-vs-matter","200","nl","locale-lander","60","153","292","true","0.16","true","false","true","false","21","true","AggregateOffer|Answer|BreadcrumbList|ContactPoint|FAQPage|ListItem|Organization|Question|SoftwareApplication|WebSite","Organization","95","102","21","9","0","true","{}","Marqly vs Matter: onderweg luisteren of opgeslagen kennis direct terugvinden"
"/nl/vergelijken/marqly-vs-notion","https://www.marqly.com/nl/vergelijken/marqly-vs-notion","200","nl","locale-lander","65","139","323","false","0.19","true","false","true","false","21","true","AggregateOffer|Answer|BreadcrumbList|ContactPoint|FAQPage|ListItem|Organization|Question|SoftwareApplication|WebSite","Organization","95","102","21","9","0","true","{}","Marqly vs Notion: alles in één werkruimte of een speciale AI-kennisbank"
"/nl/vergelijken/marqly-vs-obsidian","https://www.marqly.com/nl/vergelijken/marqly-vs-obsidian","200","nl","locale-lander","75","150","332","false","0.18","true","false","true","false","21","true","AggregateOffer|Answer|BreadcrumbList|ContactPoint|FAQPage|ListItem|Organization|Question|SoftwareApplication|WebSite","Organization","95","102","21","9","0","true","{}","Marqly vs Obsidian: bestanden in eigen beheer of een bibliotheek die zichzelf organiseert"
"/nl/vergelijken/marqly-vs-pocket","https://www.marqly.com/nl/vergelijken/marqly-vs-pocket","200","nl","locale-lander","53","139","356","false","0.21","true","false","true","false","21","true","AggregateOffer|Answer|BreadcrumbList|ContactPoint|FAQPage|ListItem|Organization|Question|SoftwareApplication|WebSite","Organization","95","102","22","9","0","true","{}","Marqly vs Pocket: een eerlijke vergelijking na de sluiting van Pocket"
"/nl/vergelijken/marqly-vs-raindrop","https://www.marqly.com/nl/vergelijken/marqly-vs-raindrop","200","nl","locale-lander","55","141","380","false","0.21","true","false","true","false","21","true","AggregateOffer|Answer|BreadcrumbList|ContactPoint|FAQPage|ListItem|Organization|Question|SoftwareApplication|WebSite","Organization","95","102","21","9","0","true","{}","Marqly vs Raindrop: handmatig archiveren of direct terugvinden met AI"
"/nl/vergelijken/marqly-vs-readwise","https://www.marqly.com/nl/vergelijken/marqly-vs-readwise","200","nl","locale-lander","68","148","319","false","0.18","true","false","true","false","21","true","AggregateOffer|Answer|BreadcrumbList|ContactPoint|FAQPage|ListItem|Organization|Question|SoftwareApplication|WebSite","Organization","95","102","21","9","0","true","{}","Marqly vs Readwise Reader: intensieve leesstudie of een toegankelijke kennisbank"
"/nl/voor-academici","https://www.marqly.com/nl/voor-academici","200","nl","locale-lander","56","163","246","true","0.22","true","false","true","false","21","true","AggregateOffer|Answer|BreadcrumbList|ContactPoint|FAQPage|ListItem|Organization|Question|SoftwareApplication|WebSite","Organization","95","102","21","9","0","true","{}","Blijf bij met de wetenschappelijke literatuur zonder te verdrinken in tabbladen"
"/nl/voor-consultants","https://www.marqly.com/nl/voor-consultants","200","nl","locale-lander","50","127","172","true","0.15","true","false","true","false","21","true","AggregateOffer|Answer|BreadcrumbList|ContactPoint|FAQPage|ListItem|Organization|Question|SoftwareApplication|WebSite","Organization","95","102","21","9","0","true","{}","Klantonderzoek dat net zo snel van context wisselt als jij"
"/nl/voor-content-makers","https://www.marqly.com/nl/voor-content-makers","200","nl","locale-lander","64","164","396","false","0.34","true","false","true","false","21","true","AggregateOffer|Answer|BreadcrumbList|ContactPoint|FAQPage|ListItem|Organization|Question|SoftwareApplication|WebSite","Organization","95","102","21","9","0","true","{}","Je sloeg die geweldige referentie op voor later. Nu je content maakt, ben je hem kwijt"
"/nl/voor-docenten","https://www.marqly.com/nl/voor-docenten","200","nl","locale-lander","58","160","448","false","0.39","true","false","true","false","21","true","AggregateOffer|Answer|BreadcrumbList|ContactPoint|FAQPage|ListItem|Organization|Question|SoftwareApplication|WebSite","Organization","95","102","21","9","0","true","{}","Het lesmateriaal van vorig schooljaar bestaat nog. Het terugvinden is een ander verhaal"
"/nl/voor-journalisten","https://www.marqly.com/nl/voor-journalisten","200","nl","locale-lander","64","165","394","false","0.3","true","false","true","false","21","true","AggregateOffer|Answer|BreadcrumbList|ContactPoint|FAQPage|ListItem|Organization|Question|SoftwareApplication|WebSite","Organization","95","102","21","9","0","true","{}","De bron die je citeerde, toont inmiddels heel andere cijfers"
"/nl/voor-juristen","https://www.marqly.com/nl/voor-juristen","200","nl","locale-lander","69","158","226","true","0.2","true","false","true","false","21","true","AggregateOffer|Answer|BreadcrumbList|ContactPoint|FAQPage|ListItem|Organization|Question|SoftwareApplication|WebSite","Organization","95","102","21","9","0","true","{}","Juridische vakliteratuur en wetgeving georganiseerd, zonder dossier-rompslomp"
"/nl/voor-makelaars","https://www.marqly.com/nl/voor-makelaars","200","nl","locale-lander","67","143","201","true","0.18","true","false","true","false","21","true","AggregateOffer|Answer|BreadcrumbList|ContactPoint|FAQPage|ListItem|Organization|Question|SoftwareApplication|WebSite","Organization","95","102","21","9","0","true","{}","Al je vastgoedresearch overzichtelijk geordend per zoekklant"
"/nl/voor-marketeers","https://www.marqly.com/nl/voor-marketeers","200","nl","locale-lander","67","178","378","false","0.32","true","false","true","false","21","true","AggregateOffer|Answer|BreadcrumbList|ContactPoint|FAQPage|ListItem|Organization|Question|SoftwareApplication|WebSite","Organization","95","102","21","9","0","true","{}","De landingspagina van de concurrent die je aan je team wilde laten zien, is alweer verdwenen"
"/nl/voor-onderzoekers","https://www.marqly.com/nl/voor-onderzoekers","200","nl","locale-lander","56","167","366","false","0.28","true","false","true","false","21","true","AggregateOffer|Answer|BreadcrumbList|ContactPoint|FAQPage|ListItem|Organization|Question|SoftwareApplication|WebSite","Organization","95","102","21","9","0","true","{}","Het wetenschappelijke artikel dat je zoekt bestaat. Alleen weet je niet meer waar je het hebt bewaard"
"/nl/voor-ontwerpers","https://www.marqly.com/nl/voor-ontwerpers","200","nl","locale-lander","67","129","232","true","0.2","true","false","true","false","21","true","AggregateOffer|Answer|BreadcrumbList|ContactPoint|FAQPage|ListItem|Organization|Question|SoftwareApplication|WebSite","Organization","95","102","21","9","0","true","{}","Elke geliefde designreferentie, binnen handbereik met één beschrijving"
"/nl/voor-ontwikkelaars","https://www.marqly.com/nl/voor-ontwikkelaars","200","nl","locale-lander","59","167","434","false","0.37","true","false","true","false","21","true","AggregateOffer|Answer|BreadcrumbList|ContactPoint|FAQPage|ListItem|Organization|Question|SoftwareApplication|WebSite","Organization","95","102","21","9","0","true","{}","Die bug heb je acht maanden geleden al opgelost. Het antwoord stond in een tabblad dat je sloot"
"/nl/voor-oprichters","https://www.marqly.com/nl/voor-oprichters","200","nl","locale-lander","60","142","197","true","0.17","true","false","true","false","21","true","AggregateOffer|Answer|BreadcrumbList|ContactPoint|FAQPage|ListItem|Organization|Question|SoftwareApplication|WebSite","Organization","95","102","21","9","0","true","{}","Concurrentie-intel in seconden verzameld, jarenlang paraat"
"/nl/voor-productmanagers","https://www.marqly.com/nl/voor-productmanagers","200","nl","locale-lander","44","145","172","true","0.15","true","false","true","false","21","true","AggregateOffer|Answer|BreadcrumbList|ContactPoint|FAQPage|ListItem|Organization|Question|SoftwareApplication|WebSite","Organization","95","102","21","9","0","true","{}","Elke teardown, researchlink en PRD-bron op één plek"
"/nl/voor-promovendi","https://www.marqly.com/nl/voor-promovendi","200","nl","locale-lander","67","158","220","true","0.18","true","false","true","false","21","true","AggregateOffer|Answer|BreadcrumbList|ContactPoint|FAQPage|ListItem|Organization|Question|SoftwareApplication|WebSite","Organization","95","102","21","9","0","true","{}","Voer je literatuuronderzoek uit vanuit één doorzoekbare bibliotheek"
"/nl/voor-recruiters","https://www.marqly.com/nl/voor-recruiters","200","nl","locale-lander","54","142","227","true","0.2","true","false","true","false","21","true","AggregateOffer|Answer|BreadcrumbList|ContactPoint|FAQPage|ListItem|Organization|Question|SoftwareApplication|WebSite","Organization","95","102","21","9","0","true","{}","Raak sterke kandidaten niet meer kwijt in een zee van browsertabbladen"
"/nl/voor-sales","https://www.marqly.com/nl/voor-sales","200","nl","locale-lander","53","138","164","true","0.15","true","false","true","false","21","true","AggregateOffer|Answer|BreadcrumbList|ContactPoint|FAQPage|ListItem|Organization|Question|SoftwareApplication|WebSite","Organization","95","102","21","9","0","true","{}","Elk artikel over je prospects, gerangschikt zodra je het opslaat"
"/nl/voor-schrijvers","https://www.marqly.com/nl/voor-schrijvers","200","nl","locale-lander","65","179","463","false","0.37","true","false","true","false","21","true","AggregateOffer|Answer|BreadcrumbList|ContactPoint|FAQPage|ListItem|Organization|Question|SoftwareApplication|WebSite","Organization","95","102","21","9","0","true","{}","Je zat midden in je schrijfstroom, totdat je dat ene citaat van maanden geleden nodig had"
"/nl/voor-studenten","https://www.marqly.com/nl/voor-studenten","200","nl","locale-lander","56","139","312","false","0.25","true","false","true","false","21","true","AggregateOffer|Answer|BreadcrumbList|ContactPoint|FAQPage|ListItem|Organization|Question|SoftwareApplication|WebSite","Organization","95","102","21","9","0","true","{}","Verzamel bronnen voordat je citeert — zonder dat er iets kwijtraakt"
"/nl/voor-ux-onderzoekers","https://www.marqly.com/nl/voor-ux-onderzoekers","200","nl","locale-lander","44","134","183","true","0.16","true","false","true","false","21","true","AggregateOffer|Answer|BreadcrumbList|ContactPoint|FAQPage|ListItem|Organization|Question|SoftwareApplication|WebSite","Organization","95","102","21","9","0","true","{}","Een research repository die minuten kost om bij te houden, geen uren"
"/nl/web-highlighter","https://www.marqly.com/nl/web-highlighter","200","nl","locale-lander","54","155","355","false","0.32","true","false","true","false","21","true","AggregateOffer|Answer|BreadcrumbList|ContactPoint|FAQPage|ListItem|Organization|Question|SoftwareApplication|WebSite","Organization","95","102","21","9","0","true","{}","Markeer het web zoals in een boek — maar dan volledig doorzoekbaar"
"/nl/youtube-samenvatter","https://www.marqly.com/nl/youtube-samenvatter","200","nl","locale-lander","59","153","254","true","0.23","true","false","true","false","21","true","AggregateOffer|Answer|BreadcrumbList|ContactPoint|FAQPage|ListItem|Organization|Question|SoftwareApplication|WebSite","Organization","95","102","21","9","0","true","{}","Weet wat er in de video zit voordat je er 40 minuten aan besteedt"
"/pl","https://www.marqly.com/pl","200","pl","locale-home","67","166","579","false","0.17","true","false","true","false","21","true","AggregateOffer|Answer|BreadcrumbList|ContactPoint|FAQPage|ListItem|Organization|Question|SoftwareApplication|WebSite","Organization","96","1913","21","9","0","true","{}","Zapisywać potrafi każdy. Marqly dba o to, byś zawsze wszystko odnalazł."
"/pl/alternatywy/evernote","https://www.marqly.com/pl/alternatywy/evernote","200","pl","locale-lander","69","129","291","true","0.15","true","false","true","false","21","true","AggregateOffer|Answer|BreadcrumbList|ContactPoint|FAQPage|ListItem|Organization|Question|SoftwareApplication|WebSite","Organization","95","102","21","9","0","true","{}","Alternatywy dla Evernote: zacznij od tego, z czego faktycznie korzystasz"
"/pl/alternatywy/instapaper","https://www.marqly.com/pl/alternatywy/instapaper","200","pl","locale-lander","52","137","290","true","0.15","true","false","true","false","21","true","AggregateOffer|Answer|BreadcrumbList|ContactPoint|FAQPage|ListItem|Organization|Question|SoftwareApplication|WebSite","Organization","95","102","21","9","0","true","{}","Alternatywy dla Instapaper: wybierz narzędzie dopasowane do Twoich potrzeb"
"/pl/alternatywy/notion","https://www.marqly.com/pl/alternatywy/notion","200","pl","locale-lander","50","147","293","true","0.15","true","false","true","false","21","true","AggregateOffer|Answer|BreadcrumbList|ContactPoint|FAQPage|ListItem|Organization|Question|SoftwareApplication|WebSite","Organization","95","102","21","9","0","true","{}","Gdy Twoja baza linków w Notion stała się nieużywalnym wysypiskiem"
"/pl/alternatywy/pocket","https://www.marqly.com/pl/alternatywy/pocket","200","pl","locale-lander","53","153","301","false","0.18","true","false","true","false","21","true","AggregateOffer|Answer|BreadcrumbList|ContactPoint|FAQPage|ListItem|Organization|Question|SoftwareApplication|WebSite","Organization","95","102","22","9","0","true","{}","Wybór alternatywy dla Pocket zależy od tego, jak z niego korzystałeś"
"/pl/alternatywy/raindrop","https://www.marqly.com/pl/alternatywy/raindrop","200","pl","locale-lander","58","162","321","false","0.16","true","false","true","false","21","true","AggregateOffer|Answer|BreadcrumbList|ContactPoint|FAQPage|ListItem|Organization|Question|SoftwareApplication|WebSite","Organization","95","102","22","9","0","true","{}","Alternatywy dla Raindrop.io: wybierz narzędzie dopasowane do Twoich potrzeb"
"/pl/blog","https://www.marqly.com/pl/blog","200","pl","locale-blog-index","49","158","1566","false","2.02","false","false","true","false","21","true","Blog|BlogPosting","","131","102","17","39","0","true","{""datePublished"":""2026-07-04""}","Zapisuj mądrze. Znajduj natychmiast."
"/pl/blog/alternatywa-dla-notion-web-clipper-2026","https://www.marqly.com/pl/blog/alternatywa-dla-notion-web-clipper-2026","200","pl","locale-blog","60","149","417","false","0.48","true","false","true","false","21","true","AggregateOffer|Answer|BlogPosting|BreadcrumbList|ContactPoint|FAQPage|ImageObject|ListItem|Organization|Question|SoftwareApplication|WebPage","Organization","100","3","19","10","0","true","{""datePublished"":""2026-04-04"",""dateModified"":""2026-09-07""}","Najlepsza alternatywa dla Notion Web Clipper do zapisywania i wyszukiwania artykułów (2026)"
"/pl/blog/alternatywy-pocket-2026","https://www.marqly.com/pl/blog/alternatywy-pocket-2026","200","pl","locale-blog","61","152","647","false","0.2","true","false","true","false","21","true","AggregateOffer|Answer|BlogPosting|BreadcrumbList|ContactPoint|FAQPage|ImageObject|ListItem|Organization|Question|SoftwareApplication|WebPage","Organization","100","2","20","10","0","true","{""datePublished"":""2026-05-12"",""dateModified"":""2026-06-23""}","8 najlepszych alternatyw dla Pocket w 2026 roku (przetestowane)"
"/pl/blog/co-zawiera-plik-eksportu-z-pocket-2026","https://www.marqly.com/pl/blog/co-zawiera-plik-eksportu-z-pocket-2026","200","pl","locale-blog","50","136","231","true","0.1","true","false","true","false","21","true","AggregateOffer|Answer|BlogPosting|BreadcrumbList|ContactPoint|FAQPage|ImageObject|ListItem|Organization|Question|SoftwareApplication|WebPage","Organization","96","1","19","10","0","true","{""datePublished"":""2026-06-23"",""dateModified"":""2026-06-23""}","Co tak naprawdę zawiera plik eksportu z Pocket (i jak go wykorzystać)"
"/pl/blog/cyfrowe-porzadki-nowy-rok","https://www.marqly.com/pl/blog/cyfrowe-porzadki-nowy-rok","200","pl","locale-blog","57","162","966","false","0.58","false","false","true","false","21","true","AggregateOffer|Answer|BlogPosting|BreadcrumbList|ContactPoint|FAQPage|ImageObject|ListItem|Organization|Question|SoftwareApplication|WebPage","Organization","99","102","19","9","0","true","{""datePublished"":""2026-08-02"",""dateModified"":""2026-08-02""}","Noworoczna Lista Cyfrowych Porządków: Karty, Zakładki, Zaległości do Przeczytania i Subskrypcje"
"/pl/blog/czat-z-filmami-youtube-2026","https://www.marqly.com/pl/blog/czat-z-filmami-youtube-2026","200","pl","locale-blog","53","151","428","false","0.21","true","false","true","false","21","true","AggregateOffer|Answer|BlogPosting|BreadcrumbList|ContactPoint|FAQPage|ImageObject|ListItem|Organization|Question|SoftwareApplication|WebPage","Organization","96","1","19","10","0","true","{""datePublished"":""2026-07-04"",""dateModified"":""2026-09-07""}","Jak rozmawiać z filmem na YouTube (zadawaj pytania i zyskaj rzetelne odpowiedzi)"
"/pl/blog/czy-ai-moze-uporzadkowac-zakladki-2026","https://www.marqly.com/pl/blog/czy-ai-moze-uporzadkowac-zakladki-2026","200","pl","locale-blog","64","154","373","false","0.38","true","false","true","false","21","true","AggregateOffer|Answer|BlogPosting|BreadcrumbList|ContactPoint|FAQPage|ImageObject|ListItem|Organization|Question|SoftwareApplication|WebPage","Organization","96","2","18","10","0","true","{""datePublished"":""2026-05-16"",""dateModified"":""2026-09-07""}","Czy AI może uporządkować moje zakładki automatycznie? Tak — zobacz jak"
"/pl/blog/czym-jest-aplikacja-drugi-mozg-2026","https://www.marqly.com/pl/blog/czym-jest-aplikacja-drugi-mozg-2026","200","pl","locale-blog","47","153","369","false","0.13","true","false","true","false","21","true","AggregateOffer|Answer|BlogPosting|BreadcrumbList|ContactPoint|FAQPage|ImageObject|ListItem|Organization|Question|SoftwareApplication|WebPage","Organization","98","3","19","10","0","true","{""datePublished"":""2026-04-28"",""dateModified"":""2026-09-07""}","Czym jest aplikacja «Drugi Mózg»? (I jak zbudować go ze swoich zakładek w 2026 roku)"
"/pl/blog/czym-jest-drugi-mozg-z-ai-2026","https://www.marqly.com/pl/blog/czym-jest-drugi-mozg-z-ai-2026","200","pl","locale-blog","42","153","387","false","0.38","true","false","true","false","21","true","AggregateOffer|Answer|BlogPosting|BreadcrumbList|ContactPoint|FAQPage|ImageObject|ListItem|Organization|Question|SoftwareApplication|WebPage","Organization","97","2","19","10","0","true","{""datePublished"":""2026-05-20"",""dateModified"":""2026-09-07""}","Czym jest drugi mózg z AI? Przystępny przewodnik (2026)"
"/pl/blog/instapaper-recenzja-2026","https://www.marqly.com/pl/blog/instapaper-recenzja-2026","200","pl","locale-blog","47","122","149","true","0.09","true","false","true","false","21","true","AggregateOffer|Answer|BlogPosting|BreadcrumbList|ContactPoint|FAQPage|ImageObject|ListItem|Organization|Question|SoftwareApplication|WebPage","Organization","97","102","18","9","0","true","{""datePublished"":""2026-08-02"",""dateModified"":""2026-08-02""}","Recenzja Instapaper 2026: Najspokojniejszy czytnik, teraz dwa razy droższy"
"/pl/blog/jak-pobrac-transkrypcje-z-youtube-2026","https://www.marqly.com/pl/blog/jak-pobrac-transkrypcje-z-youtube-2026","200","pl","locale-blog","61","169","541","false","0.27","true","false","true","false","21","true","AggregateOffer|Answer|BlogPosting|BreadcrumbList|ContactPoint|FAQPage|ImageObject|ListItem|Organization|Question|SoftwareApplication|WebPage","Organization","98","1","18","10","0","true","{""datePublished"":""2026-07-04"",""dateModified"":""2026-09-07""}","Jak pobrać transkrypcję z YouTube (3 Sposoby, 2026)"
"/pl/blog/jak-rozmawiac-z-zapisanymi-artykulami-2026","https://www.marqly.com/pl/blog/jak-rozmawiac-z-zapisanymi-artykulami-2026","200","pl","locale-blog","53","146","386","false","0.35","true","false","true","false","21","true","AggregateOffer|Answer|BlogPosting|BreadcrumbList|ContactPoint|FAQPage|ImageObject|ListItem|Organization|Question|SoftwareApplication|WebPage","Organization","98","3","19","10","0","true","{""datePublished"":""2026-05-14"",""dateModified"":""2026-09-07""}","Jak rozmawiać z zapisanymi artykułami i zakładkami w 2026 roku"
"/pl/blog/jak-streszczac-filmy-youtube-z-ai-2026","https://www.marqly.com/pl/blog/jak-streszczac-filmy-youtube-z-ai-2026","200","pl","locale-blog","59","159","547","false","0.27","true","false","true","false","21","true","AggregateOffer|Answer|BlogPosting|BreadcrumbList|ContactPoint|FAQPage|ImageObject|ListItem|Organization|Question|SoftwareApplication|WebPage","Organization","96","2","19","10","0","true","{""datePublished"":""2026-07-04"",""dateModified"":""2026-09-07""}","Jak streszczać filmy z YouTube za pomocą AI (bezpośrednio na stronie w 2026)"
"/pl/blog/jak-szukac-zakladek-z-ai-2026","https://www.marqly.com/pl/blog/jak-szukac-zakladek-z-ai-2026","200","pl","locale-blog","61","162","415","false","0.37","true","false","true","false","21","true","AggregateOffer|Answer|BlogPosting|BreadcrumbList|ContactPoint|FAQPage|ImageObject|ListItem|Organization|Question|SoftwareApplication|WebPage","Organization","98","7","18","10","0","true","{""datePublished"":""2026-05-18"",""dateModified"":""2026-09-07""}","Jak szukać zakładek za pomocą AI (Wyszukiwanie semantyczne 2026)"
"/pl/blog/jak-uporzadkowac-zakladki-2026","https://www.marqly.com/pl/blog/jak-uporzadkowac-zakladki-2026","200","pl","locale-blog","61","143","459","false","0.14","true","false","true","false","21","true","AggregateOffer|Answer|BlogPosting|BreadcrumbList|ContactPoint|FAQPage|ImageObject|ListItem|Organization|Question|SoftwareApplication|WebPage","Organization","98","5","19","10","0","true","{""datePublished"":""2026-03-24"",""dateModified"":""2026-06-23""}","Jak uporządkować zakładki w przeglądarce w 2026 roku"
"/pl/blog/jak-wyeksportowac-obejrzyj-pozniej-z-youtube-2026","https://www.marqly.com/pl/blog/jak-wyeksportowac-obejrzyj-pozniej-z-youtube-2026","200","pl","locale-blog","60","145","432","false","0.24","true","false","true","false","21","true","AggregateOffer|Answer|BlogPosting|BreadcrumbList|ContactPoint|FAQPage|ImageObject|ListItem|Organization|Question|SoftwareApplication|WebPage","Organization","95","102","19","9","0","true","{""datePublished"":""2026-08-16"",""dateModified"":""2026-09-07""}","Jak wyeksportować listę «Obejrzyj później» z YouTube w 2026 roku"
"/pl/blog/jak-wyeksportowac-przeniesc-dane-z-pocket-2026","https://www.marqly.com/pl/blog/jak-wyeksportowac-przeniesc-dane-z-pocket-2026","200","pl","locale-blog","59","140","390","false","0.39","true","false","true","false","21","true","AggregateOffer|Answer|BlogPosting|BreadcrumbList|ContactPoint|FAQPage|ImageObject|ListItem|Organization|Question|SoftwareApplication|WebPage","Organization","96","1","19","10","0","true","{""datePublished"":""2026-05-08"",""dateModified"":""2026-05-08""}","Jak wyeksportować i przenieść dane z Pocket w 2026 (Krok po kroku)"
"/pl/blog/jak-wyeksportowac-zakladki-chrome-2026","https://www.marqly.com/pl/blog/jak-wyeksportowac-zakladki-chrome-2026","200","pl","locale-blog","56","138","403","false","0.16","true","false","true","false","21","true","AggregateOffer|Answer|BlogPosting|BreadcrumbList|ContactPoint|FAQPage|ImageObject|ListItem|Organization|Question|SoftwareApplication|WebPage","Organization","96","2","19","10","0","true","{""datePublished"":""2026-06-23"",""dateModified"":""2026-06-23""}","Jak wyeksportować zakładki z Chrome i zaimportować je do menedżera AI (2026)"
"/pl/blog/jak-wyeksportowac-zakladki-z-twittera-x-2026","https://www.marqly.com/pl/blog/jak-wyeksportowac-zakladki-z-twittera-x-2026","200","pl","locale-blog","55","144","450","false","0.25","true","false","true","false","21","true","AggregateOffer|Answer|BlogPosting|BreadcrumbList|ContactPoint|FAQPage|ImageObject|ListItem|Organization|Question|SoftwareApplication|WebPage","Organization","95","102","19","9","0","true","{""datePublished"":""2026-08-02"",""dateModified"":""2026-09-07""}","Jak wyeksportować zakładki z X (Twittera) w 2026 roku (Wszystkie skuteczne metody)"
"/pl/blog/jak-wyeksportowac-zapisane-posty-z-instagrama-2026","https://www.marqly.com/pl/blog/jak-wyeksportowac-zapisane-posty-z-instagrama-2026","200","pl","locale-blog","61","153","422","false","0.24","true","false","true","false","21","true","AggregateOffer|Answer|BlogPosting|BreadcrumbList|ContactPoint|FAQPage|ImageObject|ListItem|Organization|Question|SoftwareApplication|WebPage","Organization","95","102","19","9","0","true","{""datePublished"":""2026-08-16"",""dateModified"":""2026-09-07""}","Jak wyeksportować zapisane posty z Instagrama w 2026 roku (Krok po kroku)"
"/pl/blog/jak-wyeksportowac-zapisane-posty-z-reddita-2026","https://www.marqly.com/pl/blog/jak-wyeksportowac-zapisane-posty-z-reddita-2026","200","pl","locale-blog","58","147","514","false","0.3","true","false","true","false","21","true","AggregateOffer|Answer|BlogPosting|BreadcrumbList|ContactPoint|FAQPage|ImageObject|ListItem|Organization|Question|SoftwareApplication|WebPage","Organization","95","102","19","9","0","true","{""datePublished"":""2026-08-02"",""dateModified"":""2026-09-07""}","Jak wyeksportować zapisane posty z Reddita w 2026 roku (Krok po kroku)"
"/pl/blog/jak-zapisac-strone-jako-pdf-2026","https://www.marqly.com/pl/blog/jak-zapisac-strone-jako-pdf-2026","200","pl","locale-blog","66","160","425","false","0.22","true","false","true","false","21","true","AggregateOffer|Answer|BlogPosting|BreadcrumbList|ContactPoint|FAQPage|ImageObject|ListItem|Organization|Question|SoftwareApplication|WebPage","Organization","96","1","18","10","0","true","{""datePublished"":""2026-07-04"",""dateModified"":""2026-09-07""}","Jak zapisać stronę internetową jako PDF (bez ucinania tekstu i białych grafik)"
"/pl/blog/jak-zapisywac-filmy-youtube-do-obejrzenia-na-pozniej-2026","https://www.marqly.com/pl/blog/jak-zapisywac-filmy-youtube-do-obejrzenia-na-pozniej-2026","200","pl","locale-blog","63","137","552","false","0.53","false","false","true","false","21","true","AggregateOffer|Answer|BlogPosting|BreadcrumbList|ContactPoint|FAQPage|ImageObject|ListItem|Organization|Question|SoftwareApplication|WebPage","Organization","96","2","18","10","0","true","{""datePublished"":""2026-03-08"",""dateModified"":""2026-09-07""}","Jak zapisywać filmy z YouTube na później (i naprawdę do nich wracać)"
"/pl/blog/jak-zaznaczac-tekst-na-stronach-www-2026","https://www.marqly.com/pl/blog/jak-zaznaczac-tekst-na-stronach-www-2026","200","pl","locale-blog","54","149","514","false","0.26","true","false","true","false","21","true","AggregateOffer|Answer|BlogPosting|BreadcrumbList|ContactPoint|FAQPage|ImageObject|ListItem|Organization|Question|SoftwareApplication|WebPage","Organization","99","2","18","10","0","true","{""datePublished"":""2026-07-04"",""dateModified"":""2026-09-07""}","Jak zaznaczać tekst na dowolnej stronie WWW (i zachować go na zawsze)"
"/pl/blog/jak-zbudowac-drugi-mozg-2026","https://www.marqly.com/pl/blog/jak-zbudowac-drugi-mozg-2026","200","pl","locale-blog","55","156","700","false","0.64","false","false","true","false","21","true","AggregateOffer|Answer|BlogPosting|BreadcrumbList|ContactPoint|FAQPage|ImageObject|ListItem|Organization|Question|SoftwareApplication|WebPage","Organization","97","3","18","10","0","true","{""datePublished"":""2026-03-13"",""dateModified"":""2026-09-07""}","Jak zbudować drugi mózg w 2026 roku (bez ręcznego sprzątania)"
"/pl/blog/jak-znalezc-zapisany-artykul-gdy-zapomnisz-tytulu-2026","https://www.marqly.com/pl/blog/jak-znalezc-zapisany-artykul-gdy-zapomnisz-tytulu-2026","200","pl","locale-blog","59","151","463","false","0.44","true","false","true","false","21","true","AggregateOffer|Answer|BlogPosting|BreadcrumbList|ContactPoint|FAQPage|ImageObject|ListItem|Organization|Question|SoftwareApplication|WebPage","Organization","98","3","19","10","0","true","{""datePublished"":""2026-05-22"",""dateModified"":""2026-09-07""}","Jak znaleźć zapisany artykuł, gdy zapomnisz tytułu w 2026 roku"
"/pl/blog/karakeep-recenzja-2026","https://www.marqly.com/pl/blog/karakeep-recenzja-2026","200","pl","locale-blog","67","118","149","true","0.09","true","false","true","false","21","true","AggregateOffer|Answer|BlogPosting|BreadcrumbList|ContactPoint|FAQPage|ImageObject|ListItem|Organization|Question|SoftwareApplication|WebPage","Organization","97","102","19","9","0","true","{""datePublished"":""2026-08-02"",""dateModified"":""2026-08-02""}","Recenzja Karakeep 2026: Self-hosted menedżer zakładek z prawdziwym AI"
"/pl/blog/linkwarden-recenzja-2026","https://www.marqly.com/pl/blog/linkwarden-recenzja-2026","200","pl","locale-blog","58","123","152","true","0.09","true","false","true","false","21","true","AggregateOffer|Answer|BlogPosting|BreadcrumbList|ContactPoint|FAQPage|ImageObject|ListItem|Organization|Question|SoftwareApplication|WebPage","Organization","97","102","19","9","0","true","{""datePublished"":""2026-08-02"",""dateModified"":""2026-08-02""}","Recenzja Linkwarden 2026: Otwarty menedżer zakładek dla archiwistów"
"/pl/blog/marqly-recenzja-2026","https://www.marqly.com/pl/blog/marqly-recenzja-2026","200","pl","locale-blog","49","119","155","true","0.16","true","false","true","false","21","true","AggregateOffer|Answer|BlogPosting|BreadcrumbList|ContactPoint|FAQPage|ImageObject|ListItem|Organization|Question|SoftwareApplication|WebPage","Organization","100","1","18","10","0","true","{""datePublished"":""2026-02-26"",""dateModified"":""2026-02-26""}","Recenzja Marqly 2026: Funkcje, ceny, wady i zalety"
"/pl/blog/menedzery-zakladek-ai-wyszukiwanie-semantyczne-porownanie-2026","https://www.marqly.com/pl/blog/menedzery-zakladek-ai-wyszukiwanie-semantyczne-porownanie-2026","200","pl","locale-blog","77","134","567","false","0.25","true","false","true","false","21","true","AggregateOffer|Answer|BlogPosting|BreadcrumbList|ContactPoint|FAQPage|ImageObject|ListItem|Organization|Question|SoftwareApplication|WebPage","Organization","100","8","18","10","0","true","{""datePublished"":""2026-06-23"",""dateModified"":""2026-06-23""}","Które menedżery zakładek AI naprawdę wyszukują według znaczenia? (Porównanie 8 narzędzi)"
"/pl/blog/metoda-para-dla-zakladek-2026","https://www.marqly.com/pl/blog/metoda-para-dla-zakladek-2026","200","pl","locale-blog","61","137","475","false","0.28","true","false","true","false","21","true","AggregateOffer|Answer|BlogPosting|BreadcrumbList|ContactPoint|FAQPage|ImageObject|ListItem|Organization|Question|SoftwareApplication|WebPage","Organization","97","3","18","10","0","true","{""datePublished"":""2026-08-02"",""dateModified"":""2026-09-07""}","Metoda PARA dla zakładek: jak ją wdrożyć i gdzie zawodzi (2026)"
"/pl/blog/mymind-recenzja-2026","https://www.marqly.com/pl/blog/mymind-recenzja-2026","200","pl","locale-blog","49","159","1237","false","0.69","false","false","true","false","21","true","AggregateOffer|Answer|BlogPosting|BreadcrumbList|ContactPoint|FAQPage|ImageObject|ListItem|Organization|Question|SoftwareApplication|WebPage","Organization","100","6","19","9","0","true","{""datePublished"":""2026-08-02"",""dateModified"":""2026-08-02""}","mymind Recenzja 2026: Piękny, Prywatny i Nie dla Każdego"
"/pl/blog/najlepsze-alternatywy-dla-instapaper-2026","https://www.marqly.com/pl/blog/najlepsze-alternatywy-dla-instapaper-2026","200","pl","locale-blog","50","141","166","true","0.21","true","false","true","false","21","true","AggregateOffer|Answer|BlogPosting|BreadcrumbList|ContactPoint|FAQPage|ImageObject|ListItem|Organization|Question|SoftwareApplication|WebPage","Organization","100","1","19","10","0","true","{""datePublished"":""2026-04-09"",""dateModified"":""2026-04-09""}","Najlepsze alternatywy dla Instapaper w 2026 (Gdy prosty czytnik to za mało)"
"/pl/blog/najlepsze-aplikacje-do-czytania-na-pozniej-2026","https://www.marqly.com/pl/blog/najlepsze-aplikacje-do-czytania-na-pozniej-2026","200","pl","locale-blog","53","138","457","false","0.44","true","false","true","false","21","true","AggregateOffer|Answer|BlogPosting|BreadcrumbList|ContactPoint|FAQPage|ImageObject|ListItem|Organization|Question|SoftwareApplication|WebPage","Organization","100","1","20","10","0","true","{""datePublished"":""2026-03-19"",""dateModified"":""2026-06-23""}","9 najlepszych aplikacji do czytania na później w 2026 roku (ranking)"
"/pl/blog/najlepsze-aplikacje-drugi-mozg-2026","https://www.marqly.com/pl/blog/najlepsze-aplikacje-drugi-mozg-2026","200","pl","locale-blog","51","146","419","false","0.17","true","false","true","false","21","true","AggregateOffer|Answer|BlogPosting|BreadcrumbList|ContactPoint|FAQPage|ImageObject|ListItem|Organization|Question|SoftwareApplication|WebPage","Organization","101","1","19","10","0","true","{""datePublished"":""2026-06-23"",""dateModified"":""2026-09-07""}","7 najlepszych aplikacji 'Drugi Mózg' w 2026 roku (szczere porównanie)"
"/pl/blog/najlepsze-darmowe-menedzery-zakladek-2026","https://www.marqly.com/pl/blog/najlepsze-darmowe-menedzery-zakladek-2026","200","pl","locale-blog","59","163","408","false","0.21","true","false","true","false","21","true","AggregateOffer|Answer|BlogPosting|BreadcrumbList|ContactPoint|FAQPage|ImageObject|ListItem|Organization|Question|SoftwareApplication|WebPage","Organization","100","12","19","10","0","true","{""datePublished"":""2026-08-02"",""dateModified"":""2026-09-07""}","5 najlepszych darmowych menedżerów zakładek w 2026 roku (naprawdę bezpłatnych)"
"/pl/blog/najlepsze-menedzery-kart-2026","https://www.marqly.com/pl/blog/najlepsze-menedzery-kart-2026","200","pl","locale-blog","61","147","405","false","0.23","true","false","true","false","21","true","AggregateOffer|Answer|BlogPosting|BreadcrumbList|ContactPoint|FAQPage|ImageObject|ListItem|Organization|Question|SoftwareApplication|WebPage","Organization","101","12","18","9","0","true","{""datePublished"":""2026-08-02"",""dateModified"":""2026-09-07""}","5 najlepszych menedżerów kart w 2026 roku (dopasowanych do Twoich potrzeb)"
"/pl/blog/najlepsze-menedzery-zakladek-ai-2026","https://www.marqly.com/pl/blog/najlepsze-menedzery-zakladek-ai-2026","200","pl","locale-blog","49","155","421","false","0.15","true","false","true","false","21","true","AggregateOffer|Answer|BlogPosting|BreadcrumbList|ContactPoint|FAQPage|ImageObject|ListItem|Organization|Question|SoftwareApplication|WebPage","Organization","100","5","20","10","0","true","{""datePublished"":""2026-05-05"",""dateModified"":""2026-06-23""}","Najlepsze menedżery zakładek z AI w 2026 roku: na co zwracać uwagę (i 5 polecanych)"
"/pl/blog/najlepsze-narzedzia-do-podsumowan-youtube-2026","https://www.marqly.com/pl/blog/najlepsze-narzedzia-do-podsumowan-youtube-2026","200","pl","locale-blog","75","164","516","false","0.28","true","false","true","false","21","true","AggregateOffer|Answer|BlogPosting|BreadcrumbList|ContactPoint|FAQPage|ImageObject|ListItem|Organization|Question|SoftwareApplication|WebPage","Organization","102","9","18","9","0","true","{""datePublished"":""2026-08-02"",""dateModified"":""2026-09-07""}","6 najlepszych narzędzi AI do podsumowywania filmów YouTube w 2026 roku"
"/pl/blog/najlepsze-narzedzia-do-zaznaczania-stron-2026","https://www.marqly.com/pl/blog/najlepsze-narzedzia-do-zaznaczania-stron-2026","200","pl","locale-blog","57","169","399","false","0.22","true","false","true","false","21","true","AggregateOffer|Answer|BlogPosting|BreadcrumbList|ContactPoint|FAQPage|ImageObject|ListItem|Organization|Question|SoftwareApplication|WebPage","Organization","100","10","19","10","0","true","{""datePublished"":""2026-08-02"",""dateModified"":""2026-09-07""}","6 najlepszych narzędzi do zakreślania stron WWW w 2026 roku (test na żywo)"
"/pl/blog/najlepsze-self-hosted-alternatywy-dla-pocket-2026","https://www.marqly.com/pl/blog/najlepsze-self-hosted-alternatywy-dla-pocket-2026","200","pl","locale-blog","60","127","165","true","0.07","true","false","true","false","21","true","AggregateOffer|Answer|BlogPosting|BreadcrumbList|ContactPoint|FAQPage|ImageObject|ListItem|Organization|Question|SoftwareApplication|WebPage","Organization","100","1","19","10","0","true","{""datePublished"":""2026-06-23"",""dateModified"":""2026-06-23""}","Najlepsze self-hosted alternatywy dla Pocket w 2026 (I kiedy chmura wygrywa)"
"/pl/blog/przestan-porzadkowac-zakladki-foldery-przestarzale-2026","https://www.marqly.com/pl/blog/przestan-porzadkowac-zakladki-foldery-przestarzale-2026","200","pl","locale-blog","57","148","501","false","0.23","true","false","true","false","21","true","AggregateOffer|Answer|BlogPosting|BreadcrumbList|ContactPoint|FAQPage|ImageObject|ListItem|Organization|Question|SoftwareApplication|WebPage","Organization","96","1","19","10","0","true","{""datePublished"":""2026-06-23"",""dateModified"":""2026-09-07""}","Przestań porządkować zakładki: dlaczego foldery są przestarzałe w 2026 roku"
"/pl/blog/raindrop-io-recenzja-2026","https://www.marqly.com/pl/blog/raindrop-io-recenzja-2026","200","pl","locale-blog","56","141","166","true","0.09","true","false","true","false","21","true","AggregateOffer|Answer|BlogPosting|BreadcrumbList|ContactPoint|FAQPage|ImageObject|ListItem|Organization|Question|SoftwareApplication|WebPage","Organization","97","5","19","9","0","true","{""datePublished"":""2026-08-02"",""dateModified"":""2026-08-02""}","Recenzja Raindrop.io 2026: Najlepszy tradycyjny menedżer zakładek"
"/pl/blog/readwise-reader-recenzja-2026","https://www.marqly.com/pl/blog/readwise-reader-recenzja-2026","200","pl","locale-blog","58","129","157","true","0.09","true","false","true","false","21","true","AggregateOffer|Answer|BlogPosting|BreadcrumbList|ContactPoint|FAQPage|ImageObject|ListItem|Organization|Question|SoftwareApplication|WebPage","Organization","97","1","19","9","0","true","{""datePublished"":""2026-08-02"",""dateModified"":""2026-08-02""}","Recenzja Readwise Reader 2026: Prawdziwa potęga dla pochłaniających wiedzę"
"/pl/blog/zakladki-chrome-nie-synchronizuja-sie-rozwiazanie-2026","https://www.marqly.com/pl/blog/zakladki-chrome-nie-synchronizuja-sie-rozwiazanie-2026","200","pl","locale-blog","66","134","496","false","0.29","true","false","true","false","21","true","AggregateOffer|Answer|BlogPosting|BreadcrumbList|ContactPoint|FAQPage|ImageObject|ListItem|Organization|Question|SoftwareApplication|WebPage","Organization","97","2","19","9","0","true","{""datePublished"":""2026-08-02"",""dateModified"":""2026-08-02""}","Zakładki Chrome nie synchronizują się? 8 sprawdzonych rozwiązań (2026)"
"/pl/dla-akademikow","https://www.marqly.com/pl/dla-akademikow","200","pl","locale-lander","66","167","239","true","0.21","true","false","true","false","21","true","AggregateOffer|Answer|BreadcrumbList|ContactPoint|FAQPage|ListItem|Organization|Question|SoftwareApplication|WebSite","Organization","95","102","21","9","0","true","{}","Bądź na bieżąco z literaturą naukową bez gąszczu otwartych kart"
"/pl/dla-badaczy-ux","https://www.marqly.com/pl/dla-badaczy-ux","200","pl","locale-lander","37","141","184","true","0.16","true","false","true","false","21","true","AggregateOffer|Answer|BreadcrumbList|ContactPoint|FAQPage|ListItem|Organization|Question|SoftwareApplication|WebSite","Organization","95","102","21","9","0","true","{}","Repozytorium badań, którego utrzymanie zajmuje minuty, a nie godziny"
"/pl/dla-doktorantow","https://www.marqly.com/pl/dla-doktorantow","200","pl","locale-lander","58","150","226","true","0.18","true","false","true","false","21","true","AggregateOffer|Answer|BreadcrumbList|ContactPoint|FAQPage|ListItem|Organization|Question|SoftwareApplication|WebSite","Organization","95","102","21","9","0","true","{}","Prowadź przegląd literatury do doktoratu w jednej przeszukiwalnej bazie"
"/pl/dla-dziennikarzy","https://www.marqly.com/pl/dla-dziennikarzy","200","pl","locale-lander","59","168","414","false","0.31","true","false","true","false","21","true","AggregateOffer|Answer|BreadcrumbList|ContactPoint|FAQPage|ListItem|Organization|Question|SoftwareApplication|WebSite","Organization","95","102","21","9","0","true","{}","Źródło, na które powołałeś się w artykule, nie zawiera już tych samych słów"
"/pl/dla-founderow","https://www.marqly.com/pl/dla-founderow","200","pl","locale-lander","55","140","205","true","0.18","true","false","true","false","21","true","AggregateOffer|Answer|BreadcrumbList|ContactPoint|FAQPage|ListItem|Organization|Question|SoftwareApplication|WebSite","Organization","95","102","21","9","0","true","{}","Wiedza o konkurencji zebrana w sekundy i zachowana na lata"
"/pl/dla-konsultantow","https://www.marqly.com/pl/dla-konsultantow","200","pl","locale-lander","54","131","173","true","0.15","true","false","true","false","21","true","AggregateOffer|Answer|BreadcrumbList|ContactPoint|FAQPage|ListItem|Organization|Question|SoftwareApplication|WebSite","Organization","95","102","21","9","0","true","{}","Wiedza o projektach klientów zmieniająca kontekst tak szybko jak Ty"
"/pl/dla-marketerow","https://www.marqly.com/pl/dla-marketerow","200","pl","locale-lander","57","161","365","false","0.31","true","false","true","false","21","true","AggregateOffer|Answer|BreadcrumbList|ContactPoint|FAQPage|ListItem|Organization|Question|SoftwareApplication|WebSite","Organization","95","102","21","9","0","true","{}","Strona konkurencji, którą chciałeś pokazać zespołowi, właśnie zniknęła po redesignie"
"/pl/dla-nauczycieli","https://www.marqly.com/pl/dla-nauczycieli","200","pl","locale-lander","57","156","411","false","0.36","true","false","true","false","21","true","AggregateOffer|Answer|BreadcrumbList|ContactPoint|FAQPage|ListItem|Organization|Question|SoftwareApplication|WebSite","Organization","95","102","21","9","0","true","{}","Materiały z ubiegłego roku szkolnego wciąż istnieją. Znalezienie ich to zupełnie inna sprawa"
"/pl/dla-naukowcow","https://www.marqly.com/pl/dla-naukowcow","200","pl","locale-lander","62","163","345","false","0.27","true","false","true","false","21","true","AggregateOffer|Answer|BreadcrumbList|ContactPoint|FAQPage|ListItem|Organization|Question|SoftwareApplication|WebSite","Organization","95","102","21","9","0","true","{}","Publikacja naukowa, której potrzebujesz, istnieje. Problem w tym, że nie pamiętasz, gdzie ją zapisałeś"
"/pl/dla-nieruchomosci","https://www.marqly.com/pl/dla-nieruchomosci","200","pl","locale-lander","70","142","220","true","0.2","true","false","true","false","21","true","AggregateOffer|Answer|BreadcrumbList|ContactPoint|FAQPage|ListItem|Organization|Question|SoftwareApplication|WebSite","Organization","95","102","21","9","0","true","{}","Wszystkie oferty i analizy rynku uporządkowane według klientów"
"/pl/dla-pisarzy","https://www.marqly.com/pl/dla-pisarzy","200","pl","locale-lander","58","175","439","false","0.35","true","false","true","false","21","true","AggregateOffer|Answer|BreadcrumbList|ContactPoint|FAQPage|ListItem|Organization|Question|SoftwareApplication|WebSite","Organization","95","102","21","9","0","true","{}","Pisałeś w pełnym skupieniu, dopóki nie musiałeś odszukać cytatu przeczytanego pół roku temu"
"/pl/dla-prawnikow","https://www.marqly.com/pl/dla-prawnikow","200","pl","locale-lander","66","157","225","true","0.2","true","false","true","false","21","true","AggregateOffer|Answer|BreadcrumbList|ContactPoint|FAQPage|ListItem|Organization|Question|SoftwareApplication|WebSite","Organization","95","102","21","9","0","true","{}","Twoja prawnicza lektura uporządkowana bez straty czasu na archiwizację"
"/pl/dla-product-managerow","https://www.marqly.com/pl/dla-product-managerow","200","pl","locale-lander","49","155","187","true","0.16","true","false","true","false","21","true","AggregateOffer|Answer|BreadcrumbList|ContactPoint|FAQPage|ListItem|Organization|Question|SoftwareApplication|WebSite","Organization","95","102","21","9","0","true","{}","Wszystkie analizy konkurencji, badania i źródła do PRD w jednym miejscu"
"/pl/dla-programistow","https://www.marqly.com/pl/dla-programistow","200","pl","locale-lander","48","168","400","false","0.34","true","false","true","false","21","true","AggregateOffer|Answer|BreadcrumbList|ContactPoint|FAQPage|ListItem|Organization|Question|SoftwareApplication|WebSite","Organization","95","102","21","9","0","true","{}","Ten błąd rozwiązałeś osiem miesięcy temu. Odpowiedź była w karcie, którą zamknąłeś"
"/pl/dla-projektantow","https://www.marqly.com/pl/dla-projektantow","200","pl","locale-lander","57","153","236","true","0.2","true","false","true","false","21","true","AggregateOffer|Answer|BreadcrumbList|ContactPoint|FAQPage|ListItem|Organization|Question|SoftwareApplication|WebSite","Organization","95","102","21","9","0","true","{}","Każda cenna inspiracja projektowa, na wyciągnięcie ręki dzięki opisowi"
"/pl/dla-rekruterow","https://www.marqly.com/pl/dla-rekruterow","200","pl","locale-lander","56","149","210","true","0.19","true","false","true","false","21","true","AggregateOffer|Answer|BreadcrumbList|ContactPoint|FAQPage|ListItem|Organization|Question|SoftwareApplication|WebSite","Organization","95","102","21","9","0","true","{}","Przestań gubić najlepszych kandydatów w gąszczu otwartych kart"
"/pl/dla-sprzedazy","https://www.marqly.com/pl/dla-sprzedazy","200","pl","locale-lander","51","138","187","true","0.17","true","false","true","false","21","true","AggregateOffer|Answer|BreadcrumbList|ContactPoint|FAQPage|ListItem|Organization|Question|SoftwareApplication|WebSite","Organization","95","102","21","9","0","true","{}","Każda informacja o prospekcie, skatalogowana w sekundę po zapisie"
"/pl/dla-studentow","https://www.marqly.com/pl/dla-studentow","200","pl","locale-lander","49","138","285","true","0.22","true","false","true","false","21","true","AggregateOffer|Answer|BreadcrumbList|ContactPoint|FAQPage|ListItem|Organization|Question|SoftwareApplication|WebSite","Organization","95","102","21","9","0","true","{}","Gromadź materiały przed cytowaniem — bez ryzyka, że cokolwiek zginie"
"/pl/dla-tworcow","https://www.marqly.com/pl/dla-tworcow","200","pl","locale-lander","57","170","386","false","0.33","true","false","true","false","21","true","AggregateOffer|Answer|BreadcrumbList|ContactPoint|FAQPage|ListItem|Organization|Question|SoftwareApplication|WebSite","Organization","95","102","21","9","0","true","{}","Zapisujesz genialną inspirację, a gdy przychodzi czas na tworzenie — nie możesz jej znaleźć"
"/pl/do-obejrzenia-pozniej","https://www.marqly.com/pl/do-obejrzenia-pozniej","200","pl","locale-lander","56","167","413","false","0.37","true","false","true","false","21","true","AggregateOffer|Answer|BreadcrumbList|ContactPoint|FAQPage|ListItem|Organization|Question|SoftwareApplication|WebSite","Organization","95","102","21","9","0","true","{}","Lista „Do obejrzenia” na YouTube to miejsce, gdzie filmy są zapominane"
"/pl/do-przeczytania-pozniej","https://www.marqly.com/pl/do-przeczytania-pozniej","200","pl","locale-lander","63","141","335","false","0.29","true","false","true","false","21","true","AggregateOffer|Answer|BreadcrumbList|ContactPoint|FAQPage|ListItem|Organization|Question|SoftwareApplication|WebSite","Organization","95","102","21","9","0","true","{}","Zapisuj artykuły, szybko je selekcjonuj i czytaj to, co najważniejsze"
"/pl/drugi-mozg","https://www.marqly.com/pl/drugi-mozg","200","pl","locale-lander","46","149","438","false","0.4","true","false","true","false","21","true","AggregateOffer|Answer|BreadcrumbList|ContactPoint|FAQPage|ListItem|Organization|Question|SoftwareApplication|WebSite","Organization","95","102","21","9","0","true","{}","Niemal każdy drugi mózg umiera z tego samego powodu"
"/pl/historia-schowka","https://www.marqly.com/pl/historia-schowka","200","pl","locale-lander","58","151","208","true","0.16","true","false","true","false","21","true","AggregateOffer|Answer|BreadcrumbList|ContactPoint|FAQPage|ListItem|Organization|Question|SoftwareApplication|WebSite","Organization","95","102","21","9","0","true","{}","Twój schowek pamięta jedną rzecz. Marqly pamięta je wszystkie"
"/pl/kuracja-tresci","https://www.marqly.com/pl/kuracja-tresci","200","pl","locale-lander","56","135","215","true","0.19","true","false","true","false","21","true","AggregateOffer|Answer|BreadcrumbList|ContactPoint|FAQPage|ListItem|Organization|Question|SoftwareApplication|WebSite","Organization","95","102","21","9","0","true","{}","Wybieraj to, co najlepsze w danym temacie, i udostępniaj na czytelnej stronie"
"/pl/lista-czytelnicza","https://www.marqly.com/pl/lista-czytelnicza","200","pl","locale-lander","53","174","405","false","0.35","true","false","true","false","21","true","AggregateOffer|Answer|BreadcrumbList|ContactPoint|FAQPage|ListItem|Organization|Question|SoftwareApplication|WebSite","Organization","95","102","21","9","0","true","{}","Twoja lista artykułów nie jest chaotyczna. Po prostu brakuje jej inteligentnego indeksu"
"/pl/menedzer-kart","https://www.marqly.com/pl/menedzer-kart","200","pl","locale-lander","57","166","337","false","0.3","true","false","true","false","21","true","AggregateOffer|Answer|BreadcrumbList|ContactPoint|FAQPage|ListItem|Organization|Question|SoftwareApplication|WebSite","Organization","95","102","21","9","0","true","{}","Zapisz wszystkie otwarte karty na raz — i przywróć je, kiedy chcesz"
"/pl/menedzer-zakladek-chrome","https://www.marqly.com/pl/menedzer-zakladek-chrome","200","pl","locale-lander","55","170","238","true","0.21","true","false","true","false","21","true","AggregateOffer|Answer|BreadcrumbList|ContactPoint|FAQPage|ListItem|Organization|Question|SoftwareApplication|WebSite","Organization","95","102","21","9","0","true","{}","Zakładki w Chrome, które same się odnajdują dzięki AI"
"/pl/menedzer-zakladek-edge","https://www.marqly.com/pl/menedzer-zakladek-edge","200","pl","locale-lander","53","153","210","true","0.19","true","false","true","false","21","true","AggregateOffer|Answer|BreadcrumbList|ContactPoint|FAQPage|ListItem|Organization|Question|SoftwareApplication|WebSite","Organization","95","102","21","9","0","true","{}","Wznieś ulubione w Microsoft Edge na wyższy poziom dzięki AI"
"/pl/menedzer-zakladek-firefox","https://www.marqly.com/pl/menedzer-zakladek-firefox","200","pl","locale-lander","56","144","213","true","0.19","true","false","true","false","21","true","AggregateOffer|Answer|BreadcrumbList|ContactPoint|FAQPage|ListItem|Organization|Question|SoftwareApplication|WebSite","Organization","95","102","21","9","0","true","{}","Zakładki w Firefox: Automatycznie otagowane i wyszukiwane po znaczeniu"
"/pl/menedzer-zakladek-iphone","https://www.marqly.com/pl/menedzer-zakladek-iphone","200","pl","locale-lander","55","159","215","true","0.2","true","false","true","false","21","true","AggregateOffer|Answer|BreadcrumbList|ContactPoint|FAQPage|ListItem|Organization|Question|SoftwareApplication|WebSite","Organization","95","102","21","9","0","true","{}","Cała biblioteka Twoich zakładek w kieszeni dzięki AI"
"/pl/menedzer-zakladek-safari","https://www.marqly.com/pl/menedzer-zakladek-safari","200","pl","locale-lander","48","170","222","true","0.2","true","false","true","false","21","true","AggregateOffer|Answer|BreadcrumbList|ContactPoint|FAQPage|ListItem|Organization|Question|SoftwareApplication|WebSite","Organization","95","102","21","9","0","true","{}","Twoje zakładki z Safari na każdym urządzeniu, którego używasz"
"/pl/nowa-karta-pulpit","https://www.marqly.com/pl/nowa-karta-pulpit","200","pl","locale-lander","60","147","238","true","0.17","true","false","true","false","21","true","AggregateOffer|Answer|BreadcrumbList|ContactPoint|FAQPage|ListItem|Organization|Question|SoftwareApplication|WebSite","Organization","95","102","21","9","0","true","{}","Otwierasz nową kartę 50 razy dziennie. Niech wreszcie służy Twojej pracy"
"/pl/organizacja-badan","https://www.marqly.com/pl/organizacja-badan","200","pl","locale-lander","53","165","398","false","0.33","true","false","true","false","21","true","AggregateOffer|Answer|BreadcrumbList|ContactPoint|FAQPage|ListItem|Organization|Question|SoftwareApplication|WebSite","Organization","95","102","21","9","0","true","{}","Gromadzenie źródeł jest proste. Odnalezienie tego, co zbadałeś — to prawdziwe wyzwanie"
"/pl/organizator-przepisow","https://www.marqly.com/pl/organizator-przepisow","200","pl","locale-lander","65","164","413","false","0.37","true","false","true","false","21","true","AggregateOffer|Answer|BreadcrumbList|ContactPoint|FAQPage|ListItem|Organization|Question|SoftwareApplication|WebSite","Organization","95","102","21","9","0","true","{}","Zapisałeś genialny przepis na obiad. W czwartek po pracy za nic nie możesz go odnaleźć"
"/pl/organizator-zakladek","https://www.marqly.com/pl/organizator-zakladek","200","pl","locale-lander","66","155","221","true","0.2","true","false","true","false","21","true","AggregateOffer|Answer|BreadcrumbList|ContactPoint|FAQPage|ListItem|Organization|Question|SoftwareApplication|WebSite","Organization","95","102","21","9","0","true","{}","Przestań układać zakładki w folderach. AI taguje wszystko i szuka po sensie"
"/pl/planowanie-podrozy","https://www.marqly.com/pl/planowanie-podrozy","200","pl","locale-lander","61","170","393","false","0.35","true","false","true","false","21","true","AggregateOffer|Answer|BreadcrumbList|ContactPoint|FAQPage|ListItem|Organization|Question|SoftwareApplication|WebSite","Organization","95","102","21","9","0","true","{}","Planowanie wakacji to czterdzieści otwartych kart i ani jednej podjętej decyzji"
"/pl/podsumowanie-youtube","https://www.marqly.com/pl/podsumowanie-youtube","200","pl","locale-lander","60","166","217","true","0.19","true","false","true","false","21","true","AggregateOffer|Answer|BreadcrumbList|ContactPoint|FAQPage|ListItem|Organization|Question|SoftwareApplication|WebSite","Organization","95","102","21","9","0","true","{}","Dowiedz się, co kryje wideo, zanim poświęcisz mu 40 minut"
"/pl/porownanie/marqly-vs-evernote","https://www.marqly.com/pl/porownanie/marqly-vs-evernote","200","pl","locale-lander","57","135","300","false","0.17","true","false","true","false","21","true","AggregateOffer|Answer|BreadcrumbList|ContactPoint|FAQPage|ListItem|Organization|Question|SoftwareApplication|WebSite","Organization","95","102","21","9","0","true","{}","Marqly vs Evernote: ciężki kombajn biurowy czy zwinna biblioteka wiedzy z AI"
"/pl/porownanie/marqly-vs-instapaper","https://www.marqly.com/pl/porownanie/marqly-vs-instapaper","200","pl","locale-lander","59","149","365","false","0.21","true","false","true","false","21","true","AggregateOffer|Answer|BreadcrumbList|ContactPoint|FAQPage|ListItem|Organization|Question|SoftwareApplication|WebSite","Organization","95","102","21","9","0","true","{}","Marqly vs Instapaper: czytać w spokoju czy błyskawicznie odnajdywać"
"/pl/porownanie/marqly-vs-matter","https://www.marqly.com/pl/porownanie/marqly-vs-matter","200","pl","locale-lander","69","145","290","true","0.16","true","false","true","false","21","true","AggregateOffer|Answer|BreadcrumbList|ContactPoint|FAQPage|ListItem|Organization|Question|SoftwareApplication|WebSite","Organization","95","102","21","9","0","true","{}","Marqly vs Matter: słuchać artykułów w podróży czy natychmiast odnajdywać wiedzę"
"/pl/porownanie/marqly-vs-notion","https://www.marqly.com/pl/porownanie/marqly-vs-notion","200","pl","locale-lander","69","145","325","false","0.19","true","false","true","false","21","true","AggregateOffer|Answer|BreadcrumbList|ContactPoint|FAQPage|ListItem|Organization|Question|SoftwareApplication|WebSite","Organization","95","102","21","9","0","true","{}","Marqly vs Notion: zapisywać w wielkim notatniku czy w dedykowanej bazie wiedzy"
"/pl/porownanie/marqly-vs-obsidian","https://www.marqly.com/pl/porownanie/marqly-vs-obsidian","200","pl","locale-lander","65","142","332","false","0.18","true","false","true","false","21","true","AggregateOffer|Answer|BreadcrumbList|ContactPoint|FAQPage|ListItem|Organization|Question|SoftwareApplication|WebSite","Organization","95","102","21","9","0","true","{}","Marqly vs Obsidian: pliki na własność czy biblioteka zorganizowana przez AI"
"/pl/porownanie/marqly-vs-pocket","https://www.marqly.com/pl/porownanie/marqly-vs-pocket","200","pl","locale-lander","57","145","329","false","0.19","true","false","true","false","21","true","AggregateOffer|Answer|BreadcrumbList|ContactPoint|FAQPage|ListItem|Organization|Question|SoftwareApplication|WebSite","Organization","95","102","22","9","0","true","{}","Marqly vs Pocket: rzetelne porównanie po zakończeniu działania Pocket"
"/pl/porownanie/marqly-vs-raindrop","https://www.marqly.com/pl/porownanie/marqly-vs-raindrop","200","pl","locale-lander","53","127","393","false","0.22","true","false","true","false","21","true","AggregateOffer|Answer|BreadcrumbList|ContactPoint|FAQPage|ListItem|Organization|Question|SoftwareApplication|WebSite","Organization","95","102","21","9","0","true","{}","Marqly vs Raindrop: ręczne układanie czy natychmiastowe wyszukiwanie z AI"
"/pl/porownanie/marqly-vs-readwise","https://www.marqly.com/pl/porownanie/marqly-vs-readwise","200","pl","locale-lander","75","152","303","false","0.17","true","false","true","false","21","true","AggregateOffer|Answer|BreadcrumbList|ContactPoint|FAQPage|ListItem|Organization|Question|SoftwareApplication|WebSite","Organization","95","102","21","9","0","true","{}","Marqly vs Readwise Reader: intensywne czytanie naukowe czy intuicyjna baza wiedzy"
"/pl/swipe-file","https://www.marqly.com/pl/swipe-file","200","pl","locale-lander","68","149","235","true","0.21","true","false","true","false","21","true","AggregateOffer|Answer|BreadcrumbList|ContactPoint|FAQPage|ListItem|Organization|Question|SoftwareApplication|WebSite","Organization","95","102","21","9","0","true","{}","Zapisuj każdą świetną reklamę i nagłówek – odnajduj je w chwili pisania"
"/pl/synchronizacja-zakladek","https://www.marqly.com/pl/synchronizacja-zakladek","200","pl","locale-lander","69","158","212","true","0.19","true","false","true","false","21","true","AggregateOffer|Answer|BreadcrumbList|ContactPoint|FAQPage|ListItem|Organization|Question|SoftwareApplication|WebSite","Organization","95","102","21","9","0","true","{}","Zapisz w jednej przeglądarce. Znajdź we wszystkich"
"/pl/szukanie-pracy","https://www.marqly.com/pl/szukanie-pracy","200","pl","locale-lander","65","141","231","true","0.21","true","false","true","false","21","true","AggregateOffer|Answer|BreadcrumbList|ContactPoint|FAQPage|ListItem|Organization|Question|SoftwareApplication|WebSite","Organization","95","102","21","9","0","true","{}","Każde ogłoszenie, wątek o zarobkach i notatka w jednym miejscu"
"/pl/tools/youtube-podsumowanie","https://www.marqly.com/pl/tools/youtube-podsumowanie","200","pl","locale-tool","68","170","320","false","0.79","false","false","true","false","21","true","Answer|BreadcrumbList|ContactPoint|FAQPage|ListItem|Offer|Organization|Question|WebApplication|WebSite","","97","2","19","9","0","true","{}","Błyskawiczne podsumowanie filmów YouTube przez AI"
"/pl/tools/youtube-transkrypcja","https://www.marqly.com/pl/tools/youtube-transkrypcja","200","pl","locale-tool","64","163","372","false","0.72","false","false","true","false","21","true","Answer|BreadcrumbList|ContactPoint|FAQPage|ListItem|Offer|Organization|Question|WebApplication|WebSite","","97","2","19","9","0","true","{}","Transkrypcja z YouTube w jednym kliknięciu"
"/pl/zapisz-strone-jako-pdf","https://www.marqly.com/pl/zapisz-strone-jako-pdf","200","pl","locale-lander","65","145","220","true","0.2","true","false","true","false","21","true","AggregateOffer|Answer|BreadcrumbList|ContactPoint|FAQPage|ListItem|Organization|Question|SoftwareApplication|WebSite","Organization","95","102","21","9","0","true","{}","Zamień dowolną stronę WWW w plik PDF wyglądający dokładnie tak jak na ekranie"
"/pl/zaznaczanie-stron-www","https://www.marqly.com/pl/zaznaczanie-stron-www","200","pl","locale-lander","57","154","335","false","0.3","true","false","true","false","21","true","AggregateOffer|Answer|BreadcrumbList|ContactPoint|FAQPage|ListItem|Organization|Question|SoftwareApplication|WebSite","Organization","95","102","21","9","0","true","{}","Zaznaczaj treści w internecie jak w książce — z możliwością przeszukiwania"
"/pricing","https://www.marqly.com/pricing","200","en","root-lander","44","196","1141","false","","false","false","true","false","0","false","AggregateOffer|Answer|ContactPoint|FAQPage|Offer|Organization|Question|SoftwareApplication|WebSite","Organization","186","1913","21","9","0","true","{}","Free to start. One price for everything."
"/primary-source-kit","https://www.marqly.com/primary-source-kit","200","en","root-lander","69","264","933","false","","false","false","true","false","0","false","Answer|BreadcrumbList|ContactPoint|FAQPage|ItemList|ListItem|Organization|Question|WebSite","","186","1913","32","9","0","true","{}","The primary-source kit"
"/privacypolicy","https://www.marqly.com/privacypolicy","200","en","root-lander","23","181","968","false","","false","false","true","false","0","false","","","185","1913","19","9","0","true","{}","Privacy Policy"
"/prompt-gallery","https://www.marqly.com/prompt-gallery","200","en","prompt-index","77","230","2576","false","","false","false","true","false","0","false","Answer|BreadcrumbList|ContactPoint|FAQPage|ItemList|ListItem|Organization|Question|WebSite","","237","1913","20","9","0","true","{}","AI Prompt Gallery"
"/prompt-gallery/30-day-social-media-content-calendar-prompt","https://www.marqly.com/prompt-gallery/30-day-social-media-content-calendar-prompt","200","en","prompt","67","76","624","false","","false","false","true","false","0","false","Answer|BreadcrumbList|ContactPoint|FAQPage|ListItem|Organization|Question|WebSite","","191","767","23","9","0","true","{}","30-Day Social Media Content Calendar Prompt"
"/prompt-gallery/a-b-test-winner-explanation-prompt","https://www.marqly.com/prompt-gallery/a-b-test-winner-explanation-prompt","200","en","prompt","58","136","589","false","","false","false","true","false","0","false","Answer|BreadcrumbList|ContactPoint|FAQPage|ListItem|Organization|Question|WebSite","","190","767","27","9","0","true","{}","A/B Test Winner Explanation Prompt"
"/prompt-gallery/ab-test-results-analyzer-prompt","https://www.marqly.com/prompt-gallery/ab-test-results-analyzer-prompt","200","en","prompt","56","83","621","false","","false","false","true","false","0","false","Answer|BreadcrumbList|ContactPoint|FAQPage|ListItem|Organization|Question|WebSite","","190","767","23","9","0","true","{}","A/B Test Results Analyzer Prompt"
"/prompt-gallery/abstract-gradient-background-prompt","https://www.marqly.com/prompt-gallery/abstract-gradient-background-prompt","200","en","prompt","59","146","597","false","","false","false","true","false","0","false","Answer|BreadcrumbList|ContactPoint|FAQPage|ListItem|Organization|Question|WebSite","","191","767","28","9","0","true","{}","Abstract Gradient Background Prompt"
"/prompt-gallery/academic-article-summary-prompt","https://www.marqly.com/prompt-gallery/academic-article-summary-prompt","200","en","prompt","55","96","630","false","","false","false","true","false","0","false","Answer|BreadcrumbList|ContactPoint|FAQPage|ListItem|Organization|Question|WebSite","","191","767","24","9","0","true","{}","Academic Article Summary Prompt"
"/prompt-gallery/accessibility-audit-prompt","https://www.marqly.com/prompt-gallery/accessibility-audit-prompt","200","en","prompt","50","130","584","false","","false","false","true","false","0","false","Answer|BreadcrumbList|ContactPoint|FAQPage|ListItem|Organization|Question|WebSite","","191","767","28","9","0","true","{}","Accessibility Audit Prompt"
"/prompt-gallery/affiliate-product-roundup-prompt","https://www.marqly.com/prompt-gallery/affiliate-product-roundup-prompt","200","en","prompt","56","134","601","false","","false","false","true","false","0","false","Answer|BreadcrumbList|ContactPoint|FAQPage|ListItem|Organization|Question|WebSite","","191","41","28","9","0","true","{}","Affiliate Product Roundup Prompt"
"/prompt-gallery/ai-food-photography-prompt","https://www.marqly.com/prompt-gallery/ai-food-photography-prompt","200","en","prompt","50","137","597","false","","false","false","true","false","0","false","Answer|BreadcrumbList|ContactPoint|FAQPage|ListItem|Organization|Question|WebSite","","190","41","28","9","0","true","{}","AI Food Photography Prompt"
"/prompt-gallery/ambiguity-resolution-prompt","https://www.marqly.com/prompt-gallery/ambiguity-resolution-prompt","200","en","prompt","51","130","555","false","","false","false","true","false","0","false","Answer|BreadcrumbList|ContactPoint|FAQPage|ListItem|Organization|Question|WebSite","","191","41","27","9","0","true","{}","Ambiguity Resolution Prompt"
"/prompt-gallery/api-documentation-from-code-prompt","https://www.marqly.com/prompt-gallery/api-documentation-from-code-prompt","200","en","prompt","58","81","619","false","","false","false","true","false","0","false","Answer|BreadcrumbList|ContactPoint|FAQPage|ListItem|Organization|Question|WebSite","","190","41","24","9","0","true","{}","API Documentation from Code Prompt"
"/prompt-gallery/api-endpoint-design-prompt","https://www.marqly.com/prompt-gallery/api-endpoint-design-prompt","200","en","prompt","50","130","585","false","","false","false","true","false","0","false","Answer|BreadcrumbList|ContactPoint|FAQPage|ListItem|Organization|Question|WebSite","","190","41","28","9","0","true","{}","API Endpoint Design Prompt"
"/prompt-gallery/architectural-rendering-prompt-for-modern-homes","https://www.marqly.com/prompt-gallery/architectural-rendering-prompt-for-modern-homes","200","en","prompt","71","160","599","false","","false","false","true","false","0","false","Answer|BreadcrumbList|ContactPoint|FAQPage|ListItem|Organization|Question|WebSite","","190","41","28","9","0","true","{}","Architectural Rendering Prompt for Modern Homes"
"/prompt-gallery/argumentative-essay-outline-prompt","https://www.marqly.com/prompt-gallery/argumentative-essay-outline-prompt","200","en","prompt","58","140","594","false","","false","false","true","false","0","false","Answer|BreadcrumbList|ContactPoint|FAQPage|ListItem|Organization|Question|WebSite","","190","41","28","9","0","true","{}","Argumentative Essay Outline Prompt"
"/prompt-gallery/audience-adaptation-prompt","https://www.marqly.com/prompt-gallery/audience-adaptation-prompt","200","en","prompt","50","129","555","false","","false","false","true","false","0","false","Answer|BreadcrumbList|ContactPoint|FAQPage|ListItem|Organization|Question|WebSite","","191","41","27","9","0","true","{}","Audience Adaptation Prompt"
"/prompt-gallery/automatic-prompt-evaluator-prompt","https://www.marqly.com/prompt-gallery/automatic-prompt-evaluator-prompt","200","en","prompt","57","136","556","false","","false","false","true","false","0","false","Answer|BreadcrumbList|ContactPoint|FAQPage|ListItem|Organization|Question|WebSite","","191","41","27","9","0","true","{}","Automatic Prompt Evaluator Prompt"
"/prompt-gallery/bibliography-formatter-prompt","https://www.marqly.com/prompt-gallery/bibliography-formatter-prompt","200","en","prompt","53","135","593","false","","false","false","true","false","0","false","Answer|BreadcrumbList|ContactPoint|FAQPage|ListItem|Organization|Question|WebSite","","190","41","28","9","0","true","{}","Bibliography Formatter Prompt"
"/prompt-gallery/board-game-concept-prompt","https://www.marqly.com/prompt-gallery/board-game-concept-prompt","200","en","prompt","49","129","597","false","","false","false","true","false","0","false","Answer|BreadcrumbList|ContactPoint|FAQPage|ListItem|Organization|Question|WebSite","","191","41","25","9","0","true","{}","Board Game Concept Prompt"
"/prompt-gallery/book-review-prompt","https://www.marqly.com/prompt-gallery/book-review-prompt","200","en","prompt","42","120","599","false","","false","false","true","false","0","false","Answer|BreadcrumbList|ContactPoint|FAQPage|ListItem|Organization|Question|WebSite","","191","41","28","9","0","true","{}","Book Review Prompt"
"/prompt-gallery/brand-storytelling-framework-prompt","https://www.marqly.com/prompt-gallery/brand-storytelling-framework-prompt","200","en","prompt","59","86","637","false","","false","false","true","false","0","false","Answer|BreadcrumbList|ContactPoint|FAQPage|ListItem|Organization|Question|WebSite","","191","41","23","9","0","true","{}","Brand Storytelling Framework Prompt"
"/prompt-gallery/brand-voice-guidelines-prompt","https://www.marqly.com/prompt-gallery/brand-voice-guidelines-prompt","200","en","prompt","53","131","601","false","","false","false","true","false","0","false","Answer|BreadcrumbList|ContactPoint|FAQPage|ListItem|Organization|Question|WebSite","","191","41","28","9","0","true","{}","Brand Voice Guidelines Prompt"
"/prompt-gallery/budget-variance-report-prompt","https://www.marqly.com/prompt-gallery/budget-variance-report-prompt","200","en","prompt","53","131","588","false","","false","false","true","false","0","false","Answer|BreadcrumbList|ContactPoint|FAQPage|ListItem|Organization|Question|WebSite","","189","41","27","9","0","true","{}","Budget Variance Report Prompt"
"/prompt-gallery/build-a-crud-app-prompt","https://www.marqly.com/prompt-gallery/build-a-crud-app-prompt","200","en","prompt","47","127","586","false","","false","false","true","false","0","false","Answer|BreadcrumbList|ContactPoint|FAQPage|ListItem|Organization|Question|WebSite","","190","41","28","9","0","true","{}","Build a CRUD App Prompt"
"/prompt-gallery/buyer-persona-interview-prompt","https://www.marqly.com/prompt-gallery/buyer-persona-interview-prompt","200","en","prompt","54","132","601","false","","false","false","true","false","0","false","Answer|BreadcrumbList|ContactPoint|FAQPage|ListItem|Organization|Question|WebSite","","191","41","28","9","0","true","{}","Buyer Persona Interview Prompt"
"/prompt-gallery/case-study-framework-prompt","https://www.marqly.com/prompt-gallery/case-study-framework-prompt","200","en","prompt","51","129","600","false","","false","false","true","false","0","false","Answer|BreadcrumbList|ContactPoint|FAQPage|ListItem|Organization|Question|WebSite","","191","41","28","9","0","true","{}","Case Study Framework Prompt"
"/prompt-gallery/category","https://www.marqly.com/prompt-gallery/category","200","en","prompt-category","65","130","112","true","","false","false","true","false","0","false","BreadcrumbList|ContactPoint|ItemList|ListItem|Organization|WebSite","","194","1","19","9","0","true","{}","Browse Prompt Categories"
"/prompt-gallery/category/analysis-data","https://www.marqly.com/prompt-gallery/category/analysis-data","200","en","prompt-category","85","111","1892","false","","false","false","true","false","0","false","BreadcrumbList|ContactPoint|ItemList|ListItem|Organization|WebSite","","222","42","19","9","0","true","{}","Analysis & Data Prompts"
"/prompt-gallery/category/coding-development","https://www.marqly.com/prompt-gallery/category/coding-development","200","en","prompt-category","90","116","1971","false","","false","false","true","false","0","false","BreadcrumbList|ContactPoint|ItemList|ListItem|Organization|WebSite","","223","42","19","9","0","true","{}","Coding & Development Prompts"
"/prompt-gallery/category/image-photo","https://www.marqly.com/prompt-gallery/category/image-photo","200","en","prompt-category","83","109","2050","false","","false","false","true","false","0","false","BreadcrumbList|ContactPoint|ItemList|ListItem|Organization|WebSite","","223","42","19","9","0","true","{}","Image & Photo Prompts"
"/prompt-gallery/category/personal-creative","https://www.marqly.com/prompt-gallery/category/personal-creative","200","en","prompt-category","89","115","1970","false","","false","false","true","false","0","false","BreadcrumbList|ContactPoint|ItemList|ListItem|Organization|WebSite","","224","42","19","9","0","true","{}","Personal & Creative Prompts"
"/prompt-gallery/category/prompt-engineering","https://www.marqly.com/prompt-gallery/category/prompt-engineering","200","en","prompt-category","88","114","1930","false","","false","false","true","false","0","false","BreadcrumbList|ContactPoint|ItemList|ListItem|Organization|WebSite","","224","42","19","9","0","true","{}","Prompt Engineering Prompts"
"/prompt-gallery/category/research-learning","https://www.marqly.com/prompt-gallery/category/research-learning","200","en","prompt-category","89","115","1983","false","","false","false","true","false","0","false","BreadcrumbList|ContactPoint|ItemList|ListItem|Organization|WebSite","","223","42","19","9","0","true","{}","Research & Learning Prompts"
"/prompt-gallery/category/seo-marketing","https://www.marqly.com/prompt-gallery/category/seo-marketing","200","en","prompt-category","85","111","1996","false","","false","false","true","false","0","false","BreadcrumbList|ContactPoint|ItemList|ListItem|Organization|WebSite","","224","42","19","9","0","true","{}","SEO & Marketing Prompts"
"/prompt-gallery/category/social-media","https://www.marqly.com/prompt-gallery/category/social-media","200","en","prompt-category","82","108","1941","false","","false","false","true","false","0","false","BreadcrumbList|ContactPoint|ItemList|ListItem|Organization|WebSite","","223","42","19","9","0","true","{}","Social Media Prompts"
"/prompt-gallery/category/work-productivity","https://www.marqly.com/prompt-gallery/category/work-productivity","200","en","prompt-category","89","115","1995","false","","false","false","true","false","0","false","BreadcrumbList|ContactPoint|ItemList|ListItem|Organization|WebSite","","224","42","19","9","0","true","{}","Work & Productivity Prompts"
"/prompt-gallery/category/writing-content","https://www.marqly.com/prompt-gallery/category/writing-content","200","en","prompt-category","87","113","2045","false","","false","false","true","false","0","false","BreadcrumbList|ContactPoint|ItemList|ListItem|Organization|WebSite","","224","42","19","9","0","true","{}","Writing & Content Prompts"
"/prompt-gallery/chain-of-thought-reasoning-prompt","https://www.marqly.com/prompt-gallery/chain-of-thought-reasoning-prompt","200","en","prompt","57","86","585","false","","false","false","true","false","0","false","Answer|BreadcrumbList|ContactPoint|FAQPage|ListItem|Organization|Question|WebSite","","191","41","23","9","0","true","{}","Chain-of-Thought Reasoning Prompt"
"/prompt-gallery/chain-of-verification-prompt","https://www.marqly.com/prompt-gallery/chain-of-verification-prompt","200","en","prompt","52","131","554","false","","false","false","true","false","0","false","Answer|BreadcrumbList|ContactPoint|FAQPage|ListItem|Organization|Question|WebSite","","191","41","27","9","0","true","{}","Chain-of-Verification Prompt"
"/prompt-gallery/character-backstory-prompt","https://www.marqly.com/prompt-gallery/character-backstory-prompt","200","en","prompt","50","130","596","false","","false","false","true","false","0","false","Answer|BreadcrumbList|ContactPoint|FAQPage|ListItem|Organization|Question|WebSite","","191","41","25","9","0","true","{}","Character Backstory Prompt"
"/prompt-gallery/chatgpt-prompt-for-ambiguity-resolution","https://www.marqly.com/prompt-gallery/chatgpt-prompt-for-ambiguity-resolution","200","en","prompt","63","149","554","false","","false","false","true","false","0","false","Answer|BreadcrumbList|ContactPoint|FAQPage|ListItem|Organization|Question|WebSite","","191","41","24","9","0","true","{}","ChatGPT Prompt for Ambiguity Resolution"
"/prompt-gallery/chatgpt-prompt-for-api-documentation","https://www.marqly.com/prompt-gallery/chatgpt-prompt-for-api-documentation","200","en","prompt","60","147","582","false","","false","false","true","false","0","false","Answer|BreadcrumbList|ContactPoint|FAQPage|ListItem|Organization|Question|WebSite","","190","41","24","9","0","true","{}","ChatGPT Prompt for API Documentation"
"/prompt-gallery/chatgpt-prompt-for-blog-post-outlines","https://www.marqly.com/prompt-gallery/chatgpt-prompt-for-blog-post-outlines","200","en","prompt","61","146","598","false","","false","false","true","false","0","false","Answer|BreadcrumbList|ContactPoint|FAQPage|ListItem|Organization|Question|WebSite","","191","41","24","9","0","true","{}","ChatGPT Prompt for Blog Post Outlines"
"/prompt-gallery/chatgpt-prompt-for-chain-of-thought","https://www.marqly.com/prompt-gallery/chatgpt-prompt-for-chain-of-thought","200","en","prompt","59","145","553","false","","false","false","true","false","0","false","Answer|BreadcrumbList|ContactPoint|FAQPage|ListItem|Organization|Question|WebSite","","191","8","24","9","0","true","{}","ChatGPT Prompt for Chain-of-Thought"
"/prompt-gallery/chatgpt-prompt-for-character-development","https://www.marqly.com/prompt-gallery/chatgpt-prompt-for-character-development","200","en","prompt","64","147","597","false","","false","false","true","false","0","false","Answer|BreadcrumbList|ContactPoint|FAQPage|ListItem|Organization|Question|WebSite","","191","41","24","9","0","true","{}","ChatGPT Prompt for Character Development"
"/prompt-gallery/chatgpt-prompt-for-client-proposals","https://www.marqly.com/prompt-gallery/chatgpt-prompt-for-client-proposals","200","en","prompt","59","147","597","false","","false","false","true","false","0","false","Answer|BreadcrumbList|ContactPoint|FAQPage|ListItem|Organization|Question|WebSite","","191","41","24","9","0","true","{}","ChatGPT Prompt for Client Proposals"
"/prompt-gallery/chatgpt-prompt-for-community-engagement-replies","https://www.marqly.com/prompt-gallery/chatgpt-prompt-for-community-engagement-replies","200","en","prompt","71","150","582","false","","false","false","true","false","0","false","Answer|BreadcrumbList|ContactPoint|FAQPage|ListItem|Organization|Question|WebSite","","190","41","24","9","0","true","{}","ChatGPT Prompt for Community Engagement Replies"
"/prompt-gallery/chatgpt-prompt-for-compare-and-contrast-essays","https://www.marqly.com/prompt-gallery/chatgpt-prompt-for-compare-and-contrast-essays","200","en","prompt","70","157","593","false","","false","false","true","false","0","false","Answer|BreadcrumbList|ContactPoint|FAQPage|ListItem|Organization|Question|WebSite","","190","41","24","9","0","true","{}","ChatGPT Prompt for Compare and Contrast Essays"
"/prompt-gallery/chatgpt-prompt-for-competitor-benchmarking","https://www.marqly.com/prompt-gallery/chatgpt-prompt-for-competitor-benchmarking","200","en","prompt","66","153","585","false","","false","false","true","false","0","false","Answer|BreadcrumbList|ContactPoint|FAQPage|ListItem|Organization|Question|WebSite","","189","41","24","9","0","true","{}","ChatGPT Prompt for Competitor Benchmarking"
"/prompt-gallery/chatgpt-prompt-for-constraint-based-outputs","https://www.marqly.com/prompt-gallery/chatgpt-prompt-for-constraint-based-outputs","200","en","prompt","67","153","556","false","","false","false","true","false","0","false","Answer|BreadcrumbList|ContactPoint|FAQPage|ListItem|Organization|Question|WebSite","","191","2","24","9","0","true","{}","ChatGPT Prompt for Constraint-Based Outputs"
"/prompt-gallery/chatgpt-prompt-for-content-gap-analysis","https://www.marqly.com/prompt-gallery/chatgpt-prompt-for-content-gap-analysis","200","en","prompt","63","150","599","false","","false","false","true","false","0","false","Answer|BreadcrumbList|ContactPoint|FAQPage|ListItem|Organization|Question|WebSite","","191","41","24","9","0","true","{}","ChatGPT Prompt for Content Gap Analysis"
"/prompt-gallery/chatgpt-prompt-for-creating-study-guides","https://www.marqly.com/prompt-gallery/chatgpt-prompt-for-creating-study-guides","200","en","prompt","64","151","592","false","","false","false","true","false","0","false","Answer|BreadcrumbList|ContactPoint|FAQPage|ListItem|Organization|Question|WebSite","","190","41","24","9","0","true","{}","ChatGPT Prompt for Creating Study Guides"
"/prompt-gallery/chatgpt-prompt-for-daily-planning","https://www.marqly.com/prompt-gallery/chatgpt-prompt-for-daily-planning","200","en","prompt","57","143","598","false","","false","false","true","false","0","false","Answer|BreadcrumbList|ContactPoint|FAQPage|ListItem|Organization|Question|WebSite","","191","41","24","9","0","true","{}","ChatGPT Prompt for Daily Planning"
"/prompt-gallery/chatgpt-prompt-for-data-cleaning","https://www.marqly.com/prompt-gallery/chatgpt-prompt-for-data-cleaning","200","en","prompt","56","139","585","false","","false","false","true","false","0","false","Answer|BreadcrumbList|ContactPoint|FAQPage|ListItem|Organization|Question|WebSite","","189","41","24","9","0","true","{}","ChatGPT Prompt for Data Cleaning"
"/prompt-gallery/chatgpt-prompt-for-data-visualization","https://www.marqly.com/prompt-gallery/chatgpt-prompt-for-data-visualization","200","en","prompt","61","144","585","false","","false","false","true","false","0","false","Answer|BreadcrumbList|ContactPoint|FAQPage|ListItem|Organization|Question|WebSite","","189","41","24","9","0","true","{}","ChatGPT Prompt for Data Visualization"
"/prompt-gallery/chatgpt-prompt-for-date-night-ideas","https://www.marqly.com/prompt-gallery/chatgpt-prompt-for-date-night-ideas","200","en","prompt","59","142","598","false","","false","false","true","false","0","false","Answer|BreadcrumbList|ContactPoint|FAQPage|ListItem|Organization|Question|WebSite","","191","41","24","9","0","true","{}","ChatGPT Prompt for Date Night Ideas"
"/prompt-gallery/chatgpt-prompt-for-email-drafting","https://www.marqly.com/prompt-gallery/chatgpt-prompt-for-email-drafting","200","en","prompt","57","143","598","false","","false","false","true","false","0","false","Answer|BreadcrumbList|ContactPoint|FAQPage|ListItem|Organization|Question|WebSite","","191","41","24","9","0","true","{}","ChatGPT Prompt for Email Drafting"
"/prompt-gallery/chatgpt-prompt-for-email-newsletters","https://www.marqly.com/prompt-gallery/chatgpt-prompt-for-email-newsletters","200","en","prompt","60","144","597","false","","false","false","true","false","0","false","Answer|BreadcrumbList|ContactPoint|FAQPage|ListItem|Organization|Question|WebSite","","191","41","24","9","0","true","{}","ChatGPT Prompt for Email Newsletters"
"/prompt-gallery/chatgpt-prompt-for-explaining-complex-topics","https://www.marqly.com/prompt-gallery/chatgpt-prompt-for-explaining-complex-topics","200","en","prompt","68","151","592","false","","false","false","true","false","0","false","Answer|BreadcrumbList|ContactPoint|FAQPage|ListItem|Organization|Question|WebSite","","190","41","24","9","0","true","{}","ChatGPT Prompt for Explaining Complex Topics"
"/prompt-gallery/chatgpt-prompt-for-exploratory-data-analysis","https://www.marqly.com/prompt-gallery/chatgpt-prompt-for-exploratory-data-analysis","200","en","prompt","68","147","586","false","","false","false","true","false","0","false","Answer|BreadcrumbList|ContactPoint|FAQPage|ListItem|Organization|Question|WebSite","","189","8","24","9","0","true","{}","ChatGPT Prompt for Exploratory Data Analysis"
"/prompt-gallery/chatgpt-prompt-for-few-shot-examples","https://www.marqly.com/prompt-gallery/chatgpt-prompt-for-few-shot-examples","200","en","prompt","60","142","556","false","","false","false","true","false","0","false","Answer|BreadcrumbList|ContactPoint|FAQPage|ListItem|Organization|Question|WebSite","","191","2","24","9","0","true","{}","ChatGPT Prompt for Few-Shot Examples"
"/prompt-gallery/chatgpt-prompt-for-goal-setting","https://www.marqly.com/prompt-gallery/chatgpt-prompt-for-goal-setting","200","en","prompt","55","142","597","false","","false","false","true","false","0","false","Answer|BreadcrumbList|ContactPoint|FAQPage|ListItem|Organization|Question|WebSite","","191","40","24","9","0","true","{}","ChatGPT Prompt for Goal Setting"
"/prompt-gallery/chatgpt-prompt-for-influencer-outreach","https://www.marqly.com/prompt-gallery/chatgpt-prompt-for-influencer-outreach","200","en","prompt","62","144","598","false","","false","false","true","false","0","false","Answer|BreadcrumbList|ContactPoint|FAQPage|ListItem|Organization|Question|WebSite","","191","40","24","9","0","true","{}","ChatGPT Prompt for Influencer Outreach"
"/prompt-gallery/chatgpt-prompt-for-instagram-captions","https://www.marqly.com/prompt-gallery/chatgpt-prompt-for-instagram-captions","200","en","prompt","61","140","581","false","","false","false","true","false","0","false","Answer|BreadcrumbList|ContactPoint|FAQPage|ListItem|Organization|Question|WebSite","","190","40","24","9","0","true","{}","ChatGPT Prompt for Instagram Captions"
"/prompt-gallery/chatgpt-prompt-for-instagram-reels-scripts","https://www.marqly.com/prompt-gallery/chatgpt-prompt-for-instagram-reels-scripts","200","en","prompt","66","145","582","false","","false","false","true","false","0","false","Answer|BreadcrumbList|ContactPoint|FAQPage|ListItem|Organization|Question|WebSite","","190","40","24","9","0","true","{}","ChatGPT Prompt for Instagram Reels Scripts"
"/prompt-gallery/chatgpt-prompt-for-javascript-functions","https://www.marqly.com/prompt-gallery/chatgpt-prompt-for-javascript-functions","200","en","prompt","63","151","581","false","","false","false","true","false","0","false","Answer|BreadcrumbList|ContactPoint|FAQPage|ListItem|Organization|Question|WebSite","","190","40","24","9","0","true","{}","ChatGPT Prompt for JavaScript Functions"
"/prompt-gallery/chatgpt-prompt-for-keyword-research","https://www.marqly.com/prompt-gallery/chatgpt-prompt-for-keyword-research","200","en","prompt","59","144","598","false","","false","false","true","false","0","false","Answer|BreadcrumbList|ContactPoint|FAQPage|ListItem|Organization|Question|WebSite","","191","40","24","9","0","true","{}","ChatGPT Prompt for Keyword Research"
"/prompt-gallery/chatgpt-prompt-for-landing-page-optimization","https://www.marqly.com/prompt-gallery/chatgpt-prompt-for-landing-page-optimization","200","en","prompt","68","150","599","false","","false","false","true","false","0","false","Answer|BreadcrumbList|ContactPoint|FAQPage|ListItem|Organization|Question|WebSite","","191","7","24","9","0","true","{}","ChatGPT Prompt for Landing Page Optimization"
"/prompt-gallery/chatgpt-prompt-for-language-learning","https://www.marqly.com/prompt-gallery/chatgpt-prompt-for-language-learning","200","en","prompt","60","143","591","false","","false","false","true","false","0","false","Answer|BreadcrumbList|ContactPoint|FAQPage|ListItem|Organization|Question|WebSite","","190","7","24","9","0","true","{}","ChatGPT Prompt for Language Learning"
"/prompt-gallery/chatgpt-prompt-for-linkedin-posts","https://www.marqly.com/prompt-gallery/chatgpt-prompt-for-linkedin-posts","200","en","prompt","57","136","581","false","","false","false","true","false","0","false","Answer|BreadcrumbList|ContactPoint|FAQPage|ListItem|Organization|Question|WebSite","","190","40","24","9","0","true","{}","ChatGPT Prompt for LinkedIn Posts"
"/prompt-gallery/chatgpt-prompt-for-long-form-articles","https://www.marqly.com/prompt-gallery/chatgpt-prompt-for-long-form-articles","200","en","prompt","61","142","597","false","","false","false","true","false","0","false","Answer|BreadcrumbList|ContactPoint|FAQPage|ListItem|Organization|Question|WebSite","","191","40","24","9","0","true","{}","ChatGPT Prompt for Long-Form Articles"
"/prompt-gallery/chatgpt-prompt-for-meeting-agendas","https://www.marqly.com/prompt-gallery/chatgpt-prompt-for-meeting-agendas","200","en","prompt","58","145","597","false","","false","false","true","false","0","false","Answer|BreadcrumbList|ContactPoint|FAQPage|ListItem|Organization|Question|WebSite","","191","40","24","9","0","true","{}","ChatGPT Prompt for Meeting Agendas"
"/prompt-gallery/chatgpt-prompt-for-memoir-writing","https://www.marqly.com/prompt-gallery/chatgpt-prompt-for-memoir-writing","200","en","prompt","57","144","597","false","","false","false","true","false","0","false","Answer|BreadcrumbList|ContactPoint|FAQPage|ListItem|Organization|Question|WebSite","","191","40","24","9","0","true","{}","ChatGPT Prompt for Memoir Writing"
"/prompt-gallery/chatgpt-prompt-for-meta-description-generator","https://www.marqly.com/prompt-gallery/chatgpt-prompt-for-meta-description-generator","200","en","prompt","69","151","599","false","","false","false","true","false","0","false","Answer|BreadcrumbList|ContactPoint|FAQPage|ListItem|Organization|Question|WebSite","","191","1","24","9","0","true","{}","ChatGPT Prompt for Meta Description Generator"
"/prompt-gallery/chatgpt-prompt-for-meta-prompting","https://www.marqly.com/prompt-gallery/chatgpt-prompt-for-meta-prompting","200","en","prompt","57","143","556","false","","false","false","true","false","0","false","Answer|BreadcrumbList|ContactPoint|FAQPage|ListItem|Organization|Question|WebSite","","191","1","24","9","0","true","{}","ChatGPT Prompt for Meta Prompting"
"/prompt-gallery/chatgpt-prompt-for-mobile-app-features","https://www.marqly.com/prompt-gallery/chatgpt-prompt-for-mobile-app-features","200","en","prompt","62","149","583","false","","false","false","true","false","0","false","Answer|BreadcrumbList|ContactPoint|FAQPage|ListItem|Organization|Question|WebSite","","190","7","24","9","0","true","{}","ChatGPT Prompt for Mobile App Features"
"/prompt-gallery/chatgpt-prompt-for-personal-brand-statements","https://www.marqly.com/prompt-gallery/chatgpt-prompt-for-personal-brand-statements","200","en","prompt","68","154","598","false","","false","false","true","false","0","false","Answer|BreadcrumbList|ContactPoint|FAQPage|ListItem|Organization|Question|WebSite","","191","40","24","9","0","true","{}","ChatGPT Prompt for Personal Brand Statements"
"/prompt-gallery/chatgpt-prompt-for-poetry-writing","https://www.marqly.com/prompt-gallery/chatgpt-prompt-for-poetry-writing","200","en","prompt","57","144","597","false","","false","false","true","false","0","false","Answer|BreadcrumbList|ContactPoint|FAQPage|ListItem|Organization|Question|WebSite","","191","7","24","9","0","true","{}","ChatGPT Prompt for Poetry Writing"
"/prompt-gallery/chatgpt-prompt-for-poll-questions","https://www.marqly.com/prompt-gallery/chatgpt-prompt-for-poll-questions","200","en","prompt","57","136","581","false","","false","false","true","false","0","false","Answer|BreadcrumbList|ContactPoint|FAQPage|ListItem|Organization|Question|WebSite","","190","40","24","9","0","true","{}","ChatGPT Prompt for Poll Questions"
"/prompt-gallery/chatgpt-prompt-for-product-descriptions","https://www.marqly.com/prompt-gallery/chatgpt-prompt-for-product-descriptions","200","en","prompt","63","149","597","false","","false","false","true","false","0","false","Answer|BreadcrumbList|ContactPoint|FAQPage|ListItem|Organization|Question|WebSite","","191","7","24","9","0","true","{}","ChatGPT Prompt for Product Descriptions"
"/prompt-gallery/chatgpt-prompt-for-prompt-compression","https://www.marqly.com/prompt-gallery/chatgpt-prompt-for-prompt-compression","200","en","prompt","61","147","556","false","","false","false","true","false","0","false","Answer|BreadcrumbList|ContactPoint|FAQPage|ListItem|Organization|Question|WebSite","","191","1","24","9","0","true","{}","ChatGPT Prompt for Prompt Compression"
"/prompt-gallery/chatgpt-prompt-for-python-scripts","https://www.marqly.com/prompt-gallery/chatgpt-prompt-for-python-scripts","200","en","prompt","57","145","579","false","","false","false","true","false","0","false","Answer|BreadcrumbList|ContactPoint|FAQPage|ListItem|Organization|Question|WebSite","","190","1","24","9","0","true","{}","ChatGPT Prompt for Python Scripts"
"/prompt-gallery/chatgpt-prompt-for-react-components","https://www.marqly.com/prompt-gallery/chatgpt-prompt-for-react-components","200","en","prompt","59","146","580","false","","false","false","true","false","0","false","Answer|BreadcrumbList|ContactPoint|FAQPage|ListItem|Organization|Question|WebSite","","190","1","24","9","0","true","{}","ChatGPT Prompt for React Components"
"/prompt-gallery/chatgpt-prompt-for-sales-page-copy","https://www.marqly.com/prompt-gallery/chatgpt-prompt-for-sales-page-copy","200","en","prompt","58","142","600","false","","false","false","true","false","0","false","Answer|BreadcrumbList|ContactPoint|FAQPage|ListItem|Organization|Question|WebSite","","191","1","24","9","0","true","{}","ChatGPT Prompt for Sales Page Copy"
"/prompt-gallery/chatgpt-prompt-for-scenario-planning","https://www.marqly.com/prompt-gallery/chatgpt-prompt-for-scenario-planning","200","en","prompt","60","143","583","false","","false","false","true","false","0","false","Answer|BreadcrumbList|ContactPoint|FAQPage|ListItem|Organization|Question|WebSite","","189","1","24","9","0","true","{}","ChatGPT Prompt for Scenario Planning"
"/prompt-gallery/chatgpt-prompt-for-seo-content-briefs","https://www.marqly.com/prompt-gallery/chatgpt-prompt-for-seo-content-briefs","200","en","prompt","61","142","599","false","","false","false","true","false","0","false","Answer|BreadcrumbList|ContactPoint|FAQPage|ListItem|Organization|Question|WebSite","","191","1","24","9","0","true","{}","ChatGPT Prompt for SEO Content Briefs"
"/prompt-gallery/chatgpt-prompt-for-seo-title-tags","https://www.marqly.com/prompt-gallery/chatgpt-prompt-for-seo-title-tags","200","en","prompt","57","140","599","false","","false","false","true","false","0","false","Answer|BreadcrumbList|ContactPoint|FAQPage|ListItem|Organization|Question|WebSite","","191","1","24","9","0","true","{}","ChatGPT Prompt for SEO Title Tags"
"/prompt-gallery/chatgpt-prompt-for-sql-queries","https://www.marqly.com/prompt-gallery/chatgpt-prompt-for-sql-queries","200","en","prompt","54","142","579","false","","false","false","true","false","0","false","Answer|BreadcrumbList|ContactPoint|FAQPage|ListItem|Organization|Question|WebSite","","190","1","24","9","0","true","{}","ChatGPT Prompt for SQL Queries"
"/prompt-gallery/chatgpt-prompt-for-story-ideas","https://www.marqly.com/prompt-gallery/chatgpt-prompt-for-story-ideas","200","en","prompt","54","141","597","false","","false","false","true","false","0","false","Answer|BreadcrumbList|ContactPoint|FAQPage|ListItem|Organization|Question|WebSite","","191","1","24","9","0","true","{}","ChatGPT Prompt for Story Ideas"
"/prompt-gallery/chatgpt-prompt-for-summarizing-research-papers","https://www.marqly.com/prompt-gallery/chatgpt-prompt-for-summarizing-research-papers","200","en","prompt","70","153","594","false","","false","false","true","false","0","false","Answer|BreadcrumbList|ContactPoint|FAQPage|ListItem|Organization|Question|WebSite","","190","1","24","9","0","true","{}","ChatGPT Prompt for Summarizing Research Papers"
"/prompt-gallery/chatgpt-prompt-for-survey-analysis","https://www.marqly.com/prompt-gallery/chatgpt-prompt-for-survey-analysis","200","en","prompt","58","141","583","false","","false","false","true","false","0","false","Answer|BreadcrumbList|ContactPoint|FAQPage|ListItem|Organization|Question|WebSite","","189","1","24","9","0","true","{}","ChatGPT Prompt for Survey Analysis"
"/prompt-gallery/chatgpt-prompt-for-tiktok-video-scripts","https://www.marqly.com/prompt-gallery/chatgpt-prompt-for-tiktok-video-scripts","200","en","prompt","63","142","582","false","","false","false","true","false","0","false","Answer|BreadcrumbList|ContactPoint|FAQPage|ListItem|Organization|Question|WebSite","","190","7","24","9","0","true","{}","ChatGPT Prompt for TikTok Video Scripts"
"/prompt-gallery/chatgpt-prompt-for-travel-itineraries","https://www.marqly.com/prompt-gallery/chatgpt-prompt-for-travel-itineraries","200","en","prompt","61","144","597","false","","false","false","true","false","0","false","Answer|BreadcrumbList|ContactPoint|FAQPage|ListItem|Organization|Question|WebSite","","191","40","24","9","0","true","{}","ChatGPT Prompt for Travel Itineraries"
"/prompt-gallery/chatgpt-prompt-for-twitter-x-threads","https://www.marqly.com/prompt-gallery/chatgpt-prompt-for-twitter-x-threads","200","en","prompt","60","140","579","false","","false","false","true","false","0","false","Answer|BreadcrumbList|ContactPoint|FAQPage|ListItem|Organization|Question|WebSite","","190","1","24","9","0","true","{}","ChatGPT Prompt for Twitter/X Threads"
"/prompt-gallery/chatgpt-prompt-for-website-copywriting","https://www.marqly.com/prompt-gallery/chatgpt-prompt-for-website-copywriting","200","en","prompt","62","146","597","false","","false","false","true","false","0","false","Answer|BreadcrumbList|ContactPoint|FAQPage|ListItem|Organization|Question|WebSite","","191","1","24","9","0","true","{}","ChatGPT Prompt for Website Copywriting"
"/prompt-gallery/chatgpt-prompt-for-white-paper-sections","https://www.marqly.com/prompt-gallery/chatgpt-prompt-for-white-paper-sections","200","en","prompt","63","146","600","false","","false","false","true","false","0","false","Answer|BreadcrumbList|ContactPoint|FAQPage|ListItem|Organization|Question|WebSite","","191","1","24","9","0","true","{}","ChatGPT Prompt for White Paper Sections"
"/prompt-gallery/chatgpt-prompt-for-writing-dockerfiles","https://www.marqly.com/prompt-gallery/chatgpt-prompt-for-writing-dockerfiles","200","en","prompt","62","151","580","false","","false","false","true","false","0","false","Answer|BreadcrumbList|ContactPoint|FAQPage|ListItem|Organization|Question|WebSite","","190","1","24","9","0","true","{}","ChatGPT Prompt for Writing Dockerfiles"
"/prompt-gallery/children-book-illustration-prompt","https://www.marqly.com/prompt-gallery/children-book-illustration-prompt","200","en","prompt","57","144","597","false","","false","false","true","false","0","false","Answer|BreadcrumbList|ContactPoint|FAQPage|ListItem|Organization|Question|WebSite","","190","40","28","9","0","true","{}","Children Book Illustration Prompt"
"/prompt-gallery/churn-prediction-explanation-prompt","https://www.marqly.com/prompt-gallery/churn-prediction-explanation-prompt","200","en","prompt","59","137","583","false","","false","false","true","false","0","false","Answer|BreadcrumbList|ContactPoint|FAQPage|ListItem|Organization|Question|WebSite","","189","1","27","9","0","true","{}","Churn Prediction Explanation Prompt"
"/prompt-gallery/ci-cd-pipeline-generator-prompt","https://www.marqly.com/prompt-gallery/ci-cd-pipeline-generator-prompt","200","en","prompt","55","135","580","false","","false","false","true","false","0","false","Answer|BreadcrumbList|ContactPoint|FAQPage|ListItem|Organization|Question|WebSite","","190","1","28","9","0","true","{}","CI/CD Pipeline Generator Prompt"
"/prompt-gallery/cinematic-portrait-prompt-with-rim-lighting","https://www.marqly.com/prompt-gallery/cinematic-portrait-prompt-with-rim-lighting","200","en","prompt","67","117","666","false","","false","false","true","false","0","false","Answer|BreadcrumbList|ContactPoint|FAQPage|ListItem|Organization|Question|WebSite","","190","40","24","9","0","true","{}","Cinematic Portrait Prompt with Rim Lighting"
"/prompt-gallery/claude-prompt-for-a-b-test-analysis","https://www.marqly.com/prompt-gallery/claude-prompt-for-a-b-test-analysis","200","en","prompt","59","142","586","false","","false","false","true","false","0","false","Answer|BreadcrumbList|ContactPoint|FAQPage|ListItem|Organization|Question|WebSite","","189","1","24","9","0","true","{}","Claude Prompt for A/B Test Analysis"
"/prompt-gallery/claude-prompt-for-anomaly-detection","https://www.marqly.com/prompt-gallery/claude-prompt-for-anomaly-detection","200","en","prompt","59","142","583","false","","false","false","true","false","0","false","Answer|BreadcrumbList|ContactPoint|FAQPage|ListItem|Organization|Question|WebSite","","189","1","24","9","0","true","{}","Claude Prompt for Anomaly Detection"
"/prompt-gallery/claude-prompt-for-brand-voice-guidelines","https://www.marqly.com/prompt-gallery/claude-prompt-for-brand-voice-guidelines","200","en","prompt","64","149","600","false","","false","false","true","false","0","false","Answer|BreadcrumbList|ContactPoint|FAQPage|ListItem|Organization|Question|WebSite","","191","1","24","9","0","true","{}","Claude Prompt for Brand Voice Guidelines"
"/prompt-gallery/claude-prompt-for-case-study-writing","https://www.marqly.com/prompt-gallery/claude-prompt-for-case-study-writing","200","en","prompt","60","143","600","false","","false","false","true","false","0","false","Answer|BreadcrumbList|ContactPoint|FAQPage|ListItem|Organization|Question|WebSite","","191","1","24","9","0","true","{}","Claude Prompt for Case Study Writing"
"/prompt-gallery/claude-prompt-for-cohort-analysis","https://www.marqly.com/prompt-gallery/claude-prompt-for-cohort-analysis","200","en","prompt","57","140","583","false","","false","false","true","false","0","false","Answer|BreadcrumbList|ContactPoint|FAQPage|ListItem|Organization|Question|WebSite","","189","1","24","9","0","true","{}","Claude Prompt for Cohort Analysis"
"/prompt-gallery/claude-prompt-for-facebook-posts","https://www.marqly.com/prompt-gallery/claude-prompt-for-facebook-posts","200","en","prompt","56","135","579","false","","false","false","true","false","0","false","Answer|BreadcrumbList|ContactPoint|FAQPage|ListItem|Organization|Question|WebSite","","190","1","24","9","0","true","{}","Claude Prompt for Facebook Posts"
"/prompt-gallery/claude-prompt-for-financial-modeling","https://www.marqly.com/prompt-gallery/claude-prompt-for-financial-modeling","200","en","prompt","60","143","583","false","","false","false","true","false","0","false","Answer|BreadcrumbList|ContactPoint|FAQPage|ListItem|Organization|Question|WebSite","","189","1","24","9","0","true","{}","Claude Prompt for Financial Modeling"
"/prompt-gallery/claude-prompt-for-flashcards","https://www.marqly.com/prompt-gallery/claude-prompt-for-flashcards","200","en","prompt","52","139","588","false","","false","false","true","false","0","false","Answer|BreadcrumbList|ContactPoint|FAQPage|ListItem|Organization|Question|WebSite","","190","1","24","9","0","true","{}","Claude Prompt for Flashcards"
"/prompt-gallery/claude-prompt-for-historical-analysis","https://www.marqly.com/prompt-gallery/claude-prompt-for-historical-analysis","200","en","prompt","61","150","591","false","","false","false","true","false","0","false","Answer|BreadcrumbList|ContactPoint|FAQPage|ListItem|Organization|Question|WebSite","","190","1","24","9","0","true","{}","Claude Prompt for Historical Analysis"
"/prompt-gallery/claude-prompt-for-home-decor-ideas","https://www.marqly.com/prompt-gallery/claude-prompt-for-home-decor-ideas","200","en","prompt","58","145","600","false","","false","false","true","false","0","false","Answer|BreadcrumbList|ContactPoint|FAQPage|ListItem|Organization|Question|WebSite","","191","1","24","9","0","true","{}","Claude Prompt for Home Decor Ideas"
"/prompt-gallery/claude-prompt-for-influencer-collaboration-pitches","https://www.marqly.com/prompt-gallery/claude-prompt-for-influencer-collaboration-pitches","200","en","prompt","74","153","582","false","","false","false","true","false","0","false","Answer|BreadcrumbList|ContactPoint|FAQPage|ListItem|Organization|Question|WebSite","","190","1","24","9","0","true","{}","Claude Prompt for Influencer Collaboration Pitches"
"/prompt-gallery/claude-prompt-for-interview-preparation","https://www.marqly.com/prompt-gallery/claude-prompt-for-interview-preparation","200","en","prompt","63","150","591","false","","false","false","true","false","0","false","Answer|BreadcrumbList|ContactPoint|FAQPage|ListItem|Organization|Question|WebSite","","190","1","24","9","0","true","{}","Claude Prompt for Interview Preparation"
"/prompt-gallery/claude-prompt-for-iterative-refinement-loops","https://www.marqly.com/prompt-gallery/claude-prompt-for-iterative-refinement-loops","200","en","prompt","68","150","559","false","","false","false","true","false","0","false","Answer|BreadcrumbList|ContactPoint|FAQPage|ListItem|Organization|Question|WebSite","","191","1","24","9","0","true","{}","Claude Prompt for Iterative Refinement Loops"
"/prompt-gallery/claude-prompt-for-meditation-scripts","https://www.marqly.com/prompt-gallery/claude-prompt-for-meditation-scripts","200","en","prompt","60","147","597","false","","false","false","true","false","0","false","Answer|BreadcrumbList|ContactPoint|FAQPage|ListItem|Organization|Question|WebSite","","191","1","24","9","0","true","{}","Claude Prompt for Meditation Scripts"
"/prompt-gallery/claude-prompt-for-negative-prompt-building","https://www.marqly.com/prompt-gallery/claude-prompt-for-negative-prompt-building","200","en","prompt","66","152","559","false","","false","false","true","false","0","false","Answer|BreadcrumbList|ContactPoint|FAQPage|ListItem|Organization|Question|WebSite","","191","1","24","9","0","true","{}","Claude Prompt for Negative Prompt Building"
"/prompt-gallery/claude-prompt-for-note-taking-templates","https://www.marqly.com/prompt-gallery/claude-prompt-for-note-taking-templates","200","en","prompt","63","146","591","false","","false","false","true","false","0","false","Answer|BreadcrumbList|ContactPoint|FAQPage|ListItem|Organization|Question|WebSite","","190","1","24","9","0","true","{}","Claude Prompt for Note-Taking Templates"
"/prompt-gallery/claude-prompt-for-output-schema-enforcement","https://www.marqly.com/prompt-gallery/claude-prompt-for-output-schema-enforcement","200","en","prompt","67","153","559","false","","false","false","true","false","0","false","Answer|BreadcrumbList|ContactPoint|FAQPage|ListItem|Organization|Question|WebSite","","191","1","24","9","0","true","{}","Claude Prompt for Output Schema Enforcement"
"/prompt-gallery/claude-prompt-for-react-problem-solving","https://www.marqly.com/prompt-gallery/claude-prompt-for-react-problem-solving","200","en","prompt","63","149","559","false","","false","false","true","false","0","false","Answer|BreadcrumbList|ContactPoint|FAQPage|ListItem|Organization|Question|WebSite","","191","1","24","9","0","true","{}","Claude Prompt for ReAct Problem Solving"
"/prompt-gallery/claude-prompt-for-rewriting-technical-jargon","https://www.marqly.com/prompt-gallery/claude-prompt-for-rewriting-technical-jargon","200","en","prompt","68","153","600","false","","false","false","true","false","0","false","Answer|BreadcrumbList|ContactPoint|FAQPage|ListItem|Organization|Question|WebSite","","191","1","24","9","0","true","{}","Claude Prompt for Rewriting Technical Jargon"
"/prompt-gallery/claude-prompt-for-role-based-prompts","https://www.marqly.com/prompt-gallery/claude-prompt-for-role-based-prompts","200","en","prompt","60","146","556","false","","false","false","true","false","0","false","Answer|BreadcrumbList|ContactPoint|FAQPage|ListItem|Organization|Question|WebSite","","191","1","24","9","0","true","{}","Claude Prompt for Role-Based Prompts"
"/prompt-gallery/claude-prompt-for-song-lyrics","https://www.marqly.com/prompt-gallery/claude-prompt-for-song-lyrics","200","en","prompt","53","140","597","false","","false","false","true","false","0","false","Answer|BreadcrumbList|ContactPoint|FAQPage|ListItem|Organization|Question|WebSite","","191","1","24","9","0","true","{}","Claude Prompt for Song Lyrics"
"/prompt-gallery/claude-prompt-for-storytelling-posts","https://www.marqly.com/prompt-gallery/claude-prompt-for-storytelling-posts","200","en","prompt","60","140","579","false","","false","false","true","false","0","false","Answer|BreadcrumbList|ContactPoint|FAQPage|ListItem|Organization|Question|WebSite","","190","1","24","9","0","true","{}","Claude Prompt for Storytelling Posts"
"/prompt-gallery/claude-prompt-for-tone-and-style-editing","https://www.marqly.com/prompt-gallery/claude-prompt-for-tone-and-style-editing","200","en","prompt","64","145","603","false","","false","false","true","false","0","false","Answer|BreadcrumbList|ContactPoint|FAQPage|ListItem|Organization|Question|WebSite","","191","1","24","9","0","true","{}","Claude Prompt for Tone and Style Editing"
"/prompt-gallery/claude-prompt-for-travel-bucket-lists","https://www.marqly.com/prompt-gallery/claude-prompt-for-travel-bucket-lists","200","en","prompt","61","144","600","false","","false","false","true","false","0","false","Answer|BreadcrumbList|ContactPoint|FAQPage|ListItem|Organization|Question|WebSite","","191","1","24","9","0","true","{}","Claude Prompt for Travel Bucket Lists"
"/prompt-gallery/claude-prompt-for-youtube-shorts-scripts","https://www.marqly.com/prompt-gallery/claude-prompt-for-youtube-shorts-scripts","200","en","prompt","64","143","582","false","","false","false","true","false","0","false","Answer|BreadcrumbList|ContactPoint|FAQPage|ListItem|Organization|Question|WebSite","","190","1","24","9","0","true","{}","Claude Prompt for YouTube Shorts Scripts"
"/prompt-gallery/client-onboarding-email-sequence-prompt","https://www.marqly.com/prompt-gallery/client-onboarding-email-sequence-prompt","200","en","prompt","63","142","603","false","","false","false","true","false","0","false","Answer|BreadcrumbList|ContactPoint|FAQPage|ListItem|Organization|Question|WebSite","","191","7","28","9","0","true","{}","Client onboarding Email Sequence Prompt"
"/prompt-gallery/code-migration-assistant-prompt","https://www.marqly.com/prompt-gallery/code-migration-assistant-prompt","200","en","prompt","55","135","580","false","","false","false","true","false","0","false","Answer|BreadcrumbList|ContactPoint|FAQPage|ListItem|Organization|Question|WebSite","","190","1","28","9","0","true","{}","Code Migration Assistant Prompt"
"/prompt-gallery/cohort-retention-analysis-prompt","https://www.marqly.com/prompt-gallery/cohort-retention-analysis-prompt","200","en","prompt","56","134","583","false","","false","false","true","false","0","false","Answer|BreadcrumbList|ContactPoint|FAQPage|ListItem|Organization|Question|WebSite","","189","1","27","9","0","true","{}","Cohort Retention Analysis Prompt"
"/prompt-gallery/cold-outreach-email-prompt","https://www.marqly.com/prompt-gallery/cold-outreach-email-prompt","200","en","prompt","50","128","597","false","","false","false","true","false","0","false","Answer|BreadcrumbList|ContactPoint|FAQPage|ListItem|Organization|Question|WebSite","","191","1","28","9","0","true","{}","Cold Outreach Email Prompt"
"/prompt-gallery/community-engagement-reply-prompt","https://www.marqly.com/prompt-gallery/community-engagement-reply-prompt","200","en","prompt","57","129","578","false","","false","false","true","false","0","false","Answer|BreadcrumbList|ContactPoint|FAQPage|ListItem|Organization|Question|WebSite","","190","1","27","9","0","true","{}","Community Engagement Reply Prompt"
"/prompt-gallery/compare-two-concepts-or-theories-prompt","https://www.marqly.com/prompt-gallery/compare-two-concepts-or-theories-prompt","200","en","prompt","63","86","608","false","","false","false","true","false","0","false","Answer|BreadcrumbList|ContactPoint|FAQPage|ListItem|Organization|Question|WebSite","","190","1","23","9","0","true","{}","Compare Two Concepts or Theories Prompt"
"/prompt-gallery/competitor-backlink-opportunity-prompt","https://www.marqly.com/prompt-gallery/competitor-backlink-opportunity-prompt","200","en","prompt","62","93","625","false","","false","false","true","false","0","false","Answer|BreadcrumbList|ContactPoint|FAQPage|ListItem|Organization|Question|WebSite","","191","1","24","9","0","true","{}","Competitor Backlink Opportunity Prompt"
"/prompt-gallery/competitor-benchmark-analysis-prompt","https://www.marqly.com/prompt-gallery/competitor-benchmark-analysis-prompt","200","en","prompt","60","75","590","false","","false","false","true","false","0","false","Answer|BreadcrumbList|ContactPoint|FAQPage|ListItem|Organization|Question|WebSite","","189","1","24","9","0","true","{}","Competitor Benchmark Analysis Prompt"
"/prompt-gallery/competitor-content-gap-analysis-prompt","https://www.marqly.com/prompt-gallery/competitor-content-gap-analysis-prompt","200","en","prompt","62","91","632","false","","false","false","true","false","0","false","Answer|BreadcrumbList|ContactPoint|FAQPage|ListItem|Organization|Question|WebSite","","191","1","24","9","0","true","{}","Competitor Content Gap Analysis Prompt"
"/prompt-gallery/competitor-feature-comparison-prompt","https://www.marqly.com/prompt-gallery/competitor-feature-comparison-prompt","200","en","prompt","60","138","583","false","","false","false","true","false","0","false","Answer|BreadcrumbList|ContactPoint|FAQPage|ListItem|Organization|Question|WebSite","","189","1","27","9","0","true","{}","Competitor Feature Comparison Prompt"
"/prompt-gallery/competitor-pricing-analysis-prompt","https://www.marqly.com/prompt-gallery/competitor-pricing-analysis-prompt","200","en","prompt","58","136","596","false","","false","false","true","false","0","false","Answer|BreadcrumbList|ContactPoint|FAQPage|ListItem|Organization|Question|WebSite","","191","1","28","9","0","true","{}","Competitor Pricing Analysis Prompt"
"/prompt-gallery/concept-definition-prompt","https://www.marqly.com/prompt-gallery/concept-definition-prompt","200","en","prompt","49","131","588","false","","false","false","true","false","0","false","Answer|BreadcrumbList|ContactPoint|FAQPage|ListItem|Organization|Question|WebSite","","190","1","28","9","0","true","{}","Concept Definition Prompt"
"/prompt-gallery/conference-talk-proposal-prompt","https://www.marqly.com/prompt-gallery/conference-talk-proposal-prompt","200","en","prompt","55","134","600","false","","false","false","true","false","0","false","Answer|BreadcrumbList|ContactPoint|FAQPage|ListItem|Organization|Question|WebSite","","191","1","28","9","0","true","{}","Conference Talk Proposal Prompt"
"/prompt-gallery/constraint-based-output-prompt","https://www.marqly.com/prompt-gallery/constraint-based-output-prompt","200","en","prompt","54","75","577","false","","false","false","true","false","0","false","Answer|BreadcrumbList|ContactPoint|FAQPage|ListItem|Organization|Question|WebSite","","191","1","23","9","0","true","{}","Constraint-Based Output Prompt"
"/prompt-gallery/content-repurposing-plan-prompt","https://www.marqly.com/prompt-gallery/content-repurposing-plan-prompt","200","en","prompt","55","133","596","false","","false","false","true","false","0","false","Answer|BreadcrumbList|ContactPoint|FAQPage|ListItem|Organization|Question|WebSite","","191","1","28","9","0","true","{}","Content Repurposing Plan Prompt"
"/prompt-gallery/conversion-focused-homepage-rewrite-prompt","https://www.marqly.com/prompt-gallery/conversion-focused-homepage-rewrite-prompt","200","en","prompt","66","144","596","false","","false","false","true","false","0","false","Answer|BreadcrumbList|ContactPoint|FAQPage|ListItem|Organization|Question|WebSite","","191","1","28","9","0","true","{}","Conversion-Focused Homepage Rewrite Prompt"
"/prompt-gallery/copilot-prompt-for-ci-cd-pipelines","https://www.marqly.com/prompt-gallery/copilot-prompt-for-ci-cd-pipelines","200","en","prompt","58","147","580","false","","false","false","true","false","0","false","Answer|BreadcrumbList|ContactPoint|FAQPage|ListItem|Organization|Question|WebSite","","190","1","24","9","0","true","{}","Copilot Prompt for CI/CD Pipelines"
"/prompt-gallery/copilot-prompt-for-cloud-infrastructure","https://www.marqly.com/prompt-gallery/copilot-prompt-for-cloud-infrastructure","200","en","prompt","63","152","580","false","","false","false","true","false","0","false","Answer|BreadcrumbList|ContactPoint|FAQPage|ListItem|Organization|Question|WebSite","","190","1","24","9","0","true","{}","Copilot Prompt for Cloud Infrastructure"
"/prompt-gallery/copilot-prompt-for-habit-tracking","https://www.marqly.com/prompt-gallery/copilot-prompt-for-habit-tracking","200","en","prompt","57","143","599","false","","false","false","true","false","0","false","Answer|BreadcrumbList|ContactPoint|FAQPage|ListItem|Organization|Question|WebSite","","191","1","24","9","0","true","{}","Copilot Prompt for Habit Tracking"
"/prompt-gallery/copilot-prompt-for-presentation-outlines","https://www.marqly.com/prompt-gallery/copilot-prompt-for-presentation-outlines","200","en","prompt","64","150","599","false","","false","false","true","false","0","false","Answer|BreadcrumbList|ContactPoint|FAQPage|ListItem|Organization|Question|WebSite","","191","1","24","9","0","true","{}","Copilot Prompt for Presentation Outlines"
"/prompt-gallery/copilot-prompt-for-project-timelines","https://www.marqly.com/prompt-gallery/copilot-prompt-for-project-timelines","200","en","prompt","60","148","599","false","","false","false","true","false","0","false","Answer|BreadcrumbList|ContactPoint|FAQPage|ListItem|Organization|Question|WebSite","","191","1","24","9","0","true","{}","Copilot Prompt for Project Timelines"
"/prompt-gallery/copilot-prompt-for-task-prioritization","https://www.marqly.com/prompt-gallery/copilot-prompt-for-task-prioritization","200","en","prompt","62","148","599","false","","false","false","true","false","0","false","Answer|BreadcrumbList|ContactPoint|FAQPage|ListItem|Organization|Question|WebSite","","191","1","24","9","0","true","{}","Copilot Prompt for Task Prioritization"
"/prompt-gallery/copilot-prompt-for-unit-tests","https://www.marqly.com/prompt-gallery/copilot-prompt-for-unit-tests","200","en","prompt","53","142","580","false","","false","false","true","false","0","false","Answer|BreadcrumbList|ContactPoint|FAQPage|ListItem|Organization|Question|WebSite","","190","1","24","9","0","true","{}","Copilot Prompt for Unit Tests"
"/prompt-gallery/copy-ai-prompt-for-affiliate-marketing-content","https://www.marqly.com/prompt-gallery/copy-ai-prompt-for-affiliate-marketing-content","200","en","prompt","70","152","599","false","","false","false","true","false","0","false","Answer|BreadcrumbList|ContactPoint|FAQPage|ListItem|Organization|Question|WebSite","","191","1","24","9","0","true","{}","Copy.ai Prompt for Affiliate Marketing Content"
"/prompt-gallery/copy-ai-prompt-for-facebook-ad-copy","https://www.marqly.com/prompt-gallery/copy-ai-prompt-for-facebook-ad-copy","200","en","prompt","59","141","599","false","","false","false","true","false","0","false","Answer|BreadcrumbList|ContactPoint|FAQPage|ListItem|Organization|Question|WebSite","","191","1","24","9","0","true","{}","Copy.ai Prompt for Facebook Ad Copy"
"/prompt-gallery/copy-ai-prompt-for-google-ads-copy","https://www.marqly.com/prompt-gallery/copy-ai-prompt-for-google-ads-copy","200","en","prompt","58","140","599","false","","false","false","true","false","0","false","Answer|BreadcrumbList|ContactPoint|FAQPage|ListItem|Organization|Question|WebSite","","191","1","24","9","0","true","{}","Copy.ai Prompt for Google Ads Copy"
"/prompt-gallery/copy-ai-prompt-for-pinterest-descriptions","https://www.marqly.com/prompt-gallery/copy-ai-prompt-for-pinterest-descriptions","200","en","prompt","65","144","579","false","","false","false","true","false","0","false","Answer|BreadcrumbList|ContactPoint|FAQPage|ListItem|Organization|Question|WebSite","","190","1","24","9","0","true","{}","Copy.ai Prompt for Pinterest Descriptions"
"/prompt-gallery/copy-ai-prompt-for-user-generated-content-campaigns","https://www.marqly.com/prompt-gallery/copy-ai-prompt-for-user-generated-content-campaigns","200","en","prompt","75","154","582","false","","false","false","true","false","0","false","Answer|BreadcrumbList|ContactPoint|FAQPage|ListItem|Organization|Question|WebSite","","190","1","24","9","0","true","{}","Copy.ai Prompt for User-Generated Content Campaigns"
"/prompt-gallery/copy-ai-prompt-for-youtube-video-titles","https://www.marqly.com/prompt-gallery/copy-ai-prompt-for-youtube-video-titles","200","en","prompt","63","142","582","false","","false","false","true","false","0","false","Answer|BreadcrumbList|ContactPoint|FAQPage|ListItem|Organization|Question|WebSite","","190","1","24","9","0","true","{}","Copy.ai Prompt for YouTube Video Titles"
"/prompt-gallery/cozy-book-nook-digital-art-prompt","https://www.marqly.com/prompt-gallery/cozy-book-nook-digital-art-prompt","200","en","prompt","57","144","599","false","","false","false","true","false","0","false","Answer|BreadcrumbList|ContactPoint|FAQPage|ListItem|Organization|Question|WebSite","","190","40","28","9","0","true","{}","Cozy Book Nook Digital Art Prompt"
"/prompt-gallery/creative-date-night-ideas-prompt","https://www.marqly.com/prompt-gallery/creative-date-night-ideas-prompt","200","en","prompt","56","136","597","false","","false","false","true","false","0","false","Answer|BreadcrumbList|ContactPoint|FAQPage|ListItem|Organization|Question|WebSite","","191","1","25","9","0","true","{}","Creative Date Night Ideas Prompt"
"/prompt-gallery/creative-writing-story-starter-prompt","https://www.marqly.com/prompt-gallery/creative-writing-story-starter-prompt","200","en","prompt","61","82","615","false","","false","false","true","false","0","false","Answer|BreadcrumbList|ContactPoint|FAQPage|ListItem|Organization|Question|WebSite","","191","1","23","9","0","true","{}","Creative Writing Story Starter Prompt"
"/prompt-gallery/custom-workout-plan-builder-prompt","https://www.marqly.com/prompt-gallery/custom-workout-plan-builder-prompt","200","en","prompt","58","74","622","false","","false","false","true","false","0","false","Answer|BreadcrumbList|ContactPoint|FAQPage|ListItem|Organization|Question|WebSite","","191","1","23","9","0","true","{}","Custom Workout Plan Builder Prompt"
"/prompt-gallery/customer-feedback-theme-extraction-prompt","https://www.marqly.com/prompt-gallery/customer-feedback-theme-extraction-prompt","200","en","prompt","65","73","592","false","","false","false","true","false","0","false","Answer|BreadcrumbList|ContactPoint|FAQPage|ListItem|Organization|Question|WebSite","","189","1","23","9","0","true","{}","Customer Feedback Theme Extraction Prompt"
"/prompt-gallery/customer-review-sentiment-analysis-prompt","https://www.marqly.com/prompt-gallery/customer-review-sentiment-analysis-prompt","200","en","prompt","65","79","588","false","","false","false","true","false","0","false","Answer|BreadcrumbList|ContactPoint|FAQPage|ListItem|Organization|Question|WebSite","","189","1","23","9","0","true","{}","Customer Review Sentiment Analysis Prompt"
"/prompt-gallery/customer-segmentation-prompt","https://www.marqly.com/prompt-gallery/customer-segmentation-prompt","200","en","prompt","52","130","580","false","","false","false","true","false","0","false","Answer|BreadcrumbList|ContactPoint|FAQPage|ListItem|Organization|Question|WebSite","","189","1","27","9","0","true","{}","Customer Segmentation Prompt"
"/prompt-gallery/customer-testimonial-request-prompt","https://www.marqly.com/prompt-gallery/customer-testimonial-request-prompt","200","en","prompt","59","137","596","false","","false","false","true","false","0","false","Answer|BreadcrumbList|ContactPoint|FAQPage|ListItem|Organization|Question|WebSite","","191","1","28","9","0","true","{}","Customer Testimonial Request Prompt"
"/prompt-gallery/d-d-campaign-hook-prompt","https://www.marqly.com/prompt-gallery/d-d-campaign-hook-prompt","200","en","prompt","48","128","594","false","","false","false","true","false","0","false","Answer|BreadcrumbList|ContactPoint|FAQPage|ListItem|Organization|Question|WebSite","","191","1","25","9","0","true","{}","D&D Campaign Hook Prompt"
"/prompt-gallery/daily-standup-summary-prompt","https://www.marqly.com/prompt-gallery/daily-standup-summary-prompt","200","en","prompt","52","131","600","false","","false","false","true","false","0","false","Answer|BreadcrumbList|ContactPoint|FAQPage|ListItem|Organization|Question|WebSite","","191","1","28","9","0","true","{}","Daily Standup Summary Prompt"
"/prompt-gallery/dall-e-prompt-for-cinematic-landscapes","https://www.marqly.com/prompt-gallery/dall-e-prompt-for-cinematic-landscapes","200","en","prompt","62","160","593","false","","false","false","true","false","0","false","Answer|BreadcrumbList|ContactPoint|FAQPage|ListItem|Organization|Question|WebSite","","190","7","24","9","0","true","{}","DALL-E Prompt for Cinematic Landscapes"
"/prompt-gallery/dall-e-prompt-for-isometric-illustrations","https://www.marqly.com/prompt-gallery/dall-e-prompt-for-isometric-illustrations","200","en","prompt","65","159","592","false","","false","false","true","false","0","false","Answer|BreadcrumbList|ContactPoint|FAQPage|ListItem|Organization|Question|WebSite","","190","1","24","9","0","true","{}","DALL-E Prompt for Isometric Illustrations"
"/prompt-gallery/dataset-insights-extraction-prompt","https://www.marqly.com/prompt-gallery/dataset-insights-extraction-prompt","200","en","prompt","58","71","588","false","","false","false","true","false","0","false","Answer|BreadcrumbList|ContactPoint|FAQPage|ListItem|Organization|Question|WebSite","","189","1","23","9","0","true","{}","Dataset Insights Extraction Prompt"
"/prompt-gallery/debug-a-stack-trace-prompt","https://www.marqly.com/prompt-gallery/debug-a-stack-trace-prompt","200","en","prompt","50","77","608","false","","false","false","true","false","0","false","Answer|BreadcrumbList|ContactPoint|FAQPage|ListItem|Organization|Question|WebSite","","190","1","24","9","0","true","{}","Debug a Stack Trace Prompt"
"/prompt-gallery/decision-log-prompt","https://www.marqly.com/prompt-gallery/decision-log-prompt","200","en","prompt","43","122","597","false","","false","false","true","false","0","false","Answer|BreadcrumbList|ContactPoint|FAQPage|ListItem|Organization|Question|WebSite","","191","1","28","9","0","true","{}","Decision Log Prompt"
"/prompt-gallery/deepseek-prompt-for-automatic-prompt-evaluation","https://www.marqly.com/prompt-gallery/deepseek-prompt-for-automatic-prompt-evaluation","200","en","prompt","71","157","559","false","","false","false","true","false","0","false","Answer|BreadcrumbList|ContactPoint|FAQPage|ListItem|Organization|Question|WebSite","","191","1","24","9","0","true","{}","DeepSeek Prompt for Automatic Prompt Evaluation"
"/prompt-gallery/deepseek-prompt-for-backlink-outreach-emails","https://www.marqly.com/prompt-gallery/deepseek-prompt-for-backlink-outreach-emails","200","en","prompt","68","152","599","false","","false","false","true","false","0","false","Answer|BreadcrumbList|ContactPoint|FAQPage|ListItem|Organization|Question|WebSite","","191","1","24","9","0","true","{}","DeepSeek Prompt for Backlink Outreach Emails"
"/prompt-gallery/deepseek-prompt-for-churn-analysis","https://www.marqly.com/prompt-gallery/deepseek-prompt-for-churn-analysis","200","en","prompt","58","139","583","false","","false","false","true","false","0","false","Answer|BreadcrumbList|ContactPoint|FAQPage|ListItem|Organization|Question|WebSite","","189","1","24","9","0","true","{}","DeepSeek Prompt for Churn Analysis"
"/prompt-gallery/deepseek-prompt-for-code-refactoring","https://www.marqly.com/prompt-gallery/deepseek-prompt-for-code-refactoring","200","en","prompt","60","146","579","false","","false","false","true","false","0","false","Answer|BreadcrumbList|ContactPoint|FAQPage|ListItem|Organization|Question|WebSite","","190","1","24","9","0","true","{}","DeepSeek Prompt for Code Refactoring"
"/prompt-gallery/deepseek-prompt-for-crm-data-cleanup","https://www.marqly.com/prompt-gallery/deepseek-prompt-for-crm-data-cleanup","200","en","prompt","60","148","602","false","","false","false","true","false","0","false","Answer|BreadcrumbList|ContactPoint|FAQPage|ListItem|Organization|Question|WebSite","","191","1","24","9","0","true","{}","DeepSeek Prompt for CRM Data Cleanup"
"/prompt-gallery/deepseek-prompt-for-customer-journey-mapping","https://www.marqly.com/prompt-gallery/deepseek-prompt-for-customer-journey-mapping","200","en","prompt","68","151","599","false","","false","false","true","false","0","false","Answer|BreadcrumbList|ContactPoint|FAQPage|ListItem|Organization|Question|WebSite","","191","1","24","9","0","true","{}","DeepSeek Prompt for Customer Journey Mapping"
"/prompt-gallery/deepseek-prompt-for-data-structure-algorithms","https://www.marqly.com/prompt-gallery/deepseek-prompt-for-data-structure-algorithms","200","en","prompt","69","155","582","false","","false","false","true","false","0","false","Answer|BreadcrumbList|ContactPoint|FAQPage|ListItem|Organization|Question|WebSite","","190","1","24","9","0","true","{}","DeepSeek Prompt for Data Structure Algorithms"
"/prompt-gallery/deepseek-prompt-for-debugging-code","https://www.marqly.com/prompt-gallery/deepseek-prompt-for-debugging-code","200","en","prompt","58","144","579","false","","false","false","true","false","0","false","Answer|BreadcrumbList|ContactPoint|FAQPage|ListItem|Organization|Question|WebSite","","190","1","24","9","0","true","{}","DeepSeek Prompt for Debugging Code"
"/prompt-gallery/deepseek-prompt-for-decision-making","https://www.marqly.com/prompt-gallery/deepseek-prompt-for-decision-making","200","en","prompt","59","144","598","false","","false","false","true","false","0","false","Answer|BreadcrumbList|ContactPoint|FAQPage|ListItem|Organization|Question|WebSite","","191","1","24","9","0","true","{}","DeepSeek Prompt for Decision Making"
"/prompt-gallery/deepseek-prompt-for-delegation-briefs","https://www.marqly.com/prompt-gallery/deepseek-prompt-for-delegation-briefs","200","en","prompt","61","146","598","false","","false","false","true","false","0","false","Answer|BreadcrumbList|ContactPoint|FAQPage|ListItem|Organization|Question|WebSite","","191","1","24","9","0","true","{}","DeepSeek Prompt for Delegation Briefs"
"/prompt-gallery/deepseek-prompt-for-ebook-chapter-drafts","https://www.marqly.com/prompt-gallery/deepseek-prompt-for-ebook-chapter-drafts","200","en","prompt","64","147","600","false","","false","false","true","false","0","false","Answer|BreadcrumbList|ContactPoint|FAQPage|ListItem|Organization|Question|WebSite","","191","1","24","9","0","true","{}","DeepSeek Prompt for Ebook Chapter Drafts"
"/prompt-gallery/deepseek-prompt-for-funnel-analysis","https://www.marqly.com/prompt-gallery/deepseek-prompt-for-funnel-analysis","200","en","prompt","59","140","583","false","","false","false","true","false","0","false","Answer|BreadcrumbList|ContactPoint|FAQPage|ListItem|Organization|Question|WebSite","","189","1","24","9","0","true","{}","DeepSeek Prompt for Funnel Analysis"
"/prompt-gallery/deepseek-prompt-for-kpi-dashboards","https://www.marqly.com/prompt-gallery/deepseek-prompt-for-kpi-dashboards","200","en","prompt","58","139","583","false","","false","false","true","false","0","false","Answer|BreadcrumbList|ContactPoint|FAQPage|ListItem|Organization|Question|WebSite","","189","1","24","9","0","true","{}","DeepSeek Prompt for KPI Dashboards"
"/prompt-gallery/deepseek-prompt-for-landing-page-headlines","https://www.marqly.com/prompt-gallery/deepseek-prompt-for-landing-page-headlines","200","en","prompt","66","152","600","false","","false","false","true","false","0","false","Answer|BreadcrumbList|ContactPoint|FAQPage|ListItem|Organization|Question|WebSite","","191","1","24","9","0","true","{}","DeepSeek Prompt for Landing Page Headlines"
"/prompt-gallery/deepseek-prompt-for-marketing-funnel-strategy","https://www.marqly.com/prompt-gallery/deepseek-prompt-for-marketing-funnel-strategy","200","en","prompt","69","152","599","false","","false","false","true","false","0","false","Answer|BreadcrumbList|ContactPoint|FAQPage|ListItem|Organization|Question|WebSite","","191","1","24","9","0","true","{}","DeepSeek Prompt for Marketing Funnel Strategy"
"/prompt-gallery/deepseek-prompt-for-performance-reviews","https://www.marqly.com/prompt-gallery/deepseek-prompt-for-performance-reviews","200","en","prompt","63","150","598","false","","false","false","true","false","0","false","Answer|BreadcrumbList|ContactPoint|FAQPage|ListItem|Organization|Question|WebSite","","191","1","24","9","0","true","{}","DeepSeek Prompt for Performance Reviews"
"/prompt-gallery/deepseek-prompt-for-persona-prompt-building","https://www.marqly.com/prompt-gallery/deepseek-prompt-for-persona-prompt-building","200","en","prompt","67","151","559","false","","false","false","true","false","0","false","Answer|BreadcrumbList|ContactPoint|FAQPage|ListItem|Organization|Question|WebSite","","191","1","24","9","0","true","{}","DeepSeek Prompt for Persona Prompt Building"
"/prompt-gallery/deepseek-prompt-for-persuasive-sales-emails","https://www.marqly.com/prompt-gallery/deepseek-prompt-for-persuasive-sales-emails","200","en","prompt","67","153","600","false","","false","false","true","false","0","false","Answer|BreadcrumbList|ContactPoint|FAQPage|ListItem|Organization|Question|WebSite","","191","1","24","9","0","true","{}","DeepSeek Prompt for Persuasive Sales Emails"
"/prompt-gallery/deepseek-prompt-for-prompt-chaining","https://www.marqly.com/prompt-gallery/deepseek-prompt-for-prompt-chaining","200","en","prompt","59","143","556","false","","false","false","true","false","0","false","Answer|BreadcrumbList|ContactPoint|FAQPage|ListItem|Organization|Question|WebSite","","191","1","24","9","0","true","{}","DeepSeek Prompt for Prompt Chaining"
"/prompt-gallery/deepseek-prompt-for-sales-forecasting","https://www.marqly.com/prompt-gallery/deepseek-prompt-for-sales-forecasting","200","en","prompt","61","144","583","false","","false","false","true","false","0","false","Answer|BreadcrumbList|ContactPoint|FAQPage|ListItem|Organization|Question|WebSite","","189","1","24","9","0","true","{}","DeepSeek Prompt for Sales Forecasting"
"/prompt-gallery/deepseek-prompt-for-search-intent-analysis","https://www.marqly.com/prompt-gallery/deepseek-prompt-for-search-intent-analysis","200","en","prompt","66","153","599","false","","false","false","true","false","0","false","Answer|BreadcrumbList|ContactPoint|FAQPage|ListItem|Organization|Question|WebSite","","191","1","24","9","0","true","{}","DeepSeek Prompt for Search Intent Analysis"
"/prompt-gallery/deepseek-prompt-for-self-consistency-checks","https://www.marqly.com/prompt-gallery/deepseek-prompt-for-self-consistency-checks","200","en","prompt","67","153","556","false","","false","false","true","false","0","false","Answer|BreadcrumbList|ContactPoint|FAQPage|ListItem|Organization|Question|WebSite","","191","1","24","9","0","true","{}","DeepSeek Prompt for Self-Consistency Checks"
"/prompt-gallery/deepseek-prompt-for-seo-friendly-product-copy","https://www.marqly.com/prompt-gallery/deepseek-prompt-for-seo-friendly-product-copy","200","en","prompt","69","155","600","false","","false","false","true","false","0","false","Answer|BreadcrumbList|ContactPoint|FAQPage|ListItem|Organization|Question|WebSite","","191","1","24","9","0","true","{}","DeepSeek Prompt for SEO-Friendly Product Copy"
"/prompt-gallery/deepseek-prompt-for-system-design","https://www.marqly.com/prompt-gallery/deepseek-prompt-for-system-design","200","en","prompt","57","143","579","false","","false","false","true","false","0","false","Answer|BreadcrumbList|ContactPoint|FAQPage|ListItem|Organization|Question|WebSite","","190","1","24","9","0","true","{}","DeepSeek Prompt for System Design"
"/prompt-gallery/deepseek-prompt-for-writing-regex","https://www.marqly.com/prompt-gallery/deepseek-prompt-for-writing-regex","200","en","prompt","57","145","579","false","","false","false","true","false","0","false","Answer|BreadcrumbList|ContactPoint|FAQPage|ListItem|Organization|Question|WebSite","","190","1","24","9","0","true","{}","DeepSeek Prompt for Writing Regex"
"/prompt-gallery/delegation-brief-prompt","https://www.marqly.com/prompt-gallery/delegation-brief-prompt","200","en","prompt","47","126","597","false","","false","false","true","false","0","false","Answer|BreadcrumbList|ContactPoint|FAQPage|ListItem|Organization|Question|WebSite","","191","1","28","9","0","true","{}","Delegation Brief Prompt"
"/prompt-gallery/dockerfile-generator-prompt","https://www.marqly.com/prompt-gallery/dockerfile-generator-prompt","200","en","prompt","51","131","577","false","","false","false","true","false","0","false","Answer|BreadcrumbList|ContactPoint|FAQPage|ListItem|Organization|Question|WebSite","","190","1","28","9","0","true","{}","Dockerfile Generator Prompt"
"/prompt-gallery/e-commerce-product-description-prompt","https://www.marqly.com/prompt-gallery/e-commerce-product-description-prompt","200","en","prompt","61","90","609","false","","false","false","true","false","0","false","Answer|BreadcrumbList|ContactPoint|FAQPage|ListItem|Organization|Question|WebSite","","191","1","23","9","0","true","{}","E-commerce Product Description Prompt"
"/prompt-gallery/email-subject-line-tester-prompt","https://www.marqly.com/prompt-gallery/email-subject-line-tester-prompt","200","en","prompt","56","134","599","false","","false","false","true","false","0","false","Answer|BreadcrumbList|ContactPoint|FAQPage|ListItem|Organization|Question|WebSite","","191","1","28","9","0","true","{}","Email Subject Line Tester Prompt"
"/prompt-gallery/error-log-analyzer-prompt","https://www.marqly.com/prompt-gallery/error-log-analyzer-prompt","200","en","prompt","49","129","580","false","","false","false","true","false","0","false","Answer|BreadcrumbList|ContactPoint|FAQPage|ListItem|Organization|Question|WebSite","","190","1","28","9","0","true","{}","Error Log Analyzer Prompt"
"/prompt-gallery/event-planning-checklist-prompt","https://www.marqly.com/prompt-gallery/event-planning-checklist-prompt","200","en","prompt","55","134","600","false","","false","false","true","false","0","false","Answer|BreadcrumbList|ContactPoint|FAQPage|ListItem|Organization|Question|WebSite","","191","1","28","9","0","true","{}","Event Planning Checklist Prompt"
"/prompt-gallery/executive-summary-prompt","https://www.marqly.com/prompt-gallery/executive-summary-prompt","200","en","prompt","48","126","594","false","","false","false","true","false","0","false","Answer|BreadcrumbList|ContactPoint|FAQPage|ListItem|Organization|Question|WebSite","","191","1","28","9","0","true","{}","Executive Summary Prompt"
"/prompt-gallery/explain-complex-code-prompt","https://www.marqly.com/prompt-gallery/explain-complex-code-prompt","200","en","prompt","51","76","606","false","","false","false","true","false","0","false","Answer|BreadcrumbList|ContactPoint|FAQPage|ListItem|Organization|Question|WebSite","","190","1","24","9","0","true","{}","Explain Complex Code Prompt"
"/prompt-gallery/explain-like-im-five-prompt","https://www.marqly.com/prompt-gallery/explain-like-im-five-prompt","200","en","prompt","52","83","618","false","","false","false","true","false","0","false","Answer|BreadcrumbList|ContactPoint|FAQPage|ListItem|Organization|Question|WebSite","","190","1","23","9","0","true","{}","Explain Like I'm Five Prompt"
"/prompt-gallery/facebook-google-ad-copy-variations-prompt","https://www.marqly.com/prompt-gallery/facebook-google-ad-copy-variations-prompt","200","en","prompt","67","93","620","false","","false","false","true","false","0","false","Answer|BreadcrumbList|ContactPoint|FAQPage|ListItem|Organization|Question|WebSite","","191","1","23","9","0","true","{}","Facebook & Google Ad Copy Variations Prompt"
"/prompt-gallery/facebook-group-post-prompt","https://www.marqly.com/prompt-gallery/facebook-group-post-prompt","200","en","prompt","50","122","578","false","","false","false","true","false","0","false","Answer|BreadcrumbList|ContactPoint|FAQPage|ListItem|Organization|Question|WebSite","","190","1","27","9","0","true","{}","Facebook Group Post Prompt"
"/prompt-gallery/fantasy-rpg-avatar-character-prompt","https://www.marqly.com/prompt-gallery/fantasy-rpg-avatar-character-prompt","200","en","prompt","59","105","635","false","","false","false","true","false","0","false","Answer|BreadcrumbList|ContactPoint|FAQPage|ListItem|Organization|Question|WebSite","","190","1","24","9","0","true","{}","Fantasy RPG Avatar Character Prompt"
"/prompt-gallery/faq-page-generator-prompt","https://www.marqly.com/prompt-gallery/faq-page-generator-prompt","200","en","prompt","49","127","597","false","","false","false","true","false","0","false","Answer|BreadcrumbList|ContactPoint|FAQPage|ListItem|Organization|Question|WebSite","","191","1","28","9","0","true","{}","FAQ Page Generator Prompt"
"/prompt-gallery/fashion-editorial-photography-prompt","https://www.marqly.com/prompt-gallery/fashion-editorial-photography-prompt","200","en","prompt","60","147","595","false","","false","false","true","false","0","false","Answer|BreadcrumbList|ContactPoint|FAQPage|ListItem|Organization|Question|WebSite","","190","1","28","9","0","true","{}","Fashion Editorial Photography Prompt"
"/prompt-gallery/featured-snippet-optimization-prompt","https://www.marqly.com/prompt-gallery/featured-snippet-optimization-prompt","200","en","prompt","60","91","632","false","","false","false","true","false","0","false","Answer|BreadcrumbList|ContactPoint|FAQPage|ListItem|Organization|Question|WebSite","","191","1","23","9","0","true","{}","Featured Snippet Optimization Prompt"
"/prompt-gallery/few-shot-examples-prompt","https://www.marqly.com/prompt-gallery/few-shot-examples-prompt","200","en","prompt","48","69","558","false","","false","false","true","false","0","false","Answer|BreadcrumbList|ContactPoint|FAQPage|ListItem|Organization|Question|WebSite","","191","1","23","9","0","true","{}","Few-Shot Examples Prompt"
"/prompt-gallery/fiction-plot-twist-prompt","https://www.marqly.com/prompt-gallery/fiction-plot-twist-prompt","200","en","prompt","49","129","594","false","","false","false","true","false","0","false","Answer|BreadcrumbList|ContactPoint|FAQPage|ListItem|Organization|Question|WebSite","","191","1","25","9","0","true","{}","Fiction Plot Twist Prompt"
"/prompt-gallery/flashcard-generator-prompt","https://www.marqly.com/prompt-gallery/flashcard-generator-prompt","200","en","prompt","50","132","588","false","","false","false","true","false","0","false","Answer|BreadcrumbList|ContactPoint|FAQPage|ListItem|Organization|Question|WebSite","","190","1","28","9","0","true","{}","Flashcard Generator Prompt"
"/prompt-gallery/frontend-component-prompt","https://www.marqly.com/prompt-gallery/frontend-component-prompt","200","en","prompt","49","129","577","false","","false","false","true","false","0","false","Answer|BreadcrumbList|ContactPoint|FAQPage|ListItem|Organization|Question|WebSite","","190","1","28","9","0","true","{}","Frontend Component Prompt"
"/prompt-gallery/gemini-prompt-for-brand-positioning","https://www.marqly.com/prompt-gallery/gemini-prompt-for-brand-positioning","200","en","prompt","59","142","596","false","","false","false","true","false","0","false","Answer|BreadcrumbList|ContactPoint|FAQPage|ListItem|Organization|Question|WebSite","","191","1","24","9","0","true","{}","Gemini Prompt for Brand Positioning"
"/prompt-gallery/gemini-prompt-for-budget-planning","https://www.marqly.com/prompt-gallery/gemini-prompt-for-budget-planning","200","en","prompt","57","144","597","false","","false","false","true","false","0","false","Answer|BreadcrumbList|ContactPoint|FAQPage|ListItem|Organization|Question|WebSite","","191","1","24","9","0","true","{}","Gemini Prompt for Budget Planning"
"/prompt-gallery/gemini-prompt-for-competitor-keyword-mapping","https://www.marqly.com/prompt-gallery/gemini-prompt-for-competitor-keyword-mapping","200","en","prompt","68","153","599","false","","false","false","true","false","0","false","Answer|BreadcrumbList|ContactPoint|FAQPage|ListItem|Organization|Question|WebSite","","191","1","24","9","0","true","{}","Gemini Prompt for Competitor Keyword Mapping"
"/prompt-gallery/gemini-prompt-for-conversion-rate-optimization","https://www.marqly.com/prompt-gallery/gemini-prompt-for-conversion-rate-optimization","200","en","prompt","70","153","599","false","","false","false","true","false","0","false","Answer|BreadcrumbList|ContactPoint|FAQPage|ListItem|Organization|Question|WebSite","","191","1","24","9","0","true","{}","Gemini Prompt for Conversion Rate Optimization"
"/prompt-gallery/gemini-prompt-for-hobby-project-ideas","https://www.marqly.com/prompt-gallery/gemini-prompt-for-hobby-project-ideas","200","en","prompt","61","148","600","false","","false","false","true","false","0","false","Answer|BreadcrumbList|ContactPoint|FAQPage|ListItem|Organization|Question|WebSite","","191","1","24","9","0","true","{}","Gemini Prompt for Hobby Project Ideas"
"/prompt-gallery/gemini-prompt-for-journaling-prompts","https://www.marqly.com/prompt-gallery/gemini-prompt-for-journaling-prompts","200","en","prompt","60","143","597","false","","false","false","true","false","0","false","Answer|BreadcrumbList|ContactPoint|FAQPage|ListItem|Organization|Question|WebSite","","191","1","24","9","0","true","{}","Gemini Prompt for Journaling Prompts"
"/prompt-gallery/gemini-prompt-for-local-seo-optimization","https://www.marqly.com/prompt-gallery/gemini-prompt-for-local-seo-optimization","200","en","prompt","64","146","600","false","","false","false","true","false","0","false","Answer|BreadcrumbList|ContactPoint|FAQPage|ListItem|Organization|Question|WebSite","","191","1","24","9","0","true","{}","Gemini Prompt for Local SEO Optimization"
"/prompt-gallery/gemini-prompt-for-personalized-greetings","https://www.marqly.com/prompt-gallery/gemini-prompt-for-personalized-greetings","200","en","prompt","64","147","597","false","","false","false","true","false","0","false","Answer|BreadcrumbList|ContactPoint|FAQPage|ListItem|Organization|Question|WebSite","","191","1","24","9","0","true","{}","Gemini Prompt for Personalized Greetings"
"/prompt-gallery/generate-a-code-snippet-prompt","https://www.marqly.com/prompt-gallery/generate-a-code-snippet-prompt","200","en","prompt","54","81","599","false","","false","false","true","false","0","false","Answer|BreadcrumbList|ContactPoint|FAQPage|ListItem|Organization|Question|WebSite","","190","1","24","9","0","true","{}","Generate a Code Snippet Prompt"
"/prompt-gallery/gift-ideas-generator-prompt","https://www.marqly.com/prompt-gallery/gift-ideas-generator-prompt","200","en","prompt","51","72","600","false","","false","false","true","false","0","false","Answer|BreadcrumbList|ContactPoint|FAQPage|ListItem|Organization|Question|WebSite","","191","1","23","9","0","true","{}","Gift Ideas Generator Prompt"
"/prompt-gallery/google-ads-keyword-expansion-prompt","https://www.marqly.com/prompt-gallery/google-ads-keyword-expansion-prompt","200","en","prompt","59","137","599","false","","false","false","true","false","0","false","Answer|BreadcrumbList|ContactPoint|FAQPage|ListItem|Organization|Question|WebSite","","191","1","28","9","0","true","{}","Google Ads Keyword Expansion Prompt"
"/prompt-gallery/graphql-schema-prompt","https://www.marqly.com/prompt-gallery/graphql-schema-prompt","200","en","prompt","45","125","577","false","","false","false","true","false","0","false","Answer|BreadcrumbList|ContactPoint|FAQPage|ListItem|Organization|Question|WebSite","","190","1","28","9","0","true","{}","GraphQL Schema Prompt"
"/prompt-gallery/gratitude-letter-prompt","https://www.marqly.com/prompt-gallery/gratitude-letter-prompt","200","en","prompt","47","127","591","false","","false","false","true","false","0","false","Answer|BreadcrumbList|ContactPoint|FAQPage|ListItem|Organization|Question|WebSite","","191","1","25","9","0","true","{}","Gratitude Letter Prompt"
"/prompt-gallery/guest-post-pitch-prompt","https://www.marqly.com/prompt-gallery/guest-post-pitch-prompt","200","en","prompt","47","125","597","false","","false","false","true","false","0","false","Answer|BreadcrumbList|ContactPoint|FAQPage|ListItem|Organization|Question|WebSite","","191","1","28","9","0","true","{}","Guest Post Pitch Prompt"
"/prompt-gallery/habit-tracker-setup-prompt","https://www.marqly.com/prompt-gallery/habit-tracker-setup-prompt","200","en","prompt","50","129","600","false","","false","false","true","false","0","false","Answer|BreadcrumbList|ContactPoint|FAQPage|ListItem|Organization|Question|WebSite","","191","1","28","9","0","true","{}","Habit Tracker Setup Prompt"
"/prompt-gallery/hashtag-strategy-prompt","https://www.marqly.com/prompt-gallery/hashtag-strategy-prompt","200","en","prompt","47","119","575","false","","false","false","true","false","0","false","Answer|BreadcrumbList|ContactPoint|FAQPage|ListItem|Organization|Question|WebSite","","190","1","27","9","0","true","{}","Hashtag Strategy Prompt"
"/prompt-gallery/historical-event-analysis-prompt","https://www.marqly.com/prompt-gallery/historical-event-analysis-prompt","200","en","prompt","56","138","591","false","","false","false","true","false","0","false","Answer|BreadcrumbList|ContactPoint|FAQPage|ListItem|Organization|Question|WebSite","","190","1","28","9","0","true","{}","Historical Event Analysis Prompt"
"/prompt-gallery/hobby-project-brainstorm-prompt","https://www.marqly.com/prompt-gallery/hobby-project-brainstorm-prompt","200","en","prompt","55","135","594","false","","false","false","true","false","0","false","Answer|BreadcrumbList|ContactPoint|FAQPage|ListItem|Organization|Question|WebSite","","191","1","25","9","0","true","{}","Hobby Project Brainstorm Prompt"
"/prompt-gallery/home-workout-routine-prompt","https://www.marqly.com/prompt-gallery/home-workout-routine-prompt","200","en","prompt","51","131","594","false","","false","false","true","false","0","false","Answer|BreadcrumbList|ContactPoint|FAQPage|ListItem|Organization|Question|WebSite","","191","1","25","9","0","true","{}","Home Workout Routine Prompt"
"/prompt-gallery/hyperrealistic-pet-portrait-prompt","https://www.marqly.com/prompt-gallery/hyperrealistic-pet-portrait-prompt","200","en","prompt","58","145","595","false","","false","false","true","false","0","false","Answer|BreadcrumbList|ContactPoint|FAQPage|ListItem|Organization|Question|WebSite","","190","1","28","9","0","true","{}","Hyperrealistic Pet Portrait Prompt"
"/prompt-gallery/hypothesis-testing-prompt","https://www.marqly.com/prompt-gallery/hypothesis-testing-prompt","200","en","prompt","49","128","552","false","","false","false","true","false","0","false","Answer|BreadcrumbList|ContactPoint|FAQPage|ListItem|Organization|Question|WebSite","","191","1","27","9","0","true","{}","Hypothesis Testing Prompt"
"/prompt-gallery/ideogram-prompt-for-3d-icons","https://www.marqly.com/prompt-gallery/ideogram-prompt-for-3d-icons","200","en","prompt","52","146","592","false","","false","false","true","false","0","false","Answer|BreadcrumbList|ContactPoint|FAQPage|ListItem|Organization|Question|WebSite","","190","1","24","9","0","true","{}","Ideogram Prompt for 3D Icons"
"/prompt-gallery/ideogram-prompt-for-watercolor-art","https://www.marqly.com/prompt-gallery/ideogram-prompt-for-watercolor-art","200","en","prompt","58","144","590","false","","false","false","true","false","0","false","Answer|BreadcrumbList|ContactPoint|FAQPage|ListItem|Organization|Question|WebSite","","190","1","24","9","0","true","{}","Ideogram Prompt for Watercolor Art"
"/prompt-gallery/inbox-zero-assistant-prompt","https://www.marqly.com/prompt-gallery/inbox-zero-assistant-prompt","200","en","prompt","51","130","600","false","","false","false","true","false","0","false","Answer|BreadcrumbList|ContactPoint|FAQPage|ListItem|Organization|Question|WebSite","","191","1","28","9","0","true","{}","Inbox Zero Assistant Prompt"
"/prompt-gallery/industry-trend-summary-prompt","https://www.marqly.com/prompt-gallery/industry-trend-summary-prompt","200","en","prompt","53","75","585","false","","false","false","true","false","0","false","Answer|BreadcrumbList|ContactPoint|FAQPage|ListItem|Organization|Question|WebSite","","189","1","24","9","0","true","{}","Industry Trend Summary Prompt"
"/prompt-gallery/influencer-brief-prompt","https://www.marqly.com/prompt-gallery/influencer-brief-prompt","200","en","prompt","47","125","593","false","","false","false","true","false","0","false","Answer|BreadcrumbList|ContactPoint|FAQPage|ListItem|Organization|Question|WebSite","","191","1","28","9","0","true","{}","Influencer Brief Prompt"
"/prompt-gallery/influencer-outreach-dm-prompt","https://www.marqly.com/prompt-gallery/influencer-outreach-dm-prompt","200","en","prompt","53","125","578","false","","false","false","true","false","0","false","Answer|BreadcrumbList|ContactPoint|FAQPage|ListItem|Organization|Question|WebSite","","190","1","27","9","0","true","{}","Influencer Outreach DM Prompt"
"/prompt-gallery/instagram-carousel-caption-prompt","https://www.marqly.com/prompt-gallery/instagram-carousel-caption-prompt","200","en","prompt","57","88","616","false","","false","false","true","false","0","false","Answer|BreadcrumbList|ContactPoint|FAQPage|ListItem|Organization|Question|WebSite","","191","1","23","9","0","true","{}","Instagram Carousel Caption Prompt"
"/prompt-gallery/instagram-reel-script-prompt","https://www.marqly.com/prompt-gallery/instagram-reel-script-prompt","200","en","prompt","52","75","603","false","","false","false","true","false","0","false","Answer|BreadcrumbList|ContactPoint|FAQPage|ListItem|Organization|Question|WebSite","","190","1","23","9","0","true","{}","Instagram Reel Script Prompt"
"/prompt-gallery/instagram-story-poll-prompt","https://www.marqly.com/prompt-gallery/instagram-story-poll-prompt","200","en","prompt","51","123","578","false","","false","false","true","false","0","false","Answer|BreadcrumbList|ContactPoint|FAQPage|ListItem|Organization|Question|WebSite","","190","1","27","9","0","true","{}","Instagram Story Poll Prompt"
"/prompt-gallery/interview-question-generator-prompt","https://www.marqly.com/prompt-gallery/interview-question-generator-prompt","200","en","prompt","59","141","591","false","","false","false","true","false","0","false","Answer|BreadcrumbList|ContactPoint|FAQPage|ListItem|Organization|Question|WebSite","","190","1","28","9","0","true","{}","Interview Question Generator Prompt"
"/prompt-gallery/isometric-3d-icon-set-prompt","https://www.marqly.com/prompt-gallery/isometric-3d-icon-set-prompt","200","en","prompt","52","139","598","false","","false","false","true","false","0","false","Answer|BreadcrumbList|ContactPoint|FAQPage|ListItem|Organization|Question|WebSite","","190","1","28","9","0","true","{}","Isometric 3D Icon Set Prompt"
"/prompt-gallery/iterative-refinement-loop-prompt","https://www.marqly.com/prompt-gallery/iterative-refinement-loop-prompt","200","en","prompt","56","135","555","false","","false","false","true","false","0","false","Answer|BreadcrumbList|ContactPoint|FAQPage|ListItem|Organization|Question|WebSite","","191","1","27","9","0","true","{}","Iterative Refinement Loop Prompt"
"/prompt-gallery/jasper-prompt-for-giveaway-announcements","https://www.marqly.com/prompt-gallery/jasper-prompt-for-giveaway-announcements","200","en","prompt","64","143","579","false","","false","false","true","false","0","false","Answer|BreadcrumbList|ContactPoint|FAQPage|ListItem|Organization|Question|WebSite","","190","1","24","9","0","true","{}","Jasper Prompt for Giveaway Announcements"
"/prompt-gallery/jasper-prompt-for-social-media-content-calendars","https://www.marqly.com/prompt-gallery/jasper-prompt-for-social-media-content-calendars","200","en","prompt","72","151","585","false","","false","false","true","false","0","false","Answer|BreadcrumbList|ContactPoint|FAQPage|ListItem|Organization|Question|WebSite","","190","1","24","9","0","true","{}","Jasper Prompt for Social Media Content Calendars"
"/prompt-gallery/jasper-prompt-for-social-media-hashtag-strategy","https://www.marqly.com/prompt-gallery/jasper-prompt-for-social-media-hashtag-strategy","200","en","prompt","71","150","585","false","","false","false","true","false","0","false","Answer|BreadcrumbList|ContactPoint|FAQPage|ListItem|Organization|Question|WebSite","","190","1","24","9","0","true","{}","Jasper Prompt for Social Media Hashtag Strategy"
"/prompt-gallery/jasper-prompt-for-youtube-video-descriptions","https://www.marqly.com/prompt-gallery/jasper-prompt-for-youtube-video-descriptions","200","en","prompt","68","147","582","false","","false","false","true","false","0","false","Answer|BreadcrumbList|ContactPoint|FAQPage|ListItem|Organization|Question|WebSite","","190","1","24","9","0","true","{}","Jasper Prompt for YouTube Video Descriptions"
"/prompt-gallery/keyword-clustering-topic-map-prompt","https://www.marqly.com/prompt-gallery/keyword-clustering-topic-map-prompt","200","en","prompt","61","82","637","false","","false","false","true","false","0","false","Answer|BreadcrumbList|ContactPoint|FAQPage|ListItem|Organization|Question|WebSite","","191","1","24","9","0","true","{}","Keyword Clustering & Topic Map Prompt"
"/prompt-gallery/keyword-ranking-tracker-prompt","https://www.marqly.com/prompt-gallery/keyword-ranking-tracker-prompt","200","en","prompt","54","132","583","false","","false","false","true","false","0","false","Answer|BreadcrumbList|ContactPoint|FAQPage|ListItem|Organization|Question|WebSite","","189","1","27","9","0","true","{}","Keyword Ranking Tracker Prompt"
"/prompt-gallery/kimi-prompt-for-academic-writing","https://www.marqly.com/prompt-gallery/kimi-prompt-for-academic-writing","200","en","prompt","56","141","591","false","","false","false","true","false","0","false","Answer|BreadcrumbList|ContactPoint|FAQPage|ListItem|Organization|Question|WebSite","","190","1","24","9","0","true","{}","Kimi Prompt for Academic Writing"
"/prompt-gallery/kimi-prompt-for-bash-scripts","https://www.marqly.com/prompt-gallery/kimi-prompt-for-bash-scripts","200","en","prompt","52","138","579","false","","false","false","true","false","0","false","Answer|BreadcrumbList|ContactPoint|FAQPage|ListItem|Organization|Question|WebSite","","190","1","24","9","0","true","{}","Kimi Prompt for Bash Scripts"
"/prompt-gallery/kimi-prompt-for-concept-mapping","https://www.marqly.com/prompt-gallery/kimi-prompt-for-concept-mapping","200","en","prompt","55","138","591","false","","false","false","true","false","0","false","Answer|BreadcrumbList|ContactPoint|FAQPage|ListItem|Organization|Question|WebSite","","190","1","24","9","0","true","{}","Kimi Prompt for Concept Mapping"
"/prompt-gallery/kimi-prompt-for-content-repurposing","https://www.marqly.com/prompt-gallery/kimi-prompt-for-content-repurposing","200","en","prompt","59","140","597","false","","false","false","true","false","0","false","Answer|BreadcrumbList|ContactPoint|FAQPage|ListItem|Organization|Question|WebSite","","191","1","24","9","0","true","{}","Kimi Prompt for Content Repurposing"
"/prompt-gallery/kimi-prompt-for-css-layouts","https://www.marqly.com/prompt-gallery/kimi-prompt-for-css-layouts","200","en","prompt","51","135","579","false","","false","false","true","false","0","false","Answer|BreadcrumbList|ContactPoint|FAQPage|ListItem|Organization|Question|WebSite","","190","1","24","9","0","true","{}","Kimi Prompt for CSS Layouts"
"/prompt-gallery/kimi-prompt-for-customer-segmentation","https://www.marqly.com/prompt-gallery/kimi-prompt-for-customer-segmentation","200","en","prompt","61","142","583","false","","false","false","true","false","0","false","Answer|BreadcrumbList|ContactPoint|FAQPage|ListItem|Organization|Question|WebSite","","189","1","24","9","0","true","{}","Kimi Prompt for Customer Segmentation"
"/prompt-gallery/kimi-prompt-for-fitness-plans","https://www.marqly.com/prompt-gallery/kimi-prompt-for-fitness-plans","200","en","prompt","53","136","597","false","","false","false","true","false","0","false","Answer|BreadcrumbList|ContactPoint|FAQPage|ListItem|Organization|Question|WebSite","","191","1","24","9","0","true","{}","Kimi Prompt for Fitness Plans"
"/prompt-gallery/kimi-prompt-for-gift-recommendations","https://www.marqly.com/prompt-gallery/kimi-prompt-for-gift-recommendations","200","en","prompt","60","143","597","false","","false","false","true","false","0","false","Answer|BreadcrumbList|ContactPoint|FAQPage|ListItem|Organization|Question|WebSite","","191","1","24","9","0","true","{}","Kimi Prompt for Gift Recommendations"
"/prompt-gallery/kimi-prompt-for-inbox-management","https://www.marqly.com/prompt-gallery/kimi-prompt-for-inbox-management","200","en","prompt","56","140","599","false","","false","false","true","false","0","false","Answer|BreadcrumbList|ContactPoint|FAQPage|ListItem|Organization|Question|WebSite","","191","1","24","9","0","true","{}","Kimi Prompt for Inbox Management"
"/prompt-gallery/kimi-prompt-for-long-context-document-summaries","https://www.marqly.com/prompt-gallery/kimi-prompt-for-long-context-document-summaries","200","en","prompt","71","154","600","false","","false","false","true","false","0","false","Answer|BreadcrumbList|ContactPoint|FAQPage|ListItem|Organization|Question|WebSite","","191","1","24","9","0","true","{}","Kimi Prompt for Long-Context Document Summaries"
"/prompt-gallery/kimi-prompt-for-meeting-summaries","https://www.marqly.com/prompt-gallery/kimi-prompt-for-meeting-summaries","200","en","prompt","57","141","599","false","","false","false","true","false","0","false","Answer|BreadcrumbList|ContactPoint|FAQPage|ListItem|Organization|Question|WebSite","","191","1","24","9","0","true","{}","Kimi Prompt for Meeting Summaries"
"/prompt-gallery/kimi-prompt-for-multi-agent-debate","https://www.marqly.com/prompt-gallery/kimi-prompt-for-multi-agent-debate","200","en","prompt","58","142","556","false","","false","false","true","false","0","false","Answer|BreadcrumbList|ContactPoint|FAQPage|ListItem|Organization|Question|WebSite","","191","1","24","9","0","true","{}","Kimi Prompt for Multi-Agent Debate"
"/prompt-gallery/kimi-prompt-for-multilingual-content-adaptation","https://www.marqly.com/prompt-gallery/kimi-prompt-for-multilingual-content-adaptation","200","en","prompt","71","152","600","false","","false","false","true","false","0","false","Answer|BreadcrumbList|ContactPoint|FAQPage|ListItem|Organization|Question|WebSite","","191","1","24","9","0","true","{}","Kimi Prompt for Multilingual Content Adaptation"
"/prompt-gallery/kimi-prompt-for-pricing-analysis","https://www.marqly.com/prompt-gallery/kimi-prompt-for-pricing-analysis","200","en","prompt","56","137","583","false","","false","false","true","false","0","false","Answer|BreadcrumbList|ContactPoint|FAQPage|ListItem|Organization|Question|WebSite","","189","1","24","9","0","true","{}","Kimi Prompt for Pricing Analysis"
"/prompt-gallery/kimi-prompt-for-recipe-ideas","https://www.marqly.com/prompt-gallery/kimi-prompt-for-recipe-ideas","200","en","prompt","52","135","597","false","","false","false","true","false","0","false","Answer|BreadcrumbList|ContactPoint|FAQPage|ListItem|Organization|Question|WebSite","","191","1","24","9","0","true","{}","Kimi Prompt for Recipe Ideas"
"/prompt-gallery/kimi-prompt-for-research-proposals","https://www.marqly.com/prompt-gallery/kimi-prompt-for-research-proposals","200","en","prompt","58","141","591","false","","false","false","true","false","0","false","Answer|BreadcrumbList|ContactPoint|FAQPage|ListItem|Organization|Question|WebSite","","190","1","24","9","0","true","{}","Kimi Prompt for Research Proposals"
"/prompt-gallery/kimi-prompt-for-root-cause-analysis","https://www.marqly.com/prompt-gallery/kimi-prompt-for-root-cause-analysis","200","en","prompt","59","140","586","false","","false","false","true","false","0","false","Answer|BreadcrumbList|ContactPoint|FAQPage|ListItem|Organization|Question|WebSite","","189","1","24","9","0","true","{}","Kimi Prompt for Root Cause Analysis"
"/prompt-gallery/kimi-prompt-for-science-experiments","https://www.marqly.com/prompt-gallery/kimi-prompt-for-science-experiments","200","en","prompt","59","142","591","false","","false","false","true","false","0","false","Answer|BreadcrumbList|ContactPoint|FAQPage|ListItem|Organization|Question|WebSite","","190","1","24","9","0","true","{}","Kimi Prompt for Science Experiments"
"/prompt-gallery/kimi-prompt-for-sentiment-analysis","https://www.marqly.com/prompt-gallery/kimi-prompt-for-sentiment-analysis","200","en","prompt","58","137","583","false","","false","false","true","false","0","false","Answer|BreadcrumbList|ContactPoint|FAQPage|ListItem|Organization|Question|WebSite","","189","1","24","9","0","true","{}","Kimi Prompt for Sentiment Analysis"
"/prompt-gallery/kimi-prompt-for-system-prompt-hardening","https://www.marqly.com/prompt-gallery/kimi-prompt-for-system-prompt-hardening","200","en","prompt","63","147","559","false","","false","false","true","false","0","false","Answer|BreadcrumbList|ContactPoint|FAQPage|ListItem|Organization|Question|WebSite","","191","1","24","9","0","true","{}","Kimi Prompt for System Prompt Hardening"
"/prompt-gallery/kimi-prompt-for-time-blocking","https://www.marqly.com/prompt-gallery/kimi-prompt-for-time-blocking","200","en","prompt","53","136","598","false","","false","false","true","false","0","false","Answer|BreadcrumbList|ContactPoint|FAQPage|ListItem|Organization|Question|WebSite","","191","1","24","9","0","true","{}","Kimi Prompt for Time Blocking"
"/prompt-gallery/kimi-prompt-for-tree-of-thoughts","https://www.marqly.com/prompt-gallery/kimi-prompt-for-tree-of-thoughts","200","en","prompt","56","140","559","false","","false","false","true","false","0","false","Answer|BreadcrumbList|ContactPoint|FAQPage|ListItem|Organization|Question|WebSite","","191","1","24","9","0","true","{}","Kimi Prompt for Tree of Thoughts"
"/prompt-gallery/kimi-prompt-for-typescript-types","https://www.marqly.com/prompt-gallery/kimi-prompt-for-typescript-types","200","en","prompt","56","141","580","false","","false","false","true","false","0","false","Answer|BreadcrumbList|ContactPoint|FAQPage|ListItem|Organization|Question|WebSite","","190","1","24","9","0","true","{}","Kimi Prompt for TypeScript Types"
"/prompt-gallery/kimi-prompt-for-workflow-automation","https://www.marqly.com/prompt-gallery/kimi-prompt-for-workflow-automation","200","en","prompt","59","143","599","false","","false","false","true","false","0","false","Answer|BreadcrumbList|ContactPoint|FAQPage|ListItem|Organization|Question|WebSite","","191","1","24","9","0","true","{}","Kimi Prompt for Workflow Automation"
"/prompt-gallery/kimi-prompt-for-writing-prompts","https://www.marqly.com/prompt-gallery/kimi-prompt-for-writing-prompts","200","en","prompt","55","138","597","false","","false","false","true","false","0","false","Answer|BreadcrumbList|ContactPoint|FAQPage|ListItem|Organization|Question|WebSite","","191","1","24","9","0","true","{}","Kimi Prompt for Writing Prompts"
"/prompt-gallery/landing-page-copy-generator-prompt","https://www.marqly.com/prompt-gallery/landing-page-copy-generator-prompt","200","en","prompt","58","136","599","false","","false","false","true","false","0","false","Answer|BreadcrumbList|ContactPoint|FAQPage|ListItem|Organization|Question|WebSite","","191","1","28","9","0","true","{}","Landing Page Copy Generator Prompt"
"/prompt-gallery/language-learning-conversation-prompt","https://www.marqly.com/prompt-gallery/language-learning-conversation-prompt","200","en","prompt","61","143","591","false","","false","false","true","false","0","false","Answer|BreadcrumbList|ContactPoint|FAQPage|ListItem|Organization|Question|WebSite","","190","1","28","9","0","true","{}","Language Learning Conversation Prompt"
"/prompt-gallery/lead-magnet-outline-prompt","https://www.marqly.com/prompt-gallery/lead-magnet-outline-prompt","200","en","prompt","50","128","596","false","","false","false","true","false","0","false","Answer|BreadcrumbList|ContactPoint|FAQPage|ListItem|Organization|Question|WebSite","","191","1","28","9","0","true","{}","Lead Magnet Outline Prompt"
"/prompt-gallery/linkedin-about-section-rewrite-prompt","https://www.marqly.com/prompt-gallery/linkedin-about-section-rewrite-prompt","200","en","prompt","61","139","600","false","","false","false","true","false","0","false","Answer|BreadcrumbList|ContactPoint|FAQPage|ListItem|Organization|Question|WebSite","","191","1","28","9","0","true","{}","LinkedIn About Section Rewrite Prompt"
"/prompt-gallery/linkedin-headshot-prompt-for-corporate-executives","https://www.marqly.com/prompt-gallery/linkedin-headshot-prompt-for-corporate-executives","200","en","prompt","73","105","673","false","","false","false","true","false","0","false","Answer|BreadcrumbList|ContactPoint|FAQPage|ListItem|Organization|Question|WebSite","","190","1","24","9","0","true","{}","LinkedIn Headshot Prompt for Corporate Executives"
"/prompt-gallery/linkedin-newsletter-prompt","https://www.marqly.com/prompt-gallery/linkedin-newsletter-prompt","200","en","prompt","50","122","575","false","","false","false","true","false","0","false","Answer|BreadcrumbList|ContactPoint|FAQPage|ListItem|Organization|Question|WebSite","","190","1","27","9","0","true","{}","LinkedIn Newsletter Prompt"
"/prompt-gallery/linkedin-thought-leadership-post-prompt","https://www.marqly.com/prompt-gallery/linkedin-thought-leadership-post-prompt","200","en","prompt","63","77","602","false","","false","false","true","false","0","false","Answer|BreadcrumbList|ContactPoint|FAQPage|ListItem|Organization|Question|WebSite","","190","1","23","9","0","true","{}","LinkedIn Thought Leadership Post Prompt"
"/prompt-gallery/literature-review-synthesis-prompt","https://www.marqly.com/prompt-gallery/literature-review-synthesis-prompt","200","en","prompt","58","86","626","false","","false","false","true","false","0","false","Answer|BreadcrumbList|ContactPoint|FAQPage|ListItem|Organization|Question|WebSite","","190","1","23","9","0","true","{}","Literature Review Synthesis Prompt"
"/prompt-gallery/local-seo-faq-schema-gmb-post-prompt","https://www.marqly.com/prompt-gallery/local-seo-faq-schema-gmb-post-prompt","200","en","prompt","62","94","635","false","","false","false","true","false","0","false","Answer|BreadcrumbList|ContactPoint|FAQPage|ListItem|Organization|Question|WebSite","","191","1","23","9","0","true","{}","Local SEO FAQ Schema & GMB Post Prompt"
"/prompt-gallery/long-form-thought-leadership-article-prompt","https://www.marqly.com/prompt-gallery/long-form-thought-leadership-article-prompt","200","en","prompt","67","97","627","false","","false","false","true","false","0","false","Answer|BreadcrumbList|ContactPoint|FAQPage|ListItem|Organization|Question|WebSite","","191","1","23","9","0","true","{}","Long-Form Thought Leadership Article Prompt"
"/prompt-gallery/luxury-cosmetics-product-shot-prompt","https://www.marqly.com/prompt-gallery/luxury-cosmetics-product-shot-prompt","200","en","prompt","60","147","598","false","","false","false","true","false","0","false","Answer|BreadcrumbList|ContactPoint|FAQPage|ListItem|Organization|Question|WebSite","","190","1","28","9","0","true","{}","Luxury Cosmetics Product Shot Prompt"
"/prompt-gallery/luxury-product-photography-prompt-for-watches","https://www.marqly.com/prompt-gallery/luxury-product-photography-prompt-for-watches","200","en","prompt","69","116","651","false","","false","false","true","false","0","false","Answer|BreadcrumbList|ContactPoint|FAQPage|ListItem|Organization|Question|WebSite","","190","1","24","9","0","true","{}","Luxury Product Photography Prompt for Watches"
"/prompt-gallery/marketing-funnel-metrics-prompt","https://www.marqly.com/prompt-gallery/marketing-funnel-metrics-prompt","200","en","prompt","55","133","583","false","","false","false","true","false","0","false","Answer|BreadcrumbList|ContactPoint|FAQPage|ListItem|Organization|Question|WebSite","","189","1","27","9","0","true","{}","Marketing Funnel Metrics Prompt"
"/prompt-gallery/meal-prep-planner-prompt","https://www.marqly.com/prompt-gallery/meal-prep-planner-prompt","200","en","prompt","48","127","600","false","","false","false","true","false","0","false","Answer|BreadcrumbList|ContactPoint|FAQPage|ListItem|Organization|Question|WebSite","","191","1","28","9","0","true","{}","Meal Prep Planner Prompt"
"/prompt-gallery/meeting-agenda-builder-prompt","https://www.marqly.com/prompt-gallery/meeting-agenda-builder-prompt","200","en","prompt","53","83","617","false","","false","false","true","false","0","false","Answer|BreadcrumbList|ContactPoint|FAQPage|ListItem|Organization|Question|WebSite","","191","1","23","9","0","true","{}","Meeting Agenda Builder Prompt"
"/prompt-gallery/meeting-minutes-formatter-prompt","https://www.marqly.com/prompt-gallery/meeting-minutes-formatter-prompt","200","en","prompt","56","135","600","false","","false","false","true","false","0","false","Answer|BreadcrumbList|ContactPoint|FAQPage|ListItem|Organization|Question|WebSite","","191","1","28","9","0","true","{}","Meeting Minutes Formatter Prompt"
"/prompt-gallery/memoir-story-prompt","https://www.marqly.com/prompt-gallery/memoir-story-prompt","200","en","prompt","43","123","591","false","","false","false","true","false","0","false","Answer|BreadcrumbList|ContactPoint|FAQPage|ListItem|Organization|Question|WebSite","","191","1","25","9","0","true","{}","Memoir Story Prompt"
"/prompt-gallery/meta-prompt-to-improve-prompts","https://www.marqly.com/prompt-gallery/meta-prompt-to-improve-prompts","200","en","prompt","54","78","601","false","","false","false","true","false","0","false","Answer|BreadcrumbList|ContactPoint|FAQPage|ListItem|Organization|Question|WebSite","","191","1","23","9","0","true","{}","Meta Prompt to Improve Prompts"
"/prompt-gallery/meta-title-description-generator-prompt","https://www.marqly.com/prompt-gallery/meta-title-description-generator-prompt","200","en","prompt","65","83","630","false","","false","false","true","false","0","false","Answer|BreadcrumbList|ContactPoint|FAQPage|ListItem|Organization|Question|WebSite","","191","1","23","9","0","true","{}","Meta Title & Description Generator Prompt"
"/prompt-gallery/microservices-breakdown-prompt","https://www.marqly.com/prompt-gallery/microservices-breakdown-prompt","200","en","prompt","54","134","577","false","","false","false","true","false","0","false","Answer|BreadcrumbList|ContactPoint|FAQPage|ListItem|Organization|Question|WebSite","","190","1","28","9","0","true","{}","Microservices Breakdown Prompt"
"/prompt-gallery/midjourney-prompt-for-anime-characters","https://www.marqly.com/prompt-gallery/midjourney-prompt-for-anime-characters","200","en","prompt","62","156","592","false","","false","false","true","false","0","false","Answer|BreadcrumbList|ContactPoint|FAQPage|ListItem|Organization|Question|WebSite","","190","1","24","9","0","true","{}","Midjourney Prompt for Anime Characters"
"/prompt-gallery/midjourney-prompt-for-architecture-visualization","https://www.marqly.com/prompt-gallery/midjourney-prompt-for-architecture-visualization","200","en","prompt","72","160","591","false","","false","false","true","false","0","false","Answer|BreadcrumbList|ContactPoint|FAQPage|ListItem|Organization|Question|WebSite","","190","1","24","9","0","true","{}","Midjourney Prompt for Architecture Visualization"
"/prompt-gallery/midjourney-prompt-for-book-covers","https://www.marqly.com/prompt-gallery/midjourney-prompt-for-book-covers","200","en","prompt","57","143","590","false","","false","false","true","false","0","false","Answer|BreadcrumbList|ContactPoint|FAQPage|ListItem|Organization|Question|WebSite","","190","1","24","9","0","true","{}","Midjourney Prompt for Book Covers"
"/prompt-gallery/midjourney-prompt-for-fantasy-characters","https://www.marqly.com/prompt-gallery/midjourney-prompt-for-fantasy-characters","200","en","prompt","64","158","592","false","","false","false","true","false","0","false","Answer|BreadcrumbList|ContactPoint|FAQPage|ListItem|Organization|Question|WebSite","","190","1","24","9","0","true","{}","Midjourney Prompt for Fantasy Characters"
"/prompt-gallery/midjourney-prompt-for-fashion-editorial","https://www.marqly.com/prompt-gallery/midjourney-prompt-for-fashion-editorial","200","en","prompt","63","157","592","false","","false","false","true","false","0","false","Answer|BreadcrumbList|ContactPoint|FAQPage|ListItem|Organization|Question|WebSite","","190","1","24","9","0","true","{}","Midjourney Prompt for Fashion Editorial"
"/prompt-gallery/midjourney-prompt-for-food-photography","https://www.marqly.com/prompt-gallery/midjourney-prompt-for-food-photography","200","en","prompt","62","156","592","false","","false","false","true","false","0","false","Answer|BreadcrumbList|ContactPoint|FAQPage|ListItem|Organization|Question|WebSite","","190","1","24","9","0","true","{}","Midjourney Prompt for Food Photography"
"/prompt-gallery/midjourney-prompt-for-interior-design","https://www.marqly.com/prompt-gallery/midjourney-prompt-for-interior-design","200","en","prompt","61","155","592","false","","false","false","true","false","0","false","Answer|BreadcrumbList|ContactPoint|FAQPage|ListItem|Organization|Question|WebSite","","190","1","24","9","0","true","{}","Midjourney Prompt for Interior Design"
"/prompt-gallery/midjourney-prompt-for-logo-design","https://www.marqly.com/prompt-gallery/midjourney-prompt-for-logo-design","200","en","prompt","57","143","590","false","","false","false","true","false","0","false","Answer|BreadcrumbList|ContactPoint|FAQPage|ListItem|Organization|Question|WebSite","","190","1","24","9","0","true","{}","Midjourney Prompt for Logo Design"
"/prompt-gallery/midjourney-prompt-for-portrait-photography","https://www.marqly.com/prompt-gallery/midjourney-prompt-for-portrait-photography","200","en","prompt","66","160","592","false","","false","false","true","false","0","false","Answer|BreadcrumbList|ContactPoint|FAQPage|ListItem|Organization|Question|WebSite","","190","1","24","9","0","true","{}","Midjourney Prompt for Portrait Photography"
"/prompt-gallery/midjourney-prompt-for-product-photography","https://www.marqly.com/prompt-gallery/midjourney-prompt-for-product-photography","200","en","prompt","65","159","592","false","","false","false","true","false","0","false","Answer|BreadcrumbList|ContactPoint|FAQPage|ListItem|Organization|Question|WebSite","","190","1","24","9","0","true","{}","Midjourney Prompt for Product Photography"
"/prompt-gallery/midjourney-prompt-for-t-shirt-designs","https://www.marqly.com/prompt-gallery/midjourney-prompt-for-t-shirt-designs","200","en","prompt","61","155","592","false","","false","false","true","false","0","false","Answer|BreadcrumbList|ContactPoint|FAQPage|ListItem|Organization|Question|WebSite","","190","1","24","9","0","true","{}","Midjourney Prompt for T-Shirt Designs"
"/prompt-gallery/midjourney-prompt-for-tattoo-designs","https://www.marqly.com/prompt-gallery/midjourney-prompt-for-tattoo-designs","200","en","prompt","60","154","592","false","","false","false","true","false","0","false","Answer|BreadcrumbList|ContactPoint|FAQPage|ListItem|Organization|Question|WebSite","","190","1","24","9","0","true","{}","Midjourney Prompt for Tattoo Designs"
"/prompt-gallery/mind-map-from-textbook-prompt","https://www.marqly.com/prompt-gallery/mind-map-from-textbook-prompt","200","en","prompt","53","135","594","false","","false","false","true","false","0","false","Answer|BreadcrumbList|ContactPoint|FAQPage|ListItem|Organization|Question|WebSite","","190","1","28","9","0","true","{}","Mind Map from Textbook Prompt"
"/prompt-gallery/minimalist-tech-startup-logo-prompt","https://www.marqly.com/prompt-gallery/minimalist-tech-startup-logo-prompt","200","en","prompt","59","104","640","false","","false","false","true","false","0","false","Answer|BreadcrumbList|ContactPoint|FAQPage|ListItem|Organization|Question|WebSite","","190","1","24","9","0","true","{}","Minimalist Tech Startup Logo Prompt"
"/prompt-gallery/mock-exam-question-prompt","https://www.marqly.com/prompt-gallery/mock-exam-question-prompt","200","en","prompt","49","131","591","false","","false","false","true","false","0","false","Answer|BreadcrumbList|ContactPoint|FAQPage|ListItem|Organization|Question|WebSite","","190","1","28","9","0","true","{}","Mock Exam Question Prompt"
"/prompt-gallery/moody-cafe-lifestyle-photo-prompt","https://www.marqly.com/prompt-gallery/moody-cafe-lifestyle-photo-prompt","200","en","prompt","57","144","598","false","","false","false","true","false","0","false","Answer|BreadcrumbList|ContactPoint|FAQPage|ListItem|Organization|Question|WebSite","","190","1","28","9","0","true","{}","Moody Cafe Lifestyle Photo Prompt"
"/prompt-gallery/multi-agent-debate-prompt","https://www.marqly.com/prompt-gallery/multi-agent-debate-prompt","200","en","prompt","49","128","552","false","","false","false","true","false","0","false","Answer|BreadcrumbList|ContactPoint|FAQPage|ListItem|Organization|Question|WebSite","","191","1","27","9","0","true","{}","Multi-Agent Debate Prompt"
"/prompt-gallery/negative-prompt-builder-prompt","https://www.marqly.com/prompt-gallery/negative-prompt-builder-prompt","200","en","prompt","54","133","555","false","","false","false","true","false","0","false","Answer|BreadcrumbList|ContactPoint|FAQPage|ListItem|Organization|Question|WebSite","","191","1","27","9","0","true","{}","Negative Prompt Builder Prompt"
"/prompt-gallery/neon-cyberpunk-street-cinematic-scene-prompt","https://www.marqly.com/prompt-gallery/neon-cyberpunk-street-cinematic-scene-prompt","200","en","prompt","68","105","631","false","","false","false","true","false","0","false","Answer|BreadcrumbList|ContactPoint|FAQPage|ListItem|Organization|Question|WebSite","","190","1","24","9","0","true","{}","Neon Cyberpunk Street Cinematic Scene Prompt"
"/prompt-gallery/okr-goal-setting-prompt","https://www.marqly.com/prompt-gallery/okr-goal-setting-prompt","200","en","prompt","47","126","600","false","","false","false","true","false","0","false","Answer|BreadcrumbList|ContactPoint|FAQPage|ListItem|Organization|Question|WebSite","","191","1","28","9","0","true","{}","OKR Goal Setting Prompt"
"/prompt-gallery/open-source-contribution-prompt","https://www.marqly.com/prompt-gallery/open-source-contribution-prompt","200","en","prompt","55","135","580","false","","false","false","true","false","0","false","Answer|BreadcrumbList|ContactPoint|FAQPage|ListItem|Organization|Question|WebSite","","190","1","28","9","0","true","{}","Open Source Contribution Prompt"
"/prompt-gallery/output-schema-enforcer-prompt","https://www.marqly.com/prompt-gallery/output-schema-enforcer-prompt","200","en","prompt","53","132","555","false","","false","false","true","false","0","false","Answer|BreadcrumbList|ContactPoint|FAQPage|ListItem|Organization|Question|WebSite","","191","1","27","9","0","true","{}","Output Schema Enforcer Prompt"
"/prompt-gallery/performance-bottleneck-finder-prompt","https://www.marqly.com/prompt-gallery/performance-bottleneck-finder-prompt","200","en","prompt","60","140","580","false","","false","false","true","false","0","false","Answer|BreadcrumbList|ContactPoint|FAQPage|ListItem|Organization|Question|WebSite","","190","1","28","9","0","true","{}","Performance Bottleneck Finder Prompt"
"/prompt-gallery/perplexity-prompt-for-book-summaries","https://www.marqly.com/prompt-gallery/perplexity-prompt-for-book-summaries","200","en","prompt","60","147","591","false","","false","false","true","false","0","false","Answer|BreadcrumbList|ContactPoint|FAQPage|ListItem|Organization|Question|WebSite","","190","1","24","9","0","true","{}","Perplexity Prompt for Book Summaries"
"/prompt-gallery/perplexity-prompt-for-debate-arguments","https://www.marqly.com/prompt-gallery/perplexity-prompt-for-debate-arguments","200","en","prompt","62","151","591","false","","false","false","true","false","0","false","Answer|BreadcrumbList|ContactPoint|FAQPage|ListItem|Organization|Question|WebSite","","190","1","24","9","0","true","{}","Perplexity Prompt for Debate Arguments"
"/prompt-gallery/perplexity-prompt-for-generating-quiz-questions","https://www.marqly.com/prompt-gallery/perplexity-prompt-for-generating-quiz-questions","200","en","prompt","71","160","594","false","","false","false","true","false","0","false","Answer|BreadcrumbList|ContactPoint|FAQPage|ListItem|Organization|Question|WebSite","","190","1","24","9","0","true","{}","Perplexity Prompt for Generating Quiz Questions"
"/prompt-gallery/perplexity-prompt-for-learning-roadmaps","https://www.marqly.com/prompt-gallery/perplexity-prompt-for-learning-roadmaps","200","en","prompt","63","152","591","false","","false","false","true","false","0","false","Answer|BreadcrumbList|ContactPoint|FAQPage|ListItem|Organization|Question|WebSite","","190","1","24","9","0","true","{}","Perplexity Prompt for Learning Roadmaps"
"/prompt-gallery/perplexity-prompt-for-literature-review","https://www.marqly.com/prompt-gallery/perplexity-prompt-for-literature-review","200","en","prompt","63","150","591","false","","false","false","true","false","0","false","Answer|BreadcrumbList|ContactPoint|FAQPage|ListItem|Organization|Question|WebSite","","190","1","24","9","0","true","{}","Perplexity Prompt for Literature Review"
"/prompt-gallery/personal-manifesto-writer-prompt","https://www.marqly.com/prompt-gallery/personal-manifesto-writer-prompt","200","en","prompt","56","136","594","false","","false","false","true","false","0","false","Answer|BreadcrumbList|ContactPoint|FAQPage|ListItem|Organization|Question|WebSite","","191","1","25","9","0","true","{}","Personal Manifesto Writer Prompt"
"/prompt-gallery/personal-monthly-budget-planner-prompt","https://www.marqly.com/prompt-gallery/personal-monthly-budget-planner-prompt","200","en","prompt","62","83","617","false","","false","false","true","false","0","false","Answer|BreadcrumbList|ContactPoint|FAQPage|ListItem|Organization|Question|WebSite","","191","1","23","9","0","true","{}","Personal Monthly Budget Planner Prompt"
"/prompt-gallery/personalized-study-plan-generator-prompt","https://www.marqly.com/prompt-gallery/personalized-study-plan-generator-prompt","200","en","prompt","64","85","617","false","","false","false","true","false","0","false","Answer|BreadcrumbList|ContactPoint|FAQPage|ListItem|Organization|Question|WebSite","","190","1","23","9","0","true","{}","Personalized Study Plan Generator Prompt"
"/prompt-gallery/personalized-travel-itinerary-prompt","https://www.marqly.com/prompt-gallery/personalized-travel-itinerary-prompt","200","en","prompt","60","76","623","false","","false","false","true","false","0","false","Answer|BreadcrumbList|ContactPoint|FAQPage|ListItem|Organization|Question|WebSite","","191","1","24","9","0","true","{}","Personalized Travel Itinerary Prompt"
"/prompt-gallery/persuasive-email-newsletter-prompt","https://www.marqly.com/prompt-gallery/persuasive-email-newsletter-prompt","200","en","prompt","58","88","620","false","","false","false","true","false","0","false","Answer|BreadcrumbList|ContactPoint|FAQPage|ListItem|Organization|Question|WebSite","","191","1","23","9","0","true","{}","Persuasive Email Newsletter Prompt"
"/prompt-gallery/pinterest-pin-description-prompt","https://www.marqly.com/prompt-gallery/pinterest-pin-description-prompt","200","en","prompt","56","128","578","false","","false","false","true","false","0","false","Answer|BreadcrumbList|ContactPoint|FAQPage|ListItem|Organization|Question|WebSite","","190","1","27","9","0","true","{}","Pinterest Pin Description Prompt"
"/prompt-gallery/podcast-ad-script-prompt","https://www.marqly.com/prompt-gallery/podcast-ad-script-prompt","200","en","prompt","48","126","596","false","","false","false","true","false","0","false","Answer|BreadcrumbList|ContactPoint|FAQPage|ListItem|Organization|Question|WebSite","","191","1","28","9","0","true","{}","Podcast Ad Script Prompt"
"/prompt-gallery/podcast-show-notes-prompt","https://www.marqly.com/prompt-gallery/podcast-show-notes-prompt","200","en","prompt","49","127","597","false","","false","false","true","false","0","false","Answer|BreadcrumbList|ContactPoint|FAQPage|ListItem|Organization|Question|WebSite","","191","1","28","9","0","true","{}","Podcast Show Notes Prompt"
"/prompt-gallery/poetry-generator-prompt","https://www.marqly.com/prompt-gallery/poetry-generator-prompt","200","en","prompt","47","127","591","false","","false","false","true","false","0","false","Answer|BreadcrumbList|ContactPoint|FAQPage|ListItem|Organization|Question|WebSite","","191","1","25","9","0","true","{}","Poetry Generator Prompt"
"/prompt-gallery/press-release-generator-prompt","https://www.marqly.com/prompt-gallery/press-release-generator-prompt","200","en","prompt","54","132","597","false","","false","false","true","false","0","false","Answer|BreadcrumbList|ContactPoint|FAQPage|ListItem|Organization|Question|WebSite","","191","1","28","9","0","true","{}","Press Release Generator Prompt"
"/prompt-gallery/pricing-sensitivity-analyzer-prompt","https://www.marqly.com/prompt-gallery/pricing-sensitivity-analyzer-prompt","200","en","prompt","59","137","583","false","","false","false","true","false","0","false","Answer|BreadcrumbList|ContactPoint|FAQPage|ListItem|Organization|Question|WebSite","","189","1","27","9","0","true","{}","Pricing Sensitivity Analyzer Prompt"
"/prompt-gallery/product-comparison-article-prompt","https://www.marqly.com/prompt-gallery/product-comparison-article-prompt","200","en","prompt","57","135","597","false","","false","false","true","false","0","false","Answer|BreadcrumbList|ContactPoint|FAQPage|ListItem|Organization|Question|WebSite","","191","1","28","9","0","true","{}","Product Comparison Article Prompt"
"/prompt-gallery/project-plan-with-milestones-prompt","https://www.marqly.com/prompt-gallery/project-plan-with-milestones-prompt","200","en","prompt","59","80","616","false","","false","false","true","false","0","false","Answer|BreadcrumbList|ContactPoint|FAQPage|ListItem|Organization|Question|WebSite","","191","1","23","9","0","true","{}","Project Plan with Milestones Prompt"
"/prompt-gallery/prompt-chaining-workflow-prompt","https://www.marqly.com/prompt-gallery/prompt-chaining-workflow-prompt","200","en","prompt","55","91","596","false","","false","false","true","false","0","false","Answer|BreadcrumbList|ContactPoint|FAQPage|ListItem|Organization|Question|WebSite","","191","1","23","9","0","true","{}","Prompt Chaining Workflow Prompt"
"/prompt-gallery/prompt-compression-prompt","https://www.marqly.com/prompt-gallery/prompt-compression-prompt","200","en","prompt","49","128","552","false","","false","false","true","false","0","false","Answer|BreadcrumbList|ContactPoint|FAQPage|ListItem|Organization|Question|WebSite","","191","1","27","9","0","true","{}","Prompt Compression Prompt"
"/prompt-gallery/pull-request-code-review-prompt","https://www.marqly.com/prompt-gallery/pull-request-code-review-prompt","200","en","prompt","55","78","604","false","","false","false","true","false","0","false","Answer|BreadcrumbList|ContactPoint|FAQPage|ListItem|Organization|Question|WebSite","","190","1","24","9","0","true","{}","Pull Request Code Review Prompt"
"/prompt-gallery/quarterly-review-prompt","https://www.marqly.com/prompt-gallery/quarterly-review-prompt","200","en","prompt","47","126","597","false","","false","false","true","false","0","false","Answer|BreadcrumbList|ContactPoint|FAQPage|ListItem|Organization|Question|WebSite","","191","1","28","9","0","true","{}","Quarterly Review Prompt"
"/prompt-gallery/quiz-generator-from-notes-prompt","https://www.marqly.com/prompt-gallery/quiz-generator-from-notes-prompt","200","en","prompt","56","87","606","false","","false","false","true","false","0","false","Answer|BreadcrumbList|ContactPoint|FAQPage|ListItem|Organization|Question|WebSite","","190","1","23","9","0","true","{}","Quiz Generator from Notes Prompt"
"/prompt-gallery/react-problem-solving-prompt","https://www.marqly.com/prompt-gallery/react-problem-solving-prompt","200","en","prompt","52","131","555","false","","false","false","true","false","0","false","Answer|BreadcrumbList|ContactPoint|FAQPage|ListItem|Organization|Question|WebSite","","191","1","27","9","0","true","{}","ReAct Problem Solving Prompt"
"/prompt-gallery/recipe-inventor-prompt","https://www.marqly.com/prompt-gallery/recipe-inventor-prompt","200","en","prompt","46","126","591","false","","false","false","true","false","0","false","Answer|BreadcrumbList|ContactPoint|FAQPage|ListItem|Organization|Question|WebSite","","191","1","25","9","0","true","{}","Recipe Inventor Prompt"
"/prompt-gallery/reddit-ama-outline-prompt","https://www.marqly.com/prompt-gallery/reddit-ama-outline-prompt","200","en","prompt","49","121","578","false","","false","false","true","false","0","false","Answer|BreadcrumbList|ContactPoint|FAQPage|ListItem|Organization|Question|WebSite","","190","1","27","9","0","true","{}","Reddit AMA Outline Prompt"
"/prompt-gallery/refactor-for-readability-prompt","https://www.marqly.com/prompt-gallery/refactor-for-readability-prompt","200","en","prompt","55","75","598","false","","false","false","true","false","0","false","Answer|BreadcrumbList|ContactPoint|FAQPage|ListItem|Organization|Question|WebSite","","190","1","24","9","0","true","{}","Refactor for Readability Prompt"
"/prompt-gallery/reflective-journaling-prompt","https://www.marqly.com/prompt-gallery/reflective-journaling-prompt","200","en","prompt","52","72","588","false","","false","false","true","false","0","false","Answer|BreadcrumbList|ContactPoint|FAQPage|ListItem|Organization|Question|WebSite","","191","1","23","9","0","true","{}","Reflective Journaling Prompt"
"/prompt-gallery/regex-generator-prompt","https://www.marqly.com/prompt-gallery/regex-generator-prompt","200","en","prompt","46","126","577","false","","false","false","true","false","0","false","Answer|BreadcrumbList|ContactPoint|FAQPage|ListItem|Organization|Question|WebSite","","190","1","28","9","0","true","{}","Regex Generator Prompt"
"/prompt-gallery/remote-team-icebreaker-prompt","https://www.marqly.com/prompt-gallery/remote-team-icebreaker-prompt","200","en","prompt","53","132","600","false","","false","false","true","false","0","false","Answer|BreadcrumbList|ContactPoint|FAQPage|ListItem|Organization|Question|WebSite","","191","1","28","9","0","true","{}","Remote Team Icebreaker Prompt"
"/prompt-gallery/research-gap-finder-prompt","https://www.marqly.com/prompt-gallery/research-gap-finder-prompt","200","en","prompt","50","132","591","false","","false","false","true","false","0","false","Answer|BreadcrumbList|ContactPoint|FAQPage|ListItem|Organization|Question|WebSite","","190","1","28","9","0","true","{}","Research Gap Finder Prompt"
"/prompt-gallery/research-paper-critique-prompt","https://www.marqly.com/prompt-gallery/research-paper-critique-prompt","200","en","prompt","54","136","591","false","","false","false","true","false","0","false","Answer|BreadcrumbList|ContactPoint|FAQPage|ListItem|Organization|Question|WebSite","","190","1","28","9","0","true","{}","Research Paper Critique Prompt"
"/prompt-gallery/research-source-verification-checklist-prompt","https://www.marqly.com/prompt-gallery/research-source-verification-checklist-prompt","200","en","prompt","69","79","618","false","","false","false","true","false","0","false","Answer|BreadcrumbList|ContactPoint|FAQPage|ListItem|Organization|Question|WebSite","","190","1","24","9","0","true","{}","Research Source Verification Checklist Prompt"
"/prompt-gallery/resume-bullet-optimizer-prompt","https://www.marqly.com/prompt-gallery/resume-bullet-optimizer-prompt","200","en","prompt","54","79","622","false","","false","false","true","false","0","false","Answer|BreadcrumbList|ContactPoint|FAQPage|ListItem|Organization|Question|WebSite","","191","1","23","9","0","true","{}","Resume Bullet Optimizer Prompt"
"/prompt-gallery/retargeting-ad-copy-prompt","https://www.marqly.com/prompt-gallery/retargeting-ad-copy-prompt","200","en","prompt","50","128","596","false","","false","false","true","false","0","false","Answer|BreadcrumbList|ContactPoint|FAQPage|ListItem|Organization|Question|WebSite","","191","1","28","9","0","true","{}","Retargeting Ad Copy Prompt"
"/prompt-gallery/risk-assessment-matrix-prompt","https://www.marqly.com/prompt-gallery/risk-assessment-matrix-prompt","200","en","prompt","53","131","583","false","","false","false","true","false","0","false","Answer|BreadcrumbList|ContactPoint|FAQPage|ListItem|Organization|Question|WebSite","","189","1","27","9","0","true","{}","Risk Assessment Matrix Prompt"
"/prompt-gallery/role-or-persona-prompt-template","https://www.marqly.com/prompt-gallery/role-or-persona-prompt-template","200","en","prompt","55","72","577","false","","false","false","true","false","0","false","Answer|BreadcrumbList|ContactPoint|FAQPage|ListItem|Organization|Question|WebSite","","191","1","23","9","0","true","{}","Role or Persona Prompt Template"
"/prompt-gallery/root-cause-analysis-prompt","https://www.marqly.com/prompt-gallery/root-cause-analysis-prompt","200","en","prompt","50","128","583","false","","false","false","true","false","0","false","Answer|BreadcrumbList|ContactPoint|FAQPage|ListItem|Organization|Question|WebSite","","189","1","27","9","0","true","{}","Root Cause Analysis Prompt"
"/prompt-gallery/sales-forecast-from-historical-data-prompt","https://www.marqly.com/prompt-gallery/sales-forecast-from-historical-data-prompt","200","en","prompt","66","144","589","false","","false","false","true","false","0","false","Answer|BreadcrumbList|ContactPoint|FAQPage|ListItem|Organization|Question|WebSite","","189","1","27","9","0","true","{}","Sales Forecast from Historical Data Prompt"
"/prompt-gallery/scandinavian-interior-design-visualization-prompt","https://www.marqly.com/prompt-gallery/scandinavian-interior-design-visualization-prompt","200","en","prompt","73","95","641","false","","false","false","true","false","0","false","Answer|BreadcrumbList|ContactPoint|FAQPage|ListItem|Organization|Question|WebSite","","190","1","24","9","0","true","{}","Scandinavian Interior Design Visualization Prompt"
"/prompt-gallery/sci-fi-spaceship-interior-prompt","https://www.marqly.com/prompt-gallery/sci-fi-spaceship-interior-prompt","200","en","prompt","56","143","595","false","","false","false","true","false","0","false","Answer|BreadcrumbList|ContactPoint|FAQPage|ListItem|Organization|Question|WebSite","","190","1","28","9","0","true","{}","Sci-Fi Spaceship Interior Prompt"
"/prompt-gallery/seasonal-campaign-brief-prompt","https://www.marqly.com/prompt-gallery/seasonal-campaign-brief-prompt","200","en","prompt","54","132","596","false","","false","false","true","false","0","false","Answer|BreadcrumbList|ContactPoint|FAQPage|ListItem|Organization|Question|WebSite","","191","1","28","9","0","true","{}","Seasonal Campaign Brief Prompt"
"/prompt-gallery/security-audit-checklist-prompt","https://www.marqly.com/prompt-gallery/security-audit-checklist-prompt","200","en","prompt","55","135","580","false","","false","false","true","false","0","false","Answer|BreadcrumbList|ContactPoint|FAQPage|ListItem|Organization|Question|WebSite","","190","1","28","9","0","true","{}","Security Audit Checklist Prompt"
"/prompt-gallery/self-consistency-check-prompt","https://www.marqly.com/prompt-gallery/self-consistency-check-prompt","200","en","prompt","53","132","552","false","","false","false","true","false","0","false","Answer|BreadcrumbList|ContactPoint|FAQPage|ListItem|Organization|Question|WebSite","","191","1","27","9","0","true","{}","Self-Consistency Check Prompt"
"/prompt-gallery/sentiment-trend-over-time-prompt","https://www.marqly.com/prompt-gallery/sentiment-trend-over-time-prompt","200","en","prompt","56","134","586","false","","false","false","true","false","0","false","Answer|BreadcrumbList|ContactPoint|FAQPage|ListItem|Organization|Question|WebSite","","189","1","27","9","0","true","{}","Sentiment Trend Over Time Prompt"
"/prompt-gallery/seo-blog-post-outline-generator-prompt","https://www.marqly.com/prompt-gallery/seo-blog-post-outline-generator-prompt","200","en","prompt","62","99","630","false","","false","false","true","false","0","false","Answer|BreadcrumbList|ContactPoint|FAQPage|ListItem|Organization|Question|WebSite","","191","1","23","9","0","true","{}","SEO Blog Post Outline Generator Prompt"
"/prompt-gallery/seo-content-brief-builder-prompt","https://www.marqly.com/prompt-gallery/seo-content-brief-builder-prompt","200","en","prompt","56","87","634","false","","false","false","true","false","0","false","Answer|BreadcrumbList|ContactPoint|FAQPage|ListItem|Organization|Question|WebSite","","191","1","23","9","0","true","{}","SEO Content Brief Builder Prompt"
"/prompt-gallery/social-media-bio-rewrite-prompt","https://www.marqly.com/prompt-gallery/social-media-bio-rewrite-prompt","200","en","prompt","55","127","581","false","","false","false","true","false","0","false","Answer|BreadcrumbList|ContactPoint|FAQPage|ListItem|Organization|Question|WebSite","","190","1","27","9","0","true","{}","Social Media Bio Rewrite Prompt"
"/prompt-gallery/social-media-crisis-response-prompt","https://www.marqly.com/prompt-gallery/social-media-crisis-response-prompt","200","en","prompt","59","131","581","false","","false","false","true","false","0","false","Answer|BreadcrumbList|ContactPoint|FAQPage|ListItem|Organization|Question|WebSite","","190","1","27","9","0","true","{}","Social Media Crisis Response Prompt"
"/prompt-gallery/song-lyrics-prompt","https://www.marqly.com/prompt-gallery/song-lyrics-prompt","200","en","prompt","42","122","591","false","","false","false","true","false","0","false","Answer|BreadcrumbList|ContactPoint|FAQPage|ListItem|Organization|Question|WebSite","","191","1","25","9","0","true","{}","Song Lyrics Prompt"
"/prompt-gallery/source-synthesis-matrix-prompt","https://www.marqly.com/prompt-gallery/source-synthesis-matrix-prompt","200","en","prompt","54","136","591","false","","false","false","true","false","0","false","Answer|BreadcrumbList|ContactPoint|FAQPage|ListItem|Organization|Question|WebSite","","190","1","28","9","0","true","{}","Source Synthesis Matrix Prompt"
"/prompt-gallery/speech-opening-prompt","https://www.marqly.com/prompt-gallery/speech-opening-prompt","200","en","prompt","45","123","594","false","","false","false","true","false","0","false","Answer|BreadcrumbList|ContactPoint|FAQPage|ListItem|Organization|Question|WebSite","","191","1","28","9","0","true","{}","Speech Opening Prompt"
"/prompt-gallery/sports-action-hero-poster-prompt","https://www.marqly.com/prompt-gallery/sports-action-hero-poster-prompt","200","en","prompt","56","143","598","false","","false","false","true","false","0","false","Answer|BreadcrumbList|ContactPoint|FAQPage|ListItem|Organization|Question|WebSite","","190","1","28","9","0","true","{}","Sports Action Hero Poster Prompt"
"/prompt-gallery/sql-query-optimizer-prompt","https://www.marqly.com/prompt-gallery/sql-query-optimizer-prompt","200","en","prompt","50","130","580","false","","false","false","true","false","0","false","Answer|BreadcrumbList|ContactPoint|FAQPage|ListItem|Organization|Question|WebSite","","190","1","28","9","0","true","{}","SQL Query Optimizer Prompt"
"/prompt-gallery/stable-diffusion-prompt-for-minimalist-wallpapers","https://www.marqly.com/prompt-gallery/stable-diffusion-prompt-for-minimalist-wallpapers","200","en","prompt","73","160","593","false","","false","false","true","false","0","false","Answer|BreadcrumbList|ContactPoint|FAQPage|ListItem|Organization|Question|WebSite","","190","1","24","9","0","true","{}","Stable Diffusion Prompt for Minimalist Wallpapers"
"/prompt-gallery/stable-diffusion-prompt-for-neon-cyberpunk-scenes","https://www.marqly.com/prompt-gallery/stable-diffusion-prompt-for-neon-cyberpunk-scenes","200","en","prompt","73","160","596","false","","false","false","true","false","0","false","Answer|BreadcrumbList|ContactPoint|FAQPage|ListItem|Organization|Question|WebSite","","190","1","24","9","0","true","{}","Stable Diffusion Prompt for Neon Cyberpunk Scenes"
"/prompt-gallery/standard-operating-procedure-sop-writer-prompt","https://www.marqly.com/prompt-gallery/standard-operating-procedure-sop-writer-prompt","200","en","prompt","72","82","630","false","","false","false","true","false","0","false","Answer|BreadcrumbList|ContactPoint|FAQPage|ListItem|Organization|Question|WebSite","","191","1","23","9","0","true","{}","Standard Operating Procedure (SOP) Writer Prompt"
"/prompt-gallery/statistical-concept-explainer-prompt","https://www.marqly.com/prompt-gallery/statistical-concept-explainer-prompt","200","en","prompt","60","142","591","false","","false","false","true","false","0","false","Answer|BreadcrumbList|ContactPoint|FAQPage|ListItem|Organization|Question|WebSite","","190","1","28","9","0","true","{}","Statistical Concept Explainer Prompt"
"/prompt-gallery/step-by-step-tutorial-prompt","https://www.marqly.com/prompt-gallery/step-by-step-tutorial-prompt","200","en","prompt","52","81","582","false","","false","false","true","false","0","false","Answer|BreadcrumbList|ContactPoint|FAQPage|ListItem|Organization|Question|WebSite","","191","1","23","9","0","true","{}","Step-by-Step Tutorial Prompt"
"/prompt-gallery/study-timetable-builder-prompt","https://www.marqly.com/prompt-gallery/study-timetable-builder-prompt","200","en","prompt","54","136","591","false","","false","false","true","false","0","false","Answer|BreadcrumbList|ContactPoint|FAQPage|ListItem|Organization|Question|WebSite","","190","1","28","9","0","true","{}","Study Timetable Builder Prompt"
"/prompt-gallery/style-transfer-rewrite-prompt","https://www.marqly.com/prompt-gallery/style-transfer-rewrite-prompt","200","en","prompt","53","132","555","false","","false","false","true","false","0","false","Answer|BreadcrumbList|ContactPoint|FAQPage|ListItem|Organization|Question|WebSite","","191","1","27","9","0","true","{}","Style Transfer Rewrite Prompt"
"/prompt-gallery/survey-results-summarizer-prompt","https://www.marqly.com/prompt-gallery/survey-results-summarizer-prompt","200","en","prompt","56","134","583","false","","false","false","true","false","0","false","Answer|BreadcrumbList|ContactPoint|FAQPage|ListItem|Organization|Question|WebSite","","189","1","27","9","0","true","{}","Survey Results Summarizer Prompt"
"/prompt-gallery/swot-analysis-generator-prompt","https://www.marqly.com/prompt-gallery/swot-analysis-generator-prompt","200","en","prompt","54","76","581","false","","false","false","true","false","0","false","Answer|BreadcrumbList|ContactPoint|FAQPage|ListItem|Organization|Question|WebSite","","189","1","23","9","0","true","{}","SWOT Analysis Generator Prompt"
"/prompt-gallery/system-prompt-hardening-prompt","https://www.marqly.com/prompt-gallery/system-prompt-hardening-prompt","200","en","prompt","54","133","555","false","","false","false","true","false","0","false","Answer|BreadcrumbList|ContactPoint|FAQPage|ListItem|Organization|Question|WebSite","","191","1","27","9","0","true","{}","System Prompt Hardening Prompt"
"/prompt-gallery/tailored-cover-letter-prompt","https://www.marqly.com/prompt-gallery/tailored-cover-letter-prompt","200","en","prompt","52","88","623","false","","false","false","true","false","0","false","Answer|BreadcrumbList|ContactPoint|FAQPage|ListItem|Organization|Question|WebSite","","191","1","23","9","0","true","{}","Tailored Cover Letter Prompt"
"/prompt-gallery/tech-gadget-mockup-prompt","https://www.marqly.com/prompt-gallery/tech-gadget-mockup-prompt","200","en","prompt","49","136","595","false","","false","false","true","false","0","false","Answer|BreadcrumbList|ContactPoint|FAQPage|ListItem|Organization|Question|WebSite","","190","1","28","9","0","true","{}","Tech Gadget Mockup Prompt"
"/prompt-gallery/technical-documentation-rewrite-prompt","https://www.marqly.com/prompt-gallery/technical-documentation-rewrite-prompt","200","en","prompt","62","140","597","false","","false","false","true","false","0","false","Answer|BreadcrumbList|ContactPoint|FAQPage|ListItem|Organization|Question|WebSite","","191","1","28","9","0","true","{}","Technical Documentation Rewrite Prompt"
"/prompt-gallery/text-classification-labels-prompt","https://www.marqly.com/prompt-gallery/text-classification-labels-prompt","200","en","prompt","57","135","583","false","","false","false","true","false","0","false","Answer|BreadcrumbList|ContactPoint|FAQPage|ListItem|Organization|Question|WebSite","","189","1","27","9","0","true","{}","Text Classification Labels Prompt"
"/prompt-gallery/thesis-statement-refiner-prompt","https://www.marqly.com/prompt-gallery/thesis-statement-refiner-prompt","200","en","prompt","55","137","591","false","","false","false","true","false","0","false","Answer|BreadcrumbList|ContactPoint|FAQPage|ListItem|Organization|Question|WebSite","","190","1","28","9","0","true","{}","Thesis Statement Refiner Prompt"
"/prompt-gallery/tiktok-hook-generator-prompt","https://www.marqly.com/prompt-gallery/tiktok-hook-generator-prompt","200","en","prompt","52","73","603","false","","false","false","true","false","0","false","Answer|BreadcrumbList|ContactPoint|FAQPage|ListItem|Organization|Question|WebSite","","190","1","23","9","0","true","{}","TikTok Hook Generator Prompt"
"/prompt-gallery/tiktok-script-outline-prompt","https://www.marqly.com/prompt-gallery/tiktok-script-outline-prompt","200","en","prompt","52","124","578","false","","false","false","true","false","0","false","Answer|BreadcrumbList|ContactPoint|FAQPage|ListItem|Organization|Question|WebSite","","190","1","27","9","0","true","{}","TikTok Script Outline Prompt"
"/prompt-gallery/time-blocking-schedule-prompt","https://www.marqly.com/prompt-gallery/time-blocking-schedule-prompt","200","en","prompt","53","132","600","false","","false","false","true","false","0","false","Answer|BreadcrumbList|ContactPoint|FAQPage|ListItem|Organization|Question|WebSite","","191","1","28","9","0","true","{}","Time Blocking Schedule Prompt"
"/prompt-gallery/travel-bucket-list-prompt","https://www.marqly.com/prompt-gallery/travel-bucket-list-prompt","200","en","prompt","49","129","594","false","","false","false","true","false","0","false","Answer|BreadcrumbList|ContactPoint|FAQPage|ListItem|Organization|Question|WebSite","","191","1","25","9","0","true","{}","Travel Bucket List Prompt"
"/prompt-gallery/travel-itinerary-optimizer-prompt","https://www.marqly.com/prompt-gallery/travel-itinerary-optimizer-prompt","200","en","prompt","57","136","600","false","","false","false","true","false","0","false","Answer|BreadcrumbList|ContactPoint|FAQPage|ListItem|Organization|Question|WebSite","","191","1","28","9","0","true","{}","Travel Itinerary Optimizer Prompt"
"/prompt-gallery/tree-of-thoughts-decision-prompt","https://www.marqly.com/prompt-gallery/tree-of-thoughts-decision-prompt","200","en","prompt","56","135","558","false","","false","false","true","false","0","false","Answer|BreadcrumbList|ContactPoint|FAQPage|ListItem|Organization|Question|WebSite","","191","1","27","9","0","true","{}","Tree of Thoughts Decision Prompt"
"/prompt-gallery/twitter-x-poll-thread-prompt","https://www.marqly.com/prompt-gallery/twitter-x-poll-thread-prompt","200","en","prompt","52","124","578","false","","false","false","true","false","0","false","Answer|BreadcrumbList|ContactPoint|FAQPage|ListItem|Organization|Question|WebSite","","190","1","27","9","0","true","{}","Twitter/X Poll Thread Prompt"
"/prompt-gallery/twitterx-thread-prompt","https://www.marqly.com/prompt-gallery/twitterx-thread-prompt","200","en","prompt","47","78","602","false","","false","false","true","false","0","false","Answer|BreadcrumbList|ContactPoint|FAQPage|ListItem|Organization|Question|WebSite","","190","1","23","9","0","true","{}","Twitter/X Thread Prompt"
"/prompt-gallery/unit-test-suite-generator-prompt","https://www.marqly.com/prompt-gallery/unit-test-suite-generator-prompt","200","en","prompt","56","78","607","false","","false","false","true","false","0","false","Answer|BreadcrumbList|ContactPoint|FAQPage|ListItem|Organization|Question|WebSite","","190","1","24","9","0","true","{}","Unit Test Suite Generator Prompt"
"/prompt-gallery/user-generated-content-reshare-caption-prompt","https://www.marqly.com/prompt-gallery/user-generated-content-reshare-caption-prompt","200","en","prompt","69","80","603","false","","false","false","true","false","0","false","Answer|BreadcrumbList|ContactPoint|FAQPage|ListItem|Organization|Question|WebSite","","190","1","23","9","0","true","{}","User-Generated Content Reshare Caption Prompt"
"/prompt-gallery/video-script-hook-prompt","https://www.marqly.com/prompt-gallery/video-script-hook-prompt","200","en","prompt","48","126","597","false","","false","false","true","false","0","false","Answer|BreadcrumbList|ContactPoint|FAQPage|ListItem|Organization|Question|WebSite","","191","1","28","9","0","true","{}","Video Script Hook Prompt"
"/prompt-gallery/vintage-movie-poster-prompt","https://www.marqly.com/prompt-gallery/vintage-movie-poster-prompt","200","en","prompt","51","138","595","false","","false","false","true","false","0","false","Answer|BreadcrumbList|ContactPoint|FAQPage|ListItem|Organization|Question|WebSite","","190","1","28","9","0","true","{}","Vintage Movie Poster Prompt"
"/prompt-gallery/viral-meme-caption-prompt","https://www.marqly.com/prompt-gallery/viral-meme-caption-prompt","200","en","prompt","49","121","578","false","","false","false","true","false","0","false","Answer|BreadcrumbList|ContactPoint|FAQPage|ListItem|Organization|Question|WebSite","","190","1","27","9","0","true","{}","Viral Meme Caption Prompt"
"/prompt-gallery/vision-board-description-prompt","https://www.marqly.com/prompt-gallery/vision-board-description-prompt","200","en","prompt","55","135","594","false","","false","false","true","false","0","false","Answer|BreadcrumbList|ContactPoint|FAQPage|ListItem|Organization|Question|WebSite","","191","1","25","9","0","true","{}","Vision Board Description Prompt"
"/prompt-gallery/watercolor-botanical-print-prompt","https://www.marqly.com/prompt-gallery/watercolor-botanical-print-prompt","200","en","prompt","57","144","595","false","","false","false","true","false","0","false","Answer|BreadcrumbList|ContactPoint|FAQPage|ListItem|Organization|Question|WebSite","","190","1","28","9","0","true","{}","Watercolor Botanical Print Prompt"
"/prompt-gallery/weekly-meal-plan-grocery-list-prompt","https://www.marqly.com/prompt-gallery/weekly-meal-plan-grocery-list-prompt","200","en","prompt","62","83","618","false","","false","false","true","false","0","false","Answer|BreadcrumbList|ContactPoint|FAQPage|ListItem|Organization|Question|WebSite","","191","1","23","9","0","true","{}","Weekly Meal Plan & Grocery List Prompt"
"/prompt-gallery/weekly-review-prioritization-prompt","https://www.marqly.com/prompt-gallery/weekly-review-prioritization-prompt","200","en","prompt","61","84","630","false","","false","false","true","false","0","false","Answer|BreadcrumbList|ContactPoint|FAQPage|ListItem|Organization|Question|WebSite","","191","1","23","9","0","true","{}","Weekly Review & Prioritization Prompt"
"/prompt-gallery/weighted-decision-matrix-prompt","https://www.marqly.com/prompt-gallery/weighted-decision-matrix-prompt","200","en","prompt","55","80","624","false","","false","false","true","false","0","false","Answer|BreadcrumbList|ContactPoint|FAQPage|ListItem|Organization|Question|WebSite","","191","1","23","9","0","true","{}","Weighted Decision Matrix Prompt"
"/prompt-gallery/white-paper-outline-prompt","https://www.marqly.com/prompt-gallery/white-paper-outline-prompt","200","en","prompt","50","128","597","false","","false","false","true","false","0","false","Answer|BreadcrumbList|ContactPoint|FAQPage|ListItem|Organization|Question|WebSite","","191","1","28","9","0","true","{}","White Paper Outline Prompt"
"/prompt-gallery/year-in-review-blog-post-prompt","https://www.marqly.com/prompt-gallery/year-in-review-blog-post-prompt","200","en","prompt","55","133","603","false","","false","false","true","false","0","false","Answer|BreadcrumbList|ContactPoint|FAQPage|ListItem|Organization|Question|WebSite","","191","1","28","9","0","true","{}","Year in Review Blog Post Prompt"
"/prompt-gallery/youtube-shorts-script-prompt","https://www.marqly.com/prompt-gallery/youtube-shorts-script-prompt","200","en","prompt","52","124","578","false","","false","false","true","false","0","false","Answer|BreadcrumbList|ContactPoint|FAQPage|ListItem|Organization|Question|WebSite","","190","1","27","9","0","true","{}","YouTube Shorts Script Prompt"
"/prompt-gallery/youtube-thumbnail-title-prompt","https://www.marqly.com/prompt-gallery/youtube-thumbnail-title-prompt","200","en","prompt","54","126","578","false","","false","false","true","false","0","false","Answer|BreadcrumbList|ContactPoint|FAQPage|ListItem|Organization|Question|WebSite","","190","1","27","9","0","true","{}","YouTube Thumbnail Title Prompt"
"/prompt-gallery/youtube-video-script-prompt","https://www.marqly.com/prompt-gallery/youtube-video-script-prompt","200","en","prompt","51","71","619","false","","false","false","true","false","0","false","Answer|BreadcrumbList|ContactPoint|FAQPage|ListItem|Organization|Question|WebSite","","190","1","23","9","0","true","{}","YouTube Video Script Prompt"
"/pt","https://www.marqly.com/pt","200","pt","locale-home","40","152","1281","false","0.38","true","false","true","false","21","true","AggregateOffer|Answer|BreadcrumbList|ContactPoint|FAQPage|ListItem|Organization|Question|SoftwareApplication|WebSite","Organization","99","1913","22","9","0","true","{}","O gerenciador de favoritos que lembra por você"
"/pt/alternativas/evernote","https://www.marqly.com/pt/alternativas/evernote","200","pt","locale-lander","65","141","944","false","0.49","true","false","true","false","21","true","AggregateOffer|Answer|BreadcrumbList|ContactPoint|FAQPage|ListItem|Organization|Question|SoftwareApplication|WebSite","Organization","96","104","22","9","0","true","{}","Alternativas ao Evernote, começando por quanto do Evernote você usa de verdade"
"/pt/alternativas/instapaper","https://www.marqly.com/pt/alternativas/instapaper","200","pt","locale-lander","63","142","827","false","0.43","true","false","true","false","21","true","AggregateOffer|Answer|BreadcrumbList|ContactPoint|FAQPage|ListItem|Organization|Question|SoftwareApplication|WebSite","Organization","96","104","22","9","0","true","{}","Alternativas ao Instapaper, conforme o que está faltando"
"/pt/alternativas/notion","https://www.marqly.com/pt/alternativas/notion","200","pt","locale-lander","51","140","865","false","0.44","true","false","true","false","21","true","AggregateOffer|Answer|BreadcrumbList|ContactPoint|FAQPage|ListItem|Organization|Question|SoftwareApplication|WebSite","Organization","96","104","22","9","0","true","{}","Alternativas ao Notion quando seu banco de links virou depósito"
"/pt/alternativas/pocket","https://www.marqly.com/pt/alternativas/pocket","200","pt","locale-lander","51","143","1079","false","0.66","false","false","true","false","21","true","AggregateOffer|Answer|BreadcrumbList|ContactPoint|FAQPage|ListItem|Organization|Question|SoftwareApplication|WebSite","Organization","96","104","22","9","0","true","{}","Alternativas ao Pocket, conforme o uso que você fazia dele"
"/pt/alternativas/raindrop","https://www.marqly.com/pt/alternativas/raindrop","200","pt","locale-lander","58","149","908","false","0.45","true","false","true","false","21","true","AggregateOffer|Answer|BreadcrumbList|ContactPoint|FAQPage|ListItem|Organization|Question|SoftwareApplication|WebSite","Organization","96","104","22","9","0","true","{}","Alternativas ao Raindrop.io, conforme o motivo de você estar saindo"
"/pt/blog","https://www.marqly.com/pt/blog","200","pt","locale-blog-index","63","157","1927","false","2.48","false","false","true","false","21","true","Blog|BlogPosting","","133","104","17","36","0","true","{""datePublished"":""2026-08-02""}","Salve com método. Encontre tudo."
"/pt/blog/a-ia-pode-organizar-meus-favoritos-2026","https://www.marqly.com/pt/blog/a-ia-pode-organizar-meus-favoritos-2026","200","pt","locale-blog","67","161","452","false","0.46","true","false","true","false","21","true","AggregateOffer|Answer|BlogPosting|BreadcrumbList|ContactPoint|FAQPage|ImageObject|ListItem|Organization|Question|SoftwareApplication|WebPage","Organization","97","1","18","10","0","true","{""datePublished"":""2026-05-16"",""dateModified"":""2026-09-07""}","A IA pode organizar meus favoritos automaticamente? Sim — veja como"
"/pt/blog/alternativa-ao-notion-web-clipper-2026","https://www.marqly.com/pt/blog/alternativa-ao-notion-web-clipper-2026","200","pt","locale-blog","57","155","509","false","0.59","false","false","true","false","21","true","AggregateOffer|Answer|BlogPosting|BreadcrumbList|ContactPoint|FAQPage|ImageObject|ListItem|Organization|Question|SoftwareApplication|WebPage","Organization","101","1","19","10","0","true","{""datePublished"":""2026-04-04"",""dateModified"":""2026-09-07""}","A melhor alternativa ao Notion Web Clipper para salvar e achar artigos (2026)"
"/pt/blog/alternativas-ao-pocket-2026","https://www.marqly.com/pt/blog/alternativas-ao-pocket-2026","200","pt","locale-blog","61","150","3264","false","1.02","false","false","true","false","21","true","AggregateOffer|Answer|BlogPosting|BreadcrumbList|ContactPoint|FAQPage|ImageObject|ListItem|Organization|Question|SoftwareApplication|WebPage","Organization","107","12","20","10","0","true","{""datePublished"":""2026-05-12"",""dateModified"":""2026-06-23""}","As 8 melhores alternativas ao Pocket em 2026 (após o encerramento pela Mozilla)"
"/pt/blog/analise-instapaper-2026","https://www.marqly.com/pt/blog/analise-instapaper-2026","200","pt","locale-blog","52","143","222","true","0.13","true","false","true","false","21","true","AggregateOffer|Answer|BlogPosting|BreadcrumbList|ContactPoint|FAQPage|ImageObject|ListItem|Organization|Question|SoftwareApplication|WebPage","Organization","99","104","19","9","0","true","{""datePublished"":""2026-08-02"",""dateModified"":""2026-08-02""}","Avaliação do Instapaper 2026: A leitura mais limpa, agora pelo dobro do preço"
"/pt/blog/analise-karakeep-2026","https://www.marqly.com/pt/blog/analise-karakeep-2026","200","pt","locale-blog","64","136","199","true","0.12","true","false","true","false","21","true","AggregateOffer|Answer|BlogPosting|BreadcrumbList|ContactPoint|FAQPage|ImageObject|ListItem|Organization|Question|SoftwareApplication|WebPage","Organization","99","104","19","9","0","true","{""datePublished"":""2026-08-02"",""dateModified"":""2026-08-02""}","Avaliação do Karakeep 2026: O app de favoritos auto-hospedado com IA real"
"/pt/blog/analise-linkwarden-2026","https://www.marqly.com/pt/blog/analise-linkwarden-2026","200","pt","locale-blog","61","134","194","true","0.12","true","false","true","false","21","true","AggregateOffer|Answer|BlogPosting|BreadcrumbList|ContactPoint|FAQPage|ImageObject|ListItem|Organization|Question|SoftwareApplication|WebPage","Organization","99","6","19","9","0","true","{""datePublished"":""2026-08-02"",""dateModified"":""2026-08-02""}","Avaliação do Linkwarden 2026: O gerenciador de favoritos open source para arquivistas"
"/pt/blog/analise-marqly-2026","https://www.marqly.com/pt/blog/analise-marqly-2026","200","pt","locale-blog","60","128","265","true","0.27","true","false","true","false","21","true","AggregateOffer|Answer|BlogPosting|BreadcrumbList|ContactPoint|FAQPage|ImageObject|ListItem|Organization|Question|SoftwareApplication|WebPage","Organization","101","1","18","10","0","true","{""datePublished"":""2026-02-26"",""dateModified"":""2026-02-26""}","Avaliação do Marqly 2026: Recursos, preços, prós e contras"
"/pt/blog/analise-mymind-2026","https://www.marqly.com/pt/blog/analise-mymind-2026","200","pt","locale-blog","54","150","1318","false","0.73","false","false","true","false","21","true","AggregateOffer|Answer|BlogPosting|BreadcrumbList|ContactPoint|FAQPage|ImageObject|ListItem|Organization|Question|SoftwareApplication|WebPage","Organization","102","6","19","9","0","true","{""datePublished"":""2026-08-02"",""dateModified"":""2026-08-02""}","Análise do mymind 2026: Bonito, Privado e não para Todo Mundo"
"/pt/blog/analise-raindrop-io-2026","https://www.marqly.com/pt/blog/analise-raindrop-io-2026","200","pt","locale-blog","58","141","363","false","0.2","true","false","true","false","21","true","AggregateOffer|Answer|BlogPosting|BreadcrumbList|ContactPoint|FAQPage|ImageObject|ListItem|Organization|Question|SoftwareApplication|WebPage","Organization","99","5","19","9","0","true","{""datePublished"":""2026-08-02"",""dateModified"":""2026-08-02""}","Avaliação do Raindrop.io 2026: O melhor gerenciador de favoritos tradicional"
"/pt/blog/analise-readwise-reader-2026","https://www.marqly.com/pt/blog/analise-readwise-reader-2026","200","pt","locale-blog","58","131","213","true","0.13","true","false","true","false","21","true","AggregateOffer|Answer|BlogPosting|BreadcrumbList|ContactPoint|FAQPage|ImageObject|ListItem|Organization|Question|SoftwareApplication|WebPage","Organization","99","1","19","9","0","true","{""datePublished"":""2026-08-02"",""dateModified"":""2026-08-02""}","Avaliação do Readwise Reader 2026: A ferramenta máxima para quem lê muito"
"/pt/blog/como-construir-um-segundo-cerebro-2026","https://www.marqly.com/pt/blog/como-construir-um-segundo-cerebro-2026","200","pt","locale-blog","66","139","775","false","0.71","false","false","true","false","21","true","AggregateOffer|Answer|BlogPosting|BreadcrumbList|ContactPoint|FAQPage|ImageObject|ListItem|Organization|Question|SoftwareApplication|WebPage","Organization","99","4","18","10","0","true","{""datePublished"":""2026-03-13"",""dateModified"":""2026-09-07""}","Como construir um segundo cérebro em 2026 (sem manutenção manual)"
"/pt/blog/como-conversar-com-artigos-salvos-2026","https://www.marqly.com/pt/blog/como-conversar-com-artigos-salvos-2026","200","pt","locale-blog","54","149","446","false","0.4","true","false","true","false","21","true","AggregateOffer|Answer|BlogPosting|BreadcrumbList|ContactPoint|FAQPage|ImageObject|ListItem|Organization|Question|SoftwareApplication|WebPage","Organization","101","3","19","10","0","true","{""datePublished"":""2026-05-14"",""dateModified"":""2026-09-07""}","Como conversar com seus artigos salvos e favoritos em 2026"
"/pt/blog/como-destacar-texto-em-qualquer-site-2026","https://www.marqly.com/pt/blog/como-destacar-texto-em-qualquer-site-2026","200","pt","locale-blog","56","147","630","false","0.32","true","false","true","false","21","true","AggregateOffer|Answer|BlogPosting|BreadcrumbList|ContactPoint|FAQPage|ImageObject|ListItem|Organization|Question|SoftwareApplication|WebPage","Organization","98","3","18","10","0","true","{""datePublished"":""2026-07-04"",""dateModified"":""2026-09-07""}","Como destacar texto em qualquer site (e mantê-lo salvo de verdade)"
"/pt/blog/como-encontrar-artigo-salvo-quando-esqueceu-o-titulo-2026","https://www.marqly.com/pt/blog/como-encontrar-artigo-salvo-quando-esqueceu-o-titulo-2026","200","pt","locale-blog","63","154","538","false","0.52","false","false","true","false","21","true","AggregateOffer|Answer|BlogPosting|BreadcrumbList|ContactPoint|FAQPage|ImageObject|ListItem|Organization|Question|SoftwareApplication|WebPage","Organization","100","2","19","10","0","true","{""datePublished"":""2026-05-22"",""dateModified"":""2026-09-07""}","Como encontrar um artigo salvo quando esqueceu o título em 2026"
"/pt/blog/como-exportar-assistir-mais-tarde-do-youtube-2026","https://www.marqly.com/pt/blog/como-exportar-assistir-mais-tarde-do-youtube-2026","200","pt","locale-blog","61","155","506","false","0.29","true","false","true","false","21","true","AggregateOffer|Answer|BlogPosting|BreadcrumbList|ContactPoint|FAQPage|ImageObject|ListItem|Organization|Question|SoftwareApplication|WebPage","Organization","96","104","19","9","0","true","{""datePublished"":""2026-08-16"",""dateModified"":""2026-09-07""}","Como exportar a playlist «Assistir mais tarde» do YouTube em 2026"
"/pt/blog/como-exportar-itens-salvos-do-twitter-x-2026","https://www.marqly.com/pt/blog/como-exportar-itens-salvos-do-twitter-x-2026","200","pt","locale-blog","52","155","554","false","0.31","true","false","true","false","21","true","AggregateOffer|Answer|BlogPosting|BreadcrumbList|ContactPoint|FAQPage|ImageObject|ListItem|Organization|Question|SoftwareApplication|WebPage","Organization","97","1","19","9","0","true","{""datePublished"":""2026-08-02"",""dateModified"":""2026-09-07""}","Como exportar seus itens salvos do X (Twitter) em 2026 (Métodos que funcionam)"
"/pt/blog/como-exportar-migrar-dados-pocket-2026","https://www.marqly.com/pt/blog/como-exportar-migrar-dados-pocket-2026","200","pt","locale-blog","59","140","536","false","0.53","false","false","true","false","21","true","AggregateOffer|Answer|BlogPosting|BreadcrumbList|ContactPoint|FAQPage|ImageObject|ListItem|Organization|Question|SoftwareApplication|WebPage","Organization","97","1","19","10","0","true","{""datePublished"":""2026-05-08"",""dateModified"":""2026-05-08""}","Como exportar e migrar seus dados do Pocket em 2026 (Passo a passo)"
"/pt/blog/como-exportar-posts-salvos-do-instagram-2026","https://www.marqly.com/pt/blog/como-exportar-posts-salvos-do-instagram-2026","200","pt","locale-blog","55","148","492","false","0.28","true","false","true","false","21","true","AggregateOffer|Answer|BlogPosting|BreadcrumbList|ContactPoint|FAQPage|ImageObject|ListItem|Organization|Question|SoftwareApplication|WebPage","Organization","96","104","19","9","0","true","{""datePublished"":""2026-08-16"",""dateModified"":""2026-09-07""}","Como exportar posts salvos do Instagram em 2026 (Passo a passo)"
"/pt/blog/como-exportar-posts-salvos-do-reddit-2026","https://www.marqly.com/pt/blog/como-exportar-posts-salvos-do-reddit-2026","200","pt","locale-blog","52","156","587","false","0.35","true","false","true","false","21","true","AggregateOffer|Answer|BlogPosting|BreadcrumbList|ContactPoint|FAQPage|ImageObject|ListItem|Organization|Question|SoftwareApplication|WebPage","Organization","97","1","19","9","0","true","{""datePublished"":""2026-08-02"",""dateModified"":""2026-09-07""}","Como exportar posts salvos do Reddit em 2026 (Passo a passo)"
"/pt/blog/conversar-com-videos-do-youtube-2026","https://www.marqly.com/pt/blog/conversar-com-videos-do-youtube-2026","200","pt","locale-blog","47","141","489","false","0.24","true","false","true","false","21","true","AggregateOffer|Answer|BlogPosting|BreadcrumbList|ContactPoint|FAQPage|ImageObject|ListItem|Organization|Question|SoftwareApplication|WebPage","Organization","97","1","19","10","0","true","{""datePublished"":""2026-07-04"",""dateModified"":""2026-09-07""}","Como conversar com um vídeo do YouTube (perguntas e respostas com IA)"
"/pt/blog/exportar-favoritos-chrome","https://www.marqly.com/pt/blog/exportar-favoritos-chrome","200","pt","locale-blog","66","144","890","false","0.36","true","false","true","false","21","true","AggregateOffer|Answer|BlogPosting|BreadcrumbList|ContactPoint|FAQPage|ImageObject|ListItem|Organization|Question|SoftwareApplication|WebPage","Organization","97","104","19","9","0","true","{""datePublished"":""2026-08-16"",""dateModified"":""2026-08-16""}","Como exportar os favoritos do Chrome (e o que fazer com o arquivo)"
"/pt/blog/favoritos-do-chrome-nao-sincronizam-solucao-2026","https://www.marqly.com/pt/blog/favoritos-do-chrome-nao-sincronizam-solucao-2026","200","pt","locale-blog","63","148","658","false","0.38","true","false","true","false","21","true","AggregateOffer|Answer|BlogPosting|BreadcrumbList|ContactPoint|FAQPage|ImageObject|ListItem|Organization|Question|SoftwareApplication|WebPage","Organization","97","3","19","9","0","true","{""datePublished"":""2026-08-02"",""dateModified"":""2026-08-02""}","Favoritos do Chrome não sincronizam? 8 soluções comprovadas (2026)"
"/pt/blog/gerenciadores-de-favoritos-com-ia-busca-semantica-comparativo-2026","https://www.marqly.com/pt/blog/gerenciadores-de-favoritos-com-ia-busca-semantica-comparativo-2026","200","pt","locale-blog","67","148","685","false","0.3","true","false","true","false","21","true","AggregateOffer|Answer|BlogPosting|BreadcrumbList|ContactPoint|FAQPage|ImageObject|ListItem|Organization|Question|SoftwareApplication|WebPage","Organization","101","12","18","10","0","true","{""datePublished"":""2026-06-23"",""dateModified"":""2026-06-23""}","Quais gerenciadores de favoritos com IA buscam por significado real? (8 comparados)"
"/pt/blog/melhores-alternativas-ao-instapaper-2026","https://www.marqly.com/pt/blog/melhores-alternativas-ao-instapaper-2026","200","pt","locale-blog","66","147","274","true","0.35","true","false","true","false","21","true","AggregateOffer|Answer|BlogPosting|BreadcrumbList|ContactPoint|FAQPage|ImageObject|ListItem|Organization|Question|SoftwareApplication|WebPage","Organization","101","1","19","10","0","true","{""datePublished"":""2026-04-09"",""dateModified"":""2026-04-09""}","As melhores alternativas ao Instapaper em 2026 (Quando o minimalismo não basta)"
"/pt/blog/melhores-alternativas-auto-hospedadas-ao-pocket-2026","https://www.marqly.com/pt/blog/melhores-alternativas-auto-hospedadas-ao-pocket-2026","200","pt","locale-blog","63","134","234","true","0.1","true","false","true","false","21","true","AggregateOffer|Answer|BlogPosting|BreadcrumbList|ContactPoint|FAQPage|ImageObject|ListItem|Organization|Question|SoftwareApplication|WebPage","Organization","101","4","19","10","0","true","{""datePublished"":""2026-06-23"",""dateModified"":""2026-06-23""}","As melhores alternativas auto-hospedadas ao Pocket em 2026 (E quando a nuvem vence)"
"/pt/blog/melhores-apps-salvar-para-ler-depois-2026","https://www.marqly.com/pt/blog/melhores-apps-salvar-para-ler-depois-2026","200","pt","locale-blog","57","148","1207","false","1.15","false","false","true","false","21","true","AggregateOffer|Answer|BlogPosting|BreadcrumbList|ContactPoint|FAQPage|ImageObject|ListItem|Organization|Question|SoftwareApplication|WebPage","Organization","104","4","20","10","0","true","{""datePublished"":""2026-03-19"",""dateModified"":""2026-06-23""}","Os 9 melhores apps para salvar e ler depois em 2026 (testados & avaliados)"
"/pt/blog/melhores-apps-segundo-cerebro-2026","https://www.marqly.com/pt/blog/melhores-apps-segundo-cerebro-2026","200","pt","locale-blog","56","147","464","false","0.19","true","false","true","false","21","true","AggregateOffer|Answer|BlogPosting|BreadcrumbList|ContactPoint|FAQPage|ImageObject|ListItem|Organization|Question|SoftwareApplication|WebPage","Organization","101","1","19","10","0","true","{""datePublished"":""2026-06-23"",""dateModified"":""2026-09-07""}","Os 7 melhores aplicativos de segundo cérebro em 2026 (comparativo)"
"/pt/blog/melhores-gerenciadores-abas-2026","https://www.marqly.com/pt/blog/melhores-gerenciadores-abas-2026","200","pt","locale-blog","70","139","429","false","0.24","true","false","true","false","21","true","AggregateOffer|Answer|BlogPosting|BreadcrumbList|ContactPoint|FAQPage|ImageObject|ListItem|Organization|Question|SoftwareApplication|WebPage","Organization","101","8","18","9","0","true","{""datePublished"":""2026-08-02"",""dateModified"":""2026-09-07""}","Os 5 melhores gerenciadores de abas em 2026 (escolha pelo objetivo)"
"/pt/blog/melhores-gerenciadores-favoritos-gratis-2026","https://www.marqly.com/pt/blog/melhores-gerenciadores-favoritos-gratis-2026","200","pt","locale-blog","66","153","408","false","0.21","true","false","true","false","21","true","AggregateOffer|Answer|BlogPosting|BreadcrumbList|ContactPoint|FAQPage|ImageObject|ListItem|Organization|Question|SoftwareApplication|WebPage","Organization","101","8","19","10","0","true","{""datePublished"":""2026-08-02"",""dateModified"":""2026-09-07""}","Os 5 melhores gerenciadores de favoritos gratuitos em 2026 (realmente grátis)"
"/pt/blog/melhores-gerenciadores-favoritos-ia-2026","https://www.marqly.com/pt/blog/melhores-gerenciadores-favoritos-ia-2026","200","pt","locale-blog","56","141","453","false","0.16","true","false","true","false","21","true","AggregateOffer|Answer|BlogPosting|BreadcrumbList|ContactPoint|FAQPage|ImageObject|ListItem|Organization|Question|SoftwareApplication|WebPage","Organization","101","8","20","10","0","true","{""datePublished"":""2026-05-05"",""dateModified"":""2026-06-23""}","Os Melhores Gerenciadores de Favoritos com IA em 2026: O Que Procurar"
"/pt/blog/melhores-marca-textos-web-2026","https://www.marqly.com/pt/blog/melhores-marca-textos-web-2026","200","pt","locale-blog","57","146","406","false","0.22","true","false","true","false","21","true","AggregateOffer|Answer|BlogPosting|BreadcrumbList|ContactPoint|FAQPage|ImageObject|ListItem|Organization|Question|SoftwareApplication|WebPage","Organization","101","9","19","10","0","true","{""datePublished"":""2026-08-02"",""dateModified"":""2026-09-07""}","Os 6 melhores marca-textos para páginas web em 2026 (testados)"
"/pt/blog/melhores-resumidores-youtube-ia-2026","https://www.marqly.com/pt/blog/melhores-resumidores-youtube-ia-2026","200","pt","locale-blog","80","152","584","false","0.31","true","false","true","false","21","true","AggregateOffer|Answer|BlogPosting|BreadcrumbList|ContactPoint|FAQPage|ImageObject|ListItem|Organization|Question|SoftwareApplication|WebPage","Organization","102","4","18","9","0","true","{""datePublished"":""2026-08-02"",""dateModified"":""2026-09-07""}","Os 6 melhores resumidores de YouTube com IA em 2026 (Comparativo real)"
"/pt/blog/metodo-para-para-favoritos-2026","https://www.marqly.com/pt/blog/metodo-para-para-favoritos-2026","200","pt","locale-blog","64","142","571","false","0.33","true","false","true","false","21","true","AggregateOffer|Answer|BlogPosting|BreadcrumbList|ContactPoint|FAQPage|ImageObject|ListItem|Organization|Question|SoftwareApplication|WebPage","Organization","98","3","18","10","0","true","{""datePublished"":""2026-08-02"",""dateModified"":""2026-09-07""}","O método PARA para favoritos: como configurar (e onde ele falha)"
"/pt/blog/o-que-e-busca-semantica","https://www.marqly.com/pt/blog/o-que-e-busca-semantica","200","pt","locale-blog","52","150","992","false","0.89","false","false","true","false","21","true","AggregateOffer|Answer|BlogPosting|BreadcrumbList|ContactPoint|FAQPage|ImageObject|ListItem|Organization|Question|SoftwareApplication|WebPage","Organization","96","104","19","9","0","true","{""datePublished"":""2026-08-16"",""dateModified"":""2026-08-16""}","O que é busca semântica e por que ela muda como você salva coisas"
"/pt/blog/o-que-e-um-app-de-segundo-cerebro-2026","https://www.marqly.com/pt/blog/o-que-e-um-app-de-segundo-cerebro-2026","200","pt","locale-blog","50","155","425","false","0.15","true","false","true","false","21","true","AggregateOffer|Answer|BlogPosting|BreadcrumbList|ContactPoint|FAQPage|ImageObject|ListItem|Organization|Question|SoftwareApplication|WebPage","Organization","99","3","19","10","0","true","{""datePublished"":""2026-04-28"",""dateModified"":""2026-09-07""}","O que é um app de segundo cérebro? (E como criar um com seus favoritos em 2026)"
"/pt/blog/o-que-e-um-segundo-cerebro-com-ia-2026","https://www.marqly.com/pt/blog/o-que-e-um-segundo-cerebro-com-ia-2026","200","pt","locale-blog","50","149","479","false","0.47","true","false","true","false","21","true","AggregateOffer|Answer|BlogPosting|BreadcrumbList|ContactPoint|FAQPage|ImageObject|ListItem|Organization|Question|SoftwareApplication|WebPage","Organization","99","5","19","10","0","true","{""datePublished"":""2026-05-20"",""dateModified"":""2026-09-07""}","O que é um segundo cérebro com IA? Guia prático e definitivo (2026)"
"/pt/blog/o-que-ha-no-arquivo-de-exportacao-do-pocket-2026","https://www.marqly.com/pt/blog/o-que-ha-no-arquivo-de-exportacao-do-pocket-2026","200","pt","locale-blog","59","146","394","false","0.17","true","false","true","false","21","true","AggregateOffer|Answer|BlogPosting|BreadcrumbList|ContactPoint|FAQPage|ImageObject|ListItem|Organization|Question|SoftwareApplication|WebPage","Organization","97","1","19","10","0","true","{""datePublished"":""2026-06-23"",""dateModified"":""2026-06-23""}","O que realmente há no arquivo de exportação do Pocket (e como usá-lo)"
"/pt/blog/obter-transcricao-youtube","https://www.marqly.com/pt/blog/obter-transcricao-youtube","200","pt","locale-blog","56","164","689","false","0.35","true","false","true","false","21","true","AggregateOffer|Answer|BlogPosting|BreadcrumbList|ContactPoint|FAQPage|ImageObject|ListItem|Organization|Question|SoftwareApplication|WebPage","Organization","99","2","18","10","0","true","{""datePublished"":""2026-07-04"",""dateModified"":""2026-09-07""}","Como obter a transcrição de um vídeo do YouTube (3 Formas, 2026)"
"/pt/blog/organizacao-digital-ano-novo","https://www.marqly.com/pt/blog/organizacao-digital-ano-novo","200","pt","locale-blog","59","153","1011","false","0.61","false","false","true","false","21","true","AggregateOffer|Answer|BlogPosting|BreadcrumbList|ContactPoint|FAQPage|ImageObject|ListItem|Organization|Question|SoftwareApplication|WebPage","Organization","100","3","19","9","0","true","{""datePublished"":""2026-08-02"",""dateModified"":""2026-08-02""}","Checklist de Organização Digital de Ano Novo: Abas, Favoritos, Leituras e Assinaturas"
"/pt/blog/organizar-favoritos-navegador","https://www.marqly.com/pt/blog/organizar-favoritos-navegador","200","pt","locale-blog","61","136","1011","false","0.31","true","false","true","false","21","true","AggregateOffer|Answer|BlogPosting|BreadcrumbList|ContactPoint|FAQPage|ImageObject|ListItem|Organization|Question|SoftwareApplication|WebPage","Organization","99","104","19","9","0","true","{""datePublished"":""2026-08-16"",""dateModified"":""2026-08-16""}","Como organizar os favoritos do navegador de uma vez por todas"
"/pt/blog/pare-de-organizar-favoritos-pastas-obsoletas-2026","https://www.marqly.com/pt/blog/pare-de-organizar-favoritos-pastas-obsoletas-2026","200","pt","locale-blog","58","152","523","false","0.24","true","false","true","false","21","true","AggregateOffer|Answer|BlogPosting|BreadcrumbList|ContactPoint|FAQPage|ImageObject|ListItem|Organization|Question|SoftwareApplication|WebPage","Organization","97","1","18","10","0","true","{""datePublished"":""2026-06-23"",""dateModified"":""2026-09-07""}","Pare de organizar favoritos: por que pastas são obsoletas em 2026"
"/pt/blog/por-que-voce-salva-artigos-que-nunca-le","https://www.marqly.com/pt/blog/por-que-voce-salva-artigos-que-nunca-le","200","pt","locale-blog","46","136","981","false","","false","true","true","false","0","false","AggregateOffer|Answer|BlogPosting|BreadcrumbList|ContactPoint|FAQPage|ImageObject|ListItem|Organization|Question|SoftwareApplication|WebPage","Organization","96","104","19","9","0","true","{""datePublished"":""2026-08-16"",""dateModified"":""2026-08-16""}","Por que você salva artigos que nunca lê (e como parar de se sentir mal)"
"/pt/blog/resumir-videos-youtube-com-ia-2026","https://www.marqly.com/pt/blog/resumir-videos-youtube-com-ia-2026","200","pt","locale-blog","53","157","628","false","0.31","true","false","true","false","21","true","AggregateOffer|Answer|BlogPosting|BreadcrumbList|ContactPoint|FAQPage|ImageObject|ListItem|Organization|Question|SoftwareApplication|WebPage","Organization","97","2","19","10","0","true","{""datePublished"":""2026-07-04"",""dateModified"":""2026-09-07""}","Como resumir vídeos do YouTube com IA (direto na página do vídeo)"
"/pt/blog/salvar-pagina-web-como-pdf","https://www.marqly.com/pt/blog/salvar-pagina-web-como-pdf","200","pt","locale-blog","58","153","511","false","0.26","true","false","true","false","21","true","AggregateOffer|Answer|BlogPosting|BreadcrumbList|ContactPoint|FAQPage|ImageObject|ListItem|Organization|Question|SoftwareApplication|WebPage","Organization","97","1","18","10","0","true","{""datePublished"":""2026-07-04"",""dateModified"":""2026-09-07""}","Como salvar uma página da web em PDF (sem cortar o layout)"
"/pt/blog/salvar-videos-youtube-assistir-mais-tarde-2026","https://www.marqly.com/pt/blog/salvar-videos-youtube-assistir-mais-tarde-2026","200","pt","locale-blog","65","141","629","false","0.61","false","false","true","false","21","true","AggregateOffer|Answer|BlogPosting|BreadcrumbList|ContactPoint|FAQPage|ImageObject|ListItem|Organization|Question|SoftwareApplication|WebPage","Organization","97","2","18","10","0","true","{""datePublished"":""2026-03-08"",""dateModified"":""2026-09-07""}","Como salvar vídeos do YouTube para assistir mais tarde (e achar de verdade)"
"/pt/busca-de-emprego","https://www.marqly.com/pt/busca-de-emprego","200","pt","locale-lander","48","145","276","true","0.25","true","false","true","false","21","true","AggregateOffer|Answer|BreadcrumbList|ContactPoint|FAQPage|ListItem|Organization|Question|SoftwareApplication|WebSite","Organization","96","104","21","9","0","true","{}","Todas as suas vagas, pesquisas salariais e notas de entrevista em um só lugar"
"/pt/comparar/marqly-vs-evernote","https://www.marqly.com/pt/comparar/marqly-vs-evernote","200","pt","locale-lander","63","153","956","false","0.55","false","false","true","false","21","true","AggregateOffer|Answer|BreadcrumbList|ContactPoint|FAQPage|ListItem|Organization|Question|SoftwareApplication|WebSite","Organization","96","104","22","9","0","true","{}","Marqly vs Evernote: uma suíte de notas contra uma biblioteca de links"
"/pt/comparar/marqly-vs-instapaper","https://www.marqly.com/pt/comparar/marqly-vs-instapaper","200","pt","locale-lander","63","144","964","false","0.56","false","false","true","false","21","true","AggregateOffer|Answer|BreadcrumbList|ContactPoint|FAQPage|ListItem|Organization|Question|SoftwareApplication|WebSite","Organization","96","104","22","9","0","true","{}","Marqly vs Instapaper: ler bem ou encontrar bem"
"/pt/comparar/marqly-vs-matter","https://www.marqly.com/pt/comparar/marqly-vs-matter","200","pt","locale-lander","65","148","871","false","0.49","true","false","true","false","21","true","AggregateOffer|Answer|BreadcrumbList|ContactPoint|FAQPage|ListItem|Organization|Question|SoftwareApplication|WebSite","Organization","96","104","22","9","0","true","{}","Marqly vs Matter: ouvir artigos ou encontrar o que você salvou"
"/pt/comparar/marqly-vs-notion","https://www.marqly.com/pt/comparar/marqly-vs-notion","200","pt","locale-lander","66","152","962","false","0.56","false","false","true","false","21","true","AggregateOffer|Answer|BreadcrumbList|ContactPoint|FAQPage|ListItem|Organization|Question|SoftwareApplication|WebSite","Organization","96","104","22","9","0","true","{}","Marqly vs Notion: salvar dentro do workspace ou numa biblioteca dedicada"
"/pt/comparar/marqly-vs-obsidian","https://www.marqly.com/pt/comparar/marqly-vs-obsidian","200","pt","locale-lander","62","142","951","false","0.52","false","false","true","false","21","true","AggregateOffer|Answer|BreadcrumbList|ContactPoint|FAQPage|ListItem|Organization|Question|SoftwareApplication|WebSite","Organization","96","104","22","9","0","true","{}","Marqly vs Obsidian: arquivos que são seus ou uma biblioteca que se organiza sozinha"
"/pt/comparar/marqly-vs-pocket","https://www.marqly.com/pt/comparar/marqly-vs-pocket","200","pt","locale-lander","63","157","1185","false","0.69","false","false","true","false","21","true","AggregateOffer|Answer|BreadcrumbList|ContactPoint|FAQPage|ListItem|Organization|Question|SoftwareApplication|WebSite","Organization","96","104","23","9","0","true","{}","Marqly vs Pocket: a comparação honesta quando um dos dois não existe mais"
"/pt/comparar/marqly-vs-raindrop","https://www.marqly.com/pt/comparar/marqly-vs-raindrop","200","pt","locale-lander","47","153","1205","false","0.66","false","false","true","false","21","true","AggregateOffer|Answer|BreadcrumbList|ContactPoint|FAQPage|ListItem|Organization|Question|SoftwareApplication|WebSite","Organization","97","104","22","9","0","true","{}","Marqly ou Raindrop: qual faz sentido para você"
"/pt/comparar/marqly-vs-readwise","https://www.marqly.com/pt/comparar/marqly-vs-readwise","200","pt","locale-lander","63","155","918","false","0.51","false","false","true","false","21","true","AggregateOffer|Answer|BreadcrumbList|ContactPoint|FAQPage|ListItem|Organization|Question|SoftwareApplication|WebSite","Organization","96","104","22","9","0","true","{}","Marqly vs Readwise Reader: leitura intensa ou biblioteca pesquisável"
"/pt/curadoria-de-conteudo","https://www.marqly.com/pt/curadoria-de-conteudo","200","pt","locale-lander","63","133","243","true","0.22","true","false","true","false","21","true","AggregateOffer|Answer|BreadcrumbList|ContactPoint|FAQPage|ListItem|Organization|Question|SoftwareApplication|WebSite","Organization","96","104","21","9","0","true","{}","Reúna o melhor de um assunto e compartilhe em uma página elegante"
"/pt/ferramentas/resumidor-de-videos-do-youtube","https://www.marqly.com/pt/ferramentas/resumidor-de-videos-do-youtube","200","pt","locale-lander","70","158","515","false","1.27","false","false","true","false","21","true","Answer|BreadcrumbList|ContactPoint|FAQPage|ListItem|Offer|Organization|Question|WebApplication|WebSite","","98","16","19","9","0","true","{}","Resuma qualquer vídeo do YouTube com IA em segundos"
"/pt/ferramentas/transcricao-de-video-do-youtube","https://www.marqly.com/pt/ferramentas/transcricao-de-video-do-youtube","200","pt","locale-lander","60","144","562","false","1.08","false","false","true","false","21","true","Answer|BreadcrumbList|ContactPoint|FAQPage|ListItem|Offer|Organization|Question|WebApplication|WebSite","","98","11","19","9","0","true","{}","Pegue a transcrição de qualquer vídeo do YouTube"
"/pt/gerenciador-favoritos-chrome","https://www.marqly.com/pt/gerenciador-favoritos-chrome","200","pt","locale-lander","62","166","270","true","0.24","true","false","true","false","21","true","AggregateOffer|Answer|BreadcrumbList|ContactPoint|FAQPage|ListItem|Organization|Question|SoftwareApplication|WebSite","Organization","96","104","21","9","0","true","{}","Favoritos do Chrome que se organizam e se encontram sozinhos"
"/pt/gerenciador-favoritos-edge","https://www.marqly.com/pt/gerenciador-favoritos-edge","200","pt","locale-lander","50","151","231","true","0.21","true","false","true","false","21","true","AggregateOffer|Answer|BreadcrumbList|ContactPoint|FAQPage|ListItem|Organization|Question|SoftwareApplication|WebSite","Organization","96","104","21","9","0","true","{}","Dê um salto de inteligência nos seus favoritos do Microsoft Edge"
"/pt/gerenciador-favoritos-firefox","https://www.marqly.com/pt/gerenciador-favoritos-firefox","200","pt","locale-lander","53","143","237","true","0.21","true","false","true","false","21","true","AggregateOffer|Answer|BreadcrumbList|ContactPoint|FAQPage|ListItem|Organization|Question|SoftwareApplication|WebSite","Organization","96","104","21","9","0","true","{}","Favoritos do Firefox tagueados e pesquisáveis por significado"
"/pt/gerenciador-favoritos-iphone","https://www.marqly.com/pt/gerenciador-favoritos-iphone","200","pt","locale-lander","58","138","243","true","0.23","true","false","true","false","21","true","AggregateOffer|Answer|BreadcrumbList|ContactPoint|FAQPage|ListItem|Organization|Question|SoftwareApplication|WebSite","Organization","96","104","21","9","0","true","{}","Sua biblioteca completa de favoritos no bolso com IA"
"/pt/gerenciador-favoritos-safari","https://www.marqly.com/pt/gerenciador-favoritos-safari","200","pt","locale-lander","58","167","261","true","0.23","true","false","true","false","21","true","AggregateOffer|Answer|BreadcrumbList|ContactPoint|FAQPage|ListItem|Organization|Question|SoftwareApplication|WebSite","Organization","96","104","21","9","0","true","{}","Seus favoritos do Safari acessíveis em todos os dispositivos que você usa"
"/pt/historico-da-area-de-transferencia","https://www.marqly.com/pt/historico-da-area-de-transferencia","200","pt","locale-lander","70","150","253","true","0.19","true","false","true","false","21","true","AggregateOffer|Answer|BreadcrumbList|ContactPoint|FAQPage|ListItem|Organization|Question|SoftwareApplication|WebSite","Organization","96","104","21","9","0","true","{}","Sua área de transferência só lembra de uma coisa. O Marqly lembra de todas"
"/pt/lista-de-leitura","https://www.marqly.com/pt/lista-de-leitura","200","pt","locale-lander","60","137","821","false","0.71","false","false","true","false","21","true","AggregateOffer|Answer|BreadcrumbList|ContactPoint|FAQPage|ListItem|Organization|Question|SoftwareApplication|WebSite","Organization","97","104","22","9","0","true","{}","Sua lista de leitura não está bagunçada. Está sem índice"
"/pt/marca-texto-para-sites","https://www.marqly.com/pt/marca-texto-para-sites","200","pt","locale-lander","54","153","1109","false","0.98","false","false","true","false","21","true","AggregateOffer|Answer|BreadcrumbList|ContactPoint|FAQPage|ListItem|Organization|Question|SoftwareApplication|WebSite","Organization","97","104","22","9","0","true","{}","Grife qualquer site e o grifo continua lá"
"/pt/nova-aba","https://www.marqly.com/pt/nova-aba","200","pt","locale-lander","61","179","309","false","0.23","true","false","true","false","21","true","AggregateOffer|Answer|BreadcrumbList|ContactPoint|FAQPage|ListItem|Organization|Question|SoftwareApplication|WebSite","Organization","96","104","21","9","0","true","{}","Você abre uma nova aba 50 vezes por dia. Transforme esse espaço em produtividade"
"/pt/organizador-de-favoritos","https://www.marqly.com/pt/organizador-de-favoritos","200","pt","locale-lander","68","153","258","true","0.24","true","false","true","false","21","true","AggregateOffer|Answer|BreadcrumbList|ContactPoint|FAQPage|ListItem|Organization|Question|SoftwareApplication|WebSite","Organization","96","104","21","9","0","true","{}","Pare de organizar favoritos em pastas. A IA classifica e encontra tudo por contexto"
"/pt/organizar-pesquisa","https://www.marqly.com/pt/organizar-pesquisa","200","pt","locale-lander","66","145","820","false","0.68","false","false","true","false","21","true","AggregateOffer|Answer|BreadcrumbList|ContactPoint|FAQPage|ListItem|Organization|Question|SoftwareApplication|WebSite","Organization","97","104","22","9","0","true","{}","Pesquisar é fácil. Voltar a encontrar o que você pesquisou, não"
"/pt/organizar-receitas","https://www.marqly.com/pt/organizar-receitas","200","pt","locale-lander","62","148","739","false","0.66","false","false","true","false","21","true","AggregateOffer|Answer|BreadcrumbList|ContactPoint|FAQPage|ListItem|Organization|Question|SoftwareApplication|WebSite","Organization","97","104","22","9","0","true","{}","Você salvou a receita. Na quinta-feira às oito não acha"
"/pt/para-academicos","https://www.marqly.com/pt/para-academicos","200","pt","locale-lander","62","171","255","true","0.22","true","false","true","false","21","true","AggregateOffer|Answer|BreadcrumbList|ContactPoint|FAQPage|ListItem|Organization|Question|SoftwareApplication|WebSite","Organization","96","104","21","9","0","true","{}","Acompanhe a literatura científica sem se afogar em dezenas de abas"
"/pt/para-advogados","https://www.marqly.com/pt/para-advogados","200","pt","locale-lander","56","155","250","true","0.22","true","false","true","false","21","true","AggregateOffer|Answer|BreadcrumbList|ContactPoint|FAQPage|ListItem|Organization|Question|SoftwareApplication|WebSite","Organization","96","104","21","9","0","true","{}","Suas leituras jurídicas e regulatórias, organizadas sem perda de tempo"
"/pt/para-concurseiros","https://www.marqly.com/pt/para-concurseiros","200","pt","locale-lander","51","154","1286","false","","false","true","true","false","0","false","AggregateOffer|Answer|BreadcrumbList|ContactPoint|FAQPage|ListItem|Organization|Question|SoftwareApplication|WebSite","Organization","99","104","22","9","0","true","{}","Todo o material do edital em um lugar só"
"/pt/para-consultores","https://www.marqly.com/pt/para-consultores","200","pt","locale-lander","61","149","206","true","0.18","true","false","true","false","21","true","AggregateOffer|Answer|BreadcrumbList|ContactPoint|FAQPage|ListItem|Organization|Question|SoftwareApplication|WebSite","Organization","96","104","21","9","0","true","{}","Pesquisa de clientes que troca de contexto tão rápido quanto você"
"/pt/para-corretores","https://www.marqly.com/pt/para-corretores","200","pt","locale-lander","69","152","258","true","0.23","true","false","true","false","21","true","AggregateOffer|Answer|BreadcrumbList|ContactPoint|FAQPage|ListItem|Organization|Question|SoftwareApplication|WebSite","Organization","96","104","21","9","0","true","{}","Toda a pesquisa de imóveis, organizada por cliente e sem complicação"
"/pt/para-criadores-de-conteudo","https://www.marqly.com/pt/para-criadores-de-conteudo","200","pt","locale-lander","58","141","830","false","0.7","false","false","true","false","21","true","AggregateOffer|Answer|BreadcrumbList|ContactPoint|FAQPage|ListItem|Organization|Question|SoftwareApplication|WebSite","Organization","97","104","22","9","0","true","{}","Você salvou aquela referência porque era ótima. Agora que precisa, ela não aparece"
"/pt/para-desenvolvedores","https://www.marqly.com/pt/para-desenvolvedores","200","pt","locale-lander","54","146","931","false","0.8","false","false","true","false","21","true","AggregateOffer|Answer|BreadcrumbList|ContactPoint|FAQPage|ListItem|Organization|Question|SoftwareApplication|WebSite","Organization","98","104","22","9","0","true","{}","Você resolveu esse bug há oito meses. A resposta está numa aba que você fechou"
"/pt/para-designers","https://www.marqly.com/pt/para-designers","200","pt","locale-lander","56","144","304","false","0.26","true","false","true","false","21","true","AggregateOffer|Answer|BreadcrumbList|ContactPoint|FAQPage|ListItem|Organization|Question|SoftwareApplication|WebSite","Organization","96","104","21","9","0","true","{}","Cada referência visual que você amou, a uma descrição de distância"
"/pt/para-doutorandos","https://www.marqly.com/pt/para-doutorandos","200","pt","locale-lander","61","159","261","true","0.21","true","false","true","false","21","true","AggregateOffer|Answer|BreadcrumbList|ContactPoint|FAQPage|ListItem|Organization|Question|SoftwareApplication|WebSite","Organization","96","104","21","9","0","true","{}","Conduza a revisão de literatura da sua tese em uma biblioteca pesquisável"
"/pt/para-escritores","https://www.marqly.com/pt/para-escritores","200","pt","locale-lander","52","139","855","false","0.67","false","false","true","false","21","true","AggregateOffer|Answer|BreadcrumbList|ContactPoint|FAQPage|ListItem|Organization|Question|SoftwareApplication|WebSite","Organization","97","104","22","9","0","true","{}","Escrever vai bem até você precisar daquela citação lida há meses"
"/pt/para-estudantes","https://www.marqly.com/pt/para-estudantes","200","pt","locale-lander","50","155","1222","false","0.96","false","false","true","false","21","true","AggregateOffer|Answer|BreadcrumbList|ContactPoint|FAQPage|ListItem|Organization|Question|SoftwareApplication|WebSite","Organization","99","104","22","9","0","true","{}","Estude com IA sem perder suas fontes"
"/pt/para-fundadores","https://www.marqly.com/pt/para-fundadores","200","pt","locale-lander","57","130","249","true","0.22","true","false","true","false","21","true","AggregateOffer|Answer|BreadcrumbList|ContactPoint|FAQPage|ListItem|Organization|Question|SoftwareApplication|WebSite","Organization","96","104","21","9","0","true","{}","Inteligência competitiva capturada em segundos e mantida por anos"
"/pt/para-jornalistas","https://www.marqly.com/pt/para-jornalistas","200","pt","locale-lander","59","145","871","false","0.66","false","false","true","false","21","true","AggregateOffer|Answer|BreadcrumbList|ContactPoint|FAQPage|ListItem|Organization|Question|SoftwareApplication|WebSite","Organization","98","104","22","9","0","true","{}","A fonte que você citou já não diz a mesma coisa"
"/pt/para-marketing","https://www.marqly.com/pt/para-marketing","200","pt","locale-lander","63","139","842","false","0.72","false","false","true","false","21","true","AggregateOffer|Answer|BreadcrumbList|ContactPoint|FAQPage|ListItem|Organization|Question|SoftwareApplication|WebSite","Organization","97","104","22","9","0","true","{}","A landing do concorrente que você queria mostrar não existe mais"
"/pt/para-pesquisadores","https://www.marqly.com/pt/para-pesquisadores","200","pt","locale-lander","56","146","918","false","0.71","false","false","true","false","21","true","AggregateOffer|Answer|BreadcrumbList|ContactPoint|FAQPage|ListItem|Organization|Question|SoftwareApplication|WebSite","Organization","98","104","22","9","0","true","{}","O artigo que você precisa existe. O problema é lembrar onde ficou"
"/pt/para-pesquisadores-ux","https://www.marqly.com/pt/para-pesquisadores-ux","200","pt","locale-lander","40","146","214","true","0.18","true","false","true","false","21","true","AggregateOffer|Answer|BreadcrumbList|ContactPoint|FAQPage|ListItem|Organization|Question|SoftwareApplication|WebSite","Organization","96","104","21","9","0","true","{}","Um repositório de pesquisa que leva minutos para manter, não horas"
"/pt/para-product-managers","https://www.marqly.com/pt/para-product-managers","200","pt","locale-lander","53","139","240","true","0.21","true","false","true","false","21","true","AggregateOffer|Answer|BreadcrumbList|ContactPoint|FAQPage|ListItem|Organization|Question|SoftwareApplication|WebSite","Organization","96","104","21","9","0","true","{}","Cada benchmark, link de pesquisa e fonte de PRD em um só lugar"
"/pt/para-professores","https://www.marqly.com/pt/para-professores","200","pt","locale-lander","60","135","925","false","0.81","false","false","true","false","21","true","AggregateOffer|Answer|BreadcrumbList|ContactPoint|FAQPage|ListItem|Organization|Question|SoftwareApplication|WebSite","Organization","97","104","22","9","0","true","{}","Os materiais que você preparou no ano passado continuam lá. Achar é outra história"
"/pt/para-recrutadores","https://www.marqly.com/pt/para-recrutadores","200","pt","locale-lander","64","159","268","true","0.24","true","false","true","false","21","true","AggregateOffer|Answer|BreadcrumbList|ContactPoint|FAQPage|ListItem|Organization|Question|SoftwareApplication|WebSite","Organization","96","104","21","9","0","true","{}","Pare de perder ótimos candidatos em um mar de abas abertas"
"/pt/para-vendas","https://www.marqly.com/pt/para-vendas","200","pt","locale-lander","64","127","209","true","0.19","true","false","true","false","21","true","AggregateOffer|Answer|BreadcrumbList|ContactPoint|FAQPage|ListItem|Organization|Question|SoftwareApplication|WebSite","Organization","96","104","21","9","0","true","{}","Cada notícia sobre o prospect, arquivada no instante em que você salva"
"/pt/planejar-viagens","https://www.marqly.com/pt/planejar-viagens","200","pt","locale-lander","64","129","883","false","0.78","false","false","true","false","21","true","AggregateOffer|Answer|BreadcrumbList|ContactPoint|FAQPage|ListItem|Organization|Question|SoftwareApplication|WebSite","Organization","97","104","22","9","0","true","{}","Planejar viagem são quarenta abas e nenhuma decisão"
"/pt/resumidor-de-youtube","https://www.marqly.com/pt/resumidor-de-youtube","200","pt","locale-lander","68","161","264","true","0.23","true","false","true","false","21","true","AggregateOffer|Answer|BreadcrumbList|ContactPoint|FAQPage|ListItem|Organization|Question|SoftwareApplication|WebSite","Organization","96","104","21","9","0","true","{}","Saiba o que está no vídeo antes de dedicar 40 minutos a ele"
"/pt/salvar-abas","https://www.marqly.com/pt/salvar-abas","200","pt","locale-lander","47","153","1120","false","1","false","false","true","false","21","true","AggregateOffer|Answer|BreadcrumbList|ContactPoint|FAQPage|ListItem|Organization|Question|SoftwareApplication|WebSite","Organization","97","104","22","9","0","true","{}","Salve todas as abas abertas de uma vez"
"/pt/salvar-pagina-como-pdf","https://www.marqly.com/pt/salvar-pagina-como-pdf","200","pt","locale-lander","62","156","236","true","0.22","true","false","true","false","21","true","AggregateOffer|Answer|BreadcrumbList|ContactPoint|FAQPage|ListItem|Organization|Question|SoftwareApplication|WebSite","Organization","96","104","21","9","0","true","{}","Transforme qualquer página da web em um PDF idêntico à sua tela"
"/pt/salvar-para-ler-depois","https://www.marqly.com/pt/salvar-para-ler-depois","200","pt","locale-lander","43","152","1212","false","1.06","false","false","true","false","21","true","AggregateOffer|Answer|BreadcrumbList|ContactPoint|FAQPage|ListItem|Organization|Question|SoftwareApplication|WebSite","Organization","99","104","22","9","0","true","{}","Salve agora, leia depois — e ache de novo"
"/pt/salvar-videos-youtube","https://www.marqly.com/pt/salvar-videos-youtube","200","pt","locale-lander","52","144","847","false","0.76","false","false","true","false","21","true","AggregateOffer|Answer|BreadcrumbList|ContactPoint|FAQPage|ListItem|Organization|Question|SoftwareApplication|WebSite","Organization","98","104","22","9","0","true","{}","«Assistir mais tarde» é onde os vídeos vão morrer"
"/pt/segundo-cerebro","https://www.marqly.com/pt/segundo-cerebro","200","pt","locale-lander","64","155","896","false","0.81","false","false","true","false","21","true","AggregateOffer|Answer|BreadcrumbList|ContactPoint|FAQPage|ListItem|Organization|Question|SoftwareApplication|WebSite","Organization","96","104","22","9","0","true","{}","Quase todo segundo cérebro morre pelo mesmo motivo"
"/pt/sincronizar-favoritos","https://www.marqly.com/pt/sincronizar-favoritos","200","pt","locale-lander","63","145","238","true","0.21","true","false","true","false","21","true","AggregateOffer|Answer|BreadcrumbList|ContactPoint|FAQPage|ListItem|Organization|Question|SoftwareApplication|WebSite","Organization","96","104","21","9","0","true","{}","Salve em um navegador. Encontre em todos eles"
"/pt/swipe-file","https://www.marqly.com/pt/swipe-file","200","pt","locale-lander","59","144","253","true","0.23","true","false","true","false","21","true","AggregateOffer|Answer|BreadcrumbList|ContactPoint|FAQPage|ListItem|Organization|Question|SoftwareApplication|WebSite","Organization","96","104","21","9","0","true","{}","Salve anúncios e títulos inspiradores e encontre-os quando precisar"
"/read-it-later","https://www.marqly.com/read-it-later","200","en","root-lander","49","151","1145","false","","false","false","true","false","21","true","AggregateOffer|Answer|BreadcrumbList|ContactPoint|FAQPage|ListItem|Organization|Question|SoftwareApplication|WebSite","Organization","186","767","22","9","0","true","{}","Save it now. Let AI summaries tell you what's worth reading"
"/reading-list","https://www.marqly.com/reading-list","200","en","root-lander","52","156","1154","false","","false","false","true","false","21","true","AggregateOffer|Answer|BreadcrumbList|ContactPoint|FAQPage|ListItem|Organization|Question|SoftwareApplication|WebSite","Organization","185","767","23","9","0","true","{}","A reading list you actually get back to"
"/recipe-organizer","https://www.marqly.com/recipe-organizer","200","en","root-lander","54","150","1127","false","","false","false","true","false","21","true","AggregateOffer|Answer|BreadcrumbList|ContactPoint|FAQPage|ListItem|Organization|Question|SoftwareApplication|WebSite","Organization","186","767","23","9","0","true","{}","Find 'that pasta with the crispy chickpeas' — no title needed"
"/research-organizer","https://www.marqly.com/research-organizer","200","en","root-lander","47","158","1199","false","","false","false","true","false","21","true","AggregateOffer|Answer|BreadcrumbList|ContactPoint|FAQPage|ListItem|Organization|Question|SoftwareApplication|WebSite","Organization","190","767","23","9","0","true","{}","Collect sources anywhere. Find them by what you remember."
"/save-page-as-pdf","https://www.marqly.com/save-page-as-pdf","200","en","root-lander","58","151","1090","false","","false","false","true","false","21","true","AggregateOffer|Answer|BreadcrumbList|ContactPoint|FAQPage|ListItem|Organization|Question|SoftwareApplication|WebSite","Organization","185","767","23","9","0","true","{}","Turn any webpage into a clean PDF that looks exactly right"
"/second-brain","https://www.marqly.com/second-brain","200","en","root-lander","47","158","1102","false","","false","false","true","false","21","true","AggregateOffer|Answer|BreadcrumbList|ContactPoint|FAQPage|ListItem|Organization|Question|SoftwareApplication|WebSite","Organization","187","767","23","9","0","true","{}","Capture everything. Organize nothing. Find it all."
"/swipe-file","https://www.marqly.com/swipe-file","200","en","root-lander","50","151","1121","false","","false","false","true","false","21","true","AggregateOffer|Answer|BreadcrumbList|ContactPoint|FAQPage|ListItem|Organization|Question|SoftwareApplication|WebSite","Organization","185","767","23","9","0","true","{}","Save every ad and headline you love — find it when you need it"
"/tab-manager","https://www.marqly.com/tab-manager","200","en","root-lander","51","160","1120","false","","false","false","true","false","21","true","AggregateOffer|Answer|BreadcrumbList|ContactPoint|FAQPage|ListItem|Organization|Question|SoftwareApplication|WebSite","Organization","185","767","23","9","0","true","{}","Close your 47 open tabs without losing a single one"
"/teams","https://www.marqly.com/teams","200","en","root-lander","57","197","802","false","","false","false","true","false","0","false","Answer|Brand|FAQPage|Offer|Product|Question","","184","1913","21","9","0","true","{}","The links your team keeps losing."
"/terms","https://www.marqly.com/terms","200","en","root-lander","21","197","1859","false","","false","false","true","false","0","false","","","185","1913","19","9","0","true","{}","Terms of Use"
"/tools","https://www.marqly.com/tools","200","en","tools-index","60","133","522","false","","false","false","true","false","0","false","BreadcrumbList|ContactPoint|ItemList|ListItem|Organization|WebSite","","184","1913","19","9","0","true","{}","Free tools"
"/tools/bookmark-file-viewer","https://www.marqly.com/tools/bookmark-file-viewer","200","en","tool","62","151","730","false","","false","false","true","false","0","false","Answer|BreadcrumbList|ContactPoint|FAQPage|ListItem|Offer|Organization|Question|WebApplication|WebSite","","185","767","21","9","0","true","{}","View and search your bookmarks export"
"/tools/bookmarklet-maker","https://www.marqly.com/tools/bookmarklet-maker","200","en","tool","60","116","312","false","","false","false","true","false","0","false","Answer|BreadcrumbList|ContactPoint|FAQPage|ListItem|Offer|Organization|Question|WebApplication|WebSite","","184","767","19","9","0","true","{}","Turn JavaScript into a bookmarklet"
"/tools/dead-link-checker","https://www.marqly.com/tools/dead-link-checker","200","en","tool","56","153","746","false","","false","false","true","false","0","false","Answer|BreadcrumbList|ContactPoint|FAQPage|ListItem|Offer|Organization|Question|WebApplication|WebSite","","185","767","20","9","0","true","{}","Check links for rot"
"/tools/duplicate-bookmark-finder","https://www.marqly.com/tools/duplicate-bookmark-finder","200","en","tool","61","155","703","false","","false","false","true","false","0","false","Answer|BreadcrumbList|ContactPoint|FAQPage|ListItem|Offer|Organization|Question|WebApplication|WebSite","","184","767","20","9","0","true","{}","Find duplicate bookmarks in your export"
"/tools/html-to-markdown","https://www.marqly.com/tools/html-to-markdown","200","en","tool","54","134","288","true","","false","false","true","false","0","false","Answer|BreadcrumbList|ContactPoint|FAQPage|ListItem|Offer|Organization|Question|WebApplication|WebSite","","184","767","19","9","0","true","{}","Convert HTML to clean Markdown"
"/tools/open-graph-checker","https://www.marqly.com/tools/open-graph-checker","200","en","tool","56","129","281","true","","false","false","true","false","0","false","Answer|BreadcrumbList|ContactPoint|FAQPage|ListItem|Offer|Organization|Question|WebApplication|WebSite","","184","767","19","10","0","true","{}","Check Open Graph and meta tags"
"/tools/pocket-export-converter","https://www.marqly.com/tools/pocket-export-converter","200","en","tool","55","154","725","false","","false","false","true","false","0","false","Answer|BreadcrumbList|ContactPoint|FAQPage|ListItem|Offer|Organization|Question|WebApplication|WebSite","","186","767","20","9","0","true","{}","Convert your Pocket export"
"/tools/raindrop-export-analyzer","https://www.marqly.com/tools/raindrop-export-analyzer","200","en","tool","61","199","987","false","","false","false","true","false","0","false","Answer|BreadcrumbList|ContactPoint|FAQPage|ListItem|Offer|Organization|Question|WebApplication|WebSite","","184","769","22","9","0","true","{}","Raindrop Export Analyzer"
"/tools/reading-time","https://www.marqly.com/tools/reading-time","200","en","tool","51","155","673","false","","false","false","true","false","0","false","Answer|BreadcrumbList|ContactPoint|FAQPage|ListItem|Offer|Organization|Question|WebApplication|WebSite","","184","767","19","9","0","true","{}","How long will it take to read?"
"/tools/redirect-checker","https://www.marqly.com/tools/redirect-checker","200","en","tool","55","128","281","true","","false","false","true","false","0","false","Answer|BreadcrumbList|ContactPoint|FAQPage|ListItem|Offer|Organization|Question|WebApplication|WebSite","","184","767","19","9","0","true","{}","Trace a complete redirect chain"
"/tools/research-table-builder","https://www.marqly.com/tools/research-table-builder","200","en","tool","82","284","393","false","","false","false","true","false","0","false","Answer|BreadcrumbList|ContactPoint|FAQPage|ListItem|Offer|Organization|Question|WebApplication|WebSite","","184","767","19","9","0","true","{}","Build the table your research actually needs"
"/tools/rss-feed-finder","https://www.marqly.com/tools/rss-feed-finder","200","en","tool","52","153","522","false","","false","false","true","false","0","false","Answer|BreadcrumbList|ContactPoint|FAQPage|ListItem|Offer|Organization|Question|WebApplication|WebSite","","185","767","19","9","0","true","{}","Find the RSS feed for any website"
"/tools/url-cleaner","https://www.marqly.com/tools/url-cleaner","200","en","tool","56","150","647","false","","false","false","true","false","0","false","Answer|BreadcrumbList|ContactPoint|FAQPage|ListItem|Offer|Organization|Question|WebApplication|WebSite","","184","767","20","9","0","true","{}","Strip tracking parameters from URLs"
"/tools/url-encoder","https://www.marqly.com/tools/url-encoder","200","en","tool","50","124","273","true","","false","false","true","false","0","false","Answer|BreadcrumbList|ContactPoint|FAQPage|ListItem|Offer|Organization|Question|WebApplication|WebSite","","184","767","19","9","0","true","{}","Encode or decode a URL value"
"/tools/utm-builder","https://www.marqly.com/tools/utm-builder","200","en","tool","41","135","302","false","","false","false","true","false","0","false","Answer|BreadcrumbList|ContactPoint|FAQPage|ListItem|Offer|Organization|Question|WebApplication|WebSite","","184","767","19","9","0","true","{}","Build a campaign URL"
"/tools/youtube-chapter-generator","https://www.marqly.com/tools/youtube-chapter-generator","200","en","tool","58","155","513","false","","false","false","true","false","0","false","Answer|BreadcrumbList|ContactPoint|FAQPage|ListItem|Offer|Organization|Question|WebApplication|WebSite","","184","767","19","9","0","true","{}","Generate YouTube chapters from any video"
"/tools/youtube-summarize","https://www.marqly.com/tools/youtube-summarize","200","en","tool","47","159","407","false","","false","false","true","false","21","true","Answer|BreadcrumbList|ContactPoint|FAQPage|ListItem|Offer|Organization|Question|WebApplication|WebSite","","185","767","19","9","0","true","{}","Summarize any YouTube video"
"/tools/youtube-thumbnail-downloader","https://www.marqly.com/tools/youtube-thumbnail-downloader","200","en","tool","56","133","274","true","","false","false","true","false","0","false","Answer|BreadcrumbList|ContactPoint|FAQPage|ListItem|Offer|Organization|Question|WebApplication|WebSite","","184","767","19","9","0","true","{}","Download a YouTube thumbnail"
"/tools/youtube-timestamp-link","https://www.marqly.com/tools/youtube-timestamp-link","200","en","tool","54","128","236","true","","false","false","true","false","0","false","Answer|BreadcrumbList|ContactPoint|FAQPage|ListItem|Offer|Organization|Question|WebApplication|WebSite","","184","767","19","9","0","true","{}","Link to an exact moment on YouTube"
"/tools/youtube-transcript","https://www.marqly.com/tools/youtube-transcript","200","en","tool","58","149","518","false","","false","false","true","false","21","true","Answer|BreadcrumbList|ContactPoint|FAQPage|ListItem|Offer|Organization|Question|WebApplication|WebSite","","186","767","19","9","0","true","{}","Get any YouTube video's transcript"
"/tr","https://www.marqly.com/tr","200","tr","locale-home","68","168","557","false","0.17","true","false","true","false","21","true","AggregateOffer|Answer|BreadcrumbList|ContactPoint|FAQPage|ListItem|Organization|Question|SoftwareApplication|WebSite","Organization","96","1913","21","9","0","true","{}","Kaydetmeyi herkes yapar. Marqly, her zaman geri bulmanızı sağlar."
"/tr/akademisyenler-icin","https://www.marqly.com/tr/akademisyenler-icin","200","tr","locale-lander","66","174","219","true","0.19","true","false","true","false","21","true","AggregateOffer|Answer|BreadcrumbList|ContactPoint|FAQPage|ListItem|Organization|Question|SoftwareApplication|WebSite","Organization","95","102","21","9","0","true","{}","Sekmeler arasında kaybolmadan akademik literatürü kolayca takip edin"
"/tr/alternatifler/evernote","https://www.marqly.com/tr/alternatifler/evernote","200","tr","locale-lander","67","146","259","true","0.13","true","false","true","false","21","true","AggregateOffer|Answer|BreadcrumbList|ContactPoint|FAQPage|ListItem|Organization|Question|SoftwareApplication|WebSite","Organization","95","102","21","9","0","true","{}","Evernote alternatifleri: gerçekten hangi özellikleri kullandığınızı analiz edin"
"/tr/alternatifler/instapaper","https://www.marqly.com/tr/alternatifler/instapaper","200","tr","locale-lander","50","159","276","true","0.14","true","false","true","false","21","true","AggregateOffer|Answer|BreadcrumbList|ContactPoint|FAQPage|ListItem|Organization|Question|SoftwareApplication|WebSite","Organization","95","102","21","9","0","true","{}","Instapaper alternatifleri: eksikliğini hissettiğiniz özelliklere göre"
"/tr/alternatifler/notion","https://www.marqly.com/tr/alternatifler/notion","200","tr","locale-lander","56","147","257","true","0.13","true","false","true","false","21","true","AggregateOffer|Answer|BreadcrumbList|ContactPoint|FAQPage|ListItem|Organization|Question|SoftwareApplication|WebSite","Organization","95","102","21","9","0","true","{}","Notion bağlantı veritabanınız yönetilemez bir çöplüğe dönüştüğünde"
"/tr/alternatifler/pocket","https://www.marqly.com/tr/alternatifler/pocket","200","tr","locale-lander","46","165","272","true","0.17","true","false","true","false","21","true","AggregateOffer|Answer|BreadcrumbList|ContactPoint|FAQPage|ListItem|Organization|Question|SoftwareApplication|WebSite","Organization","95","102","22","9","0","true","{}","Doğru Pocket alternatifi, Pocket'ı ne için kullandığınıza göre değişir"
"/tr/alternatifler/raindrop","https://www.marqly.com/tr/alternatifler/raindrop","200","tr","locale-lander","51","154","299","true","0.15","true","false","true","false","21","true","AggregateOffer|Answer|BreadcrumbList|ContactPoint|FAQPage|ListItem|Organization|Question|SoftwareApplication|WebSite","Organization","95","102","22","9","0","true","{}","Raindrop.io Alternatifleri: Ayrılma nedeninize en uygun aracı seçin"
"/tr/arastirma-duzenleyici","https://www.marqly.com/tr/arastirma-duzenleyici","200","tr","locale-lander","60","153","383","false","0.32","true","false","true","false","21","true","AggregateOffer|Answer|BreadcrumbList|ContactPoint|FAQPage|ListItem|Organization|Question|SoftwareApplication|WebSite","Organization","95","102","21","9","0","true","{}","Kaynak bulmak kolaydır. Araştırdığınız şeyi aylar sonra tekrar bulmak ise asıl zor olandır"
"/tr/arastirmacilar-icin","https://www.marqly.com/tr/arastirmacilar-icin","200","tr","locale-lander","67","175","333","false","0.26","true","false","true","false","21","true","AggregateOffer|Answer|BreadcrumbList|ContactPoint|FAQPage|ListItem|Organization|Question|SoftwareApplication|WebSite","Organization","95","102","21","9","0","true","{}","İhtiyacınız olan akademik makale var. Sorun, nereye kaydettiğinizi hatırlamamanız"
"/tr/avukatlar-icin","https://www.marqly.com/tr/avukatlar-icin","200","tr","locale-lander","63","170","226","true","0.2","true","false","true","false","21","true","AggregateOffer|Answer|BreadcrumbList|ContactPoint|FAQPage|ListItem|Organization|Question|SoftwareApplication|WebSite","Organization","95","102","21","9","0","true","{}","Mevzuat ve içtihat okumalarınız, dosyalama yükü olmadan düzenli"
"/tr/blog","https://www.marqly.com/tr/blog","200","tr","locale-blog-index","59","147","1515","false","1.95","false","false","true","false","21","true","Blog|BlogPosting","","131","102","17","39","0","true","{""datePublished"":""2026-07-04""}","Akıllıca kaydedin. Anında bulun."
"/tr/blog/basligini-unuttugunuz-kayitli-makaleyi-bulma-2026","https://www.marqly.com/tr/blog/basligini-unuttugunuz-kayitli-makaleyi-bulma-2026","200","tr","locale-blog","64","162","450","false","0.43","true","false","true","false","21","true","AggregateOffer|Answer|BlogPosting|BreadcrumbList|ContactPoint|FAQPage|ImageObject|ListItem|Organization|Question|SoftwareApplication|WebPage","Organization","98","3","19","10","0","true","{""datePublished"":""2026-05-22"",""dateModified"":""2026-09-07""}","Başlığını Unuttuğunuz Kayıtlı Makaleyi Bulma Rehberi (2026)"
"/tr/blog/chrome-yer-imleri-senkronize-olmuyor-cozum-2026","https://www.marqly.com/tr/blog/chrome-yer-imleri-senkronize-olmuyor-cozum-2026","200","tr","locale-blog","66","141","467","false","0.27","true","false","true","false","21","true","AggregateOffer|Answer|BlogPosting|BreadcrumbList|ContactPoint|FAQPage|ImageObject|ListItem|Organization|Question|SoftwareApplication|WebPage","Organization","97","102","19","9","0","true","{""datePublished"":""2026-08-02"",""dateModified"":""2026-08-02""}","Chrome Yer İmleri Senkronize Olmuyor mu? Çalışan 8 Çözüm (2026)"
"/tr/blog/chrome-yer-imlerini-disa-aktarma-2026","https://www.marqly.com/tr/blog/chrome-yer-imlerini-disa-aktarma-2026","200","tr","locale-blog","66","136","355","false","0.15","true","false","true","false","21","true","AggregateOffer|Answer|BlogPosting|BreadcrumbList|ContactPoint|FAQPage|ImageObject|ListItem|Organization|Question|SoftwareApplication|WebPage","Organization","97","2","19","10","0","true","{""datePublished"":""2026-06-23"",""dateModified"":""2026-06-23""}","Chrome Yer İmlerini Dışa Aktarma ve Yapay Zeka Yöneticisine Alma (2026 Rehberi)"
"/tr/blog/en-iyi-daha-sonra-oku-uygulamalari-2026","https://www.marqly.com/tr/blog/en-iyi-daha-sonra-oku-uygulamalari-2026","200","tr","locale-blog","50","132","380","false","0.36","true","false","true","false","21","true","AggregateOffer|Answer|BlogPosting|BreadcrumbList|ContactPoint|FAQPage|ImageObject|ListItem|Organization|Question|SoftwareApplication|WebPage","Organization","96","1","20","10","0","true","{""datePublished"":""2026-03-19"",""dateModified"":""2026-06-23""}","2026 Yılının En İyi 9 Daha Sonra Oku Uygulaması (Sıralama)"
"/tr/blog/en-iyi-ikinci-beyin-uygulamalari-2026","https://www.marqly.com/tr/blog/en-iyi-ikinci-beyin-uygulamalari-2026","200","tr","locale-blog","50","176","409","false","0.17","true","false","true","false","21","true","AggregateOffer|Answer|BlogPosting|BreadcrumbList|ContactPoint|FAQPage|ImageObject|ListItem|Organization|Question|SoftwareApplication|WebPage","Organization","97","5","19","10","0","true","{""datePublished"":""2026-06-23"",""dateModified"":""2026-09-07""}","2026 Yılının En İyi 7 İkinci Beyin Uygulaması (Tarafsız Karşılaştırma)"
"/tr/blog/en-iyi-instapaper-alternatifleri-2026","https://www.marqly.com/tr/blog/en-iyi-instapaper-alternatifleri-2026","200","tr","locale-blog","46","132","155","true","0.2","true","false","true","false","21","true","AggregateOffer|Answer|BlogPosting|BreadcrumbList|ContactPoint|FAQPage|ImageObject|ListItem|Organization|Question|SoftwareApplication|WebPage","Organization","98","3","19","10","0","true","{""datePublished"":""2026-04-09"",""dateModified"":""2026-04-09""}","2026'nın En İyi Instapaper Alternatifleri (Sade Okuma Artık Yetmediğinde)"
"/tr/blog/en-iyi-kendi-sunucunda-barindirilan-pocket-alternatifleri-2026","https://www.marqly.com/tr/blog/en-iyi-kendi-sunucunda-barindirilan-pocket-alternatifleri-2026","200","tr","locale-blog","56","138","158","true","0.07","true","false","true","false","21","true","AggregateOffer|Answer|BlogPosting|BreadcrumbList|ContactPoint|FAQPage|ImageObject|ListItem|Organization|Question|SoftwareApplication|WebPage","Organization","96","1","19","10","0","true","{""datePublished"":""2026-06-23"",""dateModified"":""2026-06-23""}","2026'nın En İyi Kendi Sunucunda Barındırılan (Self-Hosted) Pocket Alternatifleri"
"/tr/blog/en-iyi-sekme-yoneticileri-2026","https://www.marqly.com/tr/blog/en-iyi-sekme-yoneticileri-2026","200","tr","locale-blog","83","158","382","false","0.21","true","false","true","false","21","true","AggregateOffer|Answer|BlogPosting|BreadcrumbList|ContactPoint|FAQPage|ImageObject|ListItem|Organization|Question|SoftwareApplication|WebPage","Organization","97","102","18","9","0","true","{""datePublished"":""2026-08-02"",""dateModified"":""2026-09-07""}","2026 Yılının En İyi 5 Sekme Yöneticisi (İhtiyacınıza Göre)"
"/tr/blog/en-iyi-ucretsiz-yer-imi-yoneticileri-2026","https://www.marqly.com/tr/blog/en-iyi-ucretsiz-yer-imi-yoneticileri-2026","200","tr","locale-blog","68","154","402","false","0.2","true","false","true","false","21","true","AggregateOffer|Answer|BlogPosting|BreadcrumbList|ContactPoint|FAQPage|ImageObject|ListItem|Organization|Question|SoftwareApplication|WebPage","Organization","96","102","19","10","0","true","{""datePublished"":""2026-08-02"",""dateModified"":""2026-09-07""}","2026'nın En İyi 5 Ücretsiz Yer İmi Yöneticisi (Gerçekten Ücretsiz)"
"/tr/blog/en-iyi-web-vurgulayicilar-2026","https://www.marqly.com/tr/blog/en-iyi-web-vurgulayicilar-2026","200","tr","locale-blog","72","161","380","false","0.21","true","false","true","false","21","true","AggregateOffer|Answer|BlogPosting|BreadcrumbList|ContactPoint|FAQPage|ImageObject|ListItem|Organization|Question|SoftwareApplication|WebPage","Organization","96","102","19","10","0","true","{""datePublished"":""2026-08-02"",""dateModified"":""2026-09-07""}","2026'nın En İyi 6 Web Vurgulayıcısı (Gerçek Web Sayfalarında Test Edildi)"
"/tr/blog/en-iyi-yapay-zeka-yer-imi-yoneticileri-2026","https://www.marqly.com/tr/blog/en-iyi-yapay-zeka-yer-imi-yoneticileri-2026","200","tr","locale-blog","56","152","417","false","0.15","true","false","true","false","21","true","AggregateOffer|Answer|BlogPosting|BreadcrumbList|ContactPoint|FAQPage|ImageObject|ListItem|Organization|Question|SoftwareApplication|WebPage","Organization","98","5","20","10","0","true","{""datePublished"":""2026-05-05"",""dateModified"":""2026-06-23""}","2026'nın En İyi Yapay Zeka Yer İmi Yöneticileri: Nelere Dikkat Edilmeli ve 5 Öneri"
"/tr/blog/en-iyi-youtube-ozetleyicileri-2026","https://www.marqly.com/tr/blog/en-iyi-youtube-ozetleyicileri-2026","200","tr","locale-blog","80","157","496","false","0.27","true","false","true","false","21","true","AggregateOffer|Answer|BlogPosting|BreadcrumbList|ContactPoint|FAQPage|ImageObject|ListItem|Organization|Question|SoftwareApplication|WebPage","Organization","98","102","18","9","0","true","{""datePublished"":""2026-08-02"",""dateModified"":""2026-09-07""}","2026 Yılının En İyi 6 YouTube Yapay Zeka Özetleme Aracı (Dürüst İnceleme)"
"/tr/blog/herhangi-bir-web-sitesinde-metin-vurgulama-2026","https://www.marqly.com/tr/blog/herhangi-bir-web-sitesinde-metin-vurgulama-2026","200","tr","locale-blog","53","152","502","false","0.26","true","false","true","false","21","true","AggregateOffer|Answer|BlogPosting|BreadcrumbList|ContactPoint|FAQPage|ImageObject|ListItem|Organization|Question|SoftwareApplication|WebPage","Organization","99","2","18","10","0","true","{""datePublished"":""2026-07-04"",""dateModified"":""2026-09-07""}","Herhangi Bir Web Sitesinde Metin Nasıl Vurgulanır (ve Kalıcı Olarak Saklanır)"
"/tr/blog/ikinci-beyin-nasil-olusturulur-2026","https://www.marqly.com/tr/blog/ikinci-beyin-nasil-olusturulur-2026","200","tr","locale-blog","64","141","624","false","0.57","false","false","true","false","21","true","AggregateOffer|Answer|BlogPosting|BreadcrumbList|ContactPoint|FAQPage|ImageObject|ListItem|Organization|Question|SoftwareApplication|WebPage","Organization","97","3","18","10","0","true","{""datePublished"":""2026-03-13"",""dateModified"":""2026-09-07""}","2026'da İkinci Beyin Nasıl Oluşturulur? (Manuel Düzenlemeye Son)"
"/tr/blog/ikinci-beyin-uygulamasi-nedir-2026","https://www.marqly.com/tr/blog/ikinci-beyin-uygulamasi-nedir-2026","200","tr","locale-blog","46","158","338","false","0.12","true","false","true","false","21","true","AggregateOffer|Answer|BlogPosting|BreadcrumbList|ContactPoint|FAQPage|ImageObject|ListItem|Organization|Question|SoftwareApplication|WebPage","Organization","98","3","19","10","0","true","{""datePublished"":""2026-04-28"",""dateModified"":""2026-09-07""}","İkinci Beyin Uygulaması Nedir? (Yer İmlerinizle Kolayca Oluşturma Rehberi, 2026)"
"/tr/blog/instagram-kaydedilen-gonderileri-disa-aktarma-2026","https://www.marqly.com/tr/blog/instagram-kaydedilen-gonderileri-disa-aktarma-2026","200","tr","locale-blog","61","153","372","false","0.21","true","false","true","false","21","true","AggregateOffer|Answer|BlogPosting|BreadcrumbList|ContactPoint|FAQPage|ImageObject|ListItem|Organization|Question|SoftwareApplication|WebPage","Organization","97","102","19","9","0","true","{""datePublished"":""2026-08-16"",""dateModified"":""2026-09-07""}","Instagram Kaydedilen Gönderileri Dışa Aktarma Rehberi (2026 Adım Adım)"
"/tr/blog/instapaper-incelemesi-2026","https://www.marqly.com/tr/blog/instapaper-incelemesi-2026","200","tr","locale-blog","55","127","157","true","0.09","true","false","true","false","21","true","AggregateOffer|Answer|BlogPosting|BreadcrumbList|ContactPoint|FAQPage|ImageObject|ListItem|Organization|Question|SoftwareApplication|WebPage","Organization","99","102","18","9","0","true","{""datePublished"":""2026-08-02"",""dateModified"":""2026-08-02""}","Instapaper İncelemesi 2026: En Sakin Okuma Deneyimi, İki Kat Fiyat"
"/tr/blog/karakeep-incelemesi-2026","https://www.marqly.com/tr/blog/karakeep-incelemesi-2026","200","tr","locale-blog","75","123","148","true","0.09","true","false","true","false","21","true","AggregateOffer|Answer|BlogPosting|BreadcrumbList|ContactPoint|FAQPage|ImageObject|ListItem|Organization|Question|SoftwareApplication|WebPage","Organization","99","6","19","9","0","true","{""datePublished"":""2026-08-02"",""dateModified"":""2026-08-02""}","Karakeep İncelemesi 2026: Gerçek Yapay Zekalı Kendi Sunucunda Barındırılan Yer İmi"
"/tr/blog/kayitli-makalelerle-sohbet-etme-2026","https://www.marqly.com/tr/blog/kayitli-makalelerle-sohbet-etme-2026","200","tr","locale-blog","47","149","362","false","0.33","true","false","true","false","21","true","AggregateOffer|Answer|BlogPosting|BreadcrumbList|ContactPoint|FAQPage|ImageObject|ListItem|Organization|Question|SoftwareApplication|WebPage","Organization","98","3","19","10","0","true","{""datePublished"":""2026-05-14"",""dateModified"":""2026-09-07""}","Kayıtlı Makaleleriniz ve Yer İmlerinizle Sohbet Etme Rehberi (2026)"
"/tr/blog/linkwarden-incelemesi-2026","https://www.marqly.com/tr/blog/linkwarden-incelemesi-2026","200","tr","locale-blog","59","124","155","true","0.09","true","false","true","false","21","true","AggregateOffer|Answer|BlogPosting|BreadcrumbList|ContactPoint|FAQPage|ImageObject|ListItem|Organization|Question|SoftwareApplication|WebPage","Organization","99","6","19","9","0","true","{""datePublished"":""2026-08-02"",""dateModified"":""2026-08-02""}","Linkwarden İncelemesi 2026: Arşivciler İçin Açık Kaynaklı Yer İmi Yöneticisi"
"/tr/blog/marqly-incelemesi-2026","https://www.marqly.com/tr/blog/marqly-incelemesi-2026","200","tr","locale-blog","56","130","159","true","0.16","true","false","true","false","21","true","AggregateOffer|Answer|BlogPosting|BreadcrumbList|ContactPoint|FAQPage|ImageObject|ListItem|Organization|Question|SoftwareApplication|WebPage","Organization","100","1","18","10","0","true","{""datePublished"":""2026-02-26"",""dateModified"":""2026-02-26""}","Marqly İncelemesi 2026: Özellikler, Fiyatlar, Artılar ve Eksiler"
"/tr/blog/mymind-incelemesi-2026","https://www.marqly.com/tr/blog/mymind-incelemesi-2026","200","tr","locale-blog","60","161","1261","false","0.7","false","false","true","false","21","true","AggregateOffer|Answer|BlogPosting|BreadcrumbList|ContactPoint|FAQPage|ImageObject|ListItem|Organization|Question|SoftwareApplication|WebPage","Organization","102","6","19","9","0","true","{""datePublished"":""2026-08-02"",""dateModified"":""2026-08-02""}","mymind İncelemesi 2026: Şık, Gizli ve Herkese Göre Değil"
"/tr/blog/notion-web-clipper-alternatifi-2026","https://www.marqly.com/tr/blog/notion-web-clipper-alternatifi-2026","200","tr","locale-blog","53","155","410","false","0.47","true","false","true","false","21","true","AggregateOffer|Answer|BlogPosting|BreadcrumbList|ContactPoint|FAQPage|ImageObject|ListItem|Organization|Question|SoftwareApplication|WebPage","Organization","96","1","19","10","0","true","{""datePublished"":""2026-04-04"",""dateModified"":""2026-09-07""}","Makaleleri Kaydetmek ve Bulmak İçin En İyi Notion Web Clipper Alternatifi (2026)"
"/tr/blog/pocket-alternatifleri-2026","https://www.marqly.com/tr/blog/pocket-alternatifleri-2026","200","tr","locale-blog","54","163","525","false","0.16","true","false","true","false","21","true","AggregateOffer|Answer|BlogPosting|BreadcrumbList|ContactPoint|FAQPage|ImageObject|ListItem|Organization|Question|SoftwareApplication|WebPage","Organization","96","2","20","10","0","true","{""datePublished"":""2026-05-12"",""dateModified"":""2026-06-23""}","2026 Yılında En İyi 8 Pocket Alternatifi (Test Edildi)"
"/tr/blog/pocket-disa-aktarma-dosyasinda-neler-var-2026","https://www.marqly.com/tr/blog/pocket-disa-aktarma-dosyasinda-neler-var-2026","200","tr","locale-blog","54","136","211","true","0.09","true","false","true","false","21","true","AggregateOffer|Answer|BlogPosting|BreadcrumbList|ContactPoint|FAQPage|ImageObject|ListItem|Organization|Question|SoftwareApplication|WebPage","Organization","97","1","19","10","0","true","{""datePublished"":""2026-06-23"",""dateModified"":""2026-06-23""}","Pocket Dışa Aktarma Dosyasında Gerçekte Neler Var (ve Nasıl Kullanılır)"
"/tr/blog/pocket-verilerini-disa-aktarma-tasima-2026","https://www.marqly.com/tr/blog/pocket-verilerini-disa-aktarma-tasima-2026","200","tr","locale-blog","56","138","363","false","0.36","true","false","true","false","21","true","AggregateOffer|Answer|BlogPosting|BreadcrumbList|ContactPoint|FAQPage|ImageObject|ListItem|Organization|Question|SoftwareApplication|WebPage","Organization","97","1","19","10","0","true","{""datePublished"":""2026-05-08"",""dateModified"":""2026-05-08""}","2026'da Pocket Verilerini Dışa Aktarma ve Taşıma Rehberi (Adım Adım)"
"/tr/blog/raindrop-io-incelemesi-2026","https://www.marqly.com/tr/blog/raindrop-io-incelemesi-2026","200","tr","locale-blog","61","135","161","true","0.09","true","false","true","false","21","true","AggregateOffer|Answer|BlogPosting|BreadcrumbList|ContactPoint|FAQPage|ImageObject|ListItem|Organization|Question|SoftwareApplication|WebPage","Organization","99","5","19","9","0","true","{""datePublished"":""2026-08-02"",""dateModified"":""2026-08-02""}","Raindrop.io İncelemesi 2026: En İyi Geleneksel Yer İmi Yöneticisi"
"/tr/blog/readwise-reader-incelemesi-2026","https://www.marqly.com/tr/blog/readwise-reader-incelemesi-2026","200","tr","locale-blog","68","139","170","true","0.1","true","false","true","false","21","true","AggregateOffer|Answer|BlogPosting|BreadcrumbList|ContactPoint|FAQPage|ImageObject|ListItem|Organization|Question|SoftwareApplication|WebPage","Organization","99","1","19","9","0","true","{""datePublished"":""2026-08-02"",""dateModified"":""2026-08-02""}","Readwise Reader İncelemesi 2026: Yoğun Okurlar İçin Profesyonel Güç"
"/tr/blog/reddit-kayitli-gonderileri-disa-aktarma-2026","https://www.marqly.com/tr/blog/reddit-kayitli-gonderileri-disa-aktarma-2026","200","tr","locale-blog","55","156","480","false","0.28","true","false","true","false","21","true","AggregateOffer|Answer|BlogPosting|BreadcrumbList|ContactPoint|FAQPage|ImageObject|ListItem|Organization|Question|SoftwareApplication|WebPage","Organization","97","16","19","9","0","true","{""datePublished"":""2026-08-02"",""dateModified"":""2026-09-07""}","Reddit Kayıtlı Gönderileri Dışa Aktarma Rehberi (2026 Güncel Adımlar)"
"/tr/blog/twitter-x-yer-imlerini-disa-aktarma-2026","https://www.marqly.com/tr/blog/twitter-x-yer-imlerini-disa-aktarma-2026","200","tr","locale-blog","51","154","443","false","0.25","true","false","true","false","21","true","AggregateOffer|Answer|BlogPosting|BreadcrumbList|ContactPoint|FAQPage|ImageObject|ListItem|Organization|Question|SoftwareApplication|WebPage","Organization","97","4","19","9","0","true","{""datePublished"":""2026-08-02"",""dateModified"":""2026-09-07""}","X (Twitter) Yer İmlerini Dışa Aktarma Rehberi (2026 Güncel Yöntemler)"
"/tr/blog/web-sayfasini-pdf-olarak-kaydetme-2026","https://www.marqly.com/tr/blog/web-sayfasini-pdf-olarak-kaydetme-2026","200","tr","locale-blog","64","149","401","false","0.2","true","false","true","false","21","true","AggregateOffer|Answer|BlogPosting|BreadcrumbList|ContactPoint|FAQPage|ImageObject|ListItem|Organization|Question|SoftwareApplication|WebPage","Organization","97","1","18","10","0","true","{""datePublished"":""2026-07-04"",""dateModified"":""2026-09-07""}","Web Sayfasını PDF Olarak Kaydetme (Görselleri ve Sayfa Düzenini Bozmadan)"
"/tr/blog/yapay-zeka-ikinci-beyin-nedir-2026","https://www.marqly.com/tr/blog/yapay-zeka-ikinci-beyin-nedir-2026","200","tr","locale-blog","55","168","358","false","0.35","true","false","true","false","21","true","AggregateOffer|Answer|BlogPosting|BreadcrumbList|ContactPoint|FAQPage|ImageObject|ListItem|Organization|Question|SoftwareApplication|WebPage","Organization","99","5","19","10","0","true","{""datePublished"":""2026-05-20"",""dateModified"":""2026-09-07""}","Yapay Zeka Destekli İkinci Beyin Nedir? Sade ve Anlaşılır Rehber (2026)"
"/tr/blog/yapay-zeka-ile-yer-imi-arama-2026","https://www.marqly.com/tr/blog/yapay-zeka-ile-yer-imi-arama-2026","200","tr","locale-blog","62","153","400","false","0.36","true","false","true","false","21","true","AggregateOffer|Answer|BlogPosting|BreadcrumbList|ContactPoint|FAQPage|ImageObject|ListItem|Organization|Question|SoftwareApplication|WebPage","Organization","98","7","18","10","0","true","{""datePublished"":""2026-05-18"",""dateModified"":""2026-09-07""}","Yapay Zeka ile Yer İmleri Nasıl Aranır? (Anlamsal Arama 2026)"
"/tr/blog/yapay-zeka-ile-youtube-videolarini-ozetleme-2026","https://www.marqly.com/tr/blog/yapay-zeka-ile-youtube-videolarini-ozetleme-2026","200","tr","locale-blog","55","150","490","false","0.24","true","false","true","false","21","true","AggregateOffer|Answer|BlogPosting|BreadcrumbList|ContactPoint|FAQPage|ImageObject|ListItem|Organization|Question|SoftwareApplication|WebPage","Organization","97","2","19","10","0","true","{""datePublished"":""2026-07-04"",""dateModified"":""2026-09-07""}","Yapay Zeka ile YouTube Videoları Nasıl Özetlenir (Doğrudan İzleme Sayfasında)"
"/tr/blog/yapay-zeka-yer-imi-yoneticileri-anlamsal-arama-karsilastirmasi-2026","https://www.marqly.com/tr/blog/yapay-zeka-yer-imi-yoneticileri-anlamsal-arama-karsilastirmasi-2026","200","tr","locale-blog","75","131","569","false","0.25","true","false","true","false","21","true","AggregateOffer|Answer|BlogPosting|BreadcrumbList|ContactPoint|FAQPage|ImageObject|ListItem|Organization|Question|SoftwareApplication|WebPage","Organization","98","4","18","10","0","true","{""datePublished"":""2026-06-23"",""dateModified"":""2026-06-23""}","Hangi Yapay Zeka Yer İmi Yöneticileri Gerçekten Anlama Göre Arar? (8 Araç Karşılaştırması)"
"/tr/blog/yapay-zeka-yer-imlerimi-otomatik-duzenleyebilir-mi-2026","https://www.marqly.com/tr/blog/yapay-zeka-yer-imlerimi-otomatik-duzenleyebilir-mi-2026","200","tr","locale-blog","67","140","377","false","0.38","true","false","true","false","21","true","AggregateOffer|Answer|BlogPosting|BreadcrumbList|ContactPoint|FAQPage|ImageObject|ListItem|Organization|Question|SoftwareApplication|WebPage","Organization","97","1","18","10","0","true","{""datePublished"":""2026-05-16"",""dateModified"":""2026-09-07""}","Yapay zeka yer imlerimi otomatik düzenleyebilir mi? Evet — işte yöntemi"
"/tr/blog/yeni-yil-dijital-detoks-rehberi","https://www.marqly.com/tr/blog/yeni-yil-dijital-detoks-rehberi","200","tr","locale-blog","63","178","955","false","0.58","false","false","true","false","21","true","AggregateOffer|Answer|BlogPosting|BreadcrumbList|ContactPoint|FAQPage|ImageObject|ListItem|Organization|Question|SoftwareApplication|WebPage","Organization","100","2","19","9","0","true","{""datePublished"":""2026-08-02"",""dateModified"":""2026-08-02""}","Yeni Yıl Dijital Detoks ve Temizlik Kontrol Listesi: Sekmeler, Yer İmleri, Okuma Listeleri ve Abonelikler"
"/tr/blog/yer-imleri-icin-para-metodu-2026","https://www.marqly.com/tr/blog/yer-imleri-icin-para-metodu-2026","200","tr","locale-blog","59","148","439","false","0.26","true","false","true","false","21","true","AggregateOffer|Answer|BlogPosting|BreadcrumbList|ContactPoint|FAQPage|ImageObject|ListItem|Organization|Question|SoftwareApplication|WebPage","Organization","98","4","18","10","0","true","{""datePublished"":""2026-08-02"",""dateModified"":""2026-09-07""}","Yer İmleri İçin PARA Metodu: Kurulum ve Sınırlar (2026)"
"/tr/blog/yer-imlerini-duzenleme-rehberi-2026","https://www.marqly.com/tr/blog/yer-imlerini-duzenleme-rehberi-2026","200","tr","locale-blog","57","147","427","false","0.13","true","false","true","false","21","true","AggregateOffer|Answer|BlogPosting|BreadcrumbList|ContactPoint|FAQPage|ImageObject|ListItem|Organization|Question|SoftwareApplication|WebPage","Organization","99","6","19","10","0","true","{""datePublished"":""2026-03-24"",""dateModified"":""2026-06-23""}","Tarayıcı Yer İmlerini Düzenleme Rehberi (2026)"
"/tr/blog/yer-imlerini-duzenlemeyi-birakin-klasorler-eskidi-2026","https://www.marqly.com/tr/blog/yer-imlerini-duzenlemeyi-birakin-klasorler-eskidi-2026","200","tr","locale-blog","49","166","466","false","0.21","true","false","true","false","21","true","AggregateOffer|Answer|BlogPosting|BreadcrumbList|ContactPoint|FAQPage|ImageObject|ListItem|Organization|Question|SoftwareApplication|WebPage","Organization","97","1","19","10","0","true","{""datePublished"":""2026-06-23"",""dateModified"":""2026-09-07""}","Yer İmlerini Düzenlemeyi Bırakın: 2026'da Klasörlerin Eskimesinin Nedenleri"
"/tr/blog/youtube-daha-sonra-izle-disa-aktarma-2026","https://www.marqly.com/tr/blog/youtube-daha-sonra-izle-disa-aktarma-2026","200","tr","locale-blog","62","142","408","false","0.23","true","false","true","false","21","true","AggregateOffer|Answer|BlogPosting|BreadcrumbList|ContactPoint|FAQPage|ImageObject|ListItem|Organization|Question|SoftwareApplication|WebPage","Organization","97","102","19","9","0","true","{""datePublished"":""2026-08-16"",""dateModified"":""2026-09-07""}","YouTube «Daha Sonra İzle» Listesini Dışa Aktarma Rehberi (2026 Güncel)"
"/tr/blog/youtube-video-transkripti-alma-2026","https://www.marqly.com/tr/blog/youtube-video-transkripti-alma-2026","200","tr","locale-blog","60","160","493","false","0.25","true","false","true","false","21","true","AggregateOffer|Answer|BlogPosting|BreadcrumbList|ContactPoint|FAQPage|ImageObject|ListItem|Organization|Question|SoftwareApplication|WebPage","Organization","99","1","18","10","0","true","{""datePublished"":""2026-07-04"",""dateModified"":""2026-09-07""}","YouTube Video Transkripti Nasıl Alınır? (3 Yöntem, 2026)"
"/tr/blog/youtube-videolarini-daha-sonra-izle-kaydetme-2026","https://www.marqly.com/tr/blog/youtube-videolarini-daha-sonra-izle-kaydetme-2026","200","tr","locale-blog","73","145","476","false","0.46","true","false","true","false","21","true","AggregateOffer|Answer|BlogPosting|BreadcrumbList|ContactPoint|FAQPage|ImageObject|ListItem|Organization|Question|SoftwareApplication|WebPage","Organization","97","2","18","10","0","true","{""datePublished"":""2026-03-08"",""dateModified"":""2026-09-07""}","YouTube Videolarını Daha Sonra İzle İçin Kaydetme (ve Gerçekten İzleme)"
"/tr/blog/youtube-videolariyla-sohbet-etme-2026","https://www.marqly.com/tr/blog/youtube-videolariyla-sohbet-etme-2026","200","tr","locale-blog","68","148","375","false","0.18","true","false","true","false","21","true","AggregateOffer|Answer|BlogPosting|BreadcrumbList|ContactPoint|FAQPage|ImageObject|ListItem|Organization|Question|SoftwareApplication|WebPage","Organization","97","1","19","10","0","true","{""datePublished"":""2026-07-04"",""dateModified"":""2026-09-07""}","YouTube Videolarıyla Sohbet Etme (Yapay Zekaya Sorun, Gerçek Cevaplar Alın)"
"/tr/chrome-yer-imi-yoneticisi","https://www.marqly.com/tr/chrome-yer-imi-yoneticisi","200","tr","locale-lander","61","169","217","true","0.19","true","false","true","false","21","true","AggregateOffer|Answer|BreadcrumbList|ContactPoint|FAQPage|ListItem|Organization|Question|SoftwareApplication|WebSite","Organization","95","102","21","9","0","true","{}","Yapay zeka sayesinde kendi kendini bulan Chrome yer imleri"
"/tr/daha-sonra-izle","https://www.marqly.com/tr/daha-sonra-izle","200","tr","locale-lander","55","166","397","false","0.35","true","false","true","false","21","true","AggregateOffer|Answer|BreadcrumbList|ContactPoint|FAQPage|ListItem|Organization|Question|SoftwareApplication|WebSite","Organization","95","102","21","9","0","true","{}","«Daha sonra izle» listeleri, videoların unutulup gittiği yerdir"
"/tr/daha-sonra-oku","https://www.marqly.com/tr/daha-sonra-oku","200","tr","locale-lander","52","140","308","false","0.27","true","false","true","false","21","true","AggregateOffer|Answer|BreadcrumbList|ContactPoint|FAQPage|ListItem|Organization|Question|SoftwareApplication|WebSite","Organization","95","102","21","9","0","true","{}","Makaleleri kaydedin, yapay zekayla ayıklayın ve gerçekten okuyun"
"/tr/danismanlar-icin","https://www.marqly.com/tr/danismanlar-icin","200","tr","locale-lander","55","162","168","true","0.15","true","false","true","false","21","true","AggregateOffer|Answer|BreadcrumbList|ContactPoint|FAQPage|ListItem|Organization|Question|SoftwareApplication|WebSite","Organization","95","102","21","9","0","true","{}","Sizinle aynı hızda bağlam değiştiren müşteri araştırması"
"/tr/doktora-ogrencileri-icin","https://www.marqly.com/tr/doktora-ogrencileri-icin","200","tr","locale-lander","58","158","223","true","0.18","true","false","true","false","21","true","AggregateOffer|Answer|BreadcrumbList|ContactPoint|FAQPage|ListItem|Organization|Question|SoftwareApplication|WebSite","Organization","95","102","21","9","0","true","{}","Doktora tezinizin literatür taramasını tek ve aranabilir kütüphaneden yönetin"
"/tr/edge-yer-imi-yoneticisi","https://www.marqly.com/tr/edge-yer-imi-yoneticisi","200","tr","locale-lander","51","144","187","true","0.17","true","false","true","false","21","true","AggregateOffer|Answer|BreadcrumbList|ContactPoint|FAQPage|ListItem|Organization|Question|SoftwareApplication|WebSite","Organization","95","102","21","9","0","true","{}","Microsoft Edge sık kullanılanlarını yapay zeka ile güçlendirin"
"/tr/emlakcilar-icin","https://www.marqly.com/tr/emlakcilar-icin","200","tr","locale-lander","62","149","203","true","0.18","true","false","true","false","21","true","AggregateOffer|Answer|BreadcrumbList|ContactPoint|FAQPage|ListItem|Organization|Question|SoftwareApplication|WebSite","Organization","95","102","21","9","0","true","{}","Müşterilerinize özel tüm ilan araştırmaları otomatik olarak düzenli"
"/tr/firefox-yer-imi-yoneticisi","https://www.marqly.com/tr/firefox-yer-imi-yoneticisi","200","tr","locale-lander","54","154","198","true","0.18","true","false","true","false","21","true","AggregateOffer|Answer|BreadcrumbList|ContactPoint|FAQPage|ListItem|Organization|Question|SoftwareApplication|WebSite","Organization","95","102","21","9","0","true","{}","Yapay zeka ile etiketlenen ve anlamıyla aranan Firefox yer imleri"
"/tr/gazeteciler-icin","https://www.marqly.com/tr/gazeteciler-icin","200","tr","locale-lander","62","174","381","false","0.29","true","false","true","false","21","true","AggregateOffer|Answer|BreadcrumbList|ContactPoint|FAQPage|ListItem|Organization|Question|SoftwareApplication|WebSite","Organization","95","102","21","9","0","true","{}","Haberinizde alıntıladığınız kaynak sayfa artık aynı şeyleri yazmıyor"
"/tr/gelistiriciler-icin","https://www.marqly.com/tr/gelistiriciler-icin","200","tr","locale-lander","62","193","387","false","0.33","true","false","true","false","21","true","AggregateOffer|Answer|BreadcrumbList|ContactPoint|FAQPage|ListItem|Organization|Question|SoftwareApplication|WebSite","Organization","95","102","21","9","0","true","{}","Bu hatayı sekiz ay önce çözmüştünüz. Cevap kapattığınız bir sekmede kaldı"
"/tr/icerik-kurasyonu","https://www.marqly.com/tr/icerik-kurasyonu","200","tr","locale-lander","66","152","209","true","0.19","true","false","true","false","21","true","AggregateOffer|Answer|BreadcrumbList|ContactPoint|FAQPage|ListItem|Organization|Question|SoftwareApplication|WebSite","Organization","95","102","21","9","0","true","{}","Bir konudaki en iyi içerikleri derleyin, temiz bir sayfada paylaşın"
"/tr/icerik-ureticileri-icin","https://www.marqly.com/tr/icerik-ureticileri-icin","200","tr","locale-lander","64","182","360","false","0.3","true","false","true","false","21","true","AggregateOffer|Answer|BreadcrumbList|ContactPoint|FAQPage|ListItem|Organization|Question|SoftwareApplication|WebSite","Organization","95","102","21","9","0","true","{}","Harika bir fikir görüp kaydettiniz. Sıra üretmeye geldiğinde ise hiçbir yerde yok"
"/tr/ikinci-beyin","https://www.marqly.com/tr/ikinci-beyin","200","tr","locale-lander","52","170","418","false","0.38","true","false","true","false","21","true","AggregateOffer|Answer|BreadcrumbList|ContactPoint|FAQPage|ListItem|Organization|Question|SoftwareApplication|WebSite","Organization","95","102","21","9","0","true","{}","Neredeyse her ikinci beyin aynı sebeple terk edilir"
"/tr/iphone-yer-imi-yoneticisi","https://www.marqly.com/tr/iphone-yer-imi-yoneticisi","200","tr","locale-lander","53","150","184","true","0.17","true","false","true","false","21","true","AggregateOffer|Answer|BreadcrumbList|ContactPoint|FAQPage|ListItem|Organization|Question|SoftwareApplication|WebSite","Organization","95","102","21","9","0","true","{}","Yapay zeka ile tüm yer imi kütüphaneniz her an cebinizde"
"/tr/is-arama-duzenleyici","https://www.marqly.com/tr/is-arama-duzenleyici","200","tr","locale-lander","64","155","223","true","0.2","true","false","true","false","21","true","AggregateOffer|Answer|BreadcrumbList|ContactPoint|FAQPage|ListItem|Organization|Question|SoftwareApplication|WebSite","Organization","95","102","21","9","0","true","{}","Tüm iş ilanları, maaş araştırmaları ve mülakat notları tek bir yerde"
"/tr/ise-alim-uzmanlari-icin","https://www.marqly.com/tr/ise-alim-uzmanlari-icin","200","tr","locale-lander","71","165","212","true","0.19","true","false","true","false","21","true","AggregateOffer|Answer|BreadcrumbList|ContactPoint|FAQPage|ListItem|Organization|Question|SoftwareApplication|WebSite","Organization","95","102","21","9","0","true","{}","Yetenekli adayları onlarca açık tarayıcı sekmesi arasında kaybetmeyin"
"/tr/karsilastirma/marqly-vs-evernote","https://www.marqly.com/tr/karsilastirma/marqly-vs-evernote","200","tr","locale-lander","72","149","288","true","0.17","true","false","true","false","21","true","AggregateOffer|Answer|BreadcrumbList|ContactPoint|FAQPage|ListItem|Organization|Question|SoftwareApplication|WebSite","Organization","95","102","21","9","0","true","{}","Marqly vs Evernote: ağır bir ofis paketi mi, çevik bir yapay zeka arşivi mi"
"/tr/karsilastirma/marqly-vs-instapaper","https://www.marqly.com/tr/karsilastirma/marqly-vs-instapaper","200","tr","locale-lander","71","154","334","false","0.2","true","false","true","false","21","true","AggregateOffer|Answer|BreadcrumbList|ContactPoint|FAQPage|ListItem|Organization|Question|SoftwareApplication|WebSite","Organization","95","102","21","9","0","true","{}","Marqly vs Instapaper: rahat okumak mı, anında bulmak mı"
"/tr/karsilastirma/marqly-vs-matter","https://www.marqly.com/tr/karsilastirma/marqly-vs-matter","200","tr","locale-lander","63","149","266","true","0.15","true","false","true","false","21","true","AggregateOffer|Answer|BreadcrumbList|ContactPoint|FAQPage|ListItem|Organization|Question|SoftwareApplication|WebSite","Organization","95","102","21","9","0","true","{}","Marqly vs Matter: yolda dinlemek mi, kaydedilen bilgiyi anında bulmak mı"
"/tr/karsilastirma/marqly-vs-notion","https://www.marqly.com/tr/karsilastirma/marqly-vs-notion","200","tr","locale-lander","74","145","290","true","0.17","true","false","true","false","21","true","AggregateOffer|Answer|BreadcrumbList|ContactPoint|FAQPage|ListItem|Organization|Question|SoftwareApplication|WebSite","Organization","95","102","21","9","0","true","{}","Marqly vs Notion: devasa çalışma alanına tıkmak mı, özel yapay zeka kütüphanesi mi"
"/tr/karsilastirma/marqly-vs-obsidian","https://www.marqly.com/tr/karsilastirma/marqly-vs-obsidian","200","tr","locale-lander","82","155","300","false","0.17","true","false","true","false","21","true","AggregateOffer|Answer|BreadcrumbList|ContactPoint|FAQPage|ListItem|Organization|Question|SoftwareApplication|WebSite","Organization","95","102","21","9","0","true","{}","Marqly vs Obsidian: kendi sahip olduğunuz yerel dosyalar mı, yapay zekanın yönettiği kütüphane mi"
"/tr/karsilastirma/marqly-vs-pocket","https://www.marqly.com/tr/karsilastirma/marqly-vs-pocket","200","tr","locale-lander","64","148","320","false","0.19","true","false","true","false","21","true","AggregateOffer|Answer|BreadcrumbList|ContactPoint|FAQPage|ListItem|Organization|Question|SoftwareApplication|WebSite","Organization","95","102","22","9","0","true","{}","Marqly vs Pocket: Pocket kapandıktan sonra dürüst bir karşılaştırma"
"/tr/karsilastirma/marqly-vs-raindrop","https://www.marqly.com/tr/karsilastirma/marqly-vs-raindrop","200","tr","locale-lander","49","131","364","false","0.2","true","false","true","false","21","true","AggregateOffer|Answer|BreadcrumbList|ContactPoint|FAQPage|ListItem|Organization|Question|SoftwareApplication|WebSite","Organization","95","102","21","9","0","true","{}","Marqly vs Raindrop: Manuel klasörleme mi, yapay zekayla anında bulma mı?"
"/tr/karsilastirma/marqly-vs-readwise","https://www.marqly.com/tr/karsilastirma/marqly-vs-readwise","200","tr","locale-lander","77","158","292","true","0.16","true","false","true","false","21","true","AggregateOffer|Answer|BreadcrumbList|ContactPoint|FAQPage|ListItem|Organization|Question|SoftwareApplication|WebSite","Organization","95","102","21","9","0","true","{}","Marqly vs Readwise Reader: yoğun akademik okuma mı, zahmetsiz yapay zeka arşivi mi"
"/tr/kurucular-icin","https://www.marqly.com/tr/kurucular-icin","200","tr","locale-lander","67","162","209","true","0.18","true","false","true","false","21","true","AggregateOffer|Answer|BreadcrumbList|ContactPoint|FAQPage|ListItem|Organization|Question|SoftwareApplication|WebSite","Organization","95","102","21","9","0","true","{}","Saniyeler içinde toplanan ve yıllarca korunan rakip istihbaratı"
"/tr/ogrenciler-icin","https://www.marqly.com/tr/ogrenciler-icin","200","tr","locale-lander","54","129","263","true","0.21","true","false","true","false","21","true","AggregateOffer|Answer|BreadcrumbList|ContactPoint|FAQPage|ListItem|Organization|Question|SoftwareApplication|WebSite","Organization","95","102","21","9","0","true","{}","Alıntı yapmadan önce kaynakları toplayın — hiçbirini kaybetmeden"
"/tr/ogretmenler-icin","https://www.marqly.com/tr/ogretmenler-icin","200","tr","locale-lander","70","166","407","false","0.36","true","false","true","false","21","true","AggregateOffer|Answer|BreadcrumbList|ContactPoint|FAQPage|ListItem|Organization|Question|SoftwareApplication|WebSite","Organization","95","102","21","9","0","true","{}","Geçen yılki derste öğrencilerin bayıldığı o görsel materyal duruyor ama nerede olduğunu bulamıyorsunuz"
"/tr/okuma-listesi","https://www.marqly.com/tr/okuma-listesi","200","tr","locale-lander","51","170","358","false","0.31","true","false","true","false","21","true","AggregateOffer|Answer|BreadcrumbList|ContactPoint|FAQPage|ListItem|Organization|Question|SoftwareApplication|WebSite","Organization","95","102","21","9","0","true","{}","Okuma listeniz dağınık değil. Sadece akıllı bir dizini eksik"
"/tr/pano-gecmisi","https://www.marqly.com/tr/pano-gecmisi","200","tr","locale-lander","62","147","190","true","0.14","true","false","true","false","21","true","AggregateOffer|Answer|BreadcrumbList|ContactPoint|FAQPage|ListItem|Organization|Question|SoftwareApplication|WebSite","Organization","95","102","21","9","0","true","{}","Sistem panonuz tek bir şeyi hatırlar. Marqly hepsini hatırlar"
"/tr/pazarlamacilar-icin","https://www.marqly.com/tr/pazarlamacilar-icin","200","tr","locale-lander","64","168","367","false","0.31","true","false","true","false","21","true","AggregateOffer|Answer|BreadcrumbList|ContactPoint|FAQPage|ListItem|Organization|Question|SoftwareApplication|WebSite","Organization","95","102","21","9","0","true","{}","Ekibe örnek göstermek istediğiniz rakip firmanın o açılış sayfası yenilendi ve yayından kalktı"
"/tr/safari-yer-imi-yoneticisi","https://www.marqly.com/tr/safari-yer-imi-yoneticisi","200","tr","locale-lander","46","139","191","true","0.17","true","false","true","false","21","true","AggregateOffer|Answer|BreadcrumbList|ContactPoint|FAQPage|ListItem|Organization|Question|SoftwareApplication|WebSite","Organization","95","102","21","9","0","true","{}","Safari kayıtlarınız sahip olduğunuz her cihazda elinizin altında"
"/tr/satis-ekipleri-icin","https://www.marqly.com/tr/satis-ekipleri-icin","200","tr","locale-lander","73","148","174","true","0.16","true","false","true","false","21","true","AggregateOffer|Answer|BreadcrumbList|ContactPoint|FAQPage|ListItem|Organization|Question|SoftwareApplication|WebSite","Organization","95","102","21","9","0","true","{}","Aday müşterinizle ilgili her haber, kaydettiğiniz anda dosyalanır"
"/tr/sayfayi-pdf-kaydet","https://www.marqly.com/tr/sayfayi-pdf-kaydet","200","tr","locale-lander","65","152","203","true","0.19","true","false","true","false","21","true","AggregateOffer|Answer|BreadcrumbList|ContactPoint|FAQPage|ListItem|Organization|Question|SoftwareApplication|WebSite","Organization","95","102","21","9","0","true","{}","Her web sayfasını ekranınızda gördüğünüz şekliyle kusursuz bir PDF'e dönüştürün"
"/tr/sekme-yoneticisi","https://www.marqly.com/tr/sekme-yoneticisi","200","tr","locale-lander","61","145","308","false","0.28","true","false","true","false","21","true","AggregateOffer|Answer|BreadcrumbList|ContactPoint|FAQPage|ListItem|Organization|Question|SoftwareApplication|WebSite","Organization","95","102","21","9","0","true","{}","Tüm açık sekmeleri tek seferde kaydedin — istediğiniz an geri yükleyin"
"/tr/seyahat-planlama","https://www.marqly.com/tr/seyahat-planlama","200","tr","locale-lander","65","168","393","false","0.35","true","false","true","false","21","true","AggregateOffer|Answer|BreadcrumbList|ContactPoint|FAQPage|ListItem|Organization|Question|SoftwareApplication|WebSite","Organization","95","102","21","9","0","true","{}","Seyahat planlayacağım derken 40 sekme açtınız ve hala hiçbir şeye karar veremediniz"
"/tr/swipe-file","https://www.marqly.com/tr/swipe-file","200","tr","locale-lander","70","149","214","true","0.19","true","false","true","false","21","true","AggregateOffer|Answer|BreadcrumbList|ContactPoint|FAQPage|ListItem|Organization|Question|SoftwareApplication|WebSite","Organization","95","102","21","9","0","true","{}","Beğendiğiniz her reklamı ve başlığı kaydedin, yazarken hemen bulun"
"/tr/tarif-duzenleyici","https://www.marqly.com/tr/tarif-duzenleyici","200","tr","locale-lander","54","175","371","false","0.33","true","false","true","false","21","true","AggregateOffer|Answer|BreadcrumbList|ContactPoint|FAQPage|ListItem|Organization|Question|SoftwareApplication|WebSite","Organization","95","102","21","9","0","true","{}","Harika bir yemek tarifi kaydetmiştiniz. Perşembe akşamı acıktığınızda ise bulamıyorsunuz"
"/tr/tasarimcilar-icin","https://www.marqly.com/tr/tasarimcilar-icin","200","tr","locale-lander","56","150","233","true","0.2","true","false","true","false","21","true","AggregateOffer|Answer|BreadcrumbList|ContactPoint|FAQPage|ListItem|Organization|Question|SoftwareApplication|WebSite","Organization","95","102","21","9","0","true","{}","Beğendiğiniz her tasarım referansı, aklınızdaki tarifle bir tık uzağınızda"
"/tr/tools/youtube-ozetleyici","https://www.marqly.com/tr/tools/youtube-ozetleyici","200","tr","locale-tool","64","167","304","false","0.75","false","false","true","false","21","true","Answer|BreadcrumbList|ContactPoint|FAQPage|ListItem|Offer|Organization|Question|WebApplication|WebSite","","97","2","19","9","0","true","{}","YouTube Videolarını Yapay Zeka ile Anında Özetleyin"
"/tr/tools/youtube-transkript","https://www.marqly.com/tr/tools/youtube-transkript","200","tr","locale-tool","70","170","329","false","0.64","false","false","true","false","21","true","Answer|BreadcrumbList|ContactPoint|FAQPage|ListItem|Offer|Organization|Question|WebApplication|WebSite","","97","2","19","9","0","true","{}","YouTube Video Transkriptini Tek Tıkla Alın"
"/tr/urun-yoneticileri-icin","https://www.marqly.com/tr/urun-yoneticileri-icin","200","tr","locale-lander","64","147","182","true","0.16","true","false","true","false","21","true","AggregateOffer|Answer|BreadcrumbList|ContactPoint|FAQPage|ListItem|Organization|Question|SoftwareApplication|WebSite","Organization","95","102","21","9","0","true","{}","Tüm rakip incelemeleri, araştırma bağlantıları ve PRD kaynakları tek yerde"
"/tr/ux-arastirmacilari-icin","https://www.marqly.com/tr/ux-arastirmacilari-icin","200","tr","locale-lander","40","159","169","true","0.15","true","false","true","false","21","true","AggregateOffer|Answer|BreadcrumbList|ContactPoint|FAQPage|ListItem|Organization|Question|SoftwareApplication|WebSite","Organization","95","102","21","9","0","true","{}","Bakımı saatler değil dakikalar alan bir araştırma havuzu"
"/tr/web-vurgulayici","https://www.marqly.com/tr/web-vurgulayici","200","tr","locale-lander","51","142","307","false","0.27","true","false","true","false","21","true","AggregateOffer|Answer|BreadcrumbList|ContactPoint|FAQPage|ListItem|Organization|Question|SoftwareApplication|WebSite","Organization","95","102","21","9","0","true","{}","Tıpkı bir kitapta olduğu gibi, web üzerindeki cümleleri vurgulayın"
"/tr/yazarlar-icin","https://www.marqly.com/tr/yazarlar-icin","200","tr","locale-lander","71","183","438","false","0.35","true","false","true","false","21","true","AggregateOffer|Answer|BreadcrumbList|ContactPoint|FAQPage|ListItem|Organization|Question|SoftwareApplication|WebSite","Organization","95","102","21","9","0","true","{}","Yazı akıp giderken, aylar önce okuduğunuz o alıntıyı aramak zorunda kalıp tıkandınız"
"/tr/yeni-sekme-panosu","https://www.marqly.com/tr/yeni-sekme-panosu","200","tr","locale-lander","56","181","237","true","0.17","true","false","true","false","21","true","AggregateOffer|Answer|BreadcrumbList|ContactPoint|FAQPage|ListItem|Organization|Question|SoftwareApplication|WebSite","Organization","95","102","21","9","0","true","{}","Günde 50 kez yeni sekme açıyorsunuz. Onu gerçek bir çalışma alanına dönüştürün"
"/tr/yer-imi-duzenleyici","https://www.marqly.com/tr/yer-imi-duzenleyici","200","tr","locale-lander","66","179","233","true","0.21","true","false","true","false","21","true","AggregateOffer|Answer|BreadcrumbList|ContactPoint|FAQPage|ListItem|Organization|Question|SoftwareApplication|WebSite","Organization","95","102","21","9","0","true","{}","Yer imlerini klasörlere ayırmayı bırakın. Yapay zeka etiketlesin ve anlama göre bulsun"
"/tr/yer-imi-senkronizasyonu","https://www.marqly.com/tr/yer-imi-senkronizasyonu","200","tr","locale-lander","73","150","192","true","0.17","true","false","true","false","21","true","AggregateOffer|Answer|BreadcrumbList|ContactPoint|FAQPage|ListItem|Organization|Question|SoftwareApplication|WebSite","Organization","95","102","21","9","0","true","{}","Bir tarayıcıda kaydedin. Hepsinde anında bulun"
"/tr/youtube-ozetleyici","https://www.marqly.com/tr/youtube-ozetleyici","200","tr","locale-lander","68","157","208","true","0.18","true","false","true","false","21","true","AggregateOffer|Answer|BreadcrumbList|ContactPoint|FAQPage|ListItem|Organization|Question|SoftwareApplication|WebSite","Organization","95","102","21","9","0","true","{}","40 dakikanızı ayırmadan önce videoda ne olduğunu 30 saniyede öğrenin"
"/travel-planning","https://www.marqly.com/travel-planning","200","en","root-lander","52","152","1138","false","","false","false","true","false","21","true","AggregateOffer|Answer|BreadcrumbList|ContactPoint|FAQPage|ListItem|Organization|Question|SoftwareApplication|WebSite","Organization","185","767","24","9","0","true","{}","Plan the whole trip from the links you've already saved"
"/uninstall","https://www.marqly.com/uninstall","200","en","root-lander","34","68","267","true","","false","false","true","false","0","false","","","32","1","20","9","0","true","{}","We’re sorry to see you go"
"/watch-later","https://www.marqly.com/watch-later","200","en","root-lander","54","154","1121","false","","false","false","true","false","21","true","AggregateOffer|Answer|BreadcrumbList|ContactPoint|FAQPage|ListItem|Organization|Question|SoftwareApplication|WebSite","Organization","185","767","22","9","0","true","{}","A watch later list with transcripts, summaries, and real search"
"/web-highlighter","https://www.marqly.com/web-highlighter","200","en","root-lander","57","152","1126","false","","false","false","true","false","21","true","AggregateOffer|Answer|BreadcrumbList|ContactPoint|FAQPage|ListItem|Organization|Question|SoftwareApplication|WebSite","Organization","187","767","22","9","0","true","{}","Highlight any website in six colors. It's still there tomorrow"
"/youtube-summarizer","https://www.marqly.com/youtube-summarizer","200","en","root-lander","55","154","1128","false","","false","false","true","false","21","true","AggregateOffer|Answer|BreadcrumbList|ContactPoint|FAQPage|ListItem|Organization|Question|SoftwareApplication|WebSite","Organization","185","767","22","9","0","true","{}","Know what's in the video before you give it 40 minutes"
"/zh","https://www.marqly.com/zh","200","zh","locale-home","30","67","1088","false","0.32","true","false","true","false","21","true","AggregateOffer|Answer|BreadcrumbList|ContactPoint|FAQPage|ListItem|Organization|Question|SoftwareApplication|WebSite","Organization","96","1913","21","9","0","true","{}","收藏谁都会。Marqly 让你真正找得到。"
"/zh/alternatives/evernote","https://www.marqly.com/zh/alternatives/evernote","200","zh","locale-lander","34","82","577","false","0.3","true","false","true","false","21","true","AggregateOffer|Answer|BreadcrumbList|ContactPoint|FAQPage|ListItem|Organization|Question|SoftwareApplication|WebSite","Organization","95","102","21","9","0","true","{}","寻找 Evernote 替代品：首先梳理你真正用到了哪些功能"
"/zh/alternatives/instapaper","https://www.marqly.com/zh/alternatives/instapaper","200","zh","locale-lander","39","68","574","false","0.3","true","false","true","false","21","true","AggregateOffer|Answer|BreadcrumbList|ContactPoint|FAQPage|ListItem|Organization|Question|SoftwareApplication|WebSite","Organization","95","102","21","9","0","true","{}","寻找 Instapaper 替代品：依据你真正缺失的功能而定"
"/zh/alternatives/notion","https://www.marqly.com/zh/alternatives/notion","200","zh","locale-lander","35","62","521","false","0.27","true","false","true","false","21","true","AggregateOffer|Answer|BreadcrumbList|ContactPoint|FAQPage|ListItem|Organization|Question|SoftwareApplication|WebSite","Organization","95","102","21","9","0","true","{}","当你的 Notion 链接数据库变成信息垃圾场时的最佳替代方案"
"/zh/alternatives/pocket","https://www.marqly.com/zh/alternatives/pocket","200","zh","locale-lander","32","86","578","false","0.35","true","false","true","false","21","true","AggregateOffer|Answer|BreadcrumbList|ContactPoint|FAQPage|ListItem|Organization|Question|SoftwareApplication|WebSite","Organization","95","102","22","9","0","true","{}","寻找Pocket的替代品，首先要想清楚你曾用它做什么"
"/zh/alternatives/raindrop","https://www.marqly.com/zh/alternatives/raindrop","200","zh","locale-lander","35","65","614","false","0.3","true","false","true","false","21","true","AggregateOffer|Answer|BreadcrumbList|ContactPoint|FAQPage|ListItem|Organization|Question|SoftwareApplication|WebSite","Organization","95","102","22","9","0","true","{}","Raindrop.io 最佳替代方案：按迁移需求精明选型"
"/zh/blog","https://www.marqly.com/zh/blog","200","zh","locale-blog-index","28","48","3035","false","3.91","false","false","true","false","21","true","Blog|BlogPosting","","131","102","17","39","0","true","{""datePublished"":""2026-07-04""}","智能收藏，秒速找回。"
"/zh/blog/ai-bookmark-managers-semantic-search-compared-2026","https://www.marqly.com/zh/blog/ai-bookmark-managers-semantic-search-compared-2026","200","zh","locale-blog","34","57","1115","false","0.49","true","false","true","false","21","true","AggregateOffer|Answer|BlogPosting|BreadcrumbList|ContactPoint|FAQPage|ImageObject|ListItem|Organization|Question|SoftwareApplication|WebPage","Organization","100","5","18","10","0","true","{""datePublished"":""2026-06-23"",""dateModified"":""2026-06-23""}","哪些 AI 书签管理器真正支持语义搜索？（8 款工具横向对比 2026）"
"/zh/blog/ai-shuqian-sousuo-2026","https://www.marqly.com/zh/blog/ai-shuqian-sousuo-2026","200","zh","locale-blog","31","52","713","false","0.64","false","false","true","false","21","true","AggregateOffer|Answer|BlogPosting|BreadcrumbList|ContactPoint|FAQPage|ImageObject|ListItem|Organization|Question|SoftwareApplication|WebPage","Organization","98","7","18","10","0","true","{""datePublished"":""2026-05-18"",""dateModified"":""2026-09-07""}","如何使用AI搜索书签（语义搜索深度指南・2026）"
"/zh/blog/best-ai-bookmark-manager-2026","https://www.marqly.com/zh/blog/best-ai-bookmark-manager-2026","200","zh","locale-blog","27","74","779","false","0.28","true","false","true","false","21","true","AggregateOffer|Answer|BlogPosting|BreadcrumbList|ContactPoint|FAQPage|ImageObject|ListItem|Organization|Question|SoftwareApplication|WebPage","Organization","99","5","20","10","0","true","{""datePublished"":""2026-05-05"",""dateModified"":""2026-06-23""}","2026年最佳 AI 书签管理器推荐：选择标准与 5 款工具横评"
"/zh/blog/best-free-bookmark-manager-2026","https://www.marqly.com/zh/blog/best-free-bookmark-manager-2026","200","zh","locale-blog","29","74","750","false","0.38","true","false","true","false","21","true","AggregateOffer|Answer|BlogPosting|BreadcrumbList|ContactPoint|FAQPage|ImageObject|ListItem|Organization|Question|SoftwareApplication|WebPage","Organization","97","102","19","10","0","true","{""datePublished"":""2026-08-02"",""dateModified"":""2026-09-07""}","2026年最佳免费书签管理器推荐TOP 5（真正免费无套路）"
"/zh/blog/best-second-brain-apps-2026","https://www.marqly.com/zh/blog/best-second-brain-apps-2026","200","zh","locale-blog","27","76","879","false","0.36","true","false","true","false","21","true","AggregateOffer|Answer|BlogPosting|BreadcrumbList|ContactPoint|FAQPage|ImageObject|ListItem|Organization|Question|SoftwareApplication|WebPage","Organization","97","3","19","10","0","true","{""datePublished"":""2026-06-23"",""dateModified"":""2026-09-07""}","2026 年最佳第二大脑软件推荐（7 款主流工具深度横评）"
"/zh/blog/best-self-hosted-pocket-alternative-2026","https://www.marqly.com/zh/blog/best-self-hosted-pocket-alternative-2026","200","zh","locale-blog","33","82","381","false","0.16","true","false","true","false","21","true","AggregateOffer|Answer|BlogPosting|BreadcrumbList|ContactPoint|FAQPage|ImageObject|ListItem|Organization|Question|SoftwareApplication|WebPage","Organization","99","4","19","10","0","true","{""datePublished"":""2026-06-23"",""dateModified"":""2026-06-23""}","2026 年最佳自建（Self-Hosted）Pocket 替代方案：Wallabag、Karakeep 与托管版对比"
"/zh/blog/best-tab-managers-2026","https://www.marqly.com/zh/blog/best-tab-managers-2026","200","zh","locale-blog","44","75","727","false","0.41","true","false","true","false","21","true","AggregateOffer|Answer|BlogPosting|BreadcrumbList|ContactPoint|FAQPage|ImageObject|ListItem|Organization|Question|SoftwareApplication|WebPage","Organization","96","102","18","9","0","true","{""datePublished"":""2026-08-02"",""dateModified"":""2026-09-07""}","2026年5款最佳标签页管理工具测评（按实际需求挑选）"
"/zh/blog/best-web-highlighter-2026","https://www.marqly.com/zh/blog/best-web-highlighter-2026","200","zh","locale-blog","27","95","748","false","0.41","true","false","true","false","21","true","AggregateOffer|Answer|BlogPosting|BreadcrumbList|ContactPoint|FAQPage|ImageObject|ListItem|Organization|Question|SoftwareApplication|WebPage","Organization","96","102","19","10","0","true","{""datePublished"":""2026-08-02"",""dateModified"":""2026-09-07""}","2026年最佳网页划线高亮工具TOP 6（真实网页深度实测）"
"/zh/blog/best-youtube-summarizers-2026","https://www.marqly.com/zh/blog/best-youtube-summarizers-2026","200","zh","locale-blog","48","68","947","false","0.51","false","false","true","false","21","true","AggregateOffer|Answer|BlogPosting|BreadcrumbList|ContactPoint|FAQPage|ImageObject|ListItem|Organization|Question|SoftwareApplication|WebPage","Organization","97","102","18","9","0","true","{""datePublished"":""2026-08-02"",""dateModified"":""2026-09-07""}","2026年6款最佳 YouTube 视频 AI 总结工具测评与推荐"
"/zh/blog/can-ai-organize-my-bookmarks-automatically-2026","https://www.marqly.com/zh/blog/can-ai-organize-my-bookmarks-automatically-2026","200","zh","locale-blog","35","56","623","false","0.63","false","false","true","false","21","true","AggregateOffer|Answer|BlogPosting|BreadcrumbList|ContactPoint|FAQPage|ImageObject|ListItem|Organization|Question|SoftwareApplication|WebPage","Organization","97","1","18","10","0","true","{""datePublished"":""2026-05-16"",""dateModified"":""2026-09-07""}","AI能自动整理我的书签吗？答案是肯定的——原理与实测"
"/zh/blog/chat-with-youtube-videos-2026","https://www.marqly.com/zh/blog/chat-with-youtube-videos-2026","200","zh","locale-blog","37","61","706","false","0.35","true","false","true","false","21","true","AggregateOffer|Answer|BlogPosting|BreadcrumbList|ContactPoint|FAQPage|ImageObject|ListItem|Organization|Question|SoftwareApplication|WebPage","Organization","97","1","19","10","0","true","{""datePublished"":""2026-07-04"",""dateModified"":""2026-09-07""}","如何与YouTube视频实时AI对话（提问并获取精准回答）"
"/zh/blog/chrome-bookmarks-not-syncing-fix-2026","https://www.marqly.com/zh/blog/chrome-bookmarks-not-syncing-fix-2026","200","zh","locale-blog","35","65","1106","false","0.64","false","false","true","false","21","true","AggregateOffer|Answer|BlogPosting|BreadcrumbList|ContactPoint|FAQPage|ImageObject|ListItem|Organization|Question|SoftwareApplication|WebPage","Organization","98","102","19","9","0","true","{""datePublished"":""2026-08-02"",""dateModified"":""2026-08-02""}","Chrome 书签无法同步？8 个切实有效的修复方法（2026 最新版）"
"/zh/blog/chrome-shuqian-daoru-zhinan-2026","https://www.marqly.com/zh/blog/chrome-shuqian-daoru-zhinan-2026","200","zh","locale-blog","35","57","682","false","0.28","true","false","true","false","21","true","AggregateOffer|Answer|BlogPosting|BreadcrumbList|ContactPoint|FAQPage|ImageObject|ListItem|Organization|Question|SoftwareApplication|WebPage","Organization","97","2","19","10","0","true","{""datePublished"":""2026-06-23"",""dateModified"":""2026-06-23""}","如何导出Chrome书签并导入AI书签管理器（2026最新指南）"
"/zh/blog/digital-declutter-new-year","https://www.marqly.com/zh/blog/digital-declutter-new-year","200","zh","locale-blog","31","59","2785","false","1.68","false","false","true","false","21","true","AggregateOffer|Answer|BlogPosting|BreadcrumbList|ContactPoint|FAQPage|ImageObject|ListItem|Organization|Question|SoftwareApplication|WebPage","Organization","101","102","19","9","0","true","{""datePublished"":""2026-08-02"",""dateModified"":""2026-08-02""}","新年数字断舍离清单：标签页、书签、积压稍后读与订阅清理指南"
"/zh/blog/export-instagram-saved-posts-2026","https://www.marqly.com/zh/blog/export-instagram-saved-posts-2026","200","zh","locale-blog","35","75","812","false","0.46","true","false","true","false","21","true","AggregateOffer|Answer|BlogPosting|BreadcrumbList|ContactPoint|FAQPage|ImageObject|ListItem|Organization|Question|SoftwareApplication|WebPage","Organization","97","102","19","9","0","true","{""datePublished"":""2026-08-16"",""dateModified"":""2026-09-07""}","2026年如何导出Instagram收藏的帖子（下载个人信息完整指南）"
"/zh/blog/export-reddit-saved-posts-2026","https://www.marqly.com/zh/blog/export-reddit-saved-posts-2026","200","zh","locale-blog","33","63","998","false","0.59","false","false","true","false","21","true","AggregateOffer|Answer|BlogPosting|BreadcrumbList|ContactPoint|FAQPage|ImageObject|ListItem|Organization|Question|SoftwareApplication|WebPage","Organization","97","13","19","9","0","true","{""datePublished"":""2026-08-02"",""dateModified"":""2026-09-07""}","2026年如何导出Reddit收藏的帖子（官方数据请求完整步骤）"
"/zh/blog/export-twitter-x-bookmarks-2026","https://www.marqly.com/zh/blog/export-twitter-x-bookmarks-2026","200","zh","locale-blog","38","61","760","false","0.43","true","false","true","false","21","true","AggregateOffer|Answer|BlogPosting|BreadcrumbList|ContactPoint|FAQPage|ImageObject|ListItem|Organization|Question|SoftwareApplication|WebPage","Organization","97","5","19","9","0","true","{""datePublished"":""2026-08-02"",""dateModified"":""2026-09-07""}","2026年如何导出X（Twitter）书签：所有可行的方法与完整指南"
"/zh/blog/export-youtube-watch-later-2026","https://www.marqly.com/zh/blog/export-youtube-watch-later-2026","200","zh","locale-blog","35","76","836","false","0.47","true","false","true","false","21","true","AggregateOffer|Answer|BlogPosting|BreadcrumbList|ContactPoint|FAQPage|ImageObject|ListItem|Organization|Question|SoftwareApplication|WebPage","Organization","97","102","19","9","0","true","{""datePublished"":""2026-08-16"",""dateModified"":""2026-09-07""}","2026年如何导出YouTube“稍后观看”播放列表（Google Takeout不支持）"
"/zh/blog/how-to-build-a-second-brain-2026","https://www.marqly.com/zh/blog/how-to-build-a-second-brain-2026","200","zh","locale-blog","33","61","1082","false","0.99","false","false","true","false","21","true","AggregateOffer|Answer|BlogPosting|BreadcrumbList|ContactPoint|FAQPage|ImageObject|ListItem|Organization|Question|SoftwareApplication|WebPage","Organization","97","3","18","10","0","true","{""datePublished"":""2026-03-13"",""dateModified"":""2026-09-07""}","如何在2026年构建真正的第二大脑（无需手动整理）"
"/zh/blog/how-to-chat-with-your-saved-articles-2026","https://www.marqly.com/zh/blog/how-to-chat-with-your-saved-articles-2026","200","zh","locale-blog","32","52","646","false","0.58","false","false","true","false","21","true","AggregateOffer|Answer|BlogPosting|BreadcrumbList|ContactPoint|FAQPage|ImageObject|ListItem|Organization|Question|SoftwareApplication|WebPage","Organization","98","3","19","10","0","true","{""datePublished"":""2026-05-14"",""dateModified"":""2026-09-07""}","2026年如何与你保存的文章和书签对话（AI问答完整指南）"
"/zh/blog/how-to-export-migrate-pocket-data-2026","https://www.marqly.com/zh/blog/how-to-export-migrate-pocket-data-2026","200","zh","locale-blog","32","49","755","false","0.75","false","false","true","false","21","true","AggregateOffer|Answer|BlogPosting|BreadcrumbList|ContactPoint|FAQPage|ImageObject|ListItem|Organization|Question|SoftwareApplication|WebPage","Organization","99","5","19","10","0","true","{""datePublished"":""2026-05-08"",""dateModified"":""2026-05-08""}","2026 年如何导出并迁移 Pocket 数据（详细实操步骤）"
"/zh/blog/how-to-find-a-saved-article-you-forgot-the-title-of-2026","https://www.marqly.com/zh/blog/how-to-find-a-saved-article-you-forgot-the-title-of-2026","200","zh","locale-blog","31","57","725","false","0.7","false","false","true","false","21","true","AggregateOffer|Answer|BlogPosting|BreadcrumbList|ContactPoint|FAQPage|ImageObject|ListItem|Organization|Question|SoftwareApplication|WebPage","Organization","98","3","19","10","0","true","{""datePublished"":""2026-05-22"",""dateModified"":""2026-09-07""}","忘记标题时如何快速找到保存的文章（2026最新技巧）"
"/zh/blog/how-to-highlight-text-on-any-website-2026","https://www.marqly.com/zh/blog/how-to-highlight-text-on-any-website-2026","200","zh","locale-blog","26","54","850","false","0.44","true","false","true","false","21","true","AggregateOffer|Answer|BlogPosting|BreadcrumbList|ContactPoint|FAQPage|ImageObject|ListItem|Organization|Question|SoftwareApplication|WebPage","Organization","99","2","18","10","0","true","{""datePublished"":""2026-07-04"",""dateModified"":""2026-09-07""}","如何在任何网页上划线高亮文字（并真正永久保存）"
"/zh/blog/instapaper-alternatives-2026","https://www.marqly.com/zh/blog/instapaper-alternatives-2026","200","zh","locale-blog","34","62","351","false","0.45","true","false","true","false","21","true","AggregateOffer|Answer|BlogPosting|BreadcrumbList|ContactPoint|FAQPage|ImageObject|ListItem|Organization|Question|SoftwareApplication|WebPage","Organization","100","5","19","10","0","true","{""datePublished"":""2026-04-09"",""dateModified"":""2026-04-09""}","2026 年最佳 Instapaper 替代品推荐（当极简排版不再够用时）"
"/zh/blog/instapaper-review-2026","https://www.marqly.com/zh/blog/instapaper-review-2026","200","zh","locale-blog","40","63","338","false","0.2","true","false","true","false","21","true","AggregateOffer|Answer|BlogPosting|BreadcrumbList|ContactPoint|FAQPage|ImageObject|ListItem|Organization|Question|SoftwareApplication|WebPage","Organization","100","5","19","9","0","true","{""datePublished"":""2026-08-02"",""dateModified"":""2026-08-02""}","Instapaper 深度评测 2026：排版依旧优雅，但价格翻倍且功能滞后"
"/zh/blog/karakeep-review-2026","https://www.marqly.com/zh/blog/karakeep-review-2026","200","zh","locale-blog","46","65","365","false","0.22","true","false","true","false","21","true","AggregateOffer|Answer|BlogPosting|BreadcrumbList|ContactPoint|FAQPage|ImageObject|ListItem|Organization|Question|SoftwareApplication|WebPage","Organization","100","5","19","9","0","true","{""datePublished"":""2026-08-02"",""dateModified"":""2026-08-02""}","Karakeep 深度评测 2026：支持本地 AI 大模型的自建开源书签神器"
"/zh/blog/linkwarden-review-2026","https://www.marqly.com/zh/blog/linkwarden-review-2026","200","zh","locale-blog","41","63","334","false","0.2","true","false","true","false","21","true","AggregateOffer|Answer|BlogPosting|BreadcrumbList|ContactPoint|FAQPage|ImageObject|ListItem|Organization|Question|SoftwareApplication|WebPage","Organization","100","5","19","9","0","true","{""datePublished"":""2026-08-02"",""dateModified"":""2026-08-02""}","Linkwarden 深度评测 2026：防死链与团队协作的开源网页存档利器"
"/zh/blog/marqly-review-2026","https://www.marqly.com/zh/blog/marqly-review-2026","200","zh","locale-blog","36","53","356","false","0.36","true","false","true","false","21","true","AggregateOffer|Answer|BlogPosting|BreadcrumbList|ContactPoint|FAQPage|ImageObject|ListItem|Organization|Question|SoftwareApplication|WebPage","Organization","100","2","18","10","0","true","{""datePublished"":""2026-02-26"",""dateModified"":""2026-02-26""}","Marqly 深度评测 2026：功能特性、价格方案与优劣势解析"
"/zh/blog/mymind-review-2026","https://www.marqly.com/zh/blog/mymind-review-2026","200","zh","locale-blog","34","66","3897","false","2.17","false","false","true","false","21","true","AggregateOffer|Answer|BlogPosting|BreadcrumbList|ContactPoint|FAQPage|ImageObject|ListItem|Organization|Question|SoftwareApplication|WebPage","Organization","99","1","19","9","0","true","{""datePublished"":""2026-08-02"",""dateModified"":""2026-08-02""}","mymind 2026 深度评测：优雅私密，但并非适合所有人"
"/zh/blog/notion-web-clipper-alternative-2026","https://www.marqly.com/zh/blog/notion-web-clipper-alternative-2026","200","zh","locale-blog","43","60","778","false","0.9","false","false","true","false","21","true","AggregateOffer|Answer|BlogPosting|BreadcrumbList|ContactPoint|FAQPage|ImageObject|ListItem|Organization|Question|SoftwareApplication|WebPage","Organization","97","1","19","10","0","true","{""datePublished"":""2026-04-04"",""dateModified"":""2026-09-07""}","2026年最佳 Notion Web Clipper 替代工具：更优雅地保存与找回文章"
"/zh/blog/para-method-for-bookmarks-2026","https://www.marqly.com/zh/blog/para-method-for-bookmarks-2026","200","zh","locale-blog","35","61","848","false","0.49","true","false","true","false","21","true","AggregateOffer|Answer|BlogPosting|BreadcrumbList|ContactPoint|FAQPage|ImageObject|ListItem|Organization|Question|SoftwareApplication|WebPage","Organization","97","4","18","10","0","true","{""datePublished"":""2026-08-02"",""dateModified"":""2026-09-07""}","书签管理的PARA方法：配置指南与局限性解析（2026）"
"/zh/blog/pocket-tidai-2026","https://www.marqly.com/zh/blog/pocket-tidai-2026","200","zh","locale-blog","36","85","2840","false","0.89","false","false","true","false","21","true","AggregateOffer|Answer|BlogPosting|BreadcrumbList|ContactPoint|FAQPage|ImageObject|ListItem|Organization|Question|SoftwareApplication|WebPage","Organization","101","6","20","10","0","true","{""datePublished"":""2026-05-12"",""dateModified"":""2026-06-23""}","Pocket 关停后 8 款最佳替代工具推荐【2026 深度评测】"
"/zh/blog/raindrop-review-2026","https://www.marqly.com/zh/blog/raindrop-review-2026","200","zh","locale-blog","42","61","378","false","0.2","true","false","true","false","21","true","AggregateOffer|Answer|BlogPosting|BreadcrumbList|ContactPoint|FAQPage|ImageObject|ListItem|Organization|Question|SoftwareApplication|WebPage","Organization","100","5","19","9","0","true","{""datePublished"":""2026-08-02"",""dateModified"":""2026-08-02""}","Raindrop.io 深度评测 2026：传统书签管理器的天花板"
"/zh/blog/readwise-reader-review-2026","https://www.marqly.com/zh/blog/readwise-reader-review-2026","200","zh","locale-blog","45","79","378","false","0.22","true","false","true","false","21","true","AggregateOffer|Answer|BlogPosting|BreadcrumbList|ContactPoint|FAQPage|ImageObject|ListItem|Organization|Question|SoftwareApplication|WebPage","Organization","100","5","19","9","0","true","{""datePublished"":""2026-08-02"",""dateModified"":""2026-08-02""}","Readwise Reader 深度评测 2026：重度阅读者的终极生产力利器"
"/zh/blog/save-youtube-videos-watch-later-2026","https://www.marqly.com/zh/blog/save-youtube-videos-watch-later-2026","200","zh","locale-blog","37","60","859","false","0.83","false","false","true","false","21","true","AggregateOffer|Answer|BlogPosting|BreadcrumbList|ContactPoint|FAQPage|ImageObject|ListItem|Organization|Question|SoftwareApplication|WebPage","Organization","97","2","18","10","0","true","{""datePublished"":""2026-03-08"",""dateModified"":""2026-09-07""}","如何高效管理YouTube稍后观看（并真正找得到它）"
"/zh/blog/shaohou-yuedu-app-2026","https://www.marqly.com/zh/blog/shaohou-yuedu-app-2026","200","zh","locale-blog","34","63","1167","false","1.11","false","false","true","false","21","true","AggregateOffer|Answer|BlogPosting|BreadcrumbList|ContactPoint|FAQPage|ImageObject|ListItem|Organization|Question|SoftwareApplication|WebPage","Organization","97","2","20","10","0","true","{""datePublished"":""2026-03-19"",""dateModified"":""2026-06-23""}","2026 年最佳稍后读应用推荐（9 款实测横评）"
"/zh/blog/shuqian-zhengli-zhinan-2026","https://www.marqly.com/zh/blog/shuqian-zhengli-zhinan-2026","200","zh","locale-blog","30","62","730","false","0.22","true","false","true","false","21","true","AggregateOffer|Answer|BlogPosting|BreadcrumbList|ContactPoint|FAQPage|ImageObject|ListItem|Organization|Question|SoftwareApplication|WebPage","Organization","96","4","19","10","0","true","{""datePublished"":""2026-03-24"",""dateModified"":""2026-06-23""}","浏览器书签终极整理指南【2026 告别杂乱】"
"/zh/blog/stop-organizing-bookmarks-folders-obsolete-2026","https://www.marqly.com/zh/blog/stop-organizing-bookmarks-folders-obsolete-2026","200","zh","locale-blog","28","58","770","false","0.35","true","false","true","false","21","true","AggregateOffer|Answer|BlogPosting|BreadcrumbList|ContactPoint|FAQPage|ImageObject|ListItem|Organization|Question|SoftwareApplication|WebPage","Organization","97","2","19","10","0","true","{""datePublished"":""2026-06-23"",""dateModified"":""2026-09-07""}","别再整理书签文件夹了：为什么2026年文件夹已经过时"
"/zh/blog/wangye-baocun-wei-pdf-zhinan-2026","https://www.marqly.com/zh/blog/wangye-baocun-wei-pdf-zhinan-2026","200","zh","locale-blog","39","64","749","false","0.38","true","false","true","false","21","true","AggregateOffer|Answer|BlogPosting|BreadcrumbList|ContactPoint|FAQPage|ImageObject|ListItem|Organization|Question|SoftwareApplication|WebPage","Organization","98","4","18","10","0","true","{""datePublished"":""2026-07-04"",""dateModified"":""2026-09-07""}","如何将网页完整保存为 PDF（告别排版错乱与图片空白）"
"/zh/blog/what-is-a-second-brain-app-2026","https://www.marqly.com/zh/blog/what-is-a-second-brain-app-2026","200","zh","locale-blog","35","56","654","false","0.23","true","false","true","false","21","true","AggregateOffer|Answer|BlogPosting|BreadcrumbList|ContactPoint|FAQPage|ImageObject|ListItem|Organization|Question|SoftwareApplication|WebPage","Organization","98","3","19","10","0","true","{""datePublished"":""2026-04-28"",""dateModified"":""2026-09-07""}","什么是第二大脑应用？（以及如何在2026年用书签轻松构建它）"
"/zh/blog/what-is-an-ai-second-brain-2026","https://www.marqly.com/zh/blog/what-is-an-ai-second-brain-2026","200","zh","locale-blog","37","60","649","false","0.63","false","false","true","false","21","true","AggregateOffer|Answer|BlogPosting|BreadcrumbList|ContactPoint|FAQPage|ImageObject|ListItem|Organization|Question|SoftwareApplication|WebPage","Organization","98","4","19","10","0","true","{""datePublished"":""2026-05-20"",""dateModified"":""2026-09-07""}","什么是 AI 第二大脑？通俗易懂的完整指南（2026最新）"
"/zh/blog/what-is-in-your-pocket-export-file-2026","https://www.marqly.com/zh/blog/what-is-in-your-pocket-export-file-2026","200","zh","locale-blog","34","67","428","false","0.18","true","false","true","false","21","true","AggregateOffer|Answer|BlogPosting|BreadcrumbList|ContactPoint|FAQPage|ImageObject|ListItem|Organization|Question|SoftwareApplication|WebPage","Organization","98","4","19","10","0","true","{""datePublished"":""2026-06-23"",""dateModified"":""2026-06-23""}","Pocket 导出文件中究竟有什么？（数据结构拆解与使用技巧 2026）"
"/zh/blog/youtube-shipin-ai-tiyao-2026","https://www.marqly.com/zh/blog/youtube-shipin-ai-tiyao-2026","200","zh","locale-blog","33","62","930","false","0.47","true","false","true","false","21","true","AggregateOffer|Answer|BlogPosting|BreadcrumbList|ContactPoint|FAQPage|ImageObject|ListItem|Organization|Question|SoftwareApplication|WebPage","Organization","97","2","19","10","0","true","{""datePublished"":""2026-07-04"",""dateModified"":""2026-09-07""}","如何用AI总结YouTube视频：播放页秒出要点（2026最新指南）"
"/zh/blog/youtube-zimu-wenzigao-huoqu-2026","https://www.marqly.com/zh/blog/youtube-zimu-wenzigao-huoqu-2026","200","zh","locale-blog","33","67","951","false","0.48","true","false","true","false","21","true","AggregateOffer|Answer|BlogPosting|BreadcrumbList|ContactPoint|FAQPage|ImageObject|ListItem|Organization|Question|SoftwareApplication|WebPage","Organization","99","1","18","10","0","true","{""datePublished"":""2026-07-04"",""dateModified"":""2026-09-07""}","获取YouTube视频字幕文字稿的3种方法（2026最新指南）"
"/zh/bookmark-manager-for-chrome","https://www.marqly.com/zh/bookmark-manager-for-chrome","200","zh","locale-lander","32","72","436","false","0.38","true","false","true","false","21","true","AggregateOffer|Answer|BreadcrumbList|ContactPoint|FAQPage|ListItem|Organization|Question|SoftwareApplication|WebSite","Organization","95","102","21","9","0","true","{}","告别手动归档，Chrome 书签自此智能检索"
"/zh/bookmark-manager-for-edge","https://www.marqly.com/zh/bookmark-manager-for-edge","200","zh","locale-lander","31","66","411","false","0.37","true","false","true","false","21","true","AggregateOffer|Answer|BreadcrumbList|ContactPoint|FAQPage|ListItem|Organization|Question|SoftwareApplication|WebSite","Organization","95","102","21","9","0","true","{}","为 Microsoft Edge 收藏夹注入真正的 AI 智能检索"
"/zh/bookmark-manager-for-firefox","https://www.marqly.com/zh/bookmark-manager-for-firefox","200","zh","locale-lander","35","76","420","false","0.38","true","false","true","false","21","true","AggregateOffer|Answer|BreadcrumbList|ContactPoint|FAQPage|ListItem|Organization|Question|SoftwareApplication|WebSite","Organization","95","102","21","9","0","true","{}","告别手动标签输入，Firefox 书签尽享 AI 语义检索"
"/zh/bookmark-manager-for-iphone","https://www.marqly.com/zh/bookmark-manager-for-iphone","200","zh","locale-lander","33","72","450","false","0.42","true","false","true","false","21","true","AggregateOffer|Answer|BreadcrumbList|ContactPoint|FAQPage|ListItem|Organization|Question|SoftwareApplication|WebSite","Organization","95","102","21","9","0","true","{}","将完整的 AI 智能书签库装进 iPhone 随身口袋"
"/zh/bookmark-manager-for-safari","https://www.marqly.com/zh/bookmark-manager-for-safari","200","zh","locale-lander","34","84","458","false","0.41","true","false","true","false","21","true","AggregateOffer|Answer|BreadcrumbList|ContactPoint|FAQPage|ListItem|Organization|Question|SoftwareApplication|WebSite","Organization","95","102","21","9","0","true","{}","在任何设备上，随时访问你的 Safari 收藏"
"/zh/bookmark-organizer","https://www.marqly.com/zh/bookmark-organizer","200","zh","locale-lander","33","68","423","false","0.39","true","false","true","false","21","true","AggregateOffer|Answer|BreadcrumbList|ContactPoint|FAQPage|ListItem|Organization|Question|SoftwareApplication|WebSite","Organization","95","102","21","9","0","true","{}","告别繁琐的手动建文件夹，让AI自动分类并凭含义秒级找回"
"/zh/bookmark-sync","https://www.marqly.com/zh/bookmark-sync","200","zh","locale-lander","57","82","415","false","0.37","true","false","true","false","21","true","AggregateOffer|Answer|BreadcrumbList|ContactPoint|FAQPage|ListItem|Organization|Question|SoftwareApplication|WebSite","Organization","95","102","21","9","0","true","{}","在一个浏览器中收藏，在所有浏览器与设备中立刻可用"
"/zh/clipboard-history","https://www.marqly.com/zh/clipboard-history","200","zh","locale-lander","42","72","433","false","0.32","true","false","true","false","21","true","AggregateOffer|Answer|BreadcrumbList|ContactPoint|FAQPage|ListItem|Organization|Question|SoftwareApplication|WebSite","Organization","95","102","21","9","0","true","{}","系统剪贴板只能记住一条内容，Marqly 帮您记住每一条"
"/zh/compare/marqly-vs-evernote","https://www.marqly.com/zh/compare/marqly-vs-evernote","200","zh","locale-lander","42","67","570","false","0.33","true","false","true","false","21","true","AggregateOffer|Answer|BreadcrumbList|ContactPoint|FAQPage|ListItem|Organization|Question|SoftwareApplication|WebSite","Organization","95","102","21","9","0","true","{}","Marqly vs Evernote：为整个办公套件买单，还是选用轻量 AI 知识库"
"/zh/compare/marqly-vs-instapaper","https://www.marqly.com/zh/compare/marqly-vs-instapaper","200","zh","locale-lander","42","68","660","false","0.39","true","false","true","false","21","true","AggregateOffer|Answer|BreadcrumbList|ContactPoint|FAQPage|ListItem|Organization|Question|SoftwareApplication|WebSite","Organization","95","102","21","9","0","true","{}","Marqly vs Instapaper：追求阅读体验，还是追求检索效率"
"/zh/compare/marqly-vs-matter","https://www.marqly.com/zh/compare/marqly-vs-matter","200","zh","locale-lander","42","67","548","false","0.31","true","false","true","false","21","true","AggregateOffer|Answer|BreadcrumbList|ContactPoint|FAQPage|ListItem|Organization|Question|SoftwareApplication|WebSite","Organization","95","102","21","9","0","true","{}","Marqly vs Matter：碎片时间听文章，还是随时调用过往知识"
"/zh/compare/marqly-vs-notion","https://www.marqly.com/zh/compare/marqly-vs-notion","200","zh","locale-lander","47","67","605","false","0.35","true","false","true","false","21","true","AggregateOffer|Answer|BreadcrumbList|ContactPoint|FAQPage|ListItem|Organization|Question|SoftwareApplication|WebSite","Organization","95","102","21","9","0","true","{}","Marqly vs Notion：塞进杂乱的工作区，还是交给专属智能智库"
"/zh/compare/marqly-vs-obsidian","https://www.marqly.com/zh/compare/marqly-vs-obsidian","200","zh","locale-lander","43","75","620","false","0.34","true","false","true","false","21","true","AggregateOffer|Answer|BreadcrumbList|ContactPoint|FAQPage|ListItem|Organization|Question|SoftwareApplication|WebSite","Organization","95","102","21","9","0","true","{}","Marqly vs Obsidian：掌控完全属于你的本地文件，还是享受免维护的 AI 智库"
"/zh/compare/marqly-vs-pocket","https://www.marqly.com/zh/compare/marqly-vs-pocket","200","zh","locale-lander","37","72","628","false","0.36","true","false","true","false","21","true","AggregateOffer|Answer|BreadcrumbList|ContactPoint|FAQPage|ListItem|Organization|Question|SoftwareApplication|WebSite","Organization","95","102","22","9","0","true","{}","Marqly 对比 Pocket：在一方停运后的客观评测"
"/zh/compare/marqly-vs-raindrop","https://www.marqly.com/zh/compare/marqly-vs-raindrop","200","zh","locale-lander","37","70","739","false","0.4","true","false","true","false","21","true","AggregateOffer|Answer|BreadcrumbList|ContactPoint|FAQPage|ListItem|Organization|Question|SoftwareApplication|WebSite","Organization","95","102","21","9","0","true","{}","Marqly vs Raindrop：手动分类还是 AI 智能秒搜"
"/zh/compare/marqly-vs-readwise","https://www.marqly.com/zh/compare/marqly-vs-readwise","200","zh","locale-lander","52","72","637","false","0.35","true","false","true","false","21","true","AggregateOffer|Answer|BreadcrumbList|ContactPoint|FAQPage|ListItem|Organization|Question|SoftwareApplication|WebSite","Organization","95","102","21","9","0","true","{}","Marqly vs Readwise Reader：高强度的文献钻研，还是零负担的 AI 检索"
"/zh/content-curation","https://www.marqly.com/zh/content-curation","200","zh","locale-lander","30","54","397","false","0.35","true","false","true","false","21","true","AggregateOffer|Answer|BreadcrumbList|ContactPoint|FAQPage|ListItem|Organization|Question|SoftwareApplication|WebSite","Organization","95","102","21","9","0","true","{}","萃取领域精髓内容，以极简清爽的网页免注册分享给读者"
"/zh/for-academics","https://www.marqly.com/zh/for-academics","200","zh","locale-lander","31","66","449","false","0.39","true","false","true","false","21","true","AggregateOffer|Answer|BreadcrumbList|ContactPoint|FAQPage|ListItem|Organization|Question|SoftwareApplication|WebSite","Organization","95","102","21","9","0","true","{}","紧跟学术前沿文献，不再被海量浏览器标签淹没"
"/zh/for-consultants","https://www.marqly.com/zh/for-consultants","200","zh","locale-lander","30","54","334","false","0.29","true","false","true","false","21","true","AggregateOffer|Answer|BreadcrumbList|ContactPoint|FAQPage|ListItem|Organization|Question|SoftwareApplication|WebSite","Organization","95","102","21","9","0","true","{}","与你的思考节奏同步切换的客户项目知识库"
"/zh/for-content-creators","https://www.marqly.com/zh/for-content-creators","200","zh","locale-lander","25","64","643","false","0.54","false","false","true","false","21","true","AggregateOffer|Answer|BreadcrumbList|ContactPoint|FAQPage|ListItem|Organization|Question|SoftwareApplication|WebSite","Organization","95","102","21","9","0","true","{}","你明明收藏过那个绝妙的创意，可真正要写文案时，却怎么也找不到了"
"/zh/for-designers","https://www.marqly.com/zh/for-designers","200","zh","locale-lander","34","57","457","false","0.39","true","false","true","false","21","true","AggregateOffer|Answer|BreadcrumbList|ContactPoint|FAQPage|ListItem|Organization|Question|SoftwareApplication|WebSite","Organization","95","102","21","9","0","true","{}","曾惊艳过你的每一个设计参考，凭一句描述即可重新召回"
"/zh/for-developers","https://www.marqly.com/zh/for-developers","200","zh","locale-lander","24","78","714","false","0.61","false","false","true","false","21","true","AggregateOffer|Answer|BreadcrumbList|ContactPoint|FAQPage|ListItem|Organization|Question|SoftwareApplication|WebSite","Organization","95","102","21","9","0","true","{}","你八个月前就解决过的 Bug，答案正躺在你关闭的标签页里"
"/zh/for-founders","https://www.marqly.com/zh/for-founders","200","zh","locale-lander","25","58","409","false","0.36","true","false","true","false","21","true","AggregateOffer|Answer|BreadcrumbList|ContactPoint|FAQPage|ListItem|Organization|Question|SoftwareApplication|WebSite","Organization","95","102","21","9","0","true","{}","只需数秒随手捕获，便可长期沉淀的竞品与市场情报库"
"/zh/for-journalists","https://www.marqly.com/zh/for-journalists","200","zh","locale-lander","30","68","669","false","0.5","false","false","true","false","21","true","AggregateOffer|Answer|BreadcrumbList|ContactPoint|FAQPage|ListItem|Organization|Question|SoftwareApplication|WebSite","Organization","95","102","21","9","0","true","{}","你昨晚引用的那份权威信源，今早已被静默修改得面目全非"
"/zh/for-lawyers","https://www.marqly.com/zh/for-lawyers","200","zh","locale-lander","26","67","425","false","0.38","true","false","true","false","21","true","AggregateOffer|Answer|BreadcrumbList|ContactPoint|FAQPage|ListItem|Organization|Question|SoftwareApplication|WebSite","Organization","95","102","21","9","0","true","{}","监管政策与法律评析，无需繁琐整理即可井井有条"
"/zh/for-marketers","https://www.marqly.com/zh/for-marketers","200","zh","locale-lander","29","70","647","false","0.55","false","false","true","false","21","true","AggregateOffer|Answer|BreadcrumbList|ContactPoint|FAQPage|ListItem|Organization|Question|SoftwareApplication|WebSite","Organization","95","102","21","9","0","true","{}","你本想在复盘会上给团队看的那张竞品落地页，对方刚刚改版下线了"
"/zh/for-phd-students","https://www.marqly.com/zh/for-phd-students","200","zh","locale-lander","35","63","445","false","0.36","true","false","true","false","21","true","AggregateOffer|Answer|BreadcrumbList|ContactPoint|FAQPage|ListItem|Organization|Question|SoftwareApplication|WebSite","Organization","95","102","21","9","0","true","{}","在可检索、可对话的统一知识库中，完成博士论文文献综述"
"/zh/for-product-managers","https://www.marqly.com/zh/for-product-managers","200","zh","locale-lander","29","57","347","false","0.3","true","false","true","false","21","true","AggregateOffer|Answer|BreadcrumbList|ContactPoint|FAQPage|ListItem|Organization|Question|SoftwareApplication|WebSite","Organization","95","102","21","9","0","true","{}","竞品拆解、用户调研与 PRD 论据，集中沉淀在一处"
"/zh/for-real-estate","https://www.marqly.com/zh/for-real-estate","200","zh","locale-lander","29","60","416","false","0.37","true","false","true","false","21","true","AggregateOffer|Answer|BreadcrumbList|ContactPoint|FAQPage|ListItem|Organization|Question|SoftwareApplication|WebSite","Organization","95","102","21","9","0","true","{}","按客户归集所有房源调研与行情报告，全自动井井有条"
"/zh/for-recruiters","https://www.marqly.com/zh/for-recruiters","200","zh","locale-lander","35","59","429","false","0.38","true","false","true","false","21","true","AggregateOffer|Answer|BreadcrumbList|ContactPoint|FAQPage|ListItem|Organization|Question|SoftwareApplication|WebSite","Organization","95","102","21","9","0","true","{}","不再让优秀的潜在候选人淹没在杂乱的浏览器标签页中"
"/zh/for-researchers","https://www.marqly.com/zh/for-researchers","200","zh","locale-lander","24","62","562","false","0.43","true","false","true","false","21","true","AggregateOffer|Answer|BreadcrumbList|ContactPoint|FAQPage|ListItem|Organization|Question|SoftwareApplication|WebSite","Organization","95","102","21","9","0","true","{}","你需要的论据文献确实存在，问题是你找不到存放在哪里了"
"/zh/for-sales","https://www.marqly.com/zh/for-sales","200","zh","locale-lander","29","48","336","false","0.3","true","false","true","false","21","true","AggregateOffer|Answer|BreadcrumbList|ContactPoint|FAQPage|ListItem|Organization|Question|SoftwareApplication|WebSite","Organization","95","102","21","9","0","true","{}","关于潜在客户的每条资讯，在保存的瞬间即完成归档"
"/zh/for-students","https://www.marqly.com/zh/for-students","200","zh","locale-lander","26","62","492","false","0.39","true","false","true","false","21","true","AggregateOffer|Answer|BreadcrumbList|ContactPoint|FAQPage|ListItem|Organization|Question|SoftwareApplication|WebSite","Organization","95","102","21","9","0","true","{}","在动笔写作之前，把所有参考资料井井有条地收拢"
"/zh/for-teachers","https://www.marqly.com/zh/for-teachers","200","zh","locale-lander","27","68","698","false","0.61","false","false","true","false","21","true","AggregateOffer|Answer|BreadcrumbList|ContactPoint|FAQPage|ListItem|Organization|Question|SoftwareApplication|WebSite","Organization","95","102","21","9","0","true","{}","去年那堂公开课上用过的神级素材，今年备课时却怎么也找不到了"
"/zh/for-ux-researchers","https://www.marqly.com/zh/for-ux-researchers","200","zh","locale-lander","28","48","339","false","0.29","true","false","true","false","21","true","AggregateOffer|Answer|BreadcrumbList|ContactPoint|FAQPage|ListItem|Organization|Question|SoftwareApplication|WebSite","Organization","95","102","21","9","0","true","{}","日常维护仅需几分钟而非数小时的用户调研知识库"
"/zh/for-writers","https://www.marqly.com/zh/for-writers","200","zh","locale-lander","31","74","730","false","0.58","false","false","true","false","21","true","AggregateOffer|Answer|BreadcrumbList|ContactPoint|FAQPage|ListItem|Organization|Question|SoftwareApplication|WebSite","Organization","95","102","21","9","0","true","{}","正写到灵感迸发的时刻，却为了找几个月前读过的一句名言而被迫中断"
"/zh/job-search-organizer","https://www.marqly.com/zh/job-search-organizer","200","zh","locale-lander","33","57","408","false","0.37","true","false","true","false","21","true","AggregateOffer|Answer|BreadcrumbList|ContactPoint|FAQPage|ListItem|Organization|Question|SoftwareApplication|WebSite","Organization","95","102","21","9","0","true","{}","每个招聘职位JD、薪资调研与面试准备笔记，全部归于一处"
"/zh/new-tab-dashboard","https://www.marqly.com/zh/new-tab-dashboard","200","zh","locale-lander","31","71","419","false","0.31","true","false","true","false","21","true","AggregateOffer|Answer|BreadcrumbList|ContactPoint|FAQPage|ListItem|Organization|Question|SoftwareApplication|WebSite","Organization","95","102","21","9","0","true","{}","每天打开50次新标签页，让每一次开启都带来生产力"
"/zh/read-it-later","https://www.marqly.com/zh/read-it-later","200","zh","locale-lander","24","54","574","false","0.5","false","false","true","false","21","true","AggregateOffer|Answer|BreadcrumbList|ContactPoint|FAQPage|ListItem|Organization|Question|SoftwareApplication|WebSite","Organization","95","102","21","9","0","true","{}","一键收藏，AI初筛，把真正有价值的好文读透"
"/zh/reading-list","https://www.marqly.com/zh/reading-list","200","zh","locale-lander","24","69","562","false","0.49","true","false","true","false","21","true","AggregateOffer|Answer|BreadcrumbList|ContactPoint|FAQPage|ListItem|Organization|Question|SoftwareApplication|WebSite","Organization","95","102","21","9","0","true","{}","你的稍后读列表并非杂乱无章，它只是缺少一套智能索引"
"/zh/recipe-organizer","https://www.marqly.com/zh/recipe-organizer","200","zh","locale-lander","24","63","637","false","0.57","false","false","true","false","21","true","AggregateOffer|Answer|BreadcrumbList|ContactPoint|FAQPage|ListItem|Organization|Question|SoftwareApplication|WebSite","Organization","95","102","21","9","0","true","{}","你明明收藏过那道绝赞的拿手菜，周四下班饿着肚子却怎么也找不到了"
"/zh/research-organizer","https://www.marqly.com/zh/research-organizer","200","zh","locale-lander","23","59","641","false","0.53","false","false","true","false","21","true","AggregateOffer|Answer|BreadcrumbList|ContactPoint|FAQPage|ListItem|Organization|Question|SoftwareApplication|WebSite","Organization","95","102","21","9","0","true","{}","搜索资料很简单，但几个月后重新找出当时查到的关键论据却很难"
"/zh/save-page-as-pdf","https://www.marqly.com/zh/save-page-as-pdf","200","zh","locale-lander","35","65","397","false","0.36","true","false","true","false","21","true","AggregateOffer|Answer|BreadcrumbList|ContactPoint|FAQPage|ListItem|Organization|Question|SoftwareApplication|WebSite","Organization","95","102","21","9","0","true","{}","将任意网页转化为与屏幕显示完全一致的精美PDF"
"/zh/second-brain","https://www.marqly.com/zh/second-brain","200","zh","locale-lander","22","61","751","false","0.68","false","false","true","false","21","true","AggregateOffer|Answer|BreadcrumbList|ContactPoint|FAQPage|ListItem|Organization|Question|SoftwareApplication|WebSite","Organization","95","102","21","9","0","true","{}","几乎所有人的第二大脑，都走向了同一个结局"
"/zh/swipe-file","https://www.marqly.com/zh/swipe-file","200","zh","locale-lander","42","57","426","false","0.38","true","false","true","false","21","true","AggregateOffer|Answer|BreadcrumbList|ContactPoint|FAQPage|ListItem|Organization|Question|SoftwareApplication|WebSite","Organization","95","102","21","9","0","true","{}","收藏击中你的每条广告与文案金句，在需要时凭记忆秒级找回"
"/zh/tab-manager","https://www.marqly.com/zh/tab-manager","200","zh","locale-lander","28","54","527","false","0.47","true","false","true","false","21","true","AggregateOffer|Answer|BreadcrumbList|ContactPoint|FAQPage|ListItem|Organization|Question|SoftwareApplication|WebSite","Organization","95","102","21","9","0","true","{}","一键批量保存所有打开的标签页，工作现场随时还原"
"/zh/tools/youtube-summarize","https://www.marqly.com/zh/tools/youtube-summarize","200","zh","locale-tool","36","57","491","false","1.21","false","false","true","false","21","true","Answer|BreadcrumbList|ContactPoint|FAQPage|ListItem|Offer|Organization|Question|WebApplication|WebSite","","97","2","19","9","0","true","{}","一键AI总结YouTube长视频"
"/zh/tools/youtube-transcript","https://www.marqly.com/zh/tools/youtube-transcript","200","zh","locale-tool","38","68","606","false","1.17","false","false","true","false","21","true","Answer|BreadcrumbList|ContactPoint|FAQPage|ListItem|Offer|Organization|Question|WebApplication|WebSite","","97","2","19","9","0","true","{}","一键提取YouTube视频完整字幕文字稿"
"/zh/travel-planning","https://www.marqly.com/zh/travel-planning","200","zh","locale-lander","24","64","660","false","0.58","false","false","true","false","21","true","AggregateOffer|Answer|BreadcrumbList|ContactPoint|FAQPage|ListItem|Organization|Question|SoftwareApplication|WebSite","Organization","95","102","21","9","0","true","{}","本来只是想做旅行攻略，结果打开了40个标签页，依然什么都没定下来"
"/zh/watch-later","https://www.marqly.com/zh/watch-later","200","zh","locale-lander","27","60","658","false","0.59","false","false","true","false","21","true","AggregateOffer|Answer|BreadcrumbList|ContactPoint|FAQPage|ListItem|Organization|Question|SoftwareApplication|WebSite","Organization","95","102","21","9","0","true","{}","「稍后观看」列表，是优质视频被遗忘的黑洞"
"/zh/web-highlighter","https://www.marqly.com/zh/web-highlighter","200","zh","locale-lander","39","54","506","false","0.45","true","false","true","false","21","true","AggregateOffer|Answer|BreadcrumbList|ContactPoint|FAQPage|ListItem|Organization|Question|SoftwareApplication|WebSite","Organization","95","102","21","9","0","true","{}","像在纸质书上划线一样，在互联网上标记灵感"
"/zh/youtube-summarizer","https://www.marqly.com/zh/youtube-summarizer","200","zh","locale-lander","30","60","379","false","0.34","true","false","true","false","21","true","AggregateOffer|Answer|BreadcrumbList|ContactPoint|FAQPage|ListItem|Organization|Question|SoftwareApplication|WebSite","Organization","95","102","21","9","0","true","{}","在投入40分钟前，30秒掌握视频核心干货"
